#include <lvgl.h>

#ifndef LV_ATTRIBUTE_MEM_ALIGN
#define LV_ATTRIBUTE_MEM_ALIGN
#endif

#ifndef LV_ATTRIBUTE_IMG_HDHOMERUNICON
#define LV_ATTRIBUTE_IMG_HDHOMERUNICON
#endif


const LV_ATTRIBUTE_MEM_ALIGN LV_ATTRIBUTE_LARGE_CONST uint8_t hdhomerunIcon_map[] = {
  0x67, 0x52, 0x67, 0x52, 0x67, 0x52, 0x67, 0x52, 0x67, 0x52, 0x67, 0x52, 0x67, 0x52, 0x67, 0x52, 0x67, 0x52, 0x67, 0x52, 0x68, 0x52, 0x67, 0x52,
  0x67, 0x52, 0x67, 0x52, 0x67, 0x52, 0x67, 0x52, 0x67, 0x52, 0x67, 0x52, 0x67, 0x52, 0x67, 0x52, 0x67, 0x52, 0x67, 0x52, 0x67, 0x52, 0x67, 0x52,
  0x67, 0x52, 0x67, 0x52, 0x67, 0x52, 0x67, 0x52, 0x67, 0x52, 0x67, 0x52, 0x67, 0x52, 0x67, 0x52, 0x67, 0x52, 0x67, 0x52, 0x67, 0x52, 0x47, 0x52,
  0x67, 0x52, 0x47, 0x52, 0x67, 0x52, 0x67, 0x52, 0x47, 0x52, 0x67, 0x52, 0x47, 0x52, 0x47, 0x52, 0x47, 0x52, 0x47, 0x52, 0x47, 0x52, 0x47, 0x52,
  0x47, 0x52, 0x47, 0x52, 0x47, 0x52, 0x47, 0x52, 0x47, 0x52, 0x47, 0x52, 0x47, 0x52, 0x47, 0x52, 0x47, 0x52, 0x47, 0x52, 0x47, 0x52, 0x47, 0x52,
  0x47, 0x52, 0x47, 0x52, 0x47, 0x52, 0x47, 0x52, 0x47, 0x52, 0x47, 0x52, 0x47, 0x52, 0x47, 0x52, 0x47, 0x52, 0x47, 0x4a, 0x47, 0x4a, 0x47, 0x4a,
  0x47, 0x4a, 0x47, 0x4a, 0x47, 0x4a, 0x47, 0x4a, 0x47, 0x52, 0x47, 0x52, 0x47, 0x4a, 0x47, 0x4a, 0x47, 0x4a, 0x47, 0x4a, 0x47, 0x4a, 0x47, 0x4a,
  0x47, 0x4a, 0x27, 0x4a, 0x47, 0x4a, 0x47, 0x4a, 0x27, 0x4a, 0x47, 0x4a, 0x27, 0x4a, 0x27, 0x4a, 0x27, 0x4a, 0x27, 0x4a, 0x27, 0x4a, 0x27, 0x4a,
  0x27, 0x4a, 0x27, 0x4a, 0x27, 0x4a, 0x27, 0x4a, 0x27, 0x4a, 0x27, 0x4a, 0x27, 0x4a, 0x27, 0x4a, 0x27, 0x4a, 0x27, 0x4a, 0x27, 0x4a, 0x27, 0x4a,
  0x27, 0x4a, 0x27, 0x4a, 0x27, 0x4a, 0x27, 0x4a, 0x27, 0x4a, 0x27, 0x4a, 0x27, 0x4a, 0x27, 0x4a, 0x27, 0x4a, 0x27, 0x42, 0x27, 0x4a, 0x27, 0x4a,
  0x27, 0x42, 0x27, 0x4a, 0x07, 0x42, 0x07, 0x42, 0x07, 0x42, 0x07, 0x42, 0x07, 0x4a, 0x07, 0x42, 0x06, 0x42, 0x07, 0x42, 0x07, 0x42, 0x07, 0x42,
  0x07, 0x42, 0x07, 0x42, 0x07, 0x42, 0x07, 0x42, 0x07, 0x42, 0x07, 0x42, 0x07, 0x42, 0x07, 0x42, 0x07, 0x42, 0x07, 0x42, 0x07, 0x42, 0x07, 0x42,
  0x07, 0x42, 0x07, 0x42, 0x07, 0x42, 0x07, 0x42, 0x07, 0x42, 0x07, 0x42, 0x07, 0x42, 0x07, 0x42, 0x07, 0x42, 0x07, 0x42, 0x07, 0x42, 0x07, 0x42,
  0x07, 0x42, 0x07, 0x42, 0x07, 0x42, 0xe7, 0x41, 0x07, 0x3a, 0x07, 0x3a, 0xe7, 0x41, 0xe7, 0x39, 0xe7, 0x39, 0xe7, 0x39, 0xe7, 0x39, 0xe7, 0x39,
  0xe7, 0x39, 0xe7, 0x39, 0xe7, 0x39, 0xe7, 0x39, 0xe7, 0x39, 0xe7, 0x39, 0xe7, 0x39, 0xe7, 0x39, 0xe7, 0x39, 0xe7, 0x39, 0xe7, 0x39, 0x07, 0x3a,
  0xe7, 0x39, 0xe7, 0x39, 0xe7, 0x39, 0xe7, 0x39, 0xe7, 0x39, 0xe7, 0x39, 0xe7, 0x39, 0xe7, 0x39, 0xe7, 0x39, 0xe7, 0x39, 0xe7, 0x39, 0xe7, 0x39,
  0xe7, 0x39, 0xe7, 0x39, 0xe7, 0x39, 0xe7, 0x39, 0xe7, 0x39, 0xe7, 0x39, 0xe7, 0x39, 0xe7, 0x39, 0xe7, 0x39, 0xe7, 0x39, 0xe7, 0x31, 0xe7, 0x39,
  0xe7, 0x39, 0xe7, 0x39, 0xe7, 0x39, 0xe7, 0x39, 0xe7, 0x39, 0xe7, 0x39, 0xe7, 0x39, 0xe7, 0x39, 0xe7, 0x39, 0xe7, 0x31, 0xe7, 0x39, 0xe7, 0x31,
  0xe7, 0x31, 0xe7, 0x31, 0xe7, 0x31, 0xe7, 0x31, 0xe7, 0x31, 0xe7, 0x31, 0xe7, 0x31, 0xe7, 0x31, 0xe7, 0x31, 0xe7, 0x31, 0xe7, 0x31, 0xe7, 0x31,
  0xe7, 0x31, 0xe7, 0x31, 0xe8, 0x31, 0xe8, 0x31, 0xe7, 0x31, 0xe8, 0x31, 0xe8, 0x31, 0xe7, 0x31, 0xe8, 0x31, 0xe7, 0x31, 0xe7, 0x31, 0xe7, 0x31,
  0xe8, 0x31, 0xe7, 0x31, 0xe7, 0x31, 0xe7, 0x31, 0xe7, 0x31, 0xc8, 0x31, 0xe8, 0x31, 0xe8, 0x31, 0xe8, 0x31, 0xe8, 0x31, 0xe8, 0x31, 0xe8, 0x31,
  0xe8, 0x31, 0xe7, 0x31, 0xe8, 0x31, 0xc8, 0x31, 0xe8, 0x31, 0xe8, 0x31, 0xe8, 0x31, 0xc8, 0x31, 0xe8, 0x31, 0xe8, 0x31, 0xe8, 0x31, 0xe8, 0x31,
  0xc8, 0x31, 0xe8, 0x31, 0xc8, 0x31, 0xe8, 0x29, 0xc8, 0x31, 0xe8, 0x29, 0xe8, 0x29, 0xe8, 0x29, 0xe8, 0x29, 0xe8, 0x29, 0xe8, 0x29, 0xe8, 0x29,
  0x67, 0x52, 0x67, 0x52, 0x67, 0x52, 0x67, 0x52, 0x67, 0x52, 0x67, 0x52, 0x67, 0x52, 0x67, 0x52, 0x67, 0x52, 0x67, 0x52, 0x67, 0x52, 0x67, 0x52,
  0x68, 0x52, 0x67, 0x52, 0x67, 0x52, 0x67, 0x52, 0x67, 0x52, 0x67, 0x52, 0x68, 0x52, 0x67, 0x52, 0x67, 0x52, 0x67, 0x52, 0x67, 0x52, 0x67, 0x52,
  0x67, 0x52, 0x67, 0x52, 0x67, 0x52, 0x67, 0x52, 0x67, 0x52, 0x67, 0x52, 0x67, 0x52, 0x67, 0x52, 0x67, 0x52, 0x67, 0x52, 0x67, 0x52, 0x67, 0x52,
  0x67, 0x52, 0x67, 0x52, 0x67, 0x52, 0x67, 0x52, 0x47, 0x52, 0x67, 0x52, 0x47, 0x52, 0x47, 0x52, 0x47, 0x52, 0x47, 0x52, 0x47, 0x52, 0x47, 0x52,
  0x47, 0x52, 0x47, 0x52, 0x47, 0x52, 0x47, 0x52, 0x47, 0x52, 0x47, 0x52, 0x47, 0x52, 0x47, 0x52, 0x47, 0x52, 0x47, 0x52, 0x47, 0x52, 0x47, 0x52,
  0x47, 0x52, 0x47, 0x52, 0x47, 0x52, 0x47, 0x52, 0x47, 0x52, 0x47, 0x52, 0x47, 0x52, 0x47, 0x52, 0x47, 0x52, 0x47, 0x52, 0x47, 0x52, 0x47, 0x52,
  0x47, 0x4a, 0x47, 0x4a, 0x47, 0x4a, 0x47, 0x4a, 0x47, 0x4a, 0x47, 0x4a, 0x47, 0x4a, 0x47, 0x4a, 0x47, 0x4a, 0x47, 0x4a, 0x47, 0x4a, 0x47, 0x4a,
  0x47, 0x4a, 0x47, 0x4a, 0x47, 0x4a, 0x27, 0x4a, 0x27, 0x4a, 0x47, 0x4a, 0x27, 0x4a, 0x47, 0x4a, 0x27, 0x4a, 0x47, 0x4a, 0x27, 0x4a, 0x27, 0x4a,
  0x27, 0x4a, 0x27, 0x4a, 0x27, 0x4a, 0x27, 0x4a, 0x27, 0x4a, 0x27, 0x4a, 0x27, 0x4a, 0x27, 0x4a, 0x27, 0x4a, 0x27, 0x4a, 0x27, 0x4a, 0x27, 0x4a,
  0x27, 0x4a, 0x27, 0x4a, 0x27, 0x4a, 0x27, 0x4a, 0x27, 0x4a, 0x27, 0x4a, 0x27, 0x4a, 0x27, 0x4a, 0x27, 0x4a, 0x27, 0x42, 0x27, 0x4a, 0x27, 0x4a,
  0x27, 0x42, 0x27, 0x4a, 0x07, 0x42, 0x07, 0x42, 0x07, 0x42, 0x07, 0x42, 0x07, 0x42, 0x07, 0x42, 0x07, 0x42, 0x07, 0x42, 0x27, 0x42, 0x07, 0x42,
  0x07, 0x42, 0x07, 0x42, 0x07, 0x42, 0x07, 0x42, 0x07, 0x42, 0x07, 0x42, 0x07, 0x42, 0x07, 0x42, 0x07, 0x42, 0x07, 0x42, 0x07, 0x42, 0x07, 0x42,
  0x07, 0x42, 0x07, 0x42, 0x07, 0x42, 0x07, 0x42, 0x07, 0x42, 0x07, 0x42, 0x07, 0x42, 0x07, 0x42, 0x07, 0x42, 0x07, 0x42, 0x07, 0x42, 0x07, 0x42,
  0x07, 0x42, 0x07, 0x42, 0x07, 0x3a, 0x07, 0x42, 0x07, 0x3a, 0x07, 0x3a, 0x07, 0x3a, 0x07, 0x3a, 0xe7, 0x39, 0x07, 0x3a, 0x07, 0x3a, 0x07, 0x3a,
  0xe7, 0x39, 0xe7, 0x39, 0xe7, 0x39, 0xe7, 0x39, 0xe7, 0x39, 0xe7, 0x39, 0xe7, 0x39, 0xe7, 0x39, 0xe7, 0x39, 0xe7, 0x39, 0xe7, 0x39, 0xe7, 0x39,
  0xe7, 0x39, 0xe7, 0x39, 0xe7, 0x39, 0xe7, 0x39, 0xe7, 0x39, 0xe7, 0x39, 0xe7, 0x39, 0xe7, 0x39, 0xe7, 0x39, 0xe7, 0x39, 0xe7, 0x39, 0xe7, 0x39,
  0xe7, 0x39, 0xe7, 0x39, 0xe7, 0x39, 0xe7, 0x39, 0xe7, 0x39, 0xe7, 0x39, 0xe7, 0x39, 0xe7, 0x39, 0xe7, 0x39, 0xe7, 0x39, 0xe7, 0x39, 0xe7, 0x39,
  0xe7, 0x39, 0xe7, 0x39, 0xe7, 0x39, 0xe7, 0x39, 0xe7, 0x39, 0xe7, 0x39, 0xe7, 0x31, 0xe7, 0x31, 0xe7, 0x31, 0xe7, 0x31, 0xe7, 0x31, 0xe7, 0x31,
  0xe7, 0x31, 0xe7, 0x31, 0xe7, 0x31, 0xe7, 0x31, 0xe7, 0x31, 0xe7, 0x31, 0xe7, 0x31, 0xe7, 0x31, 0xe7, 0x31, 0xe7, 0x31, 0xe7, 0x31, 0xe7, 0x31,
  0xe7, 0x31, 0xe8, 0x31, 0xe8, 0x31, 0xe7, 0x31, 0xe7, 0x31, 0xe8, 0x31, 0xe7, 0x31, 0xe8, 0x31, 0xe8, 0x31, 0xe7, 0x31, 0xe7, 0x31, 0xe8, 0x31,
  0xe7, 0x31, 0xe7, 0x31, 0xe8, 0x31, 0xe7, 0x31, 0xe7, 0x31, 0xe7, 0x31, 0xe8, 0x31, 0xe8, 0x31, 0xe8, 0x31, 0xe8, 0x31, 0xe8, 0x31, 0xe8, 0x31,
  0xe8, 0x31, 0xe8, 0x31, 0xe8, 0x31, 0xe8, 0x31, 0xe8, 0x31, 0xe8, 0x31, 0xe8, 0x31, 0xe8, 0x31, 0xe8, 0x31, 0xe8, 0x31, 0xe8, 0x31, 0xe8, 0x31,
  0xe8, 0x29, 0xe8, 0x31, 0xe8, 0x29, 0xe8, 0x29, 0xe8, 0x29, 0xe8, 0x29, 0xe8, 0x29, 0xe8, 0x29, 0xc8, 0x29, 0xe8, 0x29, 0xe8, 0x29, 0xe8, 0x29,
  0x67, 0x52, 0x67, 0x4a, 0x67, 0x52, 0x67, 0x52, 0x67, 0x52, 0x67, 0x52, 0x68, 0x52, 0x67, 0x52, 0x68, 0x52, 0x67, 0x52, 0x67, 0x52, 0x68, 0x52,
  0x67, 0x52, 0x68, 0x52, 0x67, 0x52, 0x67, 0x52, 0x67, 0x52, 0x67, 0x52, 0x67, 0x52, 0x47, 0x52, 0x67, 0x52, 0x67, 0x52, 0x67, 0x52, 0x67, 0x52,
  0x67, 0x52, 0x67, 0x52, 0x67, 0x52, 0x68, 0x52, 0x67, 0x52, 0x68, 0x52, 0x67, 0x52, 0x67, 0x52, 0x67, 0x52, 0x67, 0x52, 0x47, 0x52, 0x47, 0x52,
  0x67, 0x52, 0x67, 0x52, 0x67, 0x52, 0x67, 0x52, 0x47, 0x52, 0x67, 0x52, 0x47, 0x52, 0x67, 0x52, 0x67, 0x52, 0x67, 0x52, 0x47, 0x52, 0x47, 0x52,
  0x67, 0x52, 0x47, 0x52, 0x47, 0x52, 0x47, 0x52, 0x47, 0x52, 0x47, 0x52, 0x47, 0x52, 0x47, 0x52, 0x47, 0x52, 0x47, 0x52, 0x47, 0x52, 0x47, 0x52,
  0x47, 0x4a, 0x47, 0x52, 0x47, 0x4a, 0x47, 0x52, 0x47, 0x52, 0x47, 0x52, 0x47, 0x4a, 0x47, 0x52, 0x47, 0x52, 0x47, 0x52, 0x47, 0x52, 0x47, 0x4a,
  0x47, 0x52, 0x47, 0x4a, 0x47, 0x4a, 0x47, 0x52, 0x47, 0x4a, 0x47, 0x4a, 0x47, 0x4a, 0x47, 0x4a, 0x47, 0x4a, 0x47, 0x4a, 0x47, 0x4a, 0x27, 0x4a,
  0x47, 0x4a, 0x47, 0x4a, 0x47, 0x4a, 0x27, 0x4a, 0x47, 0x4a, 0x27, 0x4a, 0x27, 0x4a, 0x27, 0x4a, 0x27, 0x4a, 0x27, 0x4a, 0x27, 0x4a, 0x27, 0x4a,
  0x27, 0x4a, 0x27, 0x4a, 0x27, 0x4a, 0x27, 0x4a, 0x47, 0x4a, 0x27, 0x4a, 0x27, 0x4a, 0x27, 0x4a, 0x27, 0x4a, 0x27, 0x4a, 0x27, 0x4a, 0x27, 0x4a,
  0x27, 0x4a, 0x27, 0x4a, 0x27, 0x4a, 0x27, 0x4a, 0x27, 0x42, 0x27, 0x4a, 0x27, 0x4a, 0x27, 0x42, 0x07, 0x4a, 0x27, 0x42, 0x27, 0x4a, 0x27, 0x42,
  0x27, 0x4a, 0x07, 0x42, 0x07, 0x42, 0x27, 0x42, 0x07, 0x42, 0x07, 0x42, 0x07, 0x42, 0x07, 0x42, 0x07, 0x42, 0x27, 0x42, 0x27, 0x42, 0x07, 0x42,
  0x07, 0x42, 0x07, 0x42, 0x07, 0x42, 0x07, 0x42, 0x07, 0x42, 0x07, 0x42, 0x07, 0x42, 0x07, 0x42, 0x07, 0x42, 0x07, 0x42, 0x07, 0x42, 0xe7, 0x41,
  0x07, 0x42, 0x07, 0x42, 0x07, 0x42, 0x07, 0x42, 0x07, 0x42, 0x07, 0x42, 0x07, 0x42, 0x07, 0x42, 0x07, 0x42, 0x07, 0x42, 0x07, 0x42, 0x07, 0x42,
  0x07, 0x42, 0x07, 0x42, 0xe7, 0x39, 0x07, 0x3a, 0x07, 0x3a, 0x07, 0x3a, 0x07, 0x3a, 0x07, 0x3a, 0x07, 0x3a, 0xe7, 0x39, 0x07, 0x3a, 0x07, 0x3a,
  0xe7, 0x39, 0x07, 0x3a, 0xe7, 0x39, 0xe7, 0x39, 0xe7, 0x39, 0xe7, 0x39, 0xe7, 0x39, 0xe7, 0x39, 0xe7, 0x39, 0xe7, 0x39, 0x07, 0x3a, 0xe7, 0x39,
  0xe7, 0x39, 0xe7, 0x39, 0xe7, 0x39, 0xe7, 0x39, 0xe7, 0x39, 0xe7, 0x39, 0xe7, 0x39, 0xe7, 0x39, 0xe7, 0x39, 0xe7, 0x39, 0xe7, 0x39, 0xe7, 0x39,
  0xe7, 0x39, 0xe7, 0x39, 0xe7, 0x39, 0xe7, 0x39, 0xe7, 0x39, 0xe7, 0x39, 0xe7, 0x39, 0xe7, 0x39, 0xe7, 0x39, 0xe7, 0x39, 0xe7, 0x39, 0xe7, 0x39,
  0xe8, 0x39, 0xe7, 0x39, 0xe7, 0x39, 0xe7, 0x39, 0xe7, 0x39, 0xe7, 0x39, 0xe7, 0x39, 0xe7, 0x31, 0xc7, 0x31, 0xe8, 0x31, 0xc7, 0x31, 0xe8, 0x31,
  0xe7, 0x31, 0xe7, 0x31, 0xe7, 0x31, 0xe8, 0x31, 0xe7, 0x31, 0xe7, 0x31, 0xe7, 0x31, 0xe7, 0x31, 0xe7, 0x31, 0xe7, 0x31, 0xe7, 0x31, 0xe7, 0x31,
  0xe7, 0x31, 0xe7, 0x31, 0xe8, 0x31, 0xe8, 0x31, 0xe8, 0x31, 0xe8, 0x31, 0xe8, 0x31, 0xe8, 0x31, 0xe8, 0x31, 0xe7, 0x31, 0xe8, 0x31, 0xe8, 0x31,
  0xe7, 0x31, 0xe8, 0x31, 0xe7, 0x31, 0xe8, 0x31, 0xe8, 0x31, 0xe8, 0x31, 0xe8, 0x31, 0xe8, 0x31, 0xe8, 0x31, 0xe8, 0x31, 0xe8, 0x31, 0xe8, 0x31,
  0xe8, 0x31, 0xe8, 0x31, 0xe8, 0x31, 0xe8, 0x31, 0xe8, 0x31, 0xc8, 0x31, 0xe8, 0x31, 0xe8, 0x31, 0xe8, 0x31, 0xe8, 0x31, 0xe8, 0x31, 0xe8, 0x29,
  0xe8, 0x31, 0xe8, 0x31, 0xe8, 0x29, 0xe8, 0x29, 0xe8, 0x31, 0xe8, 0x29, 0xe8, 0x29, 0xc8, 0x29, 0xe8, 0x31, 0xe8, 0x29, 0xe8, 0x29, 0xe8, 0x29,
  0x68, 0x52, 0x67, 0x52, 0x67, 0x52, 0x67, 0x52, 0x67, 0x52, 0x67, 0x52, 0x67, 0x52, 0x67, 0x52, 0x47, 0x52, 0x67, 0x52, 0x67, 0x52, 0x67, 0x52,
  0x67, 0x52, 0x67, 0x52, 0x67, 0x52, 0x67, 0x52, 0x67, 0x52, 0x67, 0x52, 0x67, 0x52, 0x67, 0x52, 0x68, 0x52, 0x67, 0x52, 0x67, 0x52, 0x67, 0x52,
  0x67, 0x52, 0x67, 0x52, 0x67, 0x52, 0x67, 0x52, 0x67, 0x52, 0x67, 0x52, 0x67, 0x52, 0x67, 0x52, 0x67, 0x52, 0x67, 0x52, 0x67, 0x52, 0x67, 0x52,
  0x67, 0x52, 0x67, 0x52, 0x67, 0x52, 0x67, 0x52, 0x67, 0x52, 0x67, 0x52, 0x67, 0x52, 0x47, 0x52, 0x47, 0x52, 0x67, 0x52, 0x67, 0x52, 0x67, 0x52,
  0x47, 0x52, 0x67, 0x52, 0x47, 0x52, 0x47, 0x52, 0x67, 0x52, 0x47, 0x52, 0x47, 0x52, 0x47, 0x52, 0x47, 0x52, 0x47, 0x52, 0x47, 0x52, 0x47, 0x52,
  0x47, 0x52, 0x47, 0x52, 0x47, 0x52, 0x47, 0x52, 0x47, 0x52, 0x47, 0x52, 0x47, 0x52, 0x47, 0x4a, 0x47, 0x52, 0x47, 0x52, 0x47, 0x52, 0x47, 0x52,
  0x47, 0x52, 0x47, 0x52, 0x47, 0x52, 0x47, 0x4a, 0x47, 0x4a, 0x47, 0x4a, 0x47, 0x4a, 0x47, 0x4a, 0x47, 0x4a, 0x47, 0x4a, 0x47, 0x4a, 0x47, 0x4a,
  0x47, 0x4a, 0x47, 0x4a, 0x47, 0x4a, 0x47, 0x4a, 0x47, 0x4a, 0x47, 0x4a, 0x47, 0x4a, 0x47, 0x4a, 0x27, 0x4a, 0x47, 0x4a, 0x47, 0x4a, 0x27, 0x4a,
  0x47, 0x4a, 0x27, 0x4a, 0x27, 0x4a, 0x27, 0x4a, 0x27, 0x4a, 0x27, 0x4a, 0x27, 0x4a, 0x27, 0x4a, 0x27, 0x4a, 0x27, 0x4a, 0x27, 0x4a, 0x27, 0x4a,
  0x27, 0x4a, 0x27, 0x4a, 0x27, 0x4a, 0x27, 0x4a, 0x27, 0x4a, 0x27, 0x4a, 0x07, 0x4a, 0x27, 0x4a, 0x27, 0x42, 0x27, 0x4a, 0x27, 0x4a, 0x27, 0x4a,
  0x27, 0x4a, 0x27, 0x4a, 0x07, 0x4a, 0x07, 0x42, 0x27, 0x4a, 0x07, 0x42, 0x07, 0x4a, 0x07, 0x42, 0x27, 0x42, 0x07, 0x42, 0x07, 0x42, 0x07, 0x42,
  0x27, 0x42, 0x07, 0x42, 0x07, 0x42, 0x07, 0x42, 0x07, 0x42, 0x07, 0x42, 0x07, 0x42, 0x07, 0x42, 0x07, 0x42, 0x07, 0x42, 0x07, 0x42, 0x07, 0x42,
  0x07, 0x42, 0x07, 0x42, 0x07, 0x42, 0x07, 0x42, 0x07, 0x42, 0x07, 0x42, 0x07, 0x42, 0x07, 0x42, 0x07, 0x42, 0x07, 0x42, 0x07, 0x42, 0x07, 0x42,
  0x07, 0x42, 0x07, 0x42, 0x07, 0x42, 0x07, 0x42, 0x07, 0x3a, 0x07, 0x3a, 0x07, 0x3a, 0x07, 0x3a, 0x07, 0x3a, 0x07, 0x3a, 0x07, 0x3a, 0x07, 0x3a,
  0x07, 0x3a, 0xe7, 0x39, 0xe7, 0x39, 0xe7, 0x41, 0x07, 0x3a, 0xe7, 0x39, 0xe7, 0x39, 0xe7, 0x39, 0xe7, 0x39, 0xe7, 0x39, 0xe7, 0x39, 0xe7, 0x39,
  0xe7, 0x39, 0xe7, 0x39, 0xe7, 0x39, 0xe7, 0x39, 0xe7, 0x39, 0xe7, 0x39, 0xe7, 0x39, 0xe7, 0x39, 0xe7, 0x39, 0xe7, 0x39, 0xe7, 0x39, 0xe7, 0x39,
  0xe7, 0x39, 0xe7, 0x39, 0xe7, 0x39, 0xe7, 0x39, 0xe7, 0x39, 0xe7, 0x39, 0xe7, 0x39, 0xe7, 0x39, 0xe7, 0x39, 0xe7, 0x39, 0xe7, 0x39, 0xe7, 0x39,
  0xe7, 0x39, 0xe7, 0x39, 0xe7, 0x39, 0xe7, 0x39, 0xe7, 0x39, 0xe7, 0x39, 0xe7, 0x39, 0xc7, 0x31, 0xe8, 0x39, 0xc7, 0x31, 0xe8, 0x31, 0xe7, 0x31,
  0xe7, 0x39, 0xe7, 0x31, 0xe8, 0x39, 0xe7, 0x31, 0xe8, 0x31, 0xe7, 0x31, 0xe7, 0x31, 0xe8, 0x31, 0xe8, 0x31, 0xe8, 0x31, 0xe8, 0x31, 0xe8, 0x31,
  0xe7, 0x31, 0xe7, 0x31, 0xe8, 0x31, 0xe8, 0x31, 0xe8, 0x31, 0xe8, 0x31, 0xe8, 0x31, 0xe8, 0x31, 0xe8, 0x31, 0xe8, 0x31, 0xe8, 0x31, 0xe8, 0x31,
  0xe8, 0x31, 0xe8, 0x31, 0xe7, 0x31, 0xc8, 0x31, 0xe8, 0x31, 0xc8, 0x31, 0xe8, 0x31, 0xe8, 0x31, 0xe8, 0x31, 0xe8, 0x31, 0xe8, 0x31, 0xe8, 0x31,
  0xe8, 0x31, 0xe8, 0x31, 0xe8, 0x31, 0xe8, 0x31, 0xe8, 0x31, 0xe8, 0x31, 0xe8, 0x31, 0xc8, 0x31, 0xe8, 0x31, 0xe8, 0x31, 0xe8, 0x31, 0xe8, 0x31,
  0xe8, 0x29, 0xe8, 0x29, 0xe8, 0x31, 0xe8, 0x31, 0xc8, 0x29, 0xe8, 0x31, 0xe8, 0x29, 0xe8, 0x31, 0xc8, 0x29, 0xe8, 0x31, 0xc8, 0x29, 0xe8, 0x29,
  0x67, 0x52, 0x67, 0x52, 0x67, 0x52, 0x68, 0x52, 0x67, 0x52, 0x67, 0x52, 0x67, 0x52, 0x67, 0x52, 0x67, 0x52, 0x67, 0x52, 0x67, 0x52, 0x67, 0x52,
  0x67, 0x52, 0x67, 0x52, 0x67, 0x52, 0x67, 0x52, 0x67, 0x52, 0x67, 0x52, 0x67, 0x52, 0x67, 0x52, 0x67, 0x52, 0x67, 0x52, 0x67, 0x52, 0x67, 0x52,
  0x68, 0x52, 0x67, 0x52, 0x67, 0x52, 0x68, 0x52, 0x67, 0x52, 0x68, 0x52, 0x67, 0x52, 0x67, 0x52, 0x67, 0x52, 0x67, 0x52, 0x67, 0x52, 0x47, 0x52,
  0x67, 0x52, 0x67, 0x52, 0x47, 0x52, 0x67, 0x52, 0x47, 0x52, 0x67, 0x52, 0x67, 0x52, 0x67, 0x52, 0x47, 0x52, 0x67, 0x52, 0x67, 0x52, 0x47, 0x52,
  0x67, 0x52, 0x47, 0x52, 0x67, 0x52, 0x67, 0x52, 0x47, 0x52, 0x67, 0x52, 0x47, 0x52, 0x67, 0x52, 0x47, 0x52, 0x47, 0x52, 0x67, 0x52, 0x47, 0x52,
  0x47, 0x52, 0x47, 0x52, 0x47, 0x52, 0x47, 0x52, 0x47, 0x52, 0x47, 0x52, 0x47, 0x4a, 0x47, 0x52, 0x47, 0x4a, 0x47, 0x52, 0x47, 0x52, 0x47, 0x52,
  0x47, 0x4a, 0x47, 0x4a, 0x47, 0x52, 0x47, 0x4a, 0x47, 0x4a, 0x47, 0x52, 0x47, 0x4a, 0x47, 0x4a, 0x47, 0x4a, 0x47, 0x4a, 0x47, 0x4a, 0x47, 0x4a,
  0x47, 0x4a, 0x47, 0x52, 0x47, 0x4a, 0x47, 0x4a, 0x27, 0x4a, 0x27, 0x4a, 0x47, 0x4a, 0x47, 0x4a, 0x27, 0x4a, 0x27, 0x4a, 0x27, 0x4a, 0x27, 0x4a,
  0x27, 0x4a, 0x27, 0x4a, 0x47, 0x4a, 0x47, 0x4a, 0x27, 0x4a, 0x27, 0x4a, 0x27, 0x4a, 0x27, 0x4a, 0x27, 0x4a, 0x27, 0x4a, 0x27, 0x4a, 0x27, 0x4a,
  0x27, 0x4a, 0x27, 0x4a, 0x27, 0x4a, 0x27, 0x4a, 0x27, 0x4a, 0x27, 0x4a, 0x27, 0x4a, 0x27, 0x4a, 0x27, 0x42, 0x27, 0x4a, 0x27, 0x4a, 0x27, 0x4a,
  0x27, 0x4a, 0x07, 0x4a, 0x27, 0x4a, 0x07, 0x4a, 0x07, 0x42, 0x07, 0x4a, 0x07, 0x42, 0x07, 0x42, 0x07, 0x42, 0x07, 0x42, 0x07, 0x42, 0x07, 0x42,
  0x07, 0x42, 0x07, 0x42, 0x07, 0x42, 0x07, 0x42, 0x07, 0x42, 0x06, 0x42, 0x07, 0x42, 0x07, 0x42, 0x07, 0x42, 0x07, 0x42, 0x07, 0x42, 0x07, 0x42,
  0x07, 0x42, 0x07, 0x42, 0x07, 0x42, 0x07, 0x42, 0x07, 0x42, 0x07, 0x42, 0x07, 0x42, 0x07, 0x42, 0x07, 0x42, 0x07, 0x42, 0x07, 0x42, 0x07, 0x42,
  0x07, 0x42, 0x07, 0x42, 0x07, 0x3a, 0x07, 0x42, 0x07, 0x3a, 0x07, 0x3a, 0xe7, 0x39, 0x07, 0x3a, 0xe7, 0x39, 0x07, 0x3a, 0x07, 0x3a, 0x07, 0x3a,
  0x07, 0x3a, 0xe7, 0x41, 0xe7, 0x39, 0xe7, 0x39, 0xe7, 0x39, 0x07, 0x3a, 0x07, 0x3a, 0xe7, 0x39, 0x07, 0x3a, 0xe7, 0x39, 0xe7, 0x39, 0xe7, 0x39,
  0xe7, 0x39, 0xe7, 0x39, 0xe7, 0x39, 0xe7, 0x39, 0xe7, 0x39, 0xe7, 0x39, 0xe7, 0x39, 0xe7, 0x39, 0x07, 0x3a, 0xe7, 0x39, 0x07, 0x3a, 0xe7, 0x39,
  0xe7, 0x39, 0xe7, 0x39, 0xe7, 0x39, 0xe7, 0x39, 0xe7, 0x39, 0xe7, 0x39, 0xe7, 0x39, 0xe7, 0x39, 0xe7, 0x39, 0xe7, 0x39, 0xe7, 0x39, 0x07, 0x32,
  0xe8, 0x39, 0xe7, 0x39, 0xe7, 0x39, 0xe7, 0x39, 0xe7, 0x39, 0xe7, 0x31, 0xe7, 0x31, 0xe8, 0x31, 0xc7, 0x31, 0xe7, 0x39, 0xc7, 0x31, 0xe8, 0x31,
  0xe7, 0x31, 0xe7, 0x31, 0xe7, 0x31, 0xe7, 0x31, 0xe7, 0x31, 0xe7, 0x31, 0xe7, 0x31, 0xe8, 0x31, 0xe7, 0x31, 0xe7, 0x31, 0xe8, 0x31, 0xe7, 0x31,
  0xe8, 0x31, 0xe8, 0x31, 0xe8, 0x31, 0xe8, 0x31, 0xe8, 0x31, 0xe8, 0x31, 0xe8, 0x31, 0xe7, 0x31, 0xe7, 0x31, 0xe7, 0x31, 0xe7, 0x31, 0xe7, 0x31,
  0xe7, 0x31, 0xe7, 0x31, 0xe8, 0x31, 0xe8, 0x31, 0xe8, 0x31, 0xe8, 0x31, 0xe8, 0x31, 0xe8, 0x31, 0xe8, 0x31, 0xe8, 0x31, 0xc8, 0x31, 0xc8, 0x31,
  0xe8, 0x31, 0xe8, 0x31, 0xe8, 0x31, 0xe8, 0x31, 0xe8, 0x31, 0xe8, 0x31, 0xe8, 0x31, 0xe8, 0x31, 0xe8, 0x29, 0xe8, 0x31, 0xe8, 0x31, 0xe8, 0x31,
  0xe8, 0x31, 0xe8, 0x31, 0xe8, 0x31, 0xc8, 0x29, 0xe8, 0x29, 0xe8, 0x29, 0xe8, 0x29, 0xc8, 0x29, 0xe8, 0x29, 0xe8, 0x29, 0xe8, 0x31, 0xe8, 0x31,
  0x67, 0x52, 0x67, 0x52, 0x67, 0x52, 0x67, 0x4a, 0x68, 0x52, 0x67, 0x52, 0x67, 0x52, 0x68, 0x52, 0x67, 0x52, 0x67, 0x52, 0x67, 0x52, 0x67, 0x52,
  0x67, 0x52, 0x68, 0x52, 0x67, 0x52, 0x68, 0x52, 0x67, 0x52, 0x67, 0x52, 0x67, 0x52, 0x67, 0x52, 0x68, 0x52, 0x67, 0x52, 0x67, 0x52, 0x68, 0x52,
  0x67, 0x52, 0x67, 0x52, 0x67, 0x52, 0x67, 0x52, 0x67, 0x52, 0x67, 0x52, 0x67, 0x52, 0x67, 0x52, 0x68, 0x52, 0x68, 0x52, 0x67, 0x52, 0x68, 0x52,
  0x67, 0x52, 0x67, 0x52, 0x67, 0x52, 0x67, 0x52, 0x67, 0x52, 0x47, 0x52, 0x67, 0x52, 0x67, 0x52, 0x47, 0x52, 0x67, 0x52, 0x67, 0x52, 0x68, 0x52,
  0x47, 0x52, 0x67, 0x52, 0x47, 0x52, 0x47, 0x52, 0x68, 0x52, 0x68, 0x52, 0x47, 0x52, 0x47, 0x52, 0x47, 0x52, 0x47, 0x52, 0x47, 0x52, 0x47, 0x52,
  0x67, 0x52, 0x47, 0x52, 0x67, 0x52, 0x67, 0x52, 0x67, 0x52, 0x47, 0x52, 0x47, 0x52, 0x47, 0x52, 0x47, 0x52, 0x47, 0x52, 0x47, 0x52, 0x47, 0x4a,
  0x47, 0x52, 0x47, 0x52, 0x47, 0x4a, 0x47, 0x52, 0x47, 0x52, 0x47, 0x4a, 0x47, 0x4a, 0x47, 0x4a, 0x47, 0x4a, 0x47, 0x4a, 0x47, 0x4a, 0x47, 0x52,
  0x47, 0x4a, 0x47, 0x4a, 0x47, 0x4a, 0x47, 0x4a, 0x27, 0x4a, 0x47, 0x4a, 0x47, 0x4a, 0x47, 0x4a, 0x47, 0x4a, 0x47, 0x4a, 0x47, 0x4a, 0x27, 0x4a,
  0x47, 0x4a, 0x27, 0x4a, 0x27, 0x4a, 0x27, 0x4a, 0x27, 0x4a, 0x47, 0x4a, 0x47, 0x4a, 0x27, 0x4a, 0x27, 0x4a, 0x27, 0x4a, 0x27, 0x4a, 0x27, 0x4a,
  0x27, 0x4a, 0x27, 0x4a, 0x27, 0x4a, 0x27, 0x4a, 0x27, 0x4a, 0x27, 0x4a, 0x27, 0x4a, 0x27, 0x4a, 0x27, 0x4a, 0x27, 0x42, 0x27, 0x4a, 0x27, 0x4a,
  0x07, 0x4a, 0x27, 0x4a, 0x07, 0x42, 0x27, 0x42, 0x27, 0x4a, 0x27, 0x4a, 0x07, 0x4a, 0x07, 0x42, 0x07, 0x42, 0x27, 0x42, 0x07, 0x42, 0x27, 0x42,
  0x27, 0x42, 0x07, 0x4a, 0x27, 0x42, 0x07, 0x42, 0x07, 0x42, 0x07, 0x42, 0x07, 0x42, 0x07, 0x42, 0x07, 0x42, 0x07, 0x42, 0x07, 0x42, 0x27, 0x42,
  0x07, 0x42, 0x07, 0x42, 0x07, 0x42, 0x07, 0x42, 0x07, 0x42, 0x07, 0x42, 0x07, 0x42, 0x07, 0x42, 0x07, 0x42, 0x07, 0x42, 0x07, 0x42, 0x07, 0x42,
  0x07, 0x3a, 0x07, 0x42, 0x07, 0x42, 0xe7, 0x41, 0x07, 0x3a, 0x07, 0x42, 0x07, 0x3a, 0xe7, 0x39, 0x07, 0x3a, 0x07, 0x3a, 0x07, 0x3a, 0xe7, 0x39,
  0xe7, 0x41, 0x07, 0x3a, 0xe7, 0x39, 0x07, 0x3a, 0x07, 0x3a, 0xe7, 0x39, 0xe7, 0x39, 0xe7, 0x39, 0xe7, 0x39, 0xe7, 0x39, 0xe7, 0x39, 0x07, 0x3a,
  0xe7, 0x39, 0xe7, 0x39, 0x07, 0x3a, 0xe7, 0x39, 0xe7, 0x39, 0xe7, 0x39, 0xe7, 0x39, 0xe7, 0x39, 0xe7, 0x39, 0xe7, 0x39, 0xe7, 0x39, 0xe7, 0x39,
  0xe7, 0x39, 0xe7, 0x39, 0xe7, 0x39, 0xe7, 0x39, 0xe7, 0x39, 0xe7, 0x39, 0xe7, 0x39, 0xe7, 0x39, 0xe7, 0x39, 0xe7, 0x39, 0x08, 0x3a, 0xc7, 0x39,
  0xe7, 0x39, 0xe8, 0x31, 0xe7, 0x39, 0xe7, 0x39, 0xe7, 0x39, 0xe7, 0x39, 0xe8, 0x39, 0xe7, 0x31, 0xe8, 0x39, 0xe7, 0x39, 0xe8, 0x31, 0xe7, 0x31,
  0xe7, 0x31, 0xe8, 0x39, 0xe8, 0x39, 0xe8, 0x31, 0xe7, 0x31, 0xe8, 0x31, 0xe8, 0x31, 0xe8, 0x31, 0xe8, 0x31, 0xe8, 0x31, 0xe8, 0x31, 0xe7, 0x31,
  0xe8, 0x31, 0xe8, 0x31, 0xe7, 0x31, 0xe8, 0x31, 0xe8, 0x31, 0xe8, 0x31, 0xe8, 0x31, 0xe7, 0x31, 0xe8, 0x31, 0xe8, 0x31, 0xe8, 0x31, 0xe8, 0x31,
  0xe8, 0x31, 0xe8, 0x31, 0xe8, 0x31, 0xe8, 0x31, 0xe7, 0x31, 0xe8, 0x31, 0xe8, 0x31, 0xe8, 0x31, 0xe8, 0x31, 0xc8, 0x31, 0xe8, 0x31, 0xe8, 0x31,
  0xe8, 0x31, 0xe8, 0x31, 0xe8, 0x31, 0xe8, 0x31, 0xe8, 0x31, 0xe8, 0x31, 0xe8, 0x31, 0xe8, 0x31, 0xe8, 0x31, 0xe8, 0x31, 0xe8, 0x31, 0xe8, 0x31,
  0xe8, 0x31, 0xe8, 0x29, 0xe8, 0x29, 0xe8, 0x31, 0xe8, 0x31, 0xe8, 0x31, 0xe8, 0x29, 0xe8, 0x31, 0xc8, 0x29, 0xe8, 0x29, 0xe8, 0x29, 0xe8, 0x29,
  0x67, 0x52, 0x67, 0x52, 0x67, 0x52, 0x68, 0x52, 0x67, 0x52, 0x68, 0x52, 0x67, 0x52, 0x67, 0x52, 0x67, 0x52, 0x67, 0x52, 0x67, 0x52, 0x67, 0x52,
  0x67, 0x52, 0x67, 0x52, 0x67, 0x52, 0x67, 0x52, 0x68, 0x52, 0x67, 0x52, 0x68, 0x52, 0x67, 0x52, 0x67, 0x52, 0x67, 0x52, 0x67, 0x52, 0x67, 0x52,
  0x67, 0x52, 0x67, 0x52, 0x67, 0x52, 0x67, 0x52, 0x67, 0x52, 0x67, 0x52, 0x67, 0x52, 0x67, 0x52, 0x67, 0x52, 0x67, 0x52, 0x67, 0x52, 0x67, 0x52,
  0x67, 0x52, 0x67, 0x52, 0x67, 0x52, 0x67, 0x52, 0x67, 0x52, 0x67, 0x52, 0x67, 0x52, 0x67, 0x52, 0x67, 0x52, 0x47, 0x52, 0x67, 0x52, 0x67, 0x52,
  0x67, 0x52, 0x67, 0x52, 0x67, 0x52, 0x47, 0x52, 0x67, 0x52, 0x67, 0x52, 0x67, 0x52, 0x47, 0x52, 0x47, 0x52, 0x47, 0x52, 0x47, 0x52, 0x47, 0x52,
  0x47, 0x52, 0x47, 0x52, 0x47, 0x52, 0x47, 0x52, 0x47, 0x52, 0x47, 0x52, 0x47, 0x52, 0x47, 0x52, 0x47, 0x52, 0x47, 0x52, 0x47, 0x52, 0x47, 0x52,
  0x47, 0x52, 0x47, 0x52, 0x47, 0x52, 0x47, 0x4a, 0x47, 0x4a, 0x47, 0x4a, 0x47, 0x4a, 0x47, 0x4a, 0x47, 0x4a, 0x47, 0x4a, 0x47, 0x4a, 0x47, 0x4a,
  0x47, 0x4a, 0x47, 0x4a, 0x47, 0x4a, 0x47, 0x4a, 0x47, 0x4a, 0x47, 0x4a, 0x47, 0x4a, 0x47, 0x4a, 0x27, 0x4a, 0x27, 0x4a, 0x27, 0x4a, 0x47, 0x4a,
  0x27, 0x4a, 0x27, 0x4a, 0x27, 0x4a, 0x27, 0x4a, 0x47, 0x4a, 0x27, 0x4a, 0x27, 0x4a, 0x27, 0x4a, 0x27, 0x4a, 0x27, 0x4a, 0x27, 0x4a, 0x27, 0x4a,
  0x27, 0x4a, 0x27, 0x4a, 0x27, 0x4a, 0x27, 0x4a, 0x27, 0x4a, 0x27, 0x4a, 0x47, 0x4a, 0x27, 0x4a, 0x27, 0x4a, 0x27, 0x42, 0x27, 0x4a, 0x27, 0x42,
  0x27, 0x4a, 0x07, 0x42, 0x27, 0x4a, 0x07, 0x4a, 0x27, 0x42, 0x07, 0x42, 0x27, 0x42, 0x07, 0x42, 0x07, 0x42, 0x07, 0x42, 0x07, 0x42, 0x07, 0x42,
  0x07, 0x42, 0x07, 0x42, 0x07, 0x42, 0x07, 0x42, 0x27, 0x42, 0x07, 0x42, 0x07, 0x42, 0x07, 0x42, 0x07, 0x42, 0x07, 0x42, 0x07, 0x42, 0x07, 0x42,
  0x07, 0x42, 0x07, 0x42, 0x07, 0x42, 0x07, 0x42, 0x07, 0x42, 0x07, 0x42, 0x07, 0x42, 0x07, 0x42, 0x07, 0x42, 0x07, 0x42, 0x07, 0x42, 0x07, 0x3a,
  0x07, 0x42, 0x07, 0x42, 0x07, 0x42, 0x07, 0x42, 0x07, 0x42, 0x07, 0x3a, 0x07, 0x3a, 0x07, 0x3a, 0x07, 0x42, 0x07, 0x3a, 0x07, 0x3a, 0x07, 0x3a,
  0x07, 0x3a, 0x07, 0x42, 0xe7, 0x39, 0xe7, 0x39, 0xe7, 0x39, 0xe7, 0x39, 0x07, 0x3a, 0x07, 0x3a, 0xe7, 0x39, 0xe7, 0x39, 0x07, 0x3a, 0xe7, 0x39,
  0xe7, 0x39, 0xe7, 0x39, 0xe7, 0x39, 0xe7, 0x39, 0xe7, 0x39, 0xe7, 0x39, 0xe7, 0x39, 0xe7, 0x39, 0xe7, 0x39, 0xe7, 0x39, 0x07, 0x3a, 0xe7, 0x39,
  0xe7, 0x39, 0xe7, 0x39, 0xe7, 0x39, 0xe7, 0x39, 0xe7, 0x39, 0xe7, 0x39, 0xe7, 0x39, 0xe7, 0x39, 0xe7, 0x39, 0xe7, 0x39, 0xe7, 0x39, 0xe7, 0x39,
  0xe8, 0x39, 0xe7, 0x39, 0xe7, 0x39, 0xe7, 0x39, 0xe7, 0x31, 0xe7, 0x39, 0xe8, 0x39, 0xe8, 0x31, 0xe7, 0x31, 0xe8, 0x31, 0xe7, 0x31, 0xe7, 0x31,
  0xe8, 0x31, 0xe8, 0x31, 0xe7, 0x31, 0xe8, 0x39, 0xe7, 0x31, 0xe8, 0x31, 0xe7, 0x31, 0xe7, 0x31, 0xe7, 0x31, 0xe7, 0x31, 0xe8, 0x31, 0xe7, 0x31,
  0xe8, 0x31, 0xe8, 0x31, 0xe8, 0x31, 0xe8, 0x31, 0xe8, 0x31, 0xe8, 0x31, 0xe8, 0x31, 0xe8, 0x31, 0xe7, 0x31, 0xe8, 0x31, 0xe7, 0x31, 0xc8, 0x31,
  0xc8, 0x31, 0xe8, 0x31, 0xe8, 0x31, 0xe8, 0x31, 0xe8, 0x31, 0xe8, 0x31, 0xe8, 0x31, 0xe8, 0x31, 0xe8, 0x31, 0xe8, 0x31, 0xe8, 0x31, 0xe8, 0x31,
  0xe8, 0x31, 0xe8, 0x31, 0xe8, 0x31, 0xe8, 0x31, 0xe8, 0x31, 0xe8, 0x31, 0xe8, 0x31, 0xe8, 0x31, 0xe8, 0x31, 0xe8, 0x31, 0xe8, 0x31, 0xe8, 0x31,
  0xe8, 0x29, 0xe8, 0x29, 0xe8, 0x31, 0xe8, 0x31, 0xe8, 0x29, 0xe8, 0x29, 0xe8, 0x29, 0xe8, 0x29, 0xe8, 0x31, 0xe8, 0x29, 0xe8, 0x31, 0xc8, 0x29,
  0x67, 0x52, 0x67, 0x52, 0x67, 0x52, 0x67, 0x52, 0x68, 0x52, 0x67, 0x52, 0x68, 0x52, 0x68, 0x52, 0x67, 0x52, 0x68, 0x52, 0x68, 0x52, 0x68, 0x52,
  0x67, 0x52, 0x68, 0x52, 0x67, 0x52, 0x67, 0x52, 0x68, 0x52, 0x68, 0x52, 0x67, 0x52, 0x67, 0x52, 0x68, 0x52, 0x67, 0x52, 0x67, 0x52, 0x67, 0x52,
  0x67, 0x52, 0x67, 0x52, 0x68, 0x52, 0x67, 0x52, 0x67, 0x52, 0x67, 0x52, 0x67, 0x52, 0x67, 0x52, 0x67, 0x52, 0x67, 0x52, 0x67, 0x52, 0x67, 0x52,
  0x67, 0x52, 0x67, 0x52, 0x67, 0x52, 0x67, 0x52, 0x67, 0x52, 0x67, 0x52, 0x67, 0x52, 0x67, 0x52, 0x67, 0x52, 0x67, 0x52, 0x67, 0x52, 0x47, 0x52,
  0x67, 0x52, 0x67, 0x52, 0x47, 0x52, 0x67, 0x52, 0x67, 0x52, 0x47, 0x52, 0x67, 0x52, 0x67, 0x52, 0x47, 0x52, 0x67, 0x52, 0x47, 0x52, 0x47, 0x52,
  0x47, 0x52, 0x47, 0x52, 0x47, 0x52, 0x47, 0x52, 0x47, 0x52, 0x47, 0x52, 0x47, 0x52, 0x47, 0x52, 0x47, 0x52, 0x47, 0x52, 0x47, 0x52, 0x47, 0x52,
  0x47, 0x4a, 0x47, 0x52, 0x47, 0x52, 0x47, 0x52, 0x47, 0x4a, 0x47, 0x52, 0x47, 0x4a, 0x47, 0x4a, 0x47, 0x4a, 0x47, 0x4a, 0x47, 0x4a, 0x47, 0x52,
  0x47, 0x4a, 0x47, 0x4a, 0x47, 0x4a, 0x47, 0x4a, 0x47, 0x4a, 0x47, 0x4a, 0x47, 0x4a, 0x47, 0x4a, 0x47, 0x4a, 0x47, 0x4a, 0x47, 0x4a, 0x47, 0x4a,
  0x47, 0x4a, 0x47, 0x4a, 0x27, 0x4a, 0x27, 0x4a, 0x27, 0x4a, 0x27, 0x4a, 0x27, 0x4a, 0x27, 0x4a, 0x47, 0x4a, 0x27, 0x4a, 0x27, 0x4a, 0x47, 0x4a,
  0x27, 0x4a, 0x27, 0x4a, 0x27, 0x4a, 0x27, 0x4a, 0x27, 0x4a, 0x27, 0x4a, 0x27, 0x4a, 0x27, 0x4a, 0x27, 0x4a, 0x27, 0x4a, 0x27, 0x4a, 0x27, 0x4a,
  0x27, 0x4a, 0x27, 0x4a, 0x27, 0x4a, 0x27, 0x4a, 0x27, 0x42, 0x27, 0x42, 0x27, 0x42, 0x27, 0x42, 0x07, 0x42, 0x07, 0x42, 0x07, 0x42, 0x07, 0x42,
  0x07, 0x42, 0x07, 0x42, 0x07, 0x42, 0x07, 0x42, 0x07, 0x42, 0x07, 0x42, 0x07, 0x42, 0x07, 0x42, 0x07, 0x42, 0x07, 0x42, 0x07, 0x42, 0x07, 0x42,
  0x07, 0x42, 0x07, 0x42, 0x07, 0x42, 0x07, 0x42, 0x07, 0x42, 0x07, 0x42, 0x07, 0x42, 0x07, 0x42, 0x07, 0x42, 0x07, 0x42, 0x07, 0x42, 0x07, 0x42,
  0x07, 0x42, 0x07, 0x42, 0x07, 0x42, 0x07, 0x42, 0x07, 0x42, 0x07, 0x3a, 0x07, 0x3a, 0x07, 0x42, 0x07, 0x3a, 0x07, 0x3a, 0x07, 0x3a, 0xe7, 0x39,
  0x07, 0x3a, 0x07, 0x3a, 0x07, 0x3a, 0x07, 0x42, 0xe7, 0x39, 0x07, 0x3a, 0xe7, 0x39, 0x07, 0x3a, 0xe7, 0x39, 0xe7, 0x39, 0xe7, 0x39, 0x07, 0x3a,
  0xe7, 0x39, 0xe7, 0x39, 0xe7, 0x39, 0xe7, 0x39, 0xe7, 0x39, 0xe7, 0x39, 0xe7, 0x39, 0xe7, 0x39, 0xe7, 0x39, 0xe7, 0x39, 0xe7, 0x39, 0xe7, 0x39,
  0xe7, 0x39, 0xe7, 0x39, 0xe7, 0x39, 0xe7, 0x39, 0xe7, 0x39, 0xe7, 0x39, 0xe7, 0x39, 0xe7, 0x39, 0xe8, 0x39, 0xe8, 0x39, 0xe7, 0x39, 0xe8, 0x39,
  0xe7, 0x39, 0xe7, 0x39, 0xe7, 0x39, 0xe7, 0x39, 0xe7, 0x39, 0xe8, 0x39, 0xe8, 0x31, 0xe7, 0x31, 0xe8, 0x31, 0xe7, 0x39, 0xe8, 0x31, 0xe8, 0x31,
  0xe8, 0x31, 0xe8, 0x31, 0xe8, 0x39, 0xe8, 0x31, 0xe8, 0x31, 0xe8, 0x31, 0xe8, 0x31, 0xe8, 0x31, 0xe8, 0x31, 0xe8, 0x31, 0xe8, 0x31, 0xe8, 0x31,
  0xe7, 0x31, 0xe8, 0x31, 0xe8, 0x31, 0xe7, 0x31, 0xe7, 0x31, 0xe7, 0x31, 0xe8, 0x31, 0xe8, 0x31, 0xe8, 0x31, 0xe8, 0x31, 0xe8, 0x31, 0xe8, 0x31,
  0xe8, 0x31, 0xe8, 0x31, 0xe8, 0x31, 0xe8, 0x31, 0xe8, 0x31, 0xe8, 0x31, 0xe8, 0x31, 0xe8, 0x31, 0xe8, 0x31, 0xe8, 0x31, 0xe8, 0x31, 0xe8, 0x31,
  0xe8, 0x31, 0xe8, 0x31, 0xe8, 0x31, 0xe8, 0x31, 0xe8, 0x31, 0xe8, 0x31, 0xe8, 0x31, 0xe8, 0x31, 0xe8, 0x31, 0xe8, 0x31, 0xe8, 0x31, 0xe8, 0x31,
  0xe8, 0x31, 0xe8, 0x31, 0xe8, 0x29, 0xe8, 0x31, 0xc8, 0x29, 0xe8, 0x31, 0xe8, 0x31, 0xe8, 0x31, 0xe8, 0x31, 0xe8, 0x31, 0xe8, 0x29, 0xe8, 0x31,
  0x67, 0x52, 0x67, 0x52, 0x67, 0x52, 0x67, 0x52, 0x68, 0x52, 0x68, 0x52, 0x67, 0x52, 0x68, 0x52, 0x67, 0x52, 0x67, 0x52, 0x67, 0x52, 0x68, 0x52,
  0x67, 0x52, 0x68, 0x52, 0x67, 0x52, 0x68, 0x52, 0x67, 0x52, 0x67, 0x52, 0x68, 0x52, 0x67, 0x52, 0x67, 0x52, 0x67, 0x52, 0x67, 0x52, 0x67, 0x52,
  0x67, 0x52, 0x67, 0x52, 0x67, 0x52, 0x67, 0x52, 0x67, 0x52, 0x67, 0x52, 0x67, 0x52, 0x67, 0x52, 0x67, 0x52, 0x67, 0x52, 0x67, 0x52, 0x67, 0x52,
  0x67, 0x52, 0x67, 0x52, 0x67, 0x52, 0x67, 0x52, 0x67, 0x52, 0x67, 0x52, 0x67, 0x52, 0x67, 0x52, 0x67, 0x52, 0x67, 0x52, 0x67, 0x52, 0x67, 0x52,
  0x68, 0x52, 0x67, 0x52, 0x67, 0x52, 0x67, 0x52, 0x67, 0x52, 0x67, 0x52, 0x47, 0x52, 0x67, 0x52, 0x47, 0x52, 0x47, 0x52, 0x47, 0x52, 0x47, 0x52,
  0x47, 0x52, 0x47, 0x52, 0x47, 0x52, 0x47, 0x52, 0x47, 0x52, 0x67, 0x52, 0x47, 0x52, 0x47, 0x52, 0x47, 0x52, 0x47, 0x52, 0x47, 0x52, 0x47, 0x52,
  0x47, 0x52, 0x47, 0x52, 0x47, 0x52, 0x47, 0x52, 0x47, 0x52, 0x47, 0x52, 0x47, 0x4a, 0x47, 0x4a, 0x47, 0x4a, 0x47, 0x4a, 0x47, 0x52, 0x47, 0x4a,
  0x47, 0x4a, 0x47, 0x4a, 0x47, 0x4a, 0x47, 0x4a, 0x47, 0x4a, 0x47, 0x4a, 0x47, 0x4a, 0x47, 0x4a, 0x47, 0x4a, 0x47, 0x4a, 0x47, 0x4a, 0x47, 0x4a,
  0x47, 0x4a, 0x47, 0x4a, 0x47, 0x4a, 0x27, 0x4a, 0x47, 0x4a, 0x27, 0x4a, 0x27, 0x4a, 0x47, 0x4a, 0x27, 0x4a, 0x47, 0x4a, 0x27, 0x4a, 0x27, 0x4a,
  0x27, 0x4a, 0x27, 0x4a, 0x27, 0x4a, 0x27, 0x4a, 0x27, 0x4a, 0x27, 0x4a, 0x27, 0x4a, 0x27, 0x4a, 0x27, 0x4a, 0x27, 0x4a, 0x27, 0x4a, 0x07, 0x4a,
  0x27, 0x4a, 0x27, 0x42, 0x27, 0x4a, 0x27, 0x4a, 0x07, 0x4a, 0x27, 0x42, 0x27, 0x42, 0x27, 0x42, 0x27, 0x4a, 0x27, 0x42, 0x27, 0x42, 0x07, 0x42,
  0x07, 0x42, 0x07, 0x42, 0x07, 0x42, 0x27, 0x42, 0x07, 0x42, 0x07, 0x42, 0x07, 0x42, 0x07, 0x42, 0x07, 0x42, 0x07, 0x42, 0x07, 0x42, 0x07, 0x42,
  0x07, 0x42, 0x07, 0x42, 0x07, 0x42, 0x07, 0x42, 0x07, 0x42, 0x07, 0x42, 0x07, 0x42, 0x07, 0x42, 0x07, 0x42, 0x07, 0x42, 0x07, 0x42, 0x07, 0x3a,
  0x07, 0x42, 0x07, 0x42, 0x07, 0x42, 0x07, 0x3a, 0x07, 0x42, 0x07, 0x42, 0x07, 0x3a, 0xe7, 0x39, 0x07, 0x3a, 0x07, 0x3a, 0x07, 0x3a, 0x07, 0x3a,
  0x07, 0x3a, 0x07, 0x3a, 0xe7, 0x39, 0x07, 0x3a, 0x07, 0x3a, 0x07, 0x3a, 0xe7, 0x39, 0xe7, 0x39, 0xe7, 0x39, 0xe7, 0x39, 0xe7, 0x39, 0xe7, 0x39,
  0xe7, 0x39, 0xe7, 0x39, 0xe7, 0x39, 0xe8, 0x39, 0xe7, 0x39, 0xe7, 0x39, 0xe7, 0x39, 0xe7, 0x39, 0xe7, 0x39, 0xe7, 0x39, 0xe7, 0x39, 0xe7, 0x39,
  0xe7, 0x39, 0xe7, 0x39, 0xe7, 0x39, 0xe7, 0x39, 0xe7, 0x39, 0xe7, 0x39, 0xe7, 0x39, 0xe7, 0x39, 0xe7, 0x39, 0xe7, 0x39, 0xe7, 0x39, 0xe7, 0x39,
  0xe7, 0x39, 0xe7, 0x39, 0xe8, 0x39, 0xe8, 0x39, 0xe8, 0x39, 0xe8, 0x31, 0xe8, 0x39, 0xe8, 0x39, 0xe8, 0x31, 0xe8, 0x31, 0xe8, 0x31, 0xe7, 0x31,
  0xe8, 0x31, 0xe8, 0x39, 0xe8, 0x31, 0xe8, 0x31, 0xe8, 0x31, 0xe8, 0x31, 0xe8, 0x31, 0xe8, 0x31, 0xe8, 0x31, 0xe8, 0x31, 0xe8, 0x31, 0xe8, 0x31,
  0xe8, 0x31, 0xe8, 0x31, 0xe8, 0x31, 0xe8, 0x31, 0xe8, 0x31, 0xe7, 0x31, 0xe8, 0x31, 0xe8, 0x31, 0xe8, 0x31, 0xe8, 0x31, 0xe8, 0x31, 0xe8, 0x31,
  0xe8, 0x31, 0xe8, 0x31, 0xe8, 0x31, 0xe8, 0x31, 0xe8, 0x31, 0xe8, 0x31, 0xe8, 0x31, 0xe8, 0x31, 0xe8, 0x31, 0xe8, 0x31, 0xe8, 0x31, 0xe8, 0x31,
  0xe8, 0x31, 0xe8, 0x31, 0xe8, 0x31, 0xe8, 0x31, 0xe8, 0x31, 0xe8, 0x31, 0xe8, 0x31, 0xe8, 0x31, 0xe8, 0x31, 0xe8, 0x31, 0xe8, 0x31, 0xe8, 0x31,
  0xe8, 0x29, 0xe8, 0x31, 0xe8, 0x29, 0xe8, 0x31, 0xe8, 0x31, 0xe8, 0x31, 0xc8, 0x31, 0xe8, 0x31, 0xe8, 0x29, 0xe8, 0x31, 0xe8, 0x31, 0xe8, 0x31,
  0x68, 0x52, 0x68, 0x52, 0x67, 0x52, 0x67, 0x52, 0x68, 0x52, 0x68, 0x52, 0x68, 0x52, 0x68, 0x52, 0x68, 0x52, 0x68, 0x52, 0x68, 0x52, 0x68, 0x52,
  0x68, 0x52, 0x68, 0x52, 0x68, 0x52, 0x68, 0x52, 0x68, 0x52, 0x68, 0x52, 0x68, 0x52, 0x68, 0x52, 0x68, 0x52, 0x67, 0x52, 0x68, 0x52, 0x68, 0x52,
  0x68, 0x52, 0x68, 0x52, 0x68, 0x52, 0x68, 0x52, 0x68, 0x52, 0x67, 0x52, 0x67, 0x52, 0x67, 0x52, 0x67, 0x52, 0x67, 0x52, 0x67, 0x52, 0x67, 0x52,
  0x67, 0x52, 0x67, 0x52, 0x67, 0x52, 0x67, 0x52, 0x67, 0x52, 0x67, 0x52, 0x67, 0x52, 0x67, 0x52, 0x67, 0x52, 0x67, 0x52, 0x67, 0x52, 0x67, 0x52,
  0x67, 0x52, 0x67, 0x52, 0x67, 0x52, 0x67, 0x52, 0x67, 0x52, 0x67, 0x52, 0x67, 0x52, 0x67, 0x52, 0x67, 0x52, 0x47, 0x52, 0x67, 0x52, 0x47, 0x52,
  0x47, 0x52, 0x67, 0x52, 0x47, 0x52, 0x47, 0x52, 0x47, 0x52, 0x47, 0x52, 0x47, 0x52, 0x47, 0x52, 0x47, 0x52, 0x47, 0x52, 0x47, 0x52, 0x47, 0x52,
  0x47, 0x52, 0x47, 0x52, 0x47, 0x52, 0x47, 0x52, 0x47, 0x52, 0x47, 0x52, 0x47, 0x52, 0x47, 0x52, 0x47, 0x52, 0x47, 0x4a, 0x47, 0x4a, 0x47, 0x4a,
  0x47, 0x4a, 0x47, 0x4a, 0x47, 0x4a, 0x47, 0x4a, 0x47, 0x4a, 0x47, 0x4a, 0x47, 0x4a, 0x47, 0x4a, 0x47, 0x4a, 0x47, 0x4a, 0x47, 0x4a, 0x47, 0x4a,
  0x47, 0x4a, 0x27, 0x4a, 0x27, 0x4a, 0x47, 0x4a, 0x47, 0x4a, 0x27, 0x4a, 0x27, 0x4a, 0x27, 0x4a, 0x27, 0x4a, 0x27, 0x4a, 0x27, 0x4a, 0x27, 0x4a,
  0x47, 0x4a, 0x27, 0x4a, 0x27, 0x4a, 0x27, 0x4a, 0x27, 0x4a, 0x27, 0x4a, 0x27, 0x4a, 0x27, 0x4a, 0x27, 0x4a, 0x27, 0x4a, 0x27, 0x4a, 0x27, 0x4a,
  0x27, 0x4a, 0x27, 0x4a, 0x27, 0x4a, 0x07, 0x4a, 0x27, 0x42, 0x27, 0x42, 0x27, 0x42, 0x27, 0x42, 0x27, 0x42, 0x07, 0x42, 0x07, 0x42, 0x27, 0x42,
  0x27, 0x42, 0x27, 0x42, 0x07, 0x42, 0x07, 0x42, 0x07, 0x42, 0x07, 0x42, 0x07, 0x42, 0x07, 0x42, 0x07, 0x42, 0x07, 0x42, 0x07, 0x42, 0x07, 0x42,
  0x07, 0x42, 0x07, 0x42, 0x07, 0x42, 0x07, 0x42, 0x07, 0x42, 0x07, 0x42, 0x07, 0x42, 0x07, 0x42, 0x07, 0x42, 0x07, 0x42, 0x07, 0x42, 0x07, 0x42,
  0x07, 0x42, 0x07, 0x42, 0x07, 0x42, 0x07, 0x42, 0x07, 0x42, 0x07, 0x3a, 0x07, 0x42, 0x07, 0x42, 0x07, 0x42, 0x07, 0x3a, 0x07, 0x3a, 0xe7, 0x39,
  0x07, 0x3a, 0x07, 0x3a, 0x07, 0x3a, 0x07, 0x3a, 0x07, 0x3a, 0x07, 0x3a, 0x07, 0x3a, 0x07, 0x3a, 0x07, 0x3a, 0xe7, 0x39, 0xe7, 0x39, 0x07, 0x3a,
  0xe7, 0x39, 0xe7, 0x39, 0xe7, 0x39, 0xe7, 0x39, 0xe7, 0x39, 0xe7, 0x39, 0xe7, 0x39, 0xe7, 0x39, 0xe7, 0x39, 0xe7, 0x39, 0xe7, 0x39, 0xe7, 0x39,
  0xe7, 0x39, 0xe7, 0x39, 0xe7, 0x39, 0xe7, 0x39, 0xe7, 0x39, 0xe7, 0x39, 0xe7, 0x39, 0xe7, 0x39, 0xe7, 0x39, 0xe7, 0x39, 0xe7, 0x39, 0xe7, 0x39,
  0xe7, 0x39, 0xe7, 0x39, 0xe8, 0x39, 0xe8, 0x39, 0xe8, 0x39, 0xe8, 0x39, 0xe8, 0x31, 0xe8, 0x31, 0xe8, 0x39, 0xe8, 0x31, 0xe8, 0x31, 0xe8, 0x31,
  0xe8, 0x31, 0xe8, 0x39, 0xe8, 0x31, 0xe8, 0x31, 0xe8, 0x31, 0xe8, 0x31, 0xe8, 0x31, 0xe8, 0x31, 0xe8, 0x31, 0xe8, 0x31, 0xe8, 0x31, 0xe8, 0x31,
  0xe8, 0x31, 0xe8, 0x31, 0xe8, 0x31, 0xe8, 0x31, 0xe8, 0x31, 0xe8, 0x31, 0xe8, 0x31, 0xe8, 0x31, 0xe8, 0x31, 0xe8, 0x31, 0xe8, 0x31, 0xe8, 0x31,
  0xe8, 0x31, 0xe8, 0x31, 0xe8, 0x31, 0xe8, 0x31, 0xe8, 0x31, 0xe8, 0x31, 0xe8, 0x31, 0xe8, 0x31, 0xe8, 0x31, 0xe8, 0x31, 0xe8, 0x31, 0xe8, 0x31,
  0xe8, 0x31, 0xe8, 0x31, 0xe8, 0x31, 0xe8, 0x31, 0xe8, 0x31, 0xe8, 0x31, 0xe8, 0x31, 0xe8, 0x31, 0xe8, 0x31, 0xe8, 0x31, 0xe8, 0x31, 0xe8, 0x31,
  0xe8, 0x31, 0xe8, 0x31, 0xe8, 0x31, 0xe8, 0x31, 0xe8, 0x31, 0xe8, 0x31, 0xe8, 0x31, 0xe8, 0x31, 0xe8, 0x31, 0xe8, 0x31, 0xe8, 0x29, 0xe8, 0x31,
  0x68, 0x52, 0x67, 0x52, 0x67, 0x52, 0x67, 0x52, 0x67, 0x52, 0x68, 0x52, 0x68, 0x52, 0x68, 0x52, 0x67, 0x52, 0x67, 0x52, 0x68, 0x52, 0x68, 0x52,
  0x68, 0x52, 0x68, 0x52, 0x68, 0x52, 0x68, 0x52, 0x67, 0x52, 0x68, 0x52, 0x68, 0x52, 0x68, 0x52, 0x68, 0x52, 0x68, 0x52, 0x67, 0x52, 0x68, 0x52,
  0x68, 0x52, 0x68, 0x52, 0x68, 0x52, 0x67, 0x52, 0x67, 0x52, 0x67, 0x52, 0x67, 0x52, 0x67, 0x52, 0x68, 0x52, 0x67, 0x52, 0x67, 0x52, 0x67, 0x52,
  0x67, 0x52, 0x67, 0x52, 0x67, 0x52, 0x67, 0x52, 0x67, 0x52, 0x67, 0x52, 0x67, 0x52, 0x67, 0x52, 0x67, 0x52, 0x67, 0x52, 0x67, 0x52, 0x67, 0x52,
  0x67, 0x52, 0x67, 0x52, 0x67, 0x52, 0x67, 0x52, 0x67, 0x52, 0x67, 0x52, 0x67, 0x52, 0x47, 0x52, 0x67, 0x52, 0x67, 0x52, 0x67, 0x52, 0x67, 0x52,
  0x67, 0x52, 0x47, 0x52, 0x47, 0x52, 0x47, 0x52, 0x47, 0x52, 0x47, 0x52, 0x47, 0x52, 0x47, 0x52, 0x47, 0x52, 0x47, 0x52, 0x47, 0x52, 0x47, 0x52,
  0x47, 0x52, 0x47, 0x52, 0x47, 0x52, 0x47, 0x52, 0x47, 0x52, 0x47, 0x52, 0x47, 0x52, 0x47, 0x52, 0x47, 0x52, 0x47, 0x52, 0x47, 0x4a, 0x67, 0x4a,
  0x47, 0x52, 0x47, 0x4a, 0x47, 0x4a, 0x47, 0x4a, 0x47, 0x4a, 0x47, 0x4a, 0x47, 0x4a, 0x47, 0x4a, 0x47, 0x4a, 0x47, 0x4a, 0x47, 0x4a, 0x47, 0x4a,
  0x47, 0x4a, 0x47, 0x4a, 0x27, 0x4a, 0x47, 0x4a, 0x27, 0x4a, 0x27, 0x4a, 0x27, 0x4a, 0x47, 0x4a, 0x27, 0x4a, 0x27, 0x4a, 0x27, 0x4a, 0x27, 0x4a,
  0x27, 0x4a, 0x27, 0x4a, 0x27, 0x4a, 0x27, 0x4a, 0x27, 0x4a, 0x27, 0x4a, 0x27, 0x4a, 0x47, 0x4a, 0x27, 0x4a, 0x27, 0x4a, 0x27, 0x4a, 0x27, 0x4a,
  0x27, 0x4a, 0x27, 0x4a, 0x07, 0x4a, 0x27, 0x42, 0x07, 0x4a, 0x27, 0x4a, 0x27, 0x42, 0x27, 0x42, 0x07, 0x42, 0x27, 0x42, 0x07, 0x42, 0x27, 0x4a,
  0x07, 0x42, 0x07, 0x42, 0x07, 0x42, 0x07, 0x42, 0x07, 0x42, 0x07, 0x42, 0x07, 0x42, 0x07, 0x42, 0x07, 0x42, 0x07, 0x42, 0x07, 0x42, 0x07, 0x42,
  0x07, 0x42, 0x07, 0x42, 0x07, 0x42, 0x07, 0x42, 0x07, 0x42, 0x07, 0x42, 0x07, 0x42, 0x07, 0x42, 0x07, 0x42, 0x07, 0x42, 0x07, 0x42, 0x07, 0x42,
  0x07, 0x42, 0x07, 0x42, 0x07, 0x3a, 0x07, 0x42, 0x07, 0x42, 0x07, 0x42, 0x07, 0x42, 0x07, 0x42, 0x07, 0x3a, 0x07, 0x42, 0x07, 0x3a, 0x07, 0x3a,
  0x07, 0x42, 0x07, 0x3a, 0x07, 0x3a, 0x07, 0x3a, 0x07, 0x3a, 0x07, 0x3a, 0x07, 0x3a, 0x07, 0x3a, 0x07, 0x3a, 0x07, 0x3a, 0xe7, 0x39, 0x07, 0x3a,
  0x07, 0x3a, 0xe7, 0x39, 0xe8, 0x39, 0xe7, 0x39, 0xe7, 0x39, 0xe7, 0x39, 0xe7, 0x39, 0xe7, 0x39, 0x07, 0x3a, 0xe7, 0x39, 0xe7, 0x39, 0xe7, 0x39,
  0xe7, 0x39, 0xe7, 0x39, 0xe7, 0x39, 0xe7, 0x39, 0xe7, 0x39, 0xe7, 0x39, 0xe7, 0x39, 0xe7, 0x39, 0xe7, 0x39, 0xe7, 0x39, 0xe7, 0x39, 0xe8, 0x31,
  0xe7, 0x39, 0xe8, 0x31, 0xe7, 0x31, 0xe8, 0x39, 0xe8, 0x39, 0xe8, 0x39, 0xe8, 0x31, 0xe8, 0x31, 0x07, 0x32, 0xe7, 0x31, 0xe8, 0x31, 0xe8, 0x31,
  0xe8, 0x31, 0xe7, 0x31, 0xe8, 0x31, 0xe7, 0x31, 0xe8, 0x31, 0xe8, 0x31, 0xe8, 0x31, 0xe8, 0x31, 0xe8, 0x31, 0xe8, 0x31, 0xe8, 0x31, 0xe8, 0x31,
  0xe8, 0x31, 0xe8, 0x31, 0xe8, 0x31, 0xe8, 0x31, 0xe8, 0x31, 0xe8, 0x31, 0xe8, 0x31, 0xe8, 0x31, 0xe8, 0x31, 0xe8, 0x31, 0xe8, 0x31, 0xe8, 0x31,
  0xe8, 0x31, 0xe8, 0x31, 0xe8, 0x31, 0xe8, 0x31, 0xe8, 0x31, 0xe8, 0x31, 0xe8, 0x31, 0xe8, 0x31, 0xe8, 0x31, 0xe8, 0x31, 0xe8, 0x31, 0xe8, 0x31,
  0xe8, 0x31, 0xe8, 0x31, 0xe8, 0x31, 0xe8, 0x31, 0xe8, 0x31, 0xe8, 0x31, 0xe8, 0x31, 0xe8, 0x31, 0xe8, 0x29, 0xe8, 0x31, 0xe8, 0x31, 0xe8, 0x31,
  0xe8, 0x31, 0xe8, 0x31, 0xe8, 0x31, 0xe8, 0x31, 0xe8, 0x31, 0xe8, 0x31, 0xe8, 0x31, 0xe8, 0x31, 0xe9, 0x31, 0xe8, 0x31, 0xe8, 0x31, 0xe8, 0x29,
  0x68, 0x52, 0x67, 0x52, 0x68, 0x52, 0x67, 0x4a, 0x68, 0x52, 0x68, 0x52, 0x68, 0x52, 0x67, 0x52, 0x68, 0x52, 0x68, 0x52, 0x68, 0x52, 0x68, 0x52,
  0x68, 0x52, 0x68, 0x52, 0x68, 0x52, 0x68, 0x52, 0x68, 0x52, 0x68, 0x52, 0x68, 0x52, 0x68, 0x52, 0x67, 0x52, 0x68, 0x52, 0x68, 0x52, 0x68, 0x52,
  0x67, 0x52, 0x68, 0x52, 0x68, 0x52, 0x67, 0x52, 0x68, 0x52, 0x68, 0x52, 0x68, 0x52, 0x68, 0x52, 0x67, 0x52, 0x68, 0x52, 0x67, 0x52, 0x67, 0x52,
  0x68, 0x52, 0x67, 0x52, 0x67, 0x52, 0x68, 0x52, 0x67, 0x52, 0x67, 0x52, 0x67, 0x52, 0x67, 0x52, 0x67, 0x52, 0x67, 0x52, 0x67, 0x52, 0x67, 0x52,
  0x67, 0x52, 0x67, 0x52, 0x67, 0x52, 0x67, 0x52, 0x67, 0x52, 0x67, 0x52, 0x67, 0x52, 0x67, 0x52, 0x67, 0x52, 0x67, 0x52, 0x47, 0x52, 0x67, 0x52,
  0x47, 0x52, 0x47, 0x52, 0x67, 0x52, 0x47, 0x52, 0x47, 0x52, 0x67, 0x52, 0x47, 0x52, 0x47, 0x52, 0x47, 0x52, 0x47, 0x52, 0x47, 0x52, 0x47, 0x52,
  0x47, 0x52, 0x47, 0x52, 0x47, 0x52, 0x47, 0x52, 0x47, 0x52, 0x47, 0x52, 0x47, 0x52, 0x47, 0x52, 0x47, 0x4a, 0x47, 0x4a, 0x47, 0x4a, 0x47, 0x4a,
  0x47, 0x52, 0x47, 0x52, 0x47, 0x4a, 0x47, 0x4a, 0x47, 0x52, 0x47, 0x4a, 0x47, 0x4a, 0x27, 0x4a, 0x47, 0x4a, 0x47, 0x4a, 0x47, 0x4a, 0x47, 0x4a,
  0x47, 0x4a, 0x47, 0x4a, 0x47, 0x4a, 0x47, 0x4a, 0x47, 0x4a, 0x27, 0x4a, 0x27, 0x4a, 0x47, 0x4a, 0x27, 0x4a, 0x27, 0x4a, 0x27, 0x4a, 0x47, 0x4a,
  0x27, 0x4a, 0x27, 0x4a, 0x27, 0x4a, 0x27, 0x4a, 0x27, 0x4a, 0x27, 0x4a, 0x27, 0x4a, 0x27, 0x4a, 0x27, 0x4a, 0x27, 0x4a, 0x27, 0x4a, 0x27, 0x4a,
  0x07, 0x42, 0x27, 0x4a, 0x27, 0x4a, 0x07, 0x4a, 0x07, 0x42, 0x27, 0x42, 0x27, 0x42, 0x27, 0x42, 0x27, 0x42, 0x27, 0x42, 0x07, 0x4a, 0x27, 0x42,
  0x27, 0x4a, 0x07, 0x42, 0x27, 0x42, 0x07, 0x42, 0x07, 0x42, 0x07, 0x42, 0x07, 0x42, 0x27, 0x42, 0x27, 0x42, 0x07, 0x42, 0x27, 0x42, 0x07, 0x42,
  0x07, 0x42, 0x07, 0x42, 0x07, 0x42, 0x07, 0x42, 0x07, 0x42, 0x07, 0x42, 0x07, 0x42, 0x07, 0x42, 0x07, 0x42, 0x07, 0x42, 0x07, 0x42, 0x07, 0x42,
  0x07, 0x42, 0x07, 0x42, 0x07, 0x42, 0x07, 0x42, 0x07, 0x42, 0x07, 0x42, 0x07, 0x42, 0x07, 0x42, 0x07, 0x42, 0xe7, 0x39, 0x07, 0x42, 0x07, 0x42,
  0x07, 0x3a, 0xe7, 0x39, 0xe7, 0x39, 0x07, 0x3a, 0xe7, 0x39, 0x07, 0x3a, 0x07, 0x3a, 0x07, 0x3a, 0xe7, 0x39, 0x07, 0x3a, 0x07, 0x3a, 0xe7, 0x39,
  0xe7, 0x39, 0x07, 0x3a, 0xe7, 0x39, 0xe7, 0x39, 0xe7, 0x39, 0xe7, 0x39, 0xe7, 0x39, 0xe7, 0x39, 0xe7, 0x39, 0xe7, 0x39, 0xe7, 0x39, 0x07, 0x3a,
  0xe7, 0x39, 0xe7, 0x39, 0xe8, 0x39, 0xe7, 0x39, 0xe7, 0x39, 0xe7, 0x39, 0xe7, 0x39, 0xe7, 0x39, 0xe7, 0x39, 0xe7, 0x39, 0xe7, 0x39, 0x07, 0x32,
  0xe8, 0x39, 0xe7, 0x39, 0xe8, 0x39, 0xe8, 0x39, 0xe8, 0x31, 0xe7, 0x31, 0xe8, 0x39, 0xe8, 0x31, 0xe8, 0x31, 0xe8, 0x31, 0xe8, 0x31, 0xe8, 0x31,
  0xe8, 0x31, 0xe8, 0x31, 0xe8, 0x31, 0xe8, 0x31, 0xe8, 0x31, 0xe8, 0x31, 0xe8, 0x31, 0xe8, 0x31, 0xe8, 0x31, 0xe8, 0x31, 0xe8, 0x31, 0x08, 0x32,
  0xe8, 0x31, 0xe8, 0x31, 0xe8, 0x31, 0xe8, 0x31, 0xe8, 0x31, 0xe8, 0x31, 0xe8, 0x31, 0xe8, 0x31, 0xe8, 0x31, 0xe8, 0x31, 0xe8, 0x31, 0xe8, 0x31,
  0xe8, 0x31, 0xe8, 0x31, 0xe8, 0x31, 0xe8, 0x31, 0xe8, 0x31, 0xe8, 0x31, 0xe8, 0x31, 0xe8, 0x31, 0xe8, 0x31, 0xe8, 0x31, 0xe8, 0x31, 0xe8, 0x31,
  0xe8, 0x31, 0xe8, 0x31, 0xe8, 0x31, 0xe8, 0x31, 0xe8, 0x31, 0xe8, 0x31, 0xe8, 0x31, 0xe8, 0x31, 0xe8, 0x31, 0xe8, 0x29, 0xe8, 0x31, 0xe8, 0x31,
  0xe8, 0x31, 0xe8, 0x31, 0xe8, 0x31, 0xe8, 0x31, 0xe8, 0x31, 0xe8, 0x31, 0xe8, 0x31, 0xe8, 0x31, 0xe8, 0x31, 0xe8, 0x31, 0xe8, 0x31, 0xe8, 0x31,
  0x67, 0x52, 0x67, 0x52, 0x68, 0x52, 0x68, 0x52, 0x68, 0x52, 0x67, 0x52, 0x68, 0x52, 0x67, 0x52, 0x68, 0x52, 0x68, 0x52, 0x68, 0x52, 0x67, 0x52,
  0x68, 0x52, 0x68, 0x52, 0x68, 0x52, 0x68, 0x52, 0x68, 0x52, 0x67, 0x52, 0x68, 0x52, 0x68, 0x52, 0x68, 0x52, 0x68, 0x52, 0x68, 0x52, 0x68, 0x52,
  0x68, 0x52, 0x68, 0x52, 0x67, 0x52, 0x68, 0x52, 0x67, 0x52, 0x67, 0x52, 0x68, 0x52, 0x67, 0x52, 0x67, 0x52, 0x68, 0x52, 0x68, 0x52, 0x67, 0x52,
  0x67, 0x52, 0x67, 0x52, 0x67, 0x52, 0x67, 0x52, 0x67, 0x52, 0x67, 0x52, 0x67, 0x52, 0x67, 0x52, 0x67, 0x52, 0x67, 0x52, 0x67, 0x52, 0x67, 0x52,
  0x67, 0x52, 0x68, 0x52, 0x67, 0x52, 0x67, 0x52, 0x67, 0x52, 0x67, 0x52, 0x67, 0x52, 0x47, 0x52, 0x67, 0x52, 0x67, 0x52, 0x67, 0x52, 0x67, 0x52,
  0x67, 0x52, 0x47, 0x52, 0x47, 0x52, 0x47, 0x52, 0x47, 0x52, 0x47, 0x52, 0x47, 0x52, 0x47, 0x52, 0x47, 0x52, 0x47, 0x52, 0x47, 0x52, 0x47, 0x52,
  0x47, 0x52, 0x47, 0x4a, 0x47, 0x52, 0x47, 0x52, 0x47, 0x52, 0x47, 0x52, 0x47, 0x52, 0x47, 0x52, 0x47, 0x52, 0x47, 0x52, 0x47, 0x52, 0x47, 0x52,
  0x47, 0x4a, 0x47, 0x4a, 0x47, 0x4a, 0x47, 0x4a, 0x47, 0x4a, 0x47, 0x4a, 0x27, 0x4a, 0x47, 0x4a, 0x27, 0x4a, 0x47, 0x4a, 0x27, 0x4a, 0x47, 0x4a,
  0x47, 0x4a, 0x47, 0x4a, 0x27, 0x4a, 0x47, 0x4a, 0x27, 0x4a, 0x47, 0x4a, 0x27, 0x4a, 0x27, 0x4a, 0x47, 0x4a, 0x27, 0x4a, 0x47, 0x4a, 0x47, 0x4a,
  0x47, 0x4a, 0x47, 0x4a, 0x47, 0x4a, 0x27, 0x4a, 0x27, 0x4a, 0x27, 0x4a, 0x27, 0x4a, 0x27, 0x4a, 0x27, 0x4a, 0x27, 0x4a, 0x27, 0x4a, 0x27, 0x4a,
  0x27, 0x4a, 0x27, 0x42, 0x07, 0x4a, 0x27, 0x4a, 0x27, 0x42, 0x27, 0x42, 0x27, 0x42, 0x27, 0x4a, 0x27, 0x42, 0x27, 0x42, 0x27, 0x42, 0x27, 0x42,
  0x07, 0x42, 0x27, 0x42, 0x07, 0x42, 0x27, 0x42, 0x07, 0x42, 0x07, 0x42, 0x07, 0x42, 0x07, 0x42, 0x27, 0x42, 0x27, 0x42, 0x27, 0x42, 0x07, 0x42,
  0x07, 0x42, 0x27, 0x42, 0x07, 0x42, 0x07, 0x42, 0x07, 0x42, 0x07, 0x42, 0x07, 0x42, 0x07, 0x42, 0x07, 0x42, 0x07, 0x42, 0x07, 0x42, 0x07, 0x42,
  0x07, 0x42, 0x07, 0x42, 0x07, 0x42, 0x07, 0x42, 0x07, 0x42, 0x07, 0x42, 0x07, 0x42, 0x07, 0x42, 0x07, 0x42, 0x07, 0x3a, 0x07, 0x42, 0x07, 0x3a,
  0x07, 0x3a, 0xe7, 0x39, 0x07, 0x3a, 0x07, 0x3a, 0x07, 0x3a, 0x07, 0x3a, 0x07, 0x3a, 0x07, 0x3a, 0x07, 0x3a, 0x07, 0x3a, 0x07, 0x3a, 0x07, 0x3a,
  0x07, 0x3a, 0xe7, 0x39, 0xe7, 0x39, 0xe7, 0x39, 0xe7, 0x39, 0xe7, 0x39, 0x07, 0x3a, 0xe7, 0x39, 0xe7, 0x39, 0xe7, 0x39, 0xe7, 0x39, 0xe7, 0x39,
  0xe8, 0x39, 0xe7, 0x39, 0xe7, 0x39, 0xe7, 0x39, 0xe7, 0x39, 0xe7, 0x39, 0xe7, 0x39, 0x07, 0x3a, 0xe7, 0x39, 0xe8, 0x39, 0xe7, 0x39, 0xe7, 0x39,
  0xe8, 0x39, 0xe8, 0x39, 0xe7, 0x39, 0xe8, 0x39, 0xe8, 0x39, 0xe8, 0x39, 0xe8, 0x31, 0xe8, 0x39, 0xe8, 0x31, 0xe8, 0x31, 0xe8, 0x31, 0xe8, 0x31,
  0xe8, 0x31, 0xe8, 0x31, 0xe7, 0x31, 0xe8, 0x31, 0xe8, 0x31, 0xe7, 0x31, 0xe8, 0x31, 0xe8, 0x31, 0x08, 0x32, 0xe8, 0x31, 0xe8, 0x31, 0xe8, 0x31,
  0x08, 0x3a, 0xe8, 0x31, 0xe8, 0x31, 0xe8, 0x31, 0xe8, 0x31, 0xe8, 0x31, 0xe8, 0x31, 0xe8, 0x31, 0xe8, 0x31, 0xe8, 0x31, 0xe8, 0x31, 0xe8, 0x31,
  0xe8, 0x31, 0xe8, 0x31, 0xe8, 0x31, 0xe8, 0x31, 0xe8, 0x31, 0xe8, 0x31, 0xe8, 0x31, 0xe8, 0x31, 0xe8, 0x31, 0xe8, 0x31, 0xe8, 0x31, 0xe8, 0x31,
  0xe8, 0x31, 0xe8, 0x31, 0xe8, 0x31, 0xe8, 0x31, 0xe8, 0x31, 0xe8, 0x31, 0xe8, 0x31, 0xe8, 0x31, 0xe8, 0x31, 0xe8, 0x31, 0xe8, 0x31, 0xe8, 0x29,
  0xe8, 0x31, 0xe8, 0x31, 0xe8, 0x31, 0xe8, 0x31, 0xe8, 0x31, 0xe8, 0x31, 0xe8, 0x31, 0xe9, 0x31, 0xe9, 0x31, 0xe8, 0x31, 0xe8, 0x31, 0xe8, 0x29,
  0x68, 0x52, 0x68, 0x52, 0x67, 0x52, 0x87, 0x52, 0x68, 0x52, 0x68, 0x52, 0x68, 0x52, 0x68, 0x52, 0x67, 0x52, 0x68, 0x52, 0x68, 0x52, 0x68, 0x52,
  0x67, 0x52, 0x68, 0x52, 0x68, 0x52, 0x68, 0x52, 0x68, 0x52, 0x68, 0x52, 0x68, 0x52, 0x68, 0x52, 0x68, 0x52, 0x68, 0x52, 0x68, 0x52, 0x68, 0x52,
  0x68, 0x52, 0x68, 0x52, 0x68, 0x52, 0x67, 0x52, 0x68, 0x52, 0x68, 0x52, 0x67, 0x52, 0x67, 0x52, 0x68, 0x52, 0x68, 0x52, 0x67, 0x52, 0x68, 0x52,
  0x67, 0x52, 0x68, 0x52, 0x67, 0x52, 0x67, 0x52, 0x67, 0x52, 0x67, 0x52, 0x67, 0x52, 0x67, 0x52, 0x67, 0x52, 0x68, 0x52, 0x67, 0x52, 0x67, 0x52,
  0x67, 0x52, 0x67, 0x52, 0x68, 0x52, 0x67, 0x52, 0x67, 0x52, 0x67, 0x52, 0x67, 0x52, 0x67, 0x52, 0x67, 0x52, 0x67, 0x52, 0x67, 0x52, 0x67, 0x52,
  0x67, 0x52, 0x67, 0x52, 0x47, 0x52, 0x47, 0x52, 0x67, 0x52, 0x67, 0x52, 0x47, 0x52, 0x47, 0x52, 0x47, 0x52, 0x47, 0x52, 0x47, 0x52, 0x47, 0x52,
  0x47, 0x52, 0x47, 0x52, 0x47, 0x52, 0x47, 0x52, 0x47, 0x52, 0x47, 0x52, 0x47, 0x52, 0x47, 0x52, 0x47, 0x4a, 0x47, 0x4a, 0x47, 0x52, 0x47, 0x4a,
  0x47, 0x52, 0x47, 0x4a, 0x47, 0x4a, 0x47, 0x4a, 0x47, 0x52, 0x27, 0x4a, 0x47, 0x52, 0x47, 0x4a, 0x47, 0x4a, 0x27, 0x4a, 0x47, 0x4a, 0x47, 0x4a,
  0x47, 0x4a, 0x47, 0x4a, 0x47, 0x4a, 0x47, 0x4a, 0x47, 0x4a, 0x27, 0x4a, 0x27, 0x4a, 0x27, 0x4a, 0x27, 0x4a, 0x27, 0x4a, 0x27, 0x4a, 0x27, 0x4a,
  0x27, 0x4a, 0x27, 0x4a, 0x27, 0x4a, 0x27, 0x4a, 0x27, 0x4a, 0x27, 0x4a, 0x27, 0x4a, 0x27, 0x4a, 0x27, 0x42, 0x27, 0x4a, 0x27, 0x4a, 0x27, 0x4a,
  0x27, 0x4a, 0x27, 0x4a, 0x27, 0x4a, 0x27, 0x4a, 0x07, 0x4a, 0x27, 0x42, 0x27, 0x42, 0x27, 0x42, 0x27, 0x42, 0x27, 0x42, 0x27, 0x4a, 0x27, 0x42,
  0x27, 0x42, 0x07, 0x42, 0x07, 0x42, 0x07, 0x42, 0x07, 0x42, 0x07, 0x42, 0x07, 0x42, 0x27, 0x42, 0x07, 0x42, 0x07, 0x42, 0x07, 0x42, 0x07, 0x42,
  0x27, 0x42, 0x07, 0x42, 0x07, 0x42, 0x07, 0x42, 0x07, 0x42, 0x07, 0x42, 0x07, 0x42, 0x07, 0x42, 0x07, 0x42, 0x07, 0x42, 0x07, 0x42, 0x07, 0x42,
  0x07, 0x42, 0x07, 0x42, 0x07, 0x42, 0x07, 0x3a, 0x07, 0x42, 0x07, 0x42, 0x07, 0x42, 0x07, 0x42, 0x07, 0x42, 0x07, 0x42, 0x07, 0x3a, 0x07, 0x3a,
  0x07, 0x3a, 0x07, 0x3a, 0x07, 0x3a, 0x07, 0x3a, 0x07, 0x3a, 0x07, 0x3a, 0x07, 0x3a, 0x07, 0x3a, 0x07, 0x3a, 0xe7, 0x39, 0xe7, 0x39, 0xe7, 0x39,
  0x07, 0x3a, 0x07, 0x3a, 0xe7, 0x39, 0x08, 0x3a, 0xe7, 0x39, 0xe7, 0x39, 0xe7, 0x39, 0xe7, 0x39, 0x07, 0x3a, 0xe7, 0x39, 0xe7, 0x39, 0x07, 0x3a,
  0xe7, 0x39, 0xe7, 0x39, 0xe7, 0x39, 0xe7, 0x39, 0xe7, 0x39, 0xe8, 0x39, 0xe7, 0x39, 0xe7, 0x39, 0xe7, 0x39, 0xe7, 0x39, 0xe8, 0x39, 0xe7, 0x39,
  0xe8, 0x39, 0xe8, 0x39, 0xe8, 0x39, 0xe8, 0x31, 0xe8, 0x31, 0xe8, 0x31, 0xe8, 0x39, 0xe8, 0x39, 0x08, 0x32, 0xe8, 0x31, 0xe8, 0x31, 0xe8, 0x31,
  0xe8, 0x31, 0xe8, 0x31, 0xe8, 0x31, 0xe8, 0x31, 0xe8, 0x31, 0xe8, 0x31, 0xe8, 0x31, 0xe8, 0x31, 0xe8, 0x39, 0xe8, 0x31, 0xe8, 0x31, 0x08, 0x32,
  0xe7, 0x31, 0x08, 0x32, 0xe8, 0x31, 0xe8, 0x31, 0xe8, 0x31, 0xe8, 0x31, 0xe8, 0x31, 0xe8, 0x31, 0xe8, 0x31, 0xe8, 0x31, 0xe8, 0x31, 0xe8, 0x31,
  0xe8, 0x31, 0xe8, 0x31, 0xe8, 0x31, 0xe8, 0x31, 0xe8, 0x31, 0xe8, 0x31, 0xe8, 0x31, 0xe8, 0x31, 0xe8, 0x31, 0xe8, 0x31, 0xe8, 0x31, 0xe8, 0x31,
  0xe8, 0x31, 0xe8, 0x31, 0xe8, 0x31, 0xe8, 0x31, 0xe8, 0x31, 0xe8, 0x31, 0xe8, 0x31, 0xe8, 0x29, 0xe8, 0x31, 0xe8, 0x31, 0xe8, 0x31, 0xe8, 0x31,
  0xe8, 0x31, 0xe9, 0x31, 0xe8, 0x31, 0xe9, 0x31, 0xe8, 0x31, 0xe8, 0x31, 0xe8, 0x31, 0xe8, 0x31, 0xe8, 0x31, 0xe8, 0x29, 0xe8, 0x29, 0xe8, 0x31,
  0x67, 0x52, 0x67, 0x52, 0x68, 0x52, 0x68, 0x52, 0x68, 0x52, 0x67, 0x52, 0x68, 0x52, 0x68, 0x52, 0x68, 0x52, 0x68, 0x52, 0x68, 0x52, 0x67, 0x52,
  0x68, 0x52, 0x68, 0x52, 0x68, 0x52, 0x68, 0x52, 0x68, 0x52, 0x67, 0x52, 0x68, 0x52, 0x68, 0x52, 0x68, 0x52, 0x68, 0x52, 0x68, 0x52, 0x68, 0x52,
  0x68, 0x52, 0x68, 0x52, 0x68, 0x52, 0x68, 0x52, 0x68, 0x52, 0x67, 0x52, 0x68, 0x52, 0x68, 0x52, 0x67, 0x52, 0x67, 0x52, 0x68, 0x52, 0x67, 0x52,
  0x67, 0x52, 0x67, 0x52, 0x68, 0x52, 0x68, 0x52, 0x67, 0x52, 0x67, 0x52, 0x67, 0x52, 0x67, 0x52, 0x68, 0x52, 0x67, 0x52, 0x68, 0x52, 0x67, 0x52,
  0x68, 0x52, 0x68, 0x52, 0x67, 0x52, 0x68, 0x52, 0x47, 0x52, 0x68, 0x52, 0x67, 0x52, 0x67, 0x52, 0x67, 0x52, 0x67, 0x52, 0x67, 0x52, 0x67, 0x52,
  0x67, 0x52, 0x67, 0x52, 0x67, 0x52, 0x47, 0x52, 0x47, 0x52, 0x47, 0x52, 0x67, 0x52, 0x47, 0x52, 0x47, 0x52, 0x47, 0x52, 0x47, 0x52, 0x67, 0x52,
  0x67, 0x52, 0x47, 0x52, 0x47, 0x52, 0x48, 0x52, 0x47, 0x52, 0x47, 0x52, 0x47, 0x52, 0x47, 0x52, 0x47, 0x52, 0x47, 0x52, 0x47, 0x4a, 0x47, 0x4a,
  0x47, 0x4a, 0x47, 0x4a, 0x47, 0x4a, 0x47, 0x4a, 0x47, 0x4a, 0x47, 0x4a, 0x47, 0x4a, 0x47, 0x4a, 0x47, 0x4a, 0x47, 0x4a, 0x47, 0x4a, 0x47, 0x4a,
  0x47, 0x4a, 0x47, 0x4a, 0x47, 0x4a, 0x47, 0x4a, 0x27, 0x4a, 0x27, 0x4a, 0x27, 0x4a, 0x47, 0x4a, 0x27, 0x4a, 0x27, 0x4a, 0x27, 0x4a, 0x27, 0x4a,
  0x47, 0x4a, 0x47, 0x4a, 0x27, 0x4a, 0x47, 0x4a, 0x27, 0x4a, 0x27, 0x4a, 0x27, 0x4a, 0x27, 0x4a, 0x27, 0x4a, 0x27, 0x4a, 0x27, 0x4a, 0x27, 0x4a,
  0x27, 0x4a, 0x27, 0x4a, 0x27, 0x4a, 0x27, 0x4a, 0x27, 0x42, 0x27, 0x4a, 0x27, 0x4a, 0x27, 0x4a, 0x27, 0x42, 0x27, 0x42, 0x27, 0x42, 0x27, 0x42,
  0x07, 0x42, 0x07, 0x42, 0x07, 0x42, 0x27, 0x42, 0x07, 0x42, 0x07, 0x42, 0x07, 0x42, 0x07, 0x42, 0x27, 0x42, 0x27, 0x42, 0x27, 0x42, 0x07, 0x42,
  0x07, 0x42, 0x27, 0x42, 0x07, 0x42, 0x07, 0x42, 0x07, 0x42, 0x07, 0x42, 0x07, 0x42, 0x07, 0x42, 0x07, 0x42, 0x07, 0x42, 0x07, 0x42, 0x07, 0x42,
  0x07, 0x42, 0x07, 0x42, 0x07, 0x42, 0x07, 0x42, 0x07, 0x42, 0x07, 0x42, 0x07, 0x42, 0x07, 0x3a, 0x07, 0x42, 0x07, 0x42, 0xe7, 0x39, 0x07, 0x3a,
  0x07, 0x3a, 0xe7, 0x39, 0x07, 0x3a, 0x07, 0x3a, 0x07, 0x3a, 0x07, 0x3a, 0x07, 0x3a, 0x07, 0x3a, 0x07, 0x3a, 0x07, 0x3a, 0x07, 0x3a, 0x07, 0x3a,
  0x07, 0x3a, 0xe7, 0x39, 0x08, 0x3a, 0xe7, 0x39, 0xe7, 0x39, 0xe7, 0x39, 0xe7, 0x39, 0x07, 0x3a, 0xe7, 0x39, 0xe7, 0x39, 0xe7, 0x39, 0xe8, 0x39,
  0xe7, 0x39, 0xe7, 0x39, 0x07, 0x3a, 0xe7, 0x39, 0xe7, 0x39, 0xe8, 0x39, 0x07, 0x32, 0xe7, 0x39, 0xe7, 0x39, 0xe8, 0x39, 0xe7, 0x39, 0x08, 0x3a,
  0xe7, 0x39, 0x08, 0x32, 0xe8, 0x31, 0xe8, 0x31, 0xe8, 0x39, 0xe8, 0x31, 0xe8, 0x31, 0xe8, 0x31, 0xe8, 0x31, 0xe8, 0x31, 0xe8, 0x31, 0xe8, 0x31,
  0xe8, 0x31, 0xe8, 0x31, 0xe8, 0x31, 0xe8, 0x31, 0xe8, 0x31, 0xe8, 0x31, 0xe8, 0x31, 0xe8, 0x31, 0xe8, 0x31, 0xe8, 0x31, 0xe8, 0x31, 0xe8, 0x31,
  0xe8, 0x31, 0xe8, 0x31, 0xe8, 0x31, 0xe8, 0x31, 0xe8, 0x31, 0xe8, 0x31, 0xe8, 0x31, 0xe8, 0x31, 0xe8, 0x31, 0xe8, 0x31, 0xe8, 0x31, 0xe8, 0x31,
  0xe8, 0x31, 0xe8, 0x31, 0xe8, 0x31, 0xe8, 0x31, 0xe8, 0x31, 0xe8, 0x31, 0xe8, 0x31, 0xe8, 0x31, 0xe8, 0x31, 0xe8, 0x31, 0xe8, 0x31, 0xe8, 0x31,
  0xe8, 0x31, 0xe8, 0x31, 0xe8, 0x29, 0xe8, 0x31, 0xe8, 0x31, 0xe8, 0x31, 0xe8, 0x31, 0xe8, 0x31, 0xe8, 0x31, 0xe8, 0x31, 0xe8, 0x31, 0xe8, 0x31,
  0xe8, 0x31, 0xe8, 0x31, 0xe8, 0x31, 0xe8, 0x31, 0xe8, 0x31, 0xe8, 0x31, 0xe8, 0x31, 0xe8, 0x31, 0xe8, 0x31, 0xe8, 0x31, 0xe8, 0x29, 0xe8, 0x29,
  0x68, 0x52, 0x68, 0x52, 0x68, 0x52, 0x68, 0x52, 0x68, 0x52, 0x67, 0x52, 0x68, 0x52, 0x68, 0x52, 0x68, 0x52, 0x68, 0x52, 0x68, 0x52, 0x67, 0x52,
  0x67, 0x52, 0x68, 0x52, 0x68, 0x52, 0x68, 0x52, 0x68, 0x52, 0x68, 0x52, 0x68, 0x52, 0x68, 0x52, 0x68, 0x52, 0x67, 0x52, 0x68, 0x52, 0x68, 0x52,
  0x68, 0x52, 0x68, 0x52, 0x67, 0x52, 0x68, 0x52, 0x67, 0x52, 0x68, 0x52, 0x68, 0x52, 0x67, 0x52, 0x67, 0x52, 0x68, 0x52, 0x67, 0x52, 0x68, 0x52,
  0x67, 0x52, 0x68, 0x52, 0x67, 0x52, 0x68, 0x52, 0x67, 0x52, 0x67, 0x52, 0x68, 0x52, 0x67, 0x52, 0x67, 0x52, 0x67, 0x52, 0x67, 0x52, 0x67, 0x52,
  0x67, 0x52, 0x67, 0x52, 0x67, 0x52, 0x47, 0x52, 0x67, 0x52, 0x67, 0x52, 0x67, 0x52, 0x67, 0x52, 0x67, 0x52, 0x67, 0x52, 0x67, 0x52, 0x47, 0x52,
  0x67, 0x52, 0x67, 0x52, 0x67, 0x52, 0x67, 0x52, 0x47, 0x52, 0x67, 0x52, 0x47, 0x52, 0x67, 0x52, 0x47, 0x52, 0x47, 0x52, 0x47, 0x52, 0x47, 0x52,
  0x47, 0x52, 0x47, 0x52, 0x47, 0x52, 0x47, 0x52, 0x47, 0x52, 0x47, 0x52, 0x47, 0x52, 0x47, 0x52, 0x47, 0x52, 0x47, 0x52, 0x47, 0x52, 0x47, 0x4a,
  0x47, 0x4a, 0x47, 0x52, 0x47, 0x4a, 0x47, 0x4a, 0x47, 0x4a, 0x47, 0x4a, 0x47, 0x4a, 0x47, 0x4a, 0x47, 0x4a, 0x47, 0x4a, 0x47, 0x4a, 0x47, 0x4a,
  0x47, 0x4a, 0x27, 0x4a, 0x47, 0x4a, 0x47, 0x4a, 0x47, 0x4a, 0x47, 0x4a, 0x27, 0x4a, 0x27, 0x4a, 0x27, 0x4a, 0x27, 0x4a, 0x27, 0x4a, 0x47, 0x4a,
  0x27, 0x4a, 0x27, 0x4a, 0x47, 0x4a, 0x27, 0x4a, 0x27, 0x4a, 0x27, 0x4a, 0x27, 0x4a, 0x27, 0x4a, 0x27, 0x4a, 0x27, 0x4a, 0x27, 0x4a, 0x27, 0x4a,
  0x27, 0x4a, 0x27, 0x4a, 0x27, 0x4a, 0x27, 0x4a, 0x27, 0x4a, 0x27, 0x42, 0x27, 0x4a, 0x27, 0x42, 0x27, 0x42, 0x27, 0x42, 0x27, 0x42, 0x27, 0x42,
  0x27, 0x42, 0x27, 0x42, 0x07, 0x42, 0x07, 0x42, 0x07, 0x42, 0x07, 0x42, 0x07, 0x42, 0x07, 0x42, 0x07, 0x42, 0x07, 0x42, 0x27, 0x42, 0x07, 0x42,
  0x07, 0x42, 0x07, 0x42, 0x07, 0x42, 0x07, 0x42, 0x07, 0x42, 0x07, 0x42, 0x07, 0x42, 0x07, 0x42, 0x07, 0x42, 0x07, 0x42, 0x07, 0x42, 0x07, 0x42,
  0x07, 0x42, 0x07, 0x42, 0x07, 0x42, 0x07, 0x42, 0x07, 0x3a, 0x07, 0x42, 0x07, 0x42, 0x07, 0x42, 0x07, 0x42, 0x07, 0x3a, 0x07, 0x42, 0x07, 0x3a,
  0xe7, 0x39, 0x07, 0x3a, 0x07, 0x3a, 0x07, 0x3a, 0x07, 0x3a, 0x07, 0x3a, 0xe7, 0x39, 0x07, 0x3a, 0x07, 0x3a, 0x07, 0x3a, 0x08, 0x3a, 0xe8, 0x39,
  0x07, 0x3a, 0xe8, 0x39, 0xe7, 0x39, 0x07, 0x3a, 0xe7, 0x39, 0xe7, 0x39, 0x07, 0x3a, 0xe7, 0x39, 0xe7, 0x39, 0xe7, 0x39, 0xe7, 0x39, 0xe7, 0x39,
  0xe8, 0x39, 0xe8, 0x39, 0xe7, 0x39, 0xe8, 0x39, 0xe7, 0x39, 0xe7, 0x39, 0xe7, 0x39, 0xe7, 0x39, 0xe7, 0x39, 0xe7, 0x39, 0x08, 0x3a, 0xe7, 0x39,
  0xe7, 0x39, 0xe7, 0x39, 0xe8, 0x31, 0xe8, 0x31, 0xe8, 0x39, 0xe8, 0x39, 0x08, 0x32, 0xe8, 0x39, 0xe7, 0x31, 0x08, 0x3a, 0xe8, 0x31, 0x08, 0x32,
  0xe8, 0x31, 0xe8, 0x31, 0xe8, 0x31, 0xe8, 0x31, 0xe8, 0x31, 0xe8, 0x39, 0xe8, 0x31, 0xe8, 0x31, 0xe8, 0x31, 0xe8, 0x31, 0xe8, 0x31, 0xe8, 0x31,
  0xe8, 0x31, 0xe8, 0x31, 0xe8, 0x31, 0xe8, 0x31, 0xe8, 0x31, 0xe8, 0x31, 0xe8, 0x31, 0xe8, 0x31, 0xe8, 0x31, 0xe8, 0x31, 0xe8, 0x31, 0xe8, 0x31,
  0xe8, 0x31, 0xe8, 0x31, 0xe8, 0x31, 0xe8, 0x31, 0xe8, 0x31, 0xe8, 0x31, 0xe8, 0x31, 0xe8, 0x31, 0xe8, 0x31, 0xe8, 0x31, 0xe8, 0x31, 0xe8, 0x31,
  0xe8, 0x31, 0xe8, 0x31, 0xe8, 0x31, 0xe8, 0x31, 0xe8, 0x31, 0xe8, 0x31, 0xe8, 0x31, 0xe8, 0x31, 0xe8, 0x29, 0xe8, 0x31, 0xe8, 0x31, 0xe8, 0x31,
  0xe8, 0x31, 0xe8, 0x31, 0xe8, 0x31, 0xe8, 0x31, 0xe8, 0x31, 0xe8, 0x31, 0xe8, 0x31, 0xe8, 0x31, 0xe8, 0x31, 0xe8, 0x31, 0xe8, 0x31, 0xe8, 0x29,
  0x68, 0x52, 0x68, 0x52, 0x68, 0x52, 0x68, 0x52, 0x68, 0x52, 0x68, 0x52, 0x68, 0x52, 0x68, 0x52, 0x67, 0x52, 0x68, 0x52, 0x68, 0x52, 0x68, 0x52,
  0x68, 0x52, 0x68, 0x52, 0x68, 0x52, 0x68, 0x52, 0x68, 0x52, 0x68, 0x52, 0x68, 0x52, 0x68, 0x52, 0x68, 0x52, 0x68, 0x52, 0x68, 0x52, 0x68, 0x52,
  0x67, 0x52, 0x68, 0x52, 0x68, 0x52, 0x68, 0x52, 0x68, 0x52, 0x68, 0x52, 0x68, 0x52, 0x68, 0x52, 0x68, 0x52, 0x68, 0x52, 0x67, 0x52, 0x68, 0x52,
  0x68, 0x52, 0x68, 0x52, 0x68, 0x52, 0x68, 0x52, 0x68, 0x52, 0x67, 0x52, 0x67, 0x52, 0x67, 0x52, 0x67, 0x52, 0x67, 0x52, 0x67, 0x52, 0x67, 0x52,
  0x67, 0x52, 0x67, 0x52, 0x67, 0x52, 0x67, 0x52, 0x67, 0x52, 0x67, 0x52, 0x67, 0x52, 0x67, 0x52, 0x67, 0x52, 0x67, 0x52, 0x67, 0x52, 0x67, 0x52,
  0x67, 0x52, 0x67, 0x52, 0x67, 0x52, 0x67, 0x52, 0x67, 0x52, 0x67, 0x52, 0x47, 0x52, 0x47, 0x52, 0x47, 0x52, 0x67, 0x52, 0x47, 0x52, 0x47, 0x52,
  0x47, 0x52, 0x47, 0x52, 0x47, 0x52, 0x47, 0x52, 0x47, 0x52, 0x47, 0x52, 0x47, 0x52, 0x47, 0x52, 0x47, 0x52, 0x47, 0x52, 0x47, 0x52, 0x47, 0x52,
  0x47, 0x4a, 0x47, 0x4a, 0x47, 0x4a, 0x47, 0x4a, 0x47, 0x4a, 0x47, 0x4a, 0x47, 0x4a, 0x47, 0x4a, 0x47, 0x4a, 0x47, 0x4a, 0x27, 0x4a, 0x47, 0x4a,
  0x27, 0x4a, 0x47, 0x4a, 0x47, 0x4a, 0x47, 0x4a, 0x27, 0x4a, 0x47, 0x4a, 0x47, 0x4a, 0x47, 0x4a, 0x27, 0x4a, 0x27, 0x4a, 0x27, 0x4a, 0x27, 0x4a,
  0x47, 0x4a, 0x47, 0x4a, 0x27, 0x4a, 0x27, 0x4a, 0x27, 0x4a, 0x27, 0x4a, 0x27, 0x4a, 0x27, 0x4a, 0x27, 0x4a, 0x27, 0x4a, 0x27, 0x4a, 0x27, 0x4a,
  0x27, 0x4a, 0x27, 0x4a, 0x27, 0x4a, 0x27, 0x4a, 0x27, 0x4a, 0x27, 0x42, 0x27, 0x42, 0x27, 0x42, 0x27, 0x42, 0x27, 0x42, 0x27, 0x42, 0x27, 0x42,
  0x07, 0x42, 0x27, 0x42, 0x07, 0x42, 0x27, 0x42, 0x07, 0x42, 0x07, 0x42, 0x07, 0x42, 0x07, 0x42, 0x07, 0x42, 0x27, 0x42, 0x27, 0x42, 0x27, 0x42,
  0x07, 0x42, 0x07, 0x42, 0x07, 0x42, 0x07, 0x42, 0x07, 0x42, 0x07, 0x42, 0x07, 0x42, 0x07, 0x42, 0x07, 0x42, 0x07, 0x42, 0x07, 0x42, 0x07, 0x42,
  0x07, 0x42, 0x07, 0x42, 0x07, 0x42, 0x07, 0x42, 0x07, 0x42, 0x07, 0x42, 0x07, 0x3a, 0x07, 0x42, 0x07, 0x42, 0x07, 0x42, 0x07, 0x3a, 0x07, 0x3a,
  0x07, 0x3a, 0xe7, 0x39, 0x07, 0x3a, 0x07, 0x3a, 0x07, 0x3a, 0x07, 0x3a, 0x07, 0x3a, 0x07, 0x3a, 0x07, 0x3a, 0x07, 0x3a, 0x07, 0x3a, 0x07, 0x3a,
  0x07, 0x3a, 0x07, 0x3a, 0xe7, 0x39, 0x07, 0x3a, 0xe7, 0x39, 0xe7, 0x39, 0xe7, 0x39, 0xe7, 0x39, 0xe7, 0x39, 0xe7, 0x39, 0xe7, 0x39, 0xe7, 0x39,
  0xe8, 0x39, 0xe8, 0x39, 0xe7, 0x39, 0xe8, 0x39, 0xe7, 0x39, 0xe7, 0x39, 0xe7, 0x39, 0xe7, 0x39, 0xe7, 0x39, 0xe7, 0x39, 0xe8, 0x39, 0xe8, 0x39,
  0xe7, 0x39, 0xe8, 0x31, 0xe8, 0x39, 0xe8, 0x39, 0xe8, 0x31, 0xe8, 0x31, 0xe8, 0x39, 0xe8, 0x31, 0xe8, 0x31, 0xe8, 0x31, 0xe8, 0x31, 0xe8, 0x31,
  0xe8, 0x31, 0xe8, 0x31, 0xe8, 0x31, 0xe8, 0x31, 0xe8, 0x31, 0xe8, 0x31, 0xe8, 0x31, 0xe8, 0x31, 0xe8, 0x31, 0xe8, 0x31, 0xe8, 0x31, 0xe8, 0x31,
  0xe8, 0x31, 0xe8, 0x31, 0xe8, 0x31, 0xe8, 0x31, 0xe8, 0x31, 0xe8, 0x31, 0xe8, 0x31, 0xe8, 0x31, 0xe8, 0x31, 0xe8, 0x31, 0xe8, 0x31, 0xe8, 0x31,
  0xe8, 0x31, 0xe8, 0x31, 0xe8, 0x31, 0xe8, 0x31, 0xe8, 0x31, 0xe8, 0x31, 0xe8, 0x31, 0xe8, 0x31, 0xe8, 0x31, 0xe8, 0x31, 0xe8, 0x31, 0xe8, 0x31,
  0xe8, 0x31, 0xe8, 0x31, 0xe8, 0x31, 0xe8, 0x31, 0xe8, 0x31, 0xe8, 0x31, 0xe8, 0x31, 0xe8, 0x31, 0xe8, 0x31, 0xe8, 0x31, 0xe8, 0x31, 0xe8, 0x31,
  0xe8, 0x31, 0xe8, 0x31, 0xe8, 0x31, 0xe8, 0x31, 0xe8, 0x31, 0xe8, 0x31, 0xe8, 0x31, 0xe8, 0x31, 0xe8, 0x31, 0xe8, 0x31, 0xe8, 0x29, 0xe8, 0x29,
  0x68, 0x52, 0x68, 0x52, 0x67, 0x52, 0x68, 0x52, 0x88, 0x52, 0x68, 0x52, 0x68, 0x52, 0x68, 0x52, 0x68, 0x52, 0x68, 0x52, 0x68, 0x52, 0x68, 0x52,
  0x68, 0x52, 0x68, 0x52, 0x68, 0x52, 0x68, 0x52, 0x68, 0x52, 0x68, 0x52, 0x68, 0x52, 0x68, 0x52, 0x68, 0x52, 0x68, 0x52, 0x68, 0x52, 0x68, 0x52,
  0x68, 0x52, 0x68, 0x52, 0x67, 0x52, 0x68, 0x52, 0x67, 0x52, 0x68, 0x52, 0x67, 0x52, 0x67, 0x52, 0x68, 0x52, 0x67, 0x52, 0x67, 0x52, 0x67, 0x52,
  0x67, 0x52, 0x67, 0x52, 0x68, 0x52, 0x67, 0x52, 0x67, 0x52, 0x68, 0x52, 0x68, 0x52, 0x68, 0x52, 0x67, 0x52, 0x67, 0x52, 0x67, 0x52, 0x67, 0x52,
  0x67, 0x52, 0x67, 0x52, 0x67, 0x52, 0x67, 0x52, 0x68, 0x52, 0x67, 0x52, 0x67, 0x52, 0x67, 0x52, 0x67, 0x52, 0x67, 0x52, 0x67, 0x52, 0x67, 0x52,
  0x67, 0x52, 0x67, 0x52, 0x47, 0x52, 0x47, 0x52, 0x67, 0x52, 0x67, 0x52, 0x47, 0x52, 0x47, 0x52, 0x67, 0x52, 0x47, 0x52, 0x47, 0x52, 0x67, 0x52,
  0x47, 0x52, 0x47, 0x52, 0x68, 0x52, 0x47, 0x52, 0x47, 0x52, 0x47, 0x52, 0x47, 0x52, 0x47, 0x52, 0x47, 0x52, 0x47, 0x52, 0x47, 0x52, 0x47, 0x52,
  0x47, 0x4a, 0x87, 0x52, 0xe7, 0x52, 0x47, 0x5b, 0x87, 0x5b, 0xc7, 0x63, 0x07, 0x64, 0x47, 0x64, 0x67, 0x64, 0x87, 0x6c, 0xa7, 0x6c, 0xc7, 0x6c,
  0xe7, 0x6c, 0xe7, 0x74, 0x07, 0x75, 0x07, 0x75, 0x07, 0x75, 0x27, 0x75, 0x27, 0x75, 0x27, 0x75, 0x27, 0x75, 0x27, 0x75, 0x27, 0x75, 0x27, 0x75,
  0x47, 0x75, 0x47, 0x75, 0x27, 0x75, 0x27, 0x75, 0x27, 0x75, 0x27, 0x75, 0x27, 0x75, 0x27, 0x75, 0x27, 0x75, 0x27, 0x75, 0x27, 0x75, 0x27, 0x75,
  0x27, 0x75, 0x27, 0x75, 0x47, 0x75, 0x47, 0x75, 0x47, 0x75, 0x47, 0x75, 0x47, 0x75, 0x47, 0x75, 0x27, 0x75, 0x27, 0x75, 0x27, 0x75, 0x27, 0x75,
  0x27, 0x75, 0x27, 0x75, 0x27, 0x75, 0x27, 0x75, 0x47, 0x75, 0x47, 0x75, 0x47, 0x75, 0x47, 0x75, 0x47, 0x75, 0x47, 0x75, 0x47, 0x75, 0x47, 0x75,
  0x27, 0x75, 0x27, 0x75, 0x27, 0x75, 0x27, 0x75, 0x27, 0x75, 0x27, 0x75, 0x27, 0x75, 0x27, 0x75, 0x27, 0x75, 0x27, 0x75, 0x27, 0x75, 0x27, 0x75,
  0x27, 0x75, 0x27, 0x75, 0x27, 0x75, 0x27, 0x75, 0x27, 0x75, 0x27, 0x75, 0x27, 0x75, 0x27, 0x75, 0x27, 0x75, 0x27, 0x75, 0x27, 0x75, 0x27, 0x75,
  0x47, 0x75, 0x47, 0x75, 0x47, 0x75, 0x47, 0x75, 0x27, 0x75, 0x27, 0x75, 0x27, 0x75, 0x27, 0x75, 0x27, 0x75, 0x27, 0x75, 0x27, 0x75, 0x27, 0x75,
  0x07, 0x75, 0xe7, 0x6c, 0xe7, 0x6c, 0xc7, 0x6c, 0xc7, 0x6c, 0xa7, 0x6c, 0x67, 0x64, 0x47, 0x64, 0x27, 0x64, 0xe7, 0x5b, 0xa7, 0x53, 0x47, 0x53,
  0x07, 0x4b, 0xc7, 0x4a, 0x47, 0x3a, 0x08, 0x3a, 0xe8, 0x39, 0xe7, 0x39, 0xe7, 0x39, 0xe7, 0x39, 0xe8, 0x39, 0xe8, 0x31, 0xe8, 0x39, 0xe8, 0x31,
  0xe8, 0x39, 0x08, 0x32, 0xe8, 0x31, 0xe8, 0x31, 0xe8, 0x31, 0xe8, 0x31, 0xe8, 0x31, 0xe8, 0x31, 0xe8, 0x39, 0xe8, 0x31, 0xe8, 0x31, 0xe8, 0x31,
  0x08, 0x32, 0x08, 0x32, 0xe8, 0x31, 0xe8, 0x31, 0x08, 0x32, 0xe8, 0x31, 0xe8, 0x31, 0xe8, 0x31, 0xe8, 0x31, 0xe8, 0x31, 0xe8, 0x31, 0xe8, 0x31,
  0xe8, 0x31, 0xe8, 0x31, 0xe8, 0x31, 0xe8, 0x31, 0xe8, 0x31, 0xe8, 0x31, 0xe8, 0x31, 0xe8, 0x31, 0xe8, 0x31, 0xe8, 0x31, 0xe8, 0x31, 0xe8, 0x31,
  0xe8, 0x31, 0xe8, 0x31, 0xe8, 0x31, 0xe8, 0x31, 0xe8, 0x31, 0xe8, 0x31, 0xe8, 0x31, 0xe8, 0x31, 0xe8, 0x31, 0xe8, 0x31, 0xe8, 0x31, 0xe8, 0x31,
  0xe8, 0x31, 0xe8, 0x31, 0xe8, 0x31, 0xe8, 0x31, 0xe8, 0x31, 0xe8, 0x31, 0xe8, 0x31, 0xe8, 0x31, 0xe8, 0x31, 0xe8, 0x31, 0xe8, 0x31, 0xe8, 0x31,
  0xe8, 0x31, 0xe8, 0x31, 0xe8, 0x31, 0xe8, 0x31, 0xe8, 0x31, 0xe9, 0x29, 0xe8, 0x31, 0xe8, 0x31, 0xe8, 0x31, 0xe9, 0x31, 0xe8, 0x31, 0xe9, 0x31,
  0x88, 0x52, 0x68, 0x52, 0x68, 0x52, 0x68, 0x52, 0x68, 0x52, 0x68, 0x52, 0x67, 0x52, 0x68, 0x52, 0x68, 0x52, 0x68, 0x52, 0x67, 0x52, 0x68, 0x52,
  0x68, 0x52, 0x68, 0x52, 0x67, 0x52, 0x68, 0x52, 0x87, 0x52, 0x88, 0x52, 0x67, 0x52, 0x67, 0x52, 0x68, 0x52, 0x67, 0x52, 0x68, 0x52, 0x68, 0x52,
  0x68, 0x52, 0x68, 0x52, 0x68, 0x52, 0x68, 0x52, 0x67, 0x52, 0x68, 0x52, 0x67, 0x52, 0x68, 0x52, 0x68, 0x52, 0x67, 0x52, 0x68, 0x52, 0x68, 0x52,
  0x67, 0x52, 0x68, 0x52, 0x67, 0x52, 0x67, 0x52, 0x68, 0x52, 0x67, 0x52, 0x68, 0x52, 0x67, 0x52, 0x67, 0x52, 0x67, 0x52, 0x67, 0x52, 0x67, 0x52,
  0x67, 0x52, 0x67, 0x52, 0x67, 0x52, 0x67, 0x52, 0x67, 0x52, 0x67, 0x52, 0x67, 0x52, 0x68, 0x52, 0x67, 0x52, 0x67, 0x52, 0x67, 0x52, 0x67, 0x52,
  0x67, 0x52, 0x67, 0x52, 0x67, 0x52, 0x67, 0x52, 0x67, 0x52, 0x47, 0x52, 0x47, 0x52, 0x67, 0x52, 0x47, 0x52, 0x67, 0x4a, 0x47, 0x52, 0x47, 0x52,
  0x47, 0x52, 0x47, 0x52, 0x68, 0x52, 0x47, 0x52, 0x47, 0x52, 0x47, 0x4a, 0x47, 0x4a, 0x87, 0x52, 0x47, 0x5b, 0x07, 0x6c, 0xe7, 0x74, 0xa7, 0x7d,
  0x28, 0x86, 0x48, 0x86, 0x68, 0x86, 0x48, 0x86, 0x48, 0x86, 0x48, 0x86, 0x48, 0x8e, 0x48, 0x86, 0x48, 0x8e, 0x48, 0x86, 0x68, 0x86, 0x48, 0x86,
  0x48, 0x86, 0x48, 0x86, 0x68, 0x8e, 0x48, 0x86, 0x48, 0x86, 0x48, 0x86, 0x48, 0x86, 0x48, 0x86, 0x48, 0x86, 0x48, 0x86, 0x68, 0x8e, 0x48, 0x86,
  0x68, 0x8e, 0x48, 0x86, 0x48, 0x86, 0x48, 0x86, 0x48, 0x86, 0x48, 0x86, 0x48, 0x86, 0x48, 0x86, 0x48, 0x86, 0x48, 0x86, 0x48, 0x86, 0x48, 0x86,
  0x48, 0x86, 0x48, 0x86, 0x48, 0x86, 0x48, 0x86, 0x48, 0x86, 0x48, 0x86, 0x48, 0x86, 0x48, 0x86, 0x48, 0x86, 0x48, 0x86, 0x48, 0x86, 0x48, 0x86,
  0x48, 0x86, 0x48, 0x86, 0x48, 0x86, 0x48, 0x86, 0x48, 0x86, 0x48, 0x86, 0x48, 0x86, 0x48, 0x86, 0x48, 0x86, 0x48, 0x86, 0x48, 0x86, 0x48, 0x86,
  0x48, 0x86, 0x48, 0x86, 0x48, 0x86, 0x48, 0x86, 0x48, 0x86, 0x48, 0x86, 0x48, 0x86, 0x48, 0x86, 0x48, 0x86, 0x48, 0x86, 0x48, 0x86, 0x48, 0x86,
  0x48, 0x86, 0x48, 0x86, 0x48, 0x86, 0x48, 0x86, 0x48, 0x86, 0x48, 0x86, 0x48, 0x86, 0x48, 0x86, 0x48, 0x86, 0x48, 0x86, 0x48, 0x86, 0x48, 0x86,
  0x48, 0x86, 0x48, 0x86, 0x48, 0x86, 0x48, 0x86, 0x48, 0x86, 0x48, 0x86, 0x48, 0x86, 0x48, 0x86, 0x48, 0x86, 0x48, 0x86, 0x48, 0x86, 0x48, 0x86,
  0x48, 0x86, 0x68, 0x8e, 0x48, 0x86, 0x48, 0x86, 0x48, 0x86, 0x48, 0x86, 0x48, 0x86, 0x48, 0x86, 0x48, 0x8e, 0x48, 0x86, 0x48, 0x86, 0x48, 0x86,
  0x48, 0x86, 0x48, 0x86, 0x68, 0x8e, 0x28, 0x86, 0x87, 0x7d, 0xe7, 0x6c, 0xe7, 0x5b, 0x07, 0x4b, 0x48, 0x3a, 0xe8, 0x39, 0xe8, 0x39, 0xe8, 0x39,
  0xe8, 0x31, 0xe8, 0x31, 0xe8, 0x31, 0xe8, 0x39, 0x08, 0x32, 0xe8, 0x39, 0xe8, 0x31, 0xe8, 0x31, 0xe8, 0x31, 0x07, 0x32, 0xe8, 0x31, 0x07, 0x32,
  0xe8, 0x31, 0x08, 0x32, 0xe8, 0x31, 0xe8, 0x31, 0xe8, 0x31, 0xe8, 0x31, 0x08, 0x32, 0xe8, 0x31, 0xe8, 0x31, 0xe8, 0x31, 0xe8, 0x31, 0xe8, 0x31,
  0xe8, 0x31, 0xe8, 0x31, 0xe8, 0x31, 0xe8, 0x31, 0xe8, 0x31, 0xe8, 0x31, 0xe8, 0x31, 0xe8, 0x31, 0xe8, 0x31, 0xe8, 0x31, 0xe8, 0x31, 0xe8, 0x31,
  0xe8, 0x31, 0xe8, 0x31, 0xe8, 0x31, 0xe8, 0x31, 0xe8, 0x31, 0xe8, 0x31, 0xe8, 0x31, 0xe8, 0x31, 0xe8, 0x31, 0xe8, 0x31, 0xe8, 0x31, 0xe8, 0x31,
  0xe8, 0x31, 0xe8, 0x31, 0xe8, 0x31, 0xe8, 0x31, 0xe8, 0x31, 0xe8, 0x31, 0xe8, 0x31, 0xe8, 0x31, 0xe9, 0x31, 0xe8, 0x31, 0xc8, 0x31, 0xe8, 0x31,
  0xe8, 0x31, 0xe8, 0x31, 0xe8, 0x31, 0xe8, 0x29, 0xe8, 0x31, 0xe8, 0x31, 0xe8, 0x31, 0xe9, 0x31, 0xe8, 0x31, 0xe8, 0x31, 0xe8, 0x31, 0xe9, 0x31,
  0x68, 0x52, 0x68, 0x52, 0x68, 0x52, 0x67, 0x52, 0x88, 0x52, 0x68, 0x52, 0x68, 0x52, 0x68, 0x52, 0x68, 0x52, 0x68, 0x52, 0x88, 0x52, 0x68, 0x52,
  0x67, 0x52, 0x88, 0x52, 0x68, 0x52, 0x68, 0x52, 0x68, 0x52, 0x88, 0x52, 0x68, 0x52, 0x67, 0x52, 0x87, 0x52, 0x68, 0x52, 0x67, 0x52, 0x67, 0x52,
  0x68, 0x52, 0x68, 0x52, 0x68, 0x52, 0x68, 0x52, 0x68, 0x52, 0x68, 0x52, 0x68, 0x52, 0x68, 0x52, 0x68, 0x52, 0x67, 0x52, 0x67, 0x52, 0x68, 0x52,
  0x68, 0x52, 0x67, 0x52, 0x67, 0x52, 0x68, 0x52, 0x68, 0x52, 0x68, 0x52, 0x67, 0x52, 0x67, 0x52, 0x68, 0x52, 0x67, 0x52, 0x68, 0x52, 0x67, 0x52,
  0x67, 0x52, 0x67, 0x52, 0x68, 0x52, 0x67, 0x52, 0x67, 0x52, 0x67, 0x52, 0x67, 0x52, 0x47, 0x52, 0x67, 0x52, 0x67, 0x52, 0x67, 0x52, 0x67, 0x52,
  0x67, 0x52, 0x47, 0x52, 0x47, 0x52, 0x67, 0x52, 0x67, 0x52, 0x67, 0x52, 0x68, 0x52, 0x68, 0x52, 0x67, 0x52, 0x47, 0x52, 0x67, 0x52, 0x67, 0x52,
  0x47, 0x4a, 0x47, 0x52, 0x48, 0x4a, 0x67, 0x4a, 0x67, 0x5b, 0xe7, 0x74, 0x48, 0x8e, 0x69, 0x9f, 0x69, 0x9f, 0x69, 0x9f, 0x69, 0x9f, 0x69, 0x9f,
  0x89, 0x9f, 0x69, 0x9f, 0x69, 0x9f, 0x69, 0x9f, 0x89, 0x9f, 0x89, 0x9f, 0x89, 0x9f, 0x69, 0x9f, 0x89, 0x9f, 0x69, 0x9f, 0x69, 0x9f, 0x89, 0x9f,
  0x89, 0x9f, 0x89, 0x9f, 0x89, 0x9f, 0x89, 0x9f, 0x69, 0x9f, 0x69, 0x9f, 0x69, 0x9f, 0x69, 0x9f, 0x69, 0x9f, 0x69, 0x9f, 0x69, 0x9f, 0x69, 0x9f,
  0x69, 0x9f, 0x69, 0x9f, 0x69, 0x9f, 0x69, 0x9f, 0x69, 0x9f, 0x69, 0x9f, 0x69, 0x9f, 0x69, 0x9f, 0x69, 0x9f, 0x69, 0x9f, 0x69, 0x9f, 0x69, 0x9f,
  0x69, 0x9f, 0x69, 0x9f, 0x69, 0x9f, 0x69, 0x9f, 0x69, 0x9f, 0x69, 0x9f, 0x69, 0x9f, 0x69, 0x9f, 0x69, 0x9f, 0x69, 0x9f, 0x69, 0x9f, 0x69, 0x9f,
  0x69, 0x9f, 0x69, 0x9f, 0x69, 0x9f, 0x69, 0x9f, 0x69, 0x9f, 0x69, 0x9f, 0x69, 0x9f, 0x69, 0x9f, 0x69, 0x9f, 0x69, 0x9f, 0x69, 0x9f, 0x69, 0x9f,
  0x69, 0x9f, 0x69, 0x9f, 0x69, 0x9f, 0x69, 0x9f, 0x69, 0x9f, 0x69, 0x9f, 0x69, 0x9f, 0x69, 0x9f, 0x69, 0x9f, 0x69, 0x9f, 0x69, 0x9f, 0x69, 0x9f,
  0x69, 0x9f, 0x69, 0x9f, 0x69, 0x9f, 0x69, 0x9f, 0x69, 0x9f, 0x69, 0x9f, 0x69, 0x9f, 0x69, 0x9f, 0x69, 0x9f, 0x69, 0x9f, 0x69, 0x9f, 0x69, 0x9f,
  0x69, 0x9f, 0x69, 0x9f, 0x69, 0x9f, 0x69, 0x9f, 0x69, 0x9f, 0x69, 0x9f, 0x69, 0x9f, 0x69, 0x9f, 0x89, 0x9f, 0x69, 0x9f, 0x89, 0x9f, 0x69, 0x9f,
  0x69, 0x9f, 0x69, 0x9f, 0x89, 0x9f, 0x89, 0x9f, 0x89, 0x9f, 0x89, 0x9f, 0x89, 0x9f, 0x89, 0x9f, 0x89, 0x9f, 0x69, 0x9f, 0x89, 0x9f, 0x89, 0x9f,
  0x69, 0x9f, 0x89, 0x9f, 0x69, 0x9f, 0x69, 0x9f, 0x69, 0x9f, 0x89, 0x9f, 0x69, 0x9f, 0x69, 0x9f, 0x69, 0x9f, 0x48, 0x86, 0xa7, 0x6c, 0x27, 0x4b,
  0x08, 0x3a, 0xe8, 0x31, 0xe8, 0x31, 0xe8, 0x31, 0xe8, 0x39, 0xe8, 0x31, 0xe8, 0x31, 0xe8, 0x31, 0x07, 0x32, 0xe8, 0x31, 0x08, 0x3a, 0xe8, 0x31,
  0x08, 0x32, 0xe8, 0x31, 0x08, 0x32, 0x08, 0x32, 0xe8, 0x31, 0x08, 0x32, 0x08, 0x32, 0xe8, 0x31, 0xe8, 0x31, 0xe8, 0x31, 0xe8, 0x31, 0xe8, 0x31,
  0xe8, 0x31, 0xe8, 0x31, 0xe8, 0x31, 0xe8, 0x31, 0xe8, 0x31, 0xe8, 0x31, 0xe8, 0x31, 0xe8, 0x31, 0xe8, 0x31, 0xe8, 0x31, 0xe8, 0x31, 0xe8, 0x31,
  0xe8, 0x31, 0xe8, 0x31, 0xe8, 0x31, 0xe8, 0x31, 0xe8, 0x31, 0xe8, 0x31, 0xe8, 0x31, 0xe8, 0x31, 0xe8, 0x31, 0xe8, 0x31, 0xe8, 0x31, 0xe8, 0x31,
  0xe8, 0x31, 0xe8, 0x31, 0xe8, 0x31, 0xe8, 0x31, 0xe8, 0x31, 0xe8, 0x31, 0xe8, 0x31, 0xe8, 0x31, 0xe8, 0x31, 0xe8, 0x31, 0xe8, 0x31, 0xe8, 0x31,
  0xe8, 0x31, 0xe9, 0x31, 0xe8, 0x31, 0xe8, 0x31, 0xe8, 0x31, 0xe8, 0x31, 0xe8, 0x31, 0xe8, 0x31, 0xe9, 0x31, 0xe9, 0x31, 0xe8, 0x31, 0xe9, 0x31,
  0x68, 0x52, 0x68, 0x52, 0x68, 0x52, 0x88, 0x52, 0x67, 0x52, 0x68, 0x52, 0x68, 0x52, 0x88, 0x52, 0x68, 0x52, 0x68, 0x52, 0x68, 0x52, 0x68, 0x52,
  0x88, 0x52, 0x67, 0x52, 0x68, 0x52, 0x67, 0x52, 0x68, 0x52, 0x88, 0x52, 0x67, 0x52, 0x68, 0x52, 0x68, 0x52, 0x68, 0x52, 0x67, 0x52, 0x68, 0x52,
  0x68, 0x52, 0x68, 0x52, 0x67, 0x52, 0x68, 0x52, 0x68, 0x52, 0x68, 0x52, 0x68, 0x52, 0x68, 0x52, 0x68, 0x52, 0x67, 0x52, 0x67, 0x52, 0x67, 0x52,
  0x68, 0x52, 0x68, 0x52, 0x68, 0x52, 0x67, 0x52, 0x68, 0x52, 0x68, 0x52, 0x68, 0x52, 0x68, 0x52, 0x67, 0x52, 0x67, 0x52, 0x67, 0x52, 0x68, 0x52,
  0x67, 0x52, 0x67, 0x52, 0x67, 0x52, 0x67, 0x52, 0x67, 0x52, 0x67, 0x52, 0x67, 0x52, 0x67, 0x52, 0x68, 0x52, 0x67, 0x52, 0x47, 0x52, 0x67, 0x52,
  0x68, 0x52, 0x67, 0x52, 0x68, 0x52, 0x67, 0x52, 0x68, 0x52, 0x67, 0x52, 0x67, 0x52, 0x68, 0x52, 0x47, 0x52, 0x67, 0x52, 0x47, 0x52, 0x47, 0x52,
  0x67, 0x4a, 0x07, 0x5b, 0x47, 0x7d, 0x49, 0x9f, 0xe9, 0xa7, 0xe9, 0x9f, 0xe9, 0x9f, 0xc9, 0x9f, 0xea, 0xa7, 0xe9, 0x9f, 0xea, 0xa7, 0xe9, 0xa7,
  0xca, 0xa7, 0xe9, 0x9f, 0xea, 0xa7, 0xe9, 0xa7, 0xea, 0xa7, 0xe9, 0xa7, 0xca, 0xa7, 0xea, 0xa7, 0xc9, 0xa7, 0xe9, 0xa7, 0xe9, 0x9f, 0xea, 0xa7,
  0xe9, 0xa7, 0xe9, 0xa7, 0xea, 0xa7, 0xea, 0xa7, 0xc9, 0x9f, 0xe9, 0xa7, 0xea, 0xa7, 0xe9, 0xa7, 0xe9, 0xa7, 0xe9, 0xa7, 0xe9, 0xa7, 0xe9, 0xa7,
  0xc9, 0xa7, 0xe9, 0xa7, 0xe9, 0xa7, 0xe9, 0xa7, 0xe9, 0xa7, 0xe9, 0xa7, 0xe9, 0xa7, 0xe9, 0xa7, 0xe9, 0xa7, 0xe9, 0xa7, 0xe9, 0xa7, 0xe9, 0xa7,
  0xe9, 0xa7, 0xe9, 0xa7, 0xe9, 0xa7, 0xe9, 0xa7, 0xe9, 0xa7, 0xe9, 0xa7, 0xe9, 0xa7, 0xe9, 0xa7, 0xe9, 0xa7, 0xe9, 0xa7, 0xe9, 0xa7, 0xe9, 0xa7,
  0xe9, 0xa7, 0xe9, 0xa7, 0xe9, 0xa7, 0xe9, 0xa7, 0xe9, 0xa7, 0xe9, 0xa7, 0xe9, 0xa7, 0xe9, 0xa7, 0xe9, 0xa7, 0xe9, 0xa7, 0xe9, 0xa7, 0xe9, 0xa7,
  0xe9, 0xa7, 0xe9, 0xa7, 0xe9, 0xa7, 0xe9, 0xa7, 0xe9, 0xa7, 0xe9, 0xa7, 0xe9, 0xa7, 0xe9, 0xa7, 0xe9, 0xa7, 0xe9, 0xa7, 0xe9, 0xa7, 0xe9, 0xa7,
  0xe9, 0xa7, 0xe9, 0xa7, 0xe9, 0xa7, 0xe9, 0xa7, 0xe9, 0xa7, 0xe9, 0xa7, 0xe9, 0xa7, 0xe9, 0xa7, 0xe9, 0xa7, 0xe9, 0xa7, 0xe9, 0xa7, 0xe9, 0xa7,
  0xe9, 0xa7, 0xe9, 0xa7, 0xe9, 0xa7, 0xe9, 0xa7, 0xe9, 0xa7, 0xca, 0xa7, 0xe9, 0xa7, 0xe9, 0xa7, 0xca, 0xa7, 0xca, 0xa7, 0xca, 0xa7, 0xca, 0xa7,
  0xe9, 0xa7, 0xea, 0xa7, 0xc9, 0xa7, 0xe9, 0xa7, 0xe9, 0xa7, 0xe9, 0xa7, 0xe9, 0xa7, 0xca, 0xa7, 0xe9, 0xa7, 0xe9, 0xa7, 0xe9, 0xa7, 0xe9, 0xa7,
  0xe9, 0xa7, 0xe9, 0xa7, 0xca, 0xa7, 0xe9, 0xa7, 0xea, 0x9f, 0xc9, 0xa7, 0xea, 0xa7, 0xe9, 0x9f, 0xe9, 0xa7, 0xe9, 0x9f, 0xe9, 0xa7, 0xca, 0x9f,
  0x69, 0x97, 0x27, 0x6d, 0xc7, 0x42, 0xe8, 0x31, 0xe8, 0x31, 0xe8, 0x31, 0xe8, 0x31, 0xe8, 0x31, 0xe8, 0x31, 0x07, 0x32, 0xe8, 0x31, 0x07, 0x32,
  0x08, 0x32, 0xe8, 0x31, 0xe8, 0x31, 0xe8, 0x31, 0x08, 0x32, 0x08, 0x32, 0xe8, 0x31, 0x08, 0x32, 0xe8, 0x31, 0xe8, 0x31, 0xe8, 0x31, 0xe8, 0x31,
  0xe8, 0x31, 0xe8, 0x31, 0xe8, 0x31, 0xe8, 0x31, 0xe8, 0x31, 0xe8, 0x31, 0xe8, 0x31, 0xe8, 0x31, 0xe8, 0x31, 0xe8, 0x31, 0xe8, 0x31, 0xe8, 0x31,
  0xe8, 0x31, 0xe8, 0x31, 0xe8, 0x31, 0xe8, 0x31, 0xe8, 0x31, 0xe8, 0x31, 0xe8, 0x31, 0xe8, 0x31, 0xe8, 0x31, 0xe8, 0x31, 0xe8, 0x31, 0xe8, 0x31,
  0xe8, 0x31, 0xe8, 0x31, 0xe8, 0x31, 0xe8, 0x31, 0xe8, 0x31, 0xe9, 0x31, 0xe8, 0x31, 0xe8, 0x31, 0xe8, 0x31, 0xe8, 0x31, 0xe8, 0x31, 0xe8, 0x31,
  0xe9, 0x31, 0xe8, 0x31, 0xe9, 0x31, 0xe8, 0x29, 0xe8, 0x31, 0xe8, 0x29, 0x08, 0x2a, 0xe8, 0x31, 0xe8, 0x31, 0xe8, 0x31, 0xe9, 0x31, 0xe9, 0x31,
  0x68, 0x52, 0x68, 0x52, 0x88, 0x52, 0x67, 0x52, 0x88, 0x52, 0x67, 0x52, 0x88, 0x52, 0x67, 0x52, 0x68, 0x52, 0x68, 0x52, 0x68, 0x52, 0x68, 0x52,
  0x68, 0x52, 0x88, 0x52, 0x68, 0x52, 0x68, 0x52, 0x68, 0x52, 0x68, 0x52, 0x88, 0x52, 0x68, 0x52, 0x68, 0x52, 0x68, 0x52, 0x68, 0x52, 0x68, 0x52,
  0x68, 0x52, 0x68, 0x52, 0x68, 0x52, 0x68, 0x52, 0x67, 0x52, 0x68, 0x52, 0x68, 0x52, 0x68, 0x52, 0x68, 0x52, 0x68, 0x52, 0x67, 0x52, 0x68, 0x52,
  0x68, 0x52, 0x68, 0x52, 0x68, 0x52, 0x68, 0x52, 0x68, 0x52, 0x68, 0x52, 0x68, 0x52, 0x67, 0x52, 0x68, 0x52, 0x68, 0x52, 0x68, 0x52, 0x67, 0x52,
  0x68, 0x52, 0x67, 0x52, 0x67, 0x52, 0x68, 0x52, 0x67, 0x52, 0x67, 0x52, 0x67, 0x52, 0x67, 0x52, 0x47, 0x52, 0x68, 0x52, 0x68, 0x52, 0x67, 0x52,
  0x67, 0x52, 0x68, 0x52, 0x67, 0x52, 0x67, 0x52, 0x67, 0x52, 0x47, 0x52, 0x67, 0x52, 0x47, 0x52, 0x67, 0x52, 0x47, 0x52, 0x47, 0x52, 0x67, 0x5b,
  0x07, 0x86, 0xa9, 0x9f, 0xc9, 0xa7, 0xc9, 0x9f, 0xc9, 0x9f, 0xc9, 0xa7, 0xc9, 0xa7, 0xc9, 0xa7, 0xc9, 0x9f, 0xc9, 0xa7, 0xc9, 0x9f, 0xc9, 0x9f,
  0xc9, 0x9f, 0xc9, 0xa7, 0xc9, 0xa7, 0xc9, 0x9f, 0xc9, 0xa7, 0xc9, 0xa7, 0xc9, 0x9f, 0xc9, 0x9f, 0xc9, 0xa7, 0xc9, 0x9f, 0xc9, 0xa7, 0xc9, 0x9f,
  0xc9, 0xa7, 0xc9, 0xa7, 0xc9, 0xa7, 0xc9, 0xa7, 0xc9, 0xa7, 0xc9, 0x9f, 0xc9, 0x9f, 0xc9, 0x9f, 0xc9, 0xa7, 0xc9, 0xa7, 0xc9, 0xa7, 0xc9, 0x9f,
  0xc9, 0xa7, 0xc9, 0xa7, 0xc9, 0xa7, 0xc9, 0xa7, 0xc9, 0xa7, 0xc9, 0xa7, 0xc9, 0xa7, 0xc9, 0xa7, 0xc9, 0xa7, 0xc9, 0xa7, 0xc9, 0xa7, 0xc9, 0xa7,
  0xc9, 0xa7, 0xc9, 0xa7, 0xc9, 0xa7, 0xc9, 0xa7, 0xc9, 0xa7, 0xc9, 0xa7, 0xc9, 0xa7, 0xc9, 0xa7, 0xc9, 0xa7, 0xc9, 0xa7, 0xc9, 0xa7, 0xc9, 0xa7,
  0xc9, 0xa7, 0xc9, 0xa7, 0xc9, 0xa7, 0xc9, 0xa7, 0xc9, 0xa7, 0xc9, 0xa7, 0xc9, 0xa7, 0xc9, 0xa7, 0xc9, 0xa7, 0xc9, 0xa7, 0xc9, 0xa7, 0xc9, 0xa7,
  0xc9, 0xa7, 0xc9, 0xa7, 0xc9, 0xa7, 0xc9, 0xa7, 0xc9, 0xa7, 0xc9, 0xa7, 0xc9, 0xa7, 0xc9, 0xa7, 0xc9, 0xa7, 0xc9, 0xa7, 0xc9, 0xa7, 0xc9, 0xa7,
  0xc9, 0xa7, 0xc9, 0xa7, 0xc9, 0xa7, 0xc9, 0xa7, 0xc9, 0xa7, 0xc9, 0xa7, 0xc9, 0xa7, 0xc9, 0xa7, 0xc9, 0xa7, 0xc9, 0xa7, 0xc9, 0xa7, 0xc9, 0xa7,
  0xc9, 0x9f, 0xc9, 0x9f, 0xc9, 0xa7, 0xc9, 0xa7, 0xc9, 0xa7, 0xc9, 0xa7, 0xc9, 0xa7, 0xc9, 0xa7, 0xc9, 0xa7, 0xc9, 0xa7, 0xc9, 0xa7, 0xc9, 0xa7,
  0xc9, 0xa7, 0xc9, 0x9f, 0xc9, 0xa7, 0xc9, 0x9f, 0xc9, 0xa7, 0xc9, 0xa7, 0xc9, 0xa7, 0xc9, 0x9f, 0xca, 0xa7, 0xc9, 0xa7, 0xc9, 0x9f, 0xc9, 0x9f,
  0xc9, 0xa7, 0xc9, 0x9f, 0xc9, 0xa7, 0xc9, 0x9f, 0xc9, 0xa7, 0xca, 0x9f, 0xc9, 0xa7, 0xc9, 0x9f, 0xc9, 0xa7, 0xc9, 0xa7, 0xc9, 0x9f, 0xc9, 0xa7,
  0xc9, 0xa7, 0xc9, 0xa7, 0xc9, 0xa7, 0xe7, 0x7d, 0x07, 0x4b, 0xe8, 0x31, 0xe8, 0x31, 0xe8, 0x31, 0xe7, 0x39, 0xe8, 0x31, 0xe8, 0x31, 0xe8, 0x31,
  0xe8, 0x31, 0xe8, 0x31, 0x08, 0x32, 0xe8, 0x31, 0xe8, 0x31, 0xe8, 0x31, 0xe8, 0x31, 0xe8, 0x31, 0xe8, 0x31, 0xe8, 0x31, 0xe8, 0x31, 0xe8, 0x31,
  0xe8, 0x31, 0xe8, 0x31, 0xe8, 0x31, 0xe8, 0x31, 0xe8, 0x31, 0xe8, 0x31, 0xe8, 0x31, 0xe8, 0x31, 0xe8, 0x31, 0xe8, 0x31, 0xe8, 0x31, 0xe8, 0x31,
  0x08, 0x32, 0x08, 0x32, 0xe8, 0x31, 0x08, 0x32, 0xe8, 0x31, 0xe8, 0x31, 0xe8, 0x31, 0xe8, 0x31, 0xe8, 0x31, 0xe8, 0x31, 0xe8, 0x31, 0xe8, 0x31,
  0xe8, 0x31, 0xe8, 0x31, 0xe8, 0x31, 0xe8, 0x31, 0xe9, 0x31, 0xe8, 0x31, 0xe8, 0x31, 0xe8, 0x31, 0xe8, 0x31, 0xe9, 0x31, 0xe8, 0x29, 0xe8, 0x31,
  0xe8, 0x29, 0xe8, 0x31, 0xe8, 0x31, 0xe8, 0x31, 0xe8, 0x31, 0xe8, 0x31, 0xc8, 0x31, 0xe8, 0x31, 0xe8, 0x31, 0xe9, 0x31, 0xe9, 0x31, 0xe9, 0x31,
  0x88, 0x52, 0x88, 0x52, 0x88, 0x52, 0x88, 0x52, 0x68, 0x52, 0x68, 0x52, 0x68, 0x52, 0x68, 0x52, 0x88, 0x52, 0x68, 0x52, 0x68, 0x52, 0x88, 0x52,
  0x68, 0x52, 0x68, 0x52, 0x68, 0x52, 0x68, 0x52, 0x88, 0x52, 0x68, 0x52, 0x68, 0x52, 0x68, 0x52, 0x68, 0x52, 0x68, 0x52, 0x68, 0x52, 0x68, 0x52,
  0x68, 0x52, 0x68, 0x52, 0x68, 0x52, 0x68, 0x52, 0x68, 0x52, 0x68, 0x52, 0x67, 0x52, 0x68, 0x52, 0x88, 0x52, 0x67, 0x52, 0x68, 0x52, 0x68, 0x52,
  0x68, 0x52, 0x68, 0x52, 0x68, 0x52, 0x68, 0x52, 0x68, 0x52, 0x68, 0x52, 0x68, 0x52, 0x68, 0x52, 0x67, 0x52, 0x67, 0x52, 0x68, 0x52, 0x67, 0x52,
  0x67, 0x52, 0x68, 0x52, 0x67, 0x52, 0x67, 0x52, 0x68, 0x52, 0x67, 0x52, 0x67, 0x52, 0x67, 0x52, 0x67, 0x52, 0x67, 0x52, 0x67, 0x52, 0x47, 0x52,
  0x67, 0x52, 0x67, 0x52, 0x67, 0x52, 0x67, 0x52, 0x68, 0x52, 0x67, 0x52, 0x68, 0x52, 0x68, 0x52, 0x47, 0x52, 0xe7, 0x5a, 0xa7, 0x7d, 0xa9, 0x9f,
  0xc9, 0x9f, 0xc9, 0x9f, 0xa9, 0x9f, 0xa9, 0x9f, 0xc9, 0x9f, 0xc9, 0x9f, 0xc9, 0x9f, 0xc9, 0x9f, 0xc9, 0x9f, 0xc9, 0x9f, 0xc9, 0x9f, 0xc9, 0x9f,
  0xa9, 0x9f, 0xc9, 0x9f, 0xa9, 0x9f, 0xc9, 0x9f, 0xc9, 0x9f, 0xc9, 0x9f, 0xa9, 0x9f, 0xa9, 0x9f, 0xa9, 0x9f, 0xa9, 0x9f, 0xc9, 0x9f, 0xa9, 0x9f,
  0xc9, 0x9f, 0xa9, 0x9f, 0xa9, 0x9f, 0xc9, 0x9f, 0xc9, 0x9f, 0xc9, 0x9f, 0xc9, 0x9f, 0xc9, 0x9f, 0xc9, 0x9f, 0xc9, 0x9f, 0xc9, 0x9f, 0xc9, 0x9f,
  0xc9, 0x9f, 0xc9, 0x9f, 0xc9, 0x9f, 0xc9, 0x9f, 0xc9, 0x9f, 0xc9, 0x9f, 0xc9, 0x9f, 0xc9, 0x9f, 0xc9, 0x9f, 0xc9, 0x9f, 0xc9, 0x9f, 0xc9, 0x9f,
  0xc9, 0x9f, 0xc9, 0x9f, 0xc9, 0x9f, 0xc9, 0x9f, 0xc9, 0x9f, 0xc9, 0x9f, 0xc9, 0x9f, 0xc9, 0x9f, 0xc9, 0x9f, 0xc9, 0x9f, 0xc9, 0x9f, 0xc9, 0x9f,
  0xc9, 0x9f, 0xc9, 0x9f, 0xc9, 0x9f, 0xc9, 0x9f, 0xc9, 0x9f, 0xc9, 0x9f, 0xc9, 0x9f, 0xc9, 0x9f, 0xc9, 0x9f, 0xc9, 0x9f, 0xc9, 0x9f, 0xc9, 0x9f,
  0xc9, 0x9f, 0xc9, 0x9f, 0xc9, 0x9f, 0xc9, 0x9f, 0xc9, 0x9f, 0xc9, 0x9f, 0xc9, 0x9f, 0xc9, 0x9f, 0xc9, 0x9f, 0xc9, 0x9f, 0xc9, 0x9f, 0xc9, 0x9f,
  0xc9, 0x9f, 0xc9, 0x9f, 0xc9, 0x9f, 0xc9, 0x9f, 0xc9, 0x9f, 0xc9, 0x9f, 0xc9, 0x9f, 0xc9, 0x9f, 0xc9, 0x9f, 0xc9, 0x9f, 0xc9, 0x9f, 0xc9, 0x9f,
  0xc9, 0x9f, 0xc9, 0x9f, 0xc9, 0x9f, 0xc9, 0x9f, 0xc9, 0x9f, 0xc9, 0x9f, 0xc9, 0x9f, 0xc9, 0x9f, 0xc9, 0x9f, 0xc9, 0x9f, 0xc9, 0x9f, 0xc9, 0x9f,
  0xc9, 0x9f, 0xc9, 0x9f, 0xa9, 0x9f, 0xc9, 0x9f, 0xa9, 0x9f, 0xc9, 0x9f, 0xa9, 0x9f, 0xa9, 0x9f, 0xa9, 0x9f, 0xc9, 0x9f, 0xc9, 0x9f, 0xc9, 0x9f,
  0xc9, 0x9f, 0xa9, 0x9f, 0xa9, 0x9f, 0xc9, 0x9f, 0xc9, 0x9f, 0xa9, 0x9f, 0xc9, 0x9f, 0xc9, 0x9f, 0xa9, 0x9f, 0xa9, 0x9f, 0xc9, 0x9f, 0xc9, 0x9f,
  0xc9, 0x9f, 0xa9, 0x9f, 0xc9, 0x9f, 0xa9, 0x9f, 0xa9, 0x9f, 0x87, 0x75, 0x87, 0x42, 0xe8, 0x31, 0x08, 0x32, 0xe8, 0x31, 0xe8, 0x31, 0x08, 0x32,
  0x08, 0x32, 0x08, 0x32, 0xe8, 0x31, 0x08, 0x32, 0xe8, 0x31, 0x08, 0x32, 0xe8, 0x31, 0xe8, 0x31, 0xe8, 0x31, 0xe8, 0x31, 0xe8, 0x31, 0xe8, 0x31,
  0xe8, 0x31, 0xe8, 0x31, 0xe8, 0x31, 0xe8, 0x31, 0x08, 0x32, 0xe8, 0x31, 0xe8, 0x31, 0xe8, 0x31, 0xe8, 0x31, 0xe8, 0x31, 0xe8, 0x31, 0xe8, 0x31,
  0xe8, 0x31, 0xe8, 0x31, 0xe8, 0x31, 0x08, 0x32, 0xe8, 0x31, 0xe8, 0x31, 0xe8, 0x31, 0xe8, 0x31, 0xe8, 0x31, 0xe8, 0x31, 0xe8, 0x31, 0xe8, 0x31,
  0xe8, 0x31, 0xe8, 0x31, 0xe8, 0x31, 0xe8, 0x31, 0xe8, 0x31, 0xe8, 0x31, 0xe8, 0x31, 0xe8, 0x31, 0xe9, 0x31, 0xe8, 0x31, 0xe8, 0x31, 0xe9, 0x31,
  0xe8, 0x31, 0xe8, 0x31, 0xe8, 0x29, 0xe8, 0x31, 0xe8, 0x31, 0xe8, 0x31, 0xe9, 0x31, 0xe8, 0x31, 0xe9, 0x31, 0xe8, 0x31, 0xe8, 0x31, 0xe8, 0x31,
  0x88, 0x52, 0x88, 0x52, 0x68, 0x52, 0x67, 0x52, 0x68, 0x52, 0x68, 0x52, 0x68, 0x52, 0x68, 0x52, 0x68, 0x52, 0x68, 0x52, 0x88, 0x52, 0x68, 0x52,
  0x68, 0x52, 0x88, 0x52, 0x68, 0x52, 0x68, 0x52, 0x68, 0x52, 0x68, 0x52, 0x88, 0x52, 0x67, 0x52, 0x68, 0x52, 0x68, 0x52, 0x68, 0x52, 0x68, 0x52,
  0x88, 0x52, 0x68, 0x52, 0x88, 0x52, 0x68, 0x52, 0x68, 0x52, 0x68, 0x52, 0x68, 0x52, 0x68, 0x52, 0x68, 0x52, 0x68, 0x52, 0x68, 0x52, 0x67, 0x52,
  0x68, 0x52, 0x68, 0x52, 0x67, 0x52, 0x68, 0x52, 0x68, 0x52, 0x68, 0x52, 0x68, 0x52, 0x68, 0x52, 0x68, 0x52, 0x68, 0x52, 0x67, 0x52, 0x68, 0x52,
  0x67, 0x52, 0x67, 0x52, 0x67, 0x52, 0x67, 0x52, 0x67, 0x52, 0x67, 0x52, 0x68, 0x52, 0x67, 0x52, 0x67, 0x52, 0x67, 0x52, 0x67, 0x52, 0x67, 0x52,
  0x67, 0x52, 0x67, 0x52, 0x67, 0x52, 0x67, 0x52, 0x67, 0x52, 0x67, 0x52, 0x67, 0x52, 0x87, 0x52, 0x06, 0x75, 0x89, 0x9f, 0xc9, 0x9f, 0xc9, 0x9f,
  0xc9, 0x9f, 0xa9, 0x9f, 0xc9, 0x9f, 0xa9, 0x9f, 0xc9, 0x9f, 0xa9, 0x9f, 0xc9, 0x9f, 0xc9, 0x9f, 0xc9, 0x9f, 0xa9, 0x9f, 0xc9, 0x9f, 0xc9, 0x9f,
  0xc9, 0x9f, 0xc9, 0x9f, 0xc9, 0x9f, 0xc9, 0x9f, 0xc9, 0x9f, 0xc9, 0x9f, 0xc9, 0x9f, 0xc9, 0x9f, 0xc9, 0x9f, 0xc9, 0x9f, 0xc9, 0x9f, 0xc9, 0x9f,
  0xc9, 0x9f, 0xc9, 0x9f, 0xc9, 0x9f, 0xc9, 0x9f, 0xc9, 0x9f, 0xc9, 0x9f, 0xc9, 0x9f, 0xc9, 0x9f, 0xc9, 0x9f, 0xc9, 0x9f, 0xc9, 0x9f, 0xc9, 0x9f,
  0xc9, 0x9f, 0xc9, 0x9f, 0xc9, 0x9f, 0xc9, 0x9f, 0xc9, 0x9f, 0xc9, 0x9f, 0xc9, 0x9f, 0xc9, 0x9f, 0xc9, 0x9f, 0xc9, 0x9f, 0xc9, 0x9f, 0xc9, 0x9f,
  0xc9, 0x9f, 0xc9, 0x9f, 0xc9, 0x9f, 0xc9, 0x9f, 0xc9, 0x9f, 0xc9, 0x9f, 0xc9, 0x9f, 0xc9, 0x9f, 0xc9, 0x9f, 0xc9, 0x9f, 0xc9, 0x9f, 0xc9, 0x9f,
  0xc9, 0x9f, 0xc9, 0x9f, 0xc9, 0x9f, 0xc9, 0x9f, 0xc9, 0x9f, 0xc9, 0x9f, 0xc9, 0x9f, 0xc9, 0x9f, 0xc9, 0x9f, 0xc9, 0x9f, 0xc9, 0x9f, 0xc9, 0x9f,
  0xc9, 0x9f, 0xc9, 0x9f, 0xc9, 0x9f, 0xc9, 0x9f, 0xc9, 0x9f, 0xc9, 0x9f, 0xc9, 0x9f, 0xc9, 0x9f, 0xc9, 0x9f, 0xc9, 0x9f, 0xc9, 0x9f, 0xc9, 0x9f,
  0xc9, 0x9f, 0xc9, 0x9f, 0xc9, 0x9f, 0xc9, 0x9f, 0xc9, 0x9f, 0xc9, 0x9f, 0xc9, 0x9f, 0xc9, 0x9f, 0xc9, 0x9f, 0xc9, 0x9f, 0xc9, 0x9f, 0xc9, 0x9f,
  0xc9, 0x9f, 0xc9, 0x9f, 0xc9, 0x9f, 0xc9, 0x9f, 0xc9, 0x9f, 0xc9, 0x9f, 0xc9, 0x9f, 0xc9, 0x9f, 0xc9, 0x9f, 0xc9, 0x9f, 0xc9, 0x9f, 0xc9, 0x9f,
  0xc9, 0x9f, 0xc9, 0x9f, 0xc9, 0x9f, 0xc9, 0x9f, 0xc9, 0x9f, 0xc9, 0x9f, 0xc9, 0x9f, 0xc9, 0x9f, 0xc9, 0x9f, 0xc9, 0x9f, 0xc9, 0x9f, 0xc9, 0x9f,
  0xc9, 0x9f, 0xc9, 0x9f, 0xc9, 0x9f, 0xc9, 0x9f, 0xc9, 0x9f, 0xc9, 0x9f, 0xa9, 0x9f, 0xc9, 0x9f, 0xc9, 0x9f, 0xc9, 0x9f, 0xc9, 0x9f, 0xc9, 0x9f,
  0xc9, 0x9f, 0xc9, 0x9f, 0xc9, 0x9f, 0xc9, 0x9f, 0xc9, 0x9f, 0xc9, 0x9f, 0x89, 0x9f, 0xc7, 0x6c, 0x28, 0x3a, 0xe8, 0x31, 0x08, 0x3a, 0xe8, 0x31,
  0x08, 0x32, 0xe8, 0x31, 0x08, 0x32, 0x08, 0x32, 0xe8, 0x31, 0x08, 0x32, 0xe8, 0x31, 0xe8, 0x31, 0xe8, 0x31, 0xe8, 0x31, 0xe8, 0x31, 0xe8, 0x31,
  0xe8, 0x31, 0xe8, 0x31, 0xe8, 0x31, 0xe8, 0x31, 0xe8, 0x31, 0xe8, 0x31, 0xe8, 0x31, 0xe8, 0x31, 0xe8, 0x31, 0xe8, 0x31, 0xe8, 0x31, 0xe8, 0x31,
  0xe8, 0x31, 0xe8, 0x31, 0xe8, 0x31, 0xe8, 0x31, 0xe8, 0x31, 0xe8, 0x31, 0xe8, 0x31, 0xe8, 0x31, 0xe8, 0x31, 0xe8, 0x31, 0xe8, 0x31, 0xe8, 0x31,
  0xe8, 0x29, 0xe8, 0x31, 0xe8, 0x31, 0xe8, 0x31, 0xe8, 0x31, 0xe8, 0x31, 0xe9, 0x31, 0xe8, 0x31, 0xe8, 0x31, 0xe9, 0x31, 0xe8, 0x31, 0xe8, 0x31,
  0xe8, 0x31, 0xe8, 0x31, 0xe8, 0x31, 0xe8, 0x31, 0xe8, 0x31, 0xe8, 0x31, 0xe9, 0x29, 0xe9, 0x31, 0xe9, 0x29, 0xe9, 0x31, 0xe9, 0x31, 0xe9, 0x31,
  0x68, 0x52, 0x88, 0x52, 0x68, 0x52, 0x68, 0x52, 0x88, 0x52, 0x88, 0x52, 0x88, 0x52, 0x68, 0x52, 0x88, 0x52, 0x68, 0x52, 0x88, 0x52, 0x68, 0x52,
  0x88, 0x52, 0x68, 0x52, 0x88, 0x52, 0x68, 0x52, 0x68, 0x52, 0x68, 0x52, 0x68, 0x52, 0x68, 0x52, 0x68, 0x52, 0x68, 0x52, 0x68, 0x52, 0x68, 0x52,
  0x68, 0x52, 0x88, 0x52, 0x68, 0x52, 0x68, 0x52, 0x68, 0x52, 0x68, 0x52, 0x68, 0x52, 0x68, 0x52, 0x68, 0x52, 0x68, 0x52, 0x68, 0x52, 0x68, 0x52,
  0x68, 0x52, 0x68, 0x52, 0x68, 0x52, 0x68, 0x52, 0x68, 0x52, 0x68, 0x52, 0x68, 0x52, 0x68, 0x52, 0x68, 0x52, 0x68, 0x52, 0x68, 0x52, 0x68, 0x52,
  0x68, 0x52, 0x67, 0x52, 0x67, 0x52, 0x67, 0x52, 0x67, 0x52, 0x67, 0x52, 0x67, 0x52, 0x67, 0x52, 0x67, 0x52, 0x67, 0x52, 0x67, 0x52, 0x67, 0x52,
  0x67, 0x52, 0x67, 0x52, 0x67, 0x52, 0x67, 0x52, 0x48, 0x52, 0x67, 0x52, 0x27, 0x5b, 0xa8, 0x8e, 0xc9, 0x9f, 0xc9, 0x9f, 0xc9, 0x9f, 0xc9, 0x9f,
  0xc9, 0x9f, 0xc9, 0x9f, 0xc9, 0x9f, 0xc9, 0x9f, 0xc9, 0x9f, 0xc9, 0x9f, 0xc9, 0x9f, 0xc9, 0x9f, 0xc9, 0x9f, 0xc9, 0x9f, 0xc9, 0x9f, 0xc9, 0x9f,
  0xc9, 0x9f, 0xc9, 0x9f, 0xc9, 0x9f, 0xc9, 0x9f, 0xc9, 0x9f, 0xc9, 0x9f, 0xc9, 0x9f, 0xc9, 0x9f, 0xc9, 0x9f, 0xc9, 0x9f, 0xc9, 0x9f, 0xc9, 0x9f,
  0xc9, 0x9f, 0xc9, 0x9f, 0xc9, 0x9f, 0xc9, 0x9f, 0xc9, 0x9f, 0xc9, 0x9f, 0xc9, 0x9f, 0xc9, 0x9f, 0xc9, 0x9f, 0xc9, 0x9f, 0xc9, 0x9f, 0xc9, 0x9f,
  0xc9, 0x9f, 0xc9, 0x9f, 0xc9, 0x9f, 0xc9, 0x9f, 0xc9, 0x9f, 0xc9, 0x9f, 0xc9, 0x9f, 0xc9, 0x9f, 0xc9, 0x9f, 0xc9, 0x9f, 0xc9, 0x9f, 0xc9, 0x9f,
  0xc9, 0x9f, 0xc9, 0x9f, 0xc9, 0x9f, 0xc9, 0x9f, 0xc9, 0x9f, 0xc9, 0x9f, 0xc9, 0x9f, 0xc9, 0x9f, 0xc9, 0x9f, 0xc9, 0x9f, 0xc9, 0x9f, 0xc9, 0x9f,
  0xc9, 0x9f, 0xc9, 0x9f, 0xc9, 0x9f, 0xc9, 0x9f, 0xc9, 0x9f, 0xc9, 0x9f, 0xc9, 0x9f, 0xc9, 0x9f, 0xc9, 0x9f, 0xc9, 0x9f, 0xc9, 0x9f, 0xc9, 0x9f,
  0xc9, 0x9f, 0xc9, 0x9f, 0xc9, 0x9f, 0xc9, 0x9f, 0xc9, 0x9f, 0xc9, 0x9f, 0xc9, 0x9f, 0xc9, 0x9f, 0xc9, 0x9f, 0xc9, 0x9f, 0xc9, 0x9f, 0xc9, 0x9f,
  0xc9, 0x9f, 0xc9, 0x9f, 0xc9, 0x9f, 0xc9, 0x9f, 0xc9, 0x9f, 0xc9, 0x9f, 0xc9, 0x9f, 0xc9, 0x9f, 0xc9, 0x9f, 0xc9, 0x9f, 0xc9, 0x9f, 0xc9, 0x9f,
  0xc9, 0x9f, 0xc9, 0x9f, 0xc9, 0x9f, 0xc9, 0x9f, 0xc9, 0x9f, 0xc9, 0x9f, 0xc9, 0x9f, 0xc9, 0x9f, 0xc9, 0x9f, 0xc9, 0x9f, 0xc9, 0x9f, 0xc9, 0x9f,
  0xc9, 0x9f, 0xc9, 0x9f, 0xc9, 0x9f, 0xc9, 0x9f, 0xc9, 0x9f, 0xc9, 0x9f, 0xc9, 0x9f, 0xc9, 0x9f, 0xc9, 0x9f, 0xc9, 0x9f, 0xa9, 0x9f, 0xc9, 0x9f,
  0xc9, 0x9f, 0xc9, 0x9f, 0xc9, 0x9f, 0xc9, 0x9f, 0xc9, 0x9f, 0xc9, 0x9f, 0xc9, 0x9f, 0xc9, 0x9f, 0xc9, 0x9f, 0xc9, 0x9f, 0xc9, 0x9f, 0xc9, 0x9f,
  0xc9, 0x9f, 0xc9, 0x9f, 0xc9, 0x9f, 0xc9, 0x9f, 0xc9, 0x9f, 0xc9, 0x9f, 0xc9, 0x9f, 0xc9, 0x9f, 0xa8, 0x8e, 0xc7, 0x42, 0x08, 0x32, 0xe8, 0x31,
  0xe8, 0x31, 0xe8, 0x31, 0xe8, 0x31, 0xe8, 0x31, 0x08, 0x32, 0xe8, 0x31, 0xe8, 0x31, 0xe8, 0x31, 0xe8, 0x31, 0xe8, 0x31, 0xe8, 0x31, 0xe8, 0x31,
  0x08, 0x32, 0xe8, 0x31, 0xe8, 0x31, 0xe8, 0x31, 0xe8, 0x31, 0xe8, 0x31, 0xe8, 0x31, 0xe8, 0x31, 0xe8, 0x31, 0xe8, 0x31, 0xe8, 0x31, 0xe8, 0x31,
  0xe8, 0x31, 0xe8, 0x31, 0xe8, 0x31, 0xe8, 0x31, 0xe8, 0x31, 0xe8, 0x31, 0xe8, 0x31, 0xe8, 0x31, 0xe8, 0x31, 0xe8, 0x31, 0xe8, 0x31, 0xe8, 0x31,
  0xe8, 0x31, 0xe8, 0x31, 0xe8, 0x31, 0xe8, 0x31, 0xe8, 0x31, 0xe9, 0x31, 0xe8, 0x31, 0xe8, 0x31, 0xe8, 0x31, 0xe9, 0x31, 0xe8, 0x31, 0xe8, 0x29,
  0xe8, 0x31, 0xe8, 0x31, 0xe8, 0x31, 0xe8, 0x31, 0xe9, 0x31, 0xe8, 0x31, 0xe9, 0x31, 0xe8, 0x31, 0xe8, 0x31, 0xe8, 0x31, 0xe9, 0x31, 0xe9, 0x31,
  0x88, 0x52, 0x68, 0x52, 0x68, 0x52, 0x88, 0x52, 0x68, 0x52, 0x68, 0x52, 0x68, 0x52, 0x88, 0x52, 0x88, 0x52, 0x68, 0x52, 0x68, 0x52, 0x68, 0x52,
  0x88, 0x52, 0x68, 0x52, 0x68, 0x52, 0x68, 0x52, 0x68, 0x52, 0x88, 0x52, 0x68, 0x52, 0x68, 0x52, 0x88, 0x52, 0x88, 0x52, 0x68, 0x52, 0x68, 0x52,
  0x68, 0x52, 0x68, 0x52, 0x68, 0x52, 0x68, 0x52, 0x68, 0x52, 0x68, 0x52, 0x68, 0x52, 0x68, 0x52, 0x68, 0x52, 0x68, 0x52, 0x68, 0x52, 0x68, 0x52,
  0x68, 0x52, 0x68, 0x52, 0x68, 0x52, 0x68, 0x52, 0x68, 0x52, 0x68, 0x52, 0x68, 0x52, 0x68, 0x52, 0x68, 0x52, 0x68, 0x52, 0x68, 0x52, 0x67, 0x52,
  0x68, 0x52, 0x67, 0x52, 0x67, 0x52, 0x67, 0x52, 0x67, 0x52, 0x68, 0x52, 0x67, 0x52, 0x67, 0x52, 0x67, 0x52, 0x67, 0x52, 0x68, 0x52, 0x67, 0x52,
  0x67, 0x52, 0x67, 0x52, 0x67, 0x52, 0x67, 0x52, 0x67, 0x52, 0x67, 0x6c, 0x69, 0x9f, 0xa9, 0x9f, 0xa9, 0x9f, 0xa9, 0x9f, 0xa9, 0x9f, 0xa9, 0x9f,
  0xa9, 0x9f, 0xa9, 0x9f, 0xa9, 0x9f, 0xa9, 0x9f, 0xa9, 0x9f, 0xa9, 0x9f, 0xa9, 0x9f, 0xa9, 0x9f, 0xa9, 0x9f, 0xa9, 0x9f, 0xa9, 0x9f, 0xa9, 0x9f,
  0xa9, 0x9f, 0xa9, 0x9f, 0xa9, 0x9f, 0xa9, 0x9f, 0xa9, 0x9f, 0xa9, 0x9f, 0xa9, 0x9f, 0xa9, 0x9f, 0xa9, 0x9f, 0xa9, 0x9f, 0xa9, 0x9f, 0xa9, 0x9f,
  0xa9, 0x9f, 0xa9, 0x9f, 0xa9, 0x9f, 0xa9, 0x9f, 0xa9, 0x9f, 0xa9, 0x9f, 0xa9, 0x9f, 0xa9, 0x9f, 0xa9, 0x9f, 0xa9, 0x9f, 0xa9, 0x9f, 0xa9, 0x9f,
  0xa9, 0x9f, 0xa9, 0x9f, 0xa9, 0x9f, 0xa9, 0x9f, 0xa9, 0x9f, 0xa9, 0x9f, 0xa9, 0x9f, 0xa9, 0x9f, 0xa9, 0x9f, 0xa9, 0x9f, 0xa9, 0x9f, 0xa9, 0x9f,
  0xa9, 0x9f, 0xa9, 0x9f, 0xa9, 0x9f, 0xa9, 0x9f, 0xa9, 0x9f, 0xa9, 0x9f, 0xa9, 0x9f, 0xa9, 0x9f, 0xa9, 0x9f, 0xa9, 0x9f, 0xa9, 0x9f, 0xa9, 0x9f,
  0xa9, 0x9f, 0xa9, 0x9f, 0xa9, 0x9f, 0xa9, 0x9f, 0xa9, 0x9f, 0xa9, 0x9f, 0xa9, 0x9f, 0xa9, 0x9f, 0xa9, 0x9f, 0xa9, 0x9f, 0xa9, 0x9f, 0xa9, 0x9f,
  0xa9, 0x9f, 0xa9, 0x9f, 0xa9, 0x9f, 0xa9, 0x9f, 0xa9, 0x9f, 0xa9, 0x9f, 0xa9, 0x9f, 0xa9, 0x9f, 0xa9, 0x9f, 0xa9, 0x9f, 0xa9, 0x9f, 0xa9, 0x9f,
  0xa9, 0x9f, 0xa9, 0x9f, 0xa9, 0x9f, 0xa9, 0x9f, 0xa9, 0x9f, 0xa9, 0x9f, 0xa9, 0x9f, 0xa9, 0x9f, 0xa9, 0x9f, 0xa9, 0x9f, 0xa9, 0x9f, 0xa9, 0x9f,
  0xa9, 0x9f, 0xa9, 0x9f, 0xa9, 0x9f, 0xa9, 0x9f, 0xa9, 0x9f, 0xa9, 0x9f, 0xa9, 0x9f, 0xa9, 0x9f, 0xa9, 0x9f, 0xa9, 0x9f, 0xa9, 0x9f, 0xa9, 0x9f,
  0xa9, 0x9f, 0xa9, 0x9f, 0xa9, 0x9f, 0xa9, 0x9f, 0xa9, 0x9f, 0xa9, 0x9f, 0xa9, 0x9f, 0xa9, 0x9f, 0xa9, 0x9f, 0xa9, 0x9f, 0xa9, 0x9f, 0xa9, 0x9f,
  0xa9, 0x9f, 0xa9, 0x9f, 0xa9, 0x9f, 0xa9, 0x9f, 0xa9, 0x9f, 0xa9, 0x9f, 0xa9, 0x9f, 0xa9, 0x9f, 0xa9, 0x9f, 0xa9, 0x9f, 0xa9, 0x9f, 0xa9, 0x9f,
  0xa9, 0x9f, 0xa9, 0x9f, 0xa9, 0x9f, 0xa9, 0x9f, 0xa9, 0x9f, 0xa9, 0x9f, 0xa9, 0x9f, 0xa9, 0x9f, 0xa9, 0x9f, 0x69, 0x9f, 0x26, 0x5c, 0xe8, 0x31,
  0x08, 0x32, 0xe8, 0x31, 0x08, 0x32, 0xe8, 0x31, 0xe8, 0x31, 0xe8, 0x31, 0xe8, 0x31, 0x08, 0x32, 0xe8, 0x39, 0xe8, 0x31, 0xe8, 0x31, 0xe8, 0x31,
  0xe8, 0x31, 0xe8, 0x31, 0xe8, 0x31, 0xe8, 0x31, 0xe8, 0x31, 0xe8, 0x31, 0xe8, 0x31, 0xe8, 0x31, 0xe8, 0x31, 0xe8, 0x31, 0xe8, 0x31, 0xe8, 0x31,
  0xe8, 0x31, 0xe8, 0x31, 0xe9, 0x31, 0xe8, 0x31, 0xe8, 0x31, 0xe8, 0x31, 0xe8, 0x31, 0xe8, 0x31, 0xe8, 0x31, 0xe8, 0x31, 0xe8, 0x31, 0xe8, 0x31,
  0xe8, 0x31, 0xe8, 0x31, 0xe8, 0x31, 0xe8, 0x31, 0xe8, 0x31, 0xe8, 0x31, 0xe8, 0x31, 0xe8, 0x31, 0xe9, 0x31, 0xe8, 0x31, 0xe8, 0x31, 0xe8, 0x31,
  0xe8, 0x31, 0xe8, 0x31, 0xe8, 0x31, 0xe9, 0x31, 0xe9, 0x31, 0xe9, 0x31, 0xe9, 0x31, 0xe9, 0x29, 0xe8, 0x31, 0xe9, 0x31, 0xe9, 0x29, 0xe9, 0x31,
  0x88, 0x52, 0x88, 0x52, 0x88, 0x52, 0x88, 0x52, 0x88, 0x52, 0x88, 0x52, 0x88, 0x52, 0x88, 0x52, 0x68, 0x52, 0x68, 0x52, 0x88, 0x52, 0x68, 0x52,
  0x88, 0x52, 0x68, 0x52, 0x88, 0x52, 0x68, 0x52, 0x68, 0x52, 0x68, 0x52, 0x68, 0x52, 0x68, 0x52, 0x68, 0x52, 0x68, 0x52, 0x68, 0x52, 0x68, 0x52,
  0x68, 0x52, 0x68, 0x52, 0x68, 0x52, 0x68, 0x52, 0x68, 0x52, 0x68, 0x52, 0x68, 0x52, 0x68, 0x52, 0x68, 0x52, 0x88, 0x52, 0x68, 0x52, 0x68, 0x52,
  0x68, 0x52, 0x68, 0x52, 0x68, 0x52, 0x68, 0x52, 0x68, 0x52, 0x68, 0x52, 0x68, 0x52, 0x68, 0x52, 0x68, 0x52, 0x68, 0x52, 0x68, 0x52, 0x68, 0x52,
  0x68, 0x52, 0x68, 0x52, 0x68, 0x52, 0x67, 0x52, 0x67, 0x52, 0x67, 0x52, 0x67, 0x52, 0x67, 0x52, 0x67, 0x52, 0x67, 0x52, 0x68, 0x52, 0x68, 0x52,
  0x68, 0x52, 0x47, 0x52, 0x67, 0x52, 0x67, 0x52, 0xa7, 0x7d, 0xa9, 0x9f, 0xa9, 0x9f, 0xc9, 0x9f, 0xa9, 0x9f, 0xa9, 0x9f, 0xa9, 0x9f, 0xc9, 0x9f,
  0xc9, 0x9f, 0xc9, 0x9f, 0xc9, 0x9f, 0xc9, 0x9f, 0xc9, 0x9f, 0xc9, 0x9f, 0xc9, 0x9f, 0xc9, 0x9f, 0xc9, 0x9f, 0xc9, 0x9f, 0xc9, 0x9f, 0xc9, 0x9f,
  0xc9, 0x9f, 0xc9, 0x9f, 0xc9, 0x9f, 0xc9, 0x9f, 0xc9, 0x9f, 0xc9, 0x9f, 0xc9, 0x9f, 0xc9, 0x9f, 0xc9, 0x9f, 0xc9, 0x9f, 0xc9, 0x9f, 0xc9, 0x9f,
  0xc9, 0x9f, 0xc9, 0x9f, 0xc9, 0x9f, 0xc9, 0x9f, 0xc9, 0x9f, 0xc9, 0x9f, 0xc9, 0x9f, 0xc9, 0x9f, 0xc9, 0x9f, 0xc9, 0x9f, 0xc9, 0x9f, 0xc9, 0x9f,
  0xc9, 0x9f, 0xc9, 0x9f, 0xc9, 0x9f, 0xc9, 0x9f, 0xc9, 0x9f, 0xc9, 0x9f, 0xc9, 0x9f, 0xc9, 0x9f, 0xc9, 0x9f, 0xc9, 0x9f, 0xc9, 0x9f, 0xc9, 0x9f,
  0xc9, 0x9f, 0xc9, 0x9f, 0xc9, 0x9f, 0xc9, 0x9f, 0xc9, 0x9f, 0xc9, 0x9f, 0xc9, 0x9f, 0xc9, 0x9f, 0xc9, 0x9f, 0xc9, 0x9f, 0xc9, 0x9f, 0xc9, 0x9f,
  0xc9, 0x9f, 0xc9, 0x9f, 0xc9, 0x9f, 0xc9, 0x9f, 0xc9, 0x9f, 0xc9, 0x9f, 0xc9, 0x9f, 0xc9, 0x9f, 0xc9, 0x9f, 0xc9, 0x9f, 0xc9, 0x9f, 0xc9, 0x9f,
  0xc9, 0x9f, 0xc9, 0x9f, 0xc9, 0x9f, 0xc9, 0x9f, 0xc9, 0x9f, 0xc9, 0x9f, 0xc9, 0x9f, 0xc9, 0x9f, 0xc9, 0x9f, 0xc9, 0x9f, 0xc9, 0x9f, 0xc9, 0x9f,
  0xc9, 0x9f, 0xc9, 0x9f, 0xc9, 0x9f, 0xc9, 0x9f, 0xc9, 0x9f, 0xc9, 0x9f, 0xc9, 0x9f, 0xc9, 0x9f, 0xc9, 0x9f, 0xc9, 0x9f, 0xc9, 0x9f, 0xc9, 0x9f,
  0xc9, 0x9f, 0xc9, 0x9f, 0xc9, 0x9f, 0xc9, 0x9f, 0xc9, 0x9f, 0xc9, 0x9f, 0xc9, 0x9f, 0xc9, 0x9f, 0xc9, 0x9f, 0xc9, 0x9f, 0xc9, 0x9f, 0xc9, 0x9f,
  0xc9, 0x9f, 0xc9, 0x9f, 0xc9, 0x9f, 0xc9, 0x9f, 0xc9, 0x9f, 0xc9, 0x9f, 0xc9, 0x9f, 0xc9, 0x9f, 0xc9, 0x9f, 0xc9, 0x9f, 0xc9, 0x9f, 0xc9, 0x9f,
  0xc9, 0x9f, 0xc9, 0x9f, 0xc9, 0x9f, 0xc9, 0x9f, 0xc9, 0x9f, 0xc9, 0x9f, 0xc9, 0x9f, 0xc9, 0x9f, 0xc9, 0x9f, 0xc9, 0x9f, 0xc9, 0x9f, 0xc9, 0x9f,
  0xc9, 0x9f, 0xc9, 0x9f, 0xc9, 0x9f, 0xc9, 0x9f, 0xc9, 0x9f, 0xa9, 0x9f, 0xc9, 0x9f, 0xa9, 0x9f, 0xa9, 0x9f, 0xa9, 0x9f, 0xa9, 0x9f, 0x87, 0x75,
  0x08, 0x32, 0xe8, 0x31, 0xe8, 0x31, 0xe8, 0x31, 0xe8, 0x31, 0xe8, 0x31, 0xe8, 0x31, 0x08, 0x32, 0xe8, 0x31, 0xe8, 0x31, 0xe8, 0x31, 0xe8, 0x31,
  0xe8, 0x31, 0x08, 0x32, 0xe8, 0x31, 0xe8, 0x31, 0xe8, 0x31, 0xe8, 0x31, 0xe8, 0x31, 0xe8, 0x31, 0xe8, 0x31, 0xe8, 0x31, 0xe8, 0x31, 0xe8, 0x31,
  0xe8, 0x31, 0xe8, 0x31, 0xe8, 0x31, 0xe8, 0x31, 0xe8, 0x31, 0xe8, 0x31, 0xe8, 0x31, 0xe8, 0x31, 0xe8, 0x31, 0xe8, 0x31, 0xe8, 0x31, 0xe9, 0x31,
  0xe8, 0x31, 0xe9, 0x31, 0xe8, 0x31, 0xe8, 0x31, 0xe8, 0x31, 0xe8, 0x31, 0xe9, 0x31, 0xe8, 0x31, 0xe8, 0x31, 0xe8, 0x31, 0xe9, 0x31, 0xe9, 0x31,
  0xe8, 0x31, 0xe8, 0x31, 0xe9, 0x31, 0xe8, 0x31, 0xe9, 0x31, 0xe8, 0x31, 0xe9, 0x31, 0xe9, 0x31, 0xe9, 0x31, 0xe9, 0x31, 0xe9, 0x31, 0xe9, 0x29,
  0x88, 0x52, 0x88, 0x52, 0x88, 0x52, 0x68, 0x52, 0x88, 0x52, 0x68, 0x52, 0x88, 0x52, 0x68, 0x52, 0x68, 0x52, 0x88, 0x52, 0x68, 0x52, 0x88, 0x52,
  0x68, 0x52, 0x88, 0x52, 0x68, 0x52, 0x68, 0x52, 0x68, 0x52, 0x68, 0x52, 0x68, 0x52, 0x68, 0x52, 0x68, 0x52, 0x68, 0x52, 0x68, 0x52, 0x68, 0x52,
  0x68, 0x52, 0x68, 0x52, 0x68, 0x52, 0x68, 0x52, 0x68, 0x52, 0x68, 0x52, 0x68, 0x52, 0x68, 0x52, 0x68, 0x52, 0x88, 0x52, 0x68, 0x52, 0x68, 0x52,
  0x68, 0x52, 0x68, 0x52, 0x68, 0x52, 0x68, 0x52, 0x68, 0x52, 0x68, 0x52, 0x67, 0x52, 0x68, 0x52, 0x68, 0x52, 0x68, 0x52, 0x68, 0x52, 0x68, 0x52,
  0x67, 0x52, 0x68, 0x52, 0x67, 0x52, 0x68, 0x52, 0x67, 0x52, 0x67, 0x52, 0x67, 0x52, 0x67, 0x52, 0x68, 0x52, 0x68, 0x52, 0x67, 0x52, 0x67, 0x52,
  0x67, 0x52, 0x68, 0x52, 0x87, 0x52, 0x07, 0x86, 0xa9, 0x9f, 0xa9, 0x9f, 0xa9, 0x9f, 0xa9, 0x9f, 0xa9, 0x9f, 0xa9, 0x9f, 0xa9, 0x9f, 0xa9, 0x9f,
  0xa9, 0x9f, 0xa9, 0x9f, 0xa9, 0x9f, 0xa9, 0x9f, 0xa9, 0x9f, 0xa9, 0x9f, 0xa9, 0x9f, 0xa9, 0x9f, 0xa9, 0x9f, 0xa9, 0x9f, 0xa9, 0x9f, 0xa9, 0x9f,
  0xa9, 0x9f, 0xa9, 0x9f, 0xa9, 0x9f, 0xa9, 0x9f, 0xa9, 0x9f, 0xa9, 0x9f, 0xa9, 0x9f, 0xa9, 0x9f, 0xa9, 0x9f, 0xa9, 0x9f, 0xa9, 0x9f, 0xa9, 0x9f,
  0xa9, 0x9f, 0xa9, 0x9f, 0xa9, 0x9f, 0xa9, 0x9f, 0xa9, 0x9f, 0xa9, 0x9f, 0xa9, 0x9f, 0xa9, 0x9f, 0xa9, 0x9f, 0xa9, 0x9f, 0xa9, 0x9f, 0xa9, 0x9f,
  0xa9, 0x9f, 0xa9, 0x9f, 0xa9, 0x9f, 0xa9, 0x9f, 0xa9, 0x9f, 0xa9, 0x9f, 0xa9, 0x9f, 0xa9, 0x9f, 0xa9, 0x9f, 0xa9, 0x9f, 0xa9, 0x9f, 0xa9, 0x9f,
  0xa9, 0x9f, 0xa9, 0x9f, 0xa9, 0x9f, 0xa9, 0x9f, 0xa9, 0x9f, 0xa9, 0x9f, 0xa9, 0x9f, 0xa9, 0x9f, 0xa9, 0x9f, 0xa9, 0x9f, 0xa9, 0x9f, 0xa9, 0x9f,
  0xa9, 0x9f, 0xa9, 0x9f, 0xa9, 0x9f, 0xa9, 0x9f, 0xa9, 0x9f, 0xa9, 0x9f, 0xa9, 0x9f, 0xa9, 0x9f, 0xa9, 0x9f, 0xa9, 0x9f, 0xa9, 0x9f, 0xa9, 0x9f,
  0xa9, 0x9f, 0xa9, 0x9f, 0xa9, 0x9f, 0xa9, 0x9f, 0xa9, 0x9f, 0xa9, 0x9f, 0xa9, 0x9f, 0xa9, 0x9f, 0xa9, 0x9f, 0xa9, 0x9f, 0xa9, 0x9f, 0xa9, 0x9f,
  0xa9, 0x9f, 0xa9, 0x9f, 0xa9, 0x9f, 0xa9, 0x9f, 0xa9, 0x9f, 0xa9, 0x9f, 0xa9, 0x9f, 0xa9, 0x9f, 0xa9, 0x9f, 0xa9, 0x9f, 0xa9, 0x9f, 0xa9, 0x9f,
  0xa9, 0x9f, 0xa9, 0x9f, 0xa9, 0x9f, 0xa9, 0x9f, 0xa9, 0x9f, 0xa9, 0x9f, 0xa9, 0x9f, 0xa9, 0x9f, 0xa9, 0x9f, 0xa9, 0x9f, 0xa9, 0x9f, 0xa9, 0x9f,
  0xa9, 0x9f, 0xa9, 0x9f, 0xa9, 0x9f, 0xa9, 0x9f, 0xa9, 0x9f, 0xa9, 0x9f, 0xa9, 0x9f, 0xa9, 0x9f, 0xa9, 0x9f, 0xa9, 0x9f, 0xa9, 0x9f, 0xa9, 0x9f,
  0xa9, 0x9f, 0xa9, 0x9f, 0xa9, 0x9f, 0xa9, 0x9f, 0xa9, 0x9f, 0xa9, 0x9f, 0xa9, 0x9f, 0xa9, 0x9f, 0xa9, 0x9f, 0xa9, 0x9f, 0xa9, 0x9f, 0xa9, 0x9f,
  0xa9, 0x9f, 0xa9, 0x9f, 0xa9, 0x9f, 0xa9, 0x9f, 0xa9, 0x9f, 0xa9, 0x9f, 0xa9, 0x9f, 0xa9, 0x9f, 0xa9, 0x9f, 0xa9, 0x9f, 0xa9, 0x9f, 0xa9, 0x9f,
  0x07, 0x7e, 0x28, 0x3a, 0xe8, 0x31, 0x08, 0x32, 0xe8, 0x31, 0xe8, 0x31, 0xe8, 0x31, 0xe8, 0x31, 0xe8, 0x31, 0xe8, 0x31, 0xe8, 0x31, 0xe8, 0x31,
  0xe8, 0x31, 0xe8, 0x31, 0xe8, 0x31, 0xe8, 0x31, 0xe8, 0x31, 0xe8, 0x31, 0xe8, 0x31, 0xe8, 0x31, 0xe8, 0x31, 0xe8, 0x31, 0xe8, 0x31, 0xe8, 0x31,
  0xe8, 0x31, 0xe8, 0x31, 0xe8, 0x31, 0xe8, 0x31, 0xe8, 0x31, 0xe9, 0x31, 0xe9, 0x31, 0xe8, 0x31, 0xe8, 0x31, 0xe8, 0x31, 0xe8, 0x31, 0xe8, 0x31,
  0xe8, 0x31, 0xe8, 0x31, 0xe8, 0x31, 0xe8, 0x31, 0xe8, 0x31, 0xe8, 0x31, 0xe8, 0x31, 0xe8, 0x31, 0xe9, 0x31, 0xe8, 0x31, 0xe9, 0x31, 0xe9, 0x31,
  0xe9, 0x31, 0xe9, 0x31, 0xe8, 0x31, 0xe9, 0x31, 0xe9, 0x31, 0xe9, 0x31, 0xe9, 0x31, 0xe9, 0x29, 0xe9, 0x31, 0xe9, 0x31, 0xe9, 0x31, 0xe9, 0x31,
  0x88, 0x52, 0x68, 0x52, 0x68, 0x52, 0x88, 0x52, 0x88, 0x52, 0x88, 0x52, 0x68, 0x52, 0x68, 0x52, 0x88, 0x52, 0x68, 0x52, 0x88, 0x52, 0x68, 0x52,
  0x88, 0x52, 0x88, 0x52, 0x68, 0x52, 0x88, 0x52, 0x68, 0x52, 0x68, 0x52, 0x68, 0x52, 0x68, 0x52, 0x68, 0x52, 0x68, 0x52, 0x68, 0x52, 0x68, 0x52,
  0x68, 0x52, 0x68, 0x52, 0x68, 0x52, 0x68, 0x52, 0x68, 0x52, 0x68, 0x52, 0x68, 0x52, 0x68, 0x52, 0x68, 0x52, 0x68, 0x52, 0x68, 0x52, 0x68, 0x52,
  0x68, 0x52, 0x68, 0x52, 0x68, 0x52, 0x68, 0x52, 0x68, 0x52, 0x67, 0x52, 0x68, 0x52, 0x68, 0x52, 0x88, 0x52, 0x68, 0x52, 0x67, 0x52, 0x68, 0x52,
  0x68, 0x52, 0x68, 0x52, 0x68, 0x52, 0x68, 0x52, 0x68, 0x52, 0x67, 0x52, 0x68, 0x52, 0x67, 0x52, 0x67, 0x52, 0x68, 0x52, 0x68, 0x52, 0x68, 0x52,
  0x68, 0x52, 0xc7, 0x52, 0x88, 0x8e, 0xa9, 0x9f, 0xa9, 0x9f, 0xa9, 0x9f, 0xa9, 0x9f, 0xa9, 0x9f, 0xa9, 0x9f, 0xa9, 0x9f, 0xa9, 0x9f, 0xa9, 0x9f,
  0xa9, 0x9f, 0xa9, 0x9f, 0xa9, 0x9f, 0xa9, 0x9f, 0xa9, 0x9f, 0xa9, 0x9f, 0xa9, 0x9f, 0xa9, 0x9f, 0xa9, 0x9f, 0xa9, 0x9f, 0xa9, 0x9f, 0xa9, 0x9f,
  0xa9, 0x9f, 0xa9, 0x9f, 0xa9, 0x9f, 0xa9, 0x9f, 0xa9, 0x9f, 0xa9, 0x9f, 0xa9, 0x9f, 0xa9, 0x9f, 0xa9, 0x9f, 0xa9, 0x9f, 0xa9, 0x9f, 0xa9, 0x9f,
  0xa9, 0x9f, 0xa9, 0x9f, 0xa9, 0x9f, 0xa9, 0x9f, 0xa9, 0x9f, 0xa9, 0x9f, 0xa9, 0x9f, 0xa9, 0x9f, 0xa9, 0x9f, 0xa9, 0x9f, 0xa9, 0x9f, 0xa9, 0x9f,
  0xa9, 0x9f, 0xa9, 0x9f, 0xa9, 0x9f, 0xa9, 0x9f, 0xa9, 0x9f, 0xa9, 0x9f, 0xa9, 0x9f, 0xa9, 0x9f, 0xa9, 0x9f, 0xa9, 0x9f, 0xa9, 0x9f, 0xa9, 0x9f,
  0xa9, 0x9f, 0xa9, 0x9f, 0xa9, 0x9f, 0xa9, 0x9f, 0xa9, 0x9f, 0xa9, 0x9f, 0xa9, 0x9f, 0xa9, 0x9f, 0xa9, 0x9f, 0xa9, 0x9f, 0xa9, 0x9f, 0xa9, 0x9f,
  0xa9, 0x9f, 0xa9, 0x9f, 0xa9, 0x9f, 0xa9, 0x9f, 0xa9, 0x9f, 0xa9, 0x9f, 0xa9, 0x9f, 0xa9, 0x9f, 0xa9, 0x9f, 0xa9, 0x9f, 0xa9, 0x9f, 0xa9, 0x9f,
  0xa9, 0x9f, 0xa9, 0x9f, 0xa9, 0x9f, 0xa9, 0x9f, 0xa9, 0x9f, 0xa9, 0x9f, 0xa9, 0x9f, 0xa9, 0x9f, 0xa9, 0x9f, 0xa9, 0x9f, 0xa9, 0x9f, 0xa9, 0x9f,
  0xa9, 0x9f, 0xa9, 0x9f, 0xa9, 0x9f, 0xa9, 0x9f, 0xa9, 0x9f, 0xa9, 0x9f, 0xa9, 0x9f, 0xa9, 0x9f, 0xa9, 0x9f, 0xa9, 0x9f, 0xa9, 0x9f, 0xa9, 0x9f,
  0xa9, 0x9f, 0xa9, 0x9f, 0xa9, 0x9f, 0xa9, 0x9f, 0xa9, 0x9f, 0xa9, 0x9f, 0xa9, 0x9f, 0xa9, 0x9f, 0xa9, 0x9f, 0xa9, 0x9f, 0xa9, 0x9f, 0xa9, 0x9f,
  0xa9, 0x9f, 0xa9, 0x9f, 0xa9, 0x9f, 0xa9, 0x9f, 0xa9, 0x9f, 0xa9, 0x9f, 0xa9, 0x9f, 0xa9, 0x9f, 0xa9, 0x9f, 0xa9, 0x9f, 0xa9, 0x9f, 0xa9, 0x9f,
  0xa9, 0x9f, 0xa9, 0x9f, 0xa9, 0x9f, 0xa9, 0x9f, 0xa9, 0x9f, 0xa9, 0x9f, 0xa9, 0x9f, 0xa9, 0x9f, 0xa9, 0x9f, 0xa9, 0x9f, 0xa9, 0x9f, 0xa9, 0x9f,
  0xa9, 0x9f, 0xa9, 0x9f, 0xa9, 0x9f, 0xa9, 0x9f, 0xa9, 0x9f, 0xa9, 0x9f, 0xa9, 0x9f, 0xa9, 0x9f, 0xa9, 0x9f, 0xa9, 0x9f, 0xa9, 0x9f, 0xa9, 0x9f,
  0xa9, 0x9f, 0x68, 0x86, 0x67, 0x3a, 0xe8, 0x31, 0xe8, 0x31, 0xe8, 0x31, 0xe8, 0x31, 0xe8, 0x31, 0xe8, 0x31, 0xe8, 0x31, 0xe8, 0x31, 0xe8, 0x31,
  0xe8, 0x31, 0xe8, 0x31, 0x08, 0x32, 0xe8, 0x31, 0xe8, 0x31, 0xe8, 0x31, 0x08, 0x32, 0xe8, 0x31, 0xe8, 0x31, 0xe8, 0x31, 0xe8, 0x31, 0xe8, 0x31,
  0xe9, 0x31, 0xe8, 0x31, 0xe9, 0x31, 0xe8, 0x31, 0xe8, 0x31, 0xe8, 0x31, 0xe8, 0x31, 0xe8, 0x31, 0xe8, 0x31, 0xe8, 0x31, 0xe8, 0x31, 0xe8, 0x31,
  0xe8, 0x31, 0xe9, 0x31, 0xe8, 0x31, 0xe8, 0x31, 0xe9, 0x31, 0xe8, 0x31, 0xe8, 0x31, 0xe8, 0x31, 0x09, 0x32, 0xe9, 0x31, 0xe8, 0x31, 0xe9, 0x31,
  0xe8, 0x31, 0xe9, 0x29, 0xe9, 0x31, 0xe9, 0x31, 0xe9, 0x31, 0xe9, 0x31, 0xe9, 0x31, 0xe9, 0x31, 0xe9, 0x31, 0xe9, 0x31, 0xe9, 0x29, 0xe9, 0x29,
  0x88, 0x52, 0x68, 0x52, 0x88, 0x52, 0x68, 0x52, 0x88, 0x52, 0x68, 0x52, 0x88, 0x52, 0x68, 0x52, 0x68, 0x52, 0x88, 0x52, 0x68, 0x52, 0x68, 0x52,
  0x88, 0x52, 0x68, 0x52, 0x88, 0x52, 0x68, 0x52, 0x68, 0x52, 0x68, 0x52, 0x68, 0x52, 0x68, 0x52, 0x68, 0x52, 0x68, 0x52, 0x68, 0x52, 0x68, 0x52,
  0x68, 0x52, 0x68, 0x52, 0x68, 0x52, 0x68, 0x52, 0x68, 0x52, 0x68, 0x52, 0x68, 0x52, 0x68, 0x52, 0x68, 0x52, 0x68, 0x52, 0x68, 0x52, 0x68, 0x52,
  0x68, 0x52, 0x68, 0x52, 0x88, 0x52, 0x68, 0x52, 0x68, 0x52, 0x68, 0x52, 0x68, 0x52, 0x68, 0x52, 0x67, 0x52, 0x68, 0x52, 0x68, 0x52, 0x68, 0x52,
  0x68, 0x52, 0x68, 0x52, 0x67, 0x52, 0x67, 0x52, 0x68, 0x52, 0x68, 0x52, 0x67, 0x52, 0x68, 0x52, 0x68, 0x52, 0x67, 0x52, 0x67, 0x52, 0x67, 0x52,
  0x87, 0x52, 0x88, 0x8e, 0xa9, 0x9f, 0xa8, 0x9f, 0xa9, 0x9f, 0xa9, 0x9f, 0xa9, 0x9f, 0xa9, 0x9f, 0xa9, 0x9f, 0xa9, 0x9f, 0xa9, 0x97, 0xa9, 0x9f,
  0xa9, 0x9f, 0xa9, 0x9f, 0xa9, 0x9f, 0xa9, 0x9f, 0xa9, 0x9f, 0xa9, 0x9f, 0xa9, 0x9f, 0xa9, 0x9f, 0xa9, 0x9f, 0xa9, 0x9f, 0xa9, 0x9f, 0xa9, 0x9f,
  0xa9, 0x9f, 0xa9, 0x9f, 0xa9, 0x9f, 0xa9, 0x9f, 0xa9, 0x9f, 0xa9, 0x9f, 0xa9, 0x9f, 0xa9, 0x9f, 0xa9, 0x9f, 0xa9, 0x9f, 0xa9, 0x9f, 0xa9, 0x9f,
  0xa9, 0x9f, 0xa9, 0x9f, 0xa9, 0x9f, 0xa9, 0x9f, 0xa9, 0x9f, 0xa9, 0x9f, 0xa9, 0x9f, 0xa9, 0x9f, 0xa9, 0x9f, 0xa9, 0x9f, 0xa9, 0x9f, 0xa9, 0x9f,
  0xa9, 0x9f, 0xa9, 0x9f, 0xa9, 0x9f, 0xa9, 0x9f, 0xa9, 0x9f, 0xa9, 0x9f, 0xa9, 0x9f, 0xa9, 0x9f, 0xa9, 0x9f, 0xa9, 0x9f, 0xa9, 0x9f, 0xa9, 0x9f,
  0xa9, 0x9f, 0xa9, 0x9f, 0xa9, 0x9f, 0xa9, 0x9f, 0xa9, 0x9f, 0xa9, 0x9f, 0xa9, 0x9f, 0xa9, 0x9f, 0xa9, 0x9f, 0xa9, 0x9f, 0xa9, 0x9f, 0xa9, 0x9f,
  0xa9, 0x9f, 0xa9, 0x9f, 0xa9, 0x9f, 0xa9, 0x9f, 0xa9, 0x9f, 0xa9, 0x9f, 0xa9, 0x9f, 0xa9, 0x9f, 0xa9, 0x9f, 0xa9, 0x9f, 0xa9, 0x9f, 0xa9, 0x9f,
  0xa9, 0x9f, 0xa9, 0x9f, 0xa9, 0x9f, 0xa9, 0x9f, 0xa9, 0x9f, 0xa9, 0x9f, 0xa9, 0x9f, 0xa9, 0x9f, 0xa9, 0x9f, 0xa9, 0x9f, 0xa9, 0x9f, 0xa9, 0x9f,
  0xa9, 0x9f, 0xa9, 0x9f, 0xa9, 0x9f, 0xa9, 0x9f, 0xa9, 0x9f, 0xa9, 0x9f, 0xa9, 0x9f, 0xa9, 0x9f, 0xa9, 0x9f, 0xa9, 0x9f, 0xa9, 0x9f, 0xa9, 0x9f,
  0xa9, 0x9f, 0xa9, 0x9f, 0xa9, 0x9f, 0xa9, 0x9f, 0xa9, 0x9f, 0xa9, 0x9f, 0xa9, 0x9f, 0xa9, 0x9f, 0xa9, 0x9f, 0xa9, 0x9f, 0xa9, 0x9f, 0xa9, 0x9f,
  0xa9, 0x9f, 0xa9, 0x9f, 0xa9, 0x9f, 0xa9, 0x9f, 0xa9, 0x9f, 0xa9, 0x9f, 0xa9, 0x9f, 0xa9, 0x9f, 0xa9, 0x9f, 0xa9, 0x9f, 0xa9, 0x9f, 0xa9, 0x9f,
  0xa9, 0x9f, 0xa9, 0x9f, 0xa9, 0x9f, 0xa9, 0x9f, 0xa9, 0x9f, 0xa9, 0x9f, 0xa9, 0x9f, 0xa9, 0x9f, 0xa9, 0x9f, 0xa9, 0x9f, 0xa9, 0x9f, 0xa9, 0x9f,
  0xa9, 0x9f, 0xa9, 0x9f, 0xa9, 0x9f, 0xa9, 0x9f, 0xa8, 0x97, 0xa9, 0x9f, 0xa9, 0x9f, 0xa8, 0x9f, 0xa9, 0x9f, 0xa9, 0x9f, 0xa9, 0x9f, 0xa9, 0x9f,
  0xa9, 0x9f, 0xa9, 0x9f, 0x68, 0x86, 0x28, 0x3a, 0xe8, 0x31, 0xe8, 0x31, 0x08, 0x32, 0xe8, 0x31, 0xe8, 0x31, 0xe8, 0x31, 0xe8, 0x31, 0xe8, 0x31,
  0xe8, 0x31, 0xe8, 0x31, 0xe8, 0x31, 0x08, 0x32, 0xe8, 0x31, 0x08, 0x32, 0xe8, 0x31, 0xe8, 0x31, 0xe9, 0x31, 0xe8, 0x31, 0xe8, 0x31, 0xe8, 0x31,
  0x08, 0x32, 0xe8, 0x31, 0xe8, 0x31, 0xe8, 0x31, 0xe8, 0x31, 0xe8, 0x31, 0xe8, 0x31, 0x09, 0x32, 0xe8, 0x31, 0xe8, 0x31, 0x09, 0x32, 0x09, 0x32,
  0xe8, 0x31, 0xe8, 0x31, 0xe9, 0x31, 0xe8, 0x31, 0xe8, 0x31, 0xe8, 0x31, 0xe8, 0x31, 0xe9, 0x31, 0xe9, 0x31, 0xe9, 0x31, 0xe9, 0x31, 0xe9, 0x31,
  0xe9, 0x31, 0xe9, 0x31, 0xe8, 0x31, 0xe8, 0x31, 0xe9, 0x31, 0xe9, 0x31, 0xe9, 0x31, 0xe9, 0x31, 0xe9, 0x31, 0xe9, 0x29, 0xe9, 0x31, 0xe9, 0x31,
  0x88, 0x52, 0x88, 0x52, 0x68, 0x52, 0x88, 0x52, 0x68, 0x52, 0x88, 0x52, 0x88, 0x52, 0x68, 0x52, 0x68, 0x52, 0x88, 0x52, 0x88, 0x52, 0x68, 0x52,
  0x68, 0x52, 0x88, 0x52, 0x68, 0x52, 0x68, 0x52, 0x68, 0x52, 0x88, 0x52, 0x68, 0x52, 0x68, 0x52, 0x68, 0x52, 0x68, 0x52, 0x68, 0x52, 0x68, 0x52,
  0x68, 0x52, 0x68, 0x52, 0x68, 0x52, 0x88, 0x52, 0x68, 0x52, 0x68, 0x52, 0x68, 0x52, 0x68, 0x52, 0x68, 0x52, 0x68, 0x52, 0x68, 0x52, 0x68, 0x52,
  0x68, 0x52, 0x68, 0x52, 0x68, 0x52, 0x68, 0x52, 0x68, 0x52, 0x68, 0x52, 0x68, 0x52, 0x67, 0x52, 0x68, 0x52, 0x68, 0x52, 0x68, 0x52, 0x68, 0x52,
  0x68, 0x52, 0x68, 0x52, 0x68, 0x52, 0x68, 0x52, 0x67, 0x52, 0x67, 0x52, 0x68, 0x52, 0x67, 0x52, 0x67, 0x52, 0x67, 0x52, 0x68, 0x52, 0x87, 0x52,
  0x07, 0x86, 0xa9, 0x9f, 0xa9, 0x9f, 0xa9, 0x9f, 0xa9, 0x9f, 0xa9, 0x9f, 0xa9, 0x9f, 0xa9, 0x9f, 0xa9, 0x9f, 0xa9, 0x9f, 0xa9, 0x9f, 0xa9, 0x9f,
  0xa9, 0x9f, 0xa9, 0x9f, 0xa9, 0x9f, 0xa9, 0x9f, 0xa9, 0x9f, 0xa9, 0x9f, 0xa9, 0x9f, 0xa9, 0x9f, 0xa9, 0x9f, 0xa9, 0x9f, 0xa9, 0x9f, 0xa9, 0x9f,
  0xa9, 0x9f, 0xa9, 0x9f, 0xa9, 0x9f, 0xa9, 0x9f, 0xa9, 0x9f, 0xa9, 0x9f, 0xa9, 0x9f, 0xa9, 0x9f, 0xa9, 0x9f, 0xa9, 0x9f, 0xa9, 0x9f, 0xa9, 0x9f,
  0xa9, 0x9f, 0xa9, 0x9f, 0xa9, 0x9f, 0xa9, 0x9f, 0xa9, 0x9f, 0xa9, 0x9f, 0xa9, 0x9f, 0xa9, 0x9f, 0xa9, 0x9f, 0xa9, 0x9f, 0xa9, 0x9f, 0xa9, 0x9f,
  0xa9, 0x9f, 0xa9, 0x9f, 0xa9, 0x9f, 0xa9, 0x9f, 0xa9, 0x9f, 0xa9, 0x9f, 0xa9, 0x9f, 0xa9, 0x9f, 0xa9, 0x9f, 0xa9, 0x9f, 0xa9, 0x9f, 0xa9, 0x9f,
  0xa9, 0x9f, 0xa9, 0x9f, 0xa9, 0x9f, 0xa9, 0x9f, 0xa9, 0x9f, 0xa9, 0x9f, 0xa9, 0x9f, 0xa9, 0x9f, 0xa9, 0x9f, 0xa9, 0x9f, 0xa9, 0x9f, 0xa9, 0x9f,
  0xa9, 0x9f, 0xa9, 0x9f, 0xa9, 0x9f, 0xa9, 0x9f, 0xa9, 0x9f, 0xa9, 0x9f, 0xa9, 0x9f, 0xa9, 0x9f, 0xa9, 0x9f, 0xa9, 0x9f, 0xa9, 0x9f, 0xa9, 0x9f,
  0xa9, 0x9f, 0xa9, 0x9f, 0xa9, 0x9f, 0xa9, 0x9f, 0xa9, 0x9f, 0xa9, 0x9f, 0xa9, 0x9f, 0xa9, 0x9f, 0xa9, 0x9f, 0xa9, 0x9f, 0xa9, 0x9f, 0xa9, 0x9f,
  0xa9, 0x9f, 0xa9, 0x9f, 0xa9, 0x9f, 0xa9, 0x9f, 0xa9, 0x9f, 0xa9, 0x9f, 0xa9, 0x9f, 0xa9, 0x9f, 0xa9, 0x9f, 0xa9, 0x9f, 0xa9, 0x9f, 0xa9, 0x9f,
  0xa9, 0x9f, 0xa9, 0x9f, 0xa9, 0x9f, 0xa9, 0x9f, 0xa9, 0x9f, 0xa9, 0x9f, 0xa9, 0x9f, 0xa9, 0x9f, 0xa9, 0x9f, 0xa9, 0x9f, 0xa9, 0x9f, 0xa9, 0x9f,
  0xa9, 0x9f, 0xa9, 0x9f, 0xa9, 0x9f, 0xa9, 0x9f, 0xa9, 0x9f, 0xa9, 0x9f, 0xa9, 0x9f, 0xa9, 0x9f, 0xa9, 0x9f, 0xa9, 0x9f, 0xa9, 0x9f, 0xa9, 0x9f,
  0xa9, 0x9f, 0xa9, 0x9f, 0xa9, 0x9f, 0xa9, 0x9f, 0xa9, 0x9f, 0xa9, 0x9f, 0xa9, 0x9f, 0xa9, 0x9f, 0xa9, 0x9f, 0xa9, 0x9f, 0xa9, 0x9f, 0xa9, 0x9f,
  0xa9, 0x9f, 0xa9, 0x9f, 0xa9, 0x9f, 0xa9, 0x9f, 0xa9, 0x9f, 0xa9, 0x9f, 0xa9, 0x9f, 0xa9, 0x9f, 0xa9, 0x9f, 0xa9, 0x9f, 0xa9, 0x9f, 0xa9, 0x9f,
  0xa9, 0x9f, 0xa9, 0x9f, 0xa9, 0x9f, 0xe7, 0x7d, 0x08, 0x32, 0x08, 0x32, 0x08, 0x32, 0xe8, 0x31, 0xe8, 0x31, 0xe8, 0x31, 0x08, 0x32, 0xe9, 0x31,
  0xe8, 0x31, 0xe8, 0x31, 0xe8, 0x31, 0xe8, 0x31, 0xe8, 0x31, 0xe8, 0x31, 0x08, 0x32, 0xe8, 0x31, 0xe8, 0x31, 0xe8, 0x31, 0xe8, 0x31, 0xe9, 0x31,
  0xe9, 0x31, 0x09, 0x32, 0xe8, 0x31, 0x09, 0x32, 0xe8, 0x31, 0xe8, 0x31, 0xe8, 0x29, 0xe8, 0x31, 0xe8, 0x31, 0xe8, 0x31, 0xe8, 0x31, 0xe8, 0x31,
  0xe8, 0x31, 0xe9, 0x31, 0xe8, 0x31, 0xe8, 0x31, 0xe9, 0x31, 0xe8, 0x31, 0xe9, 0x31, 0xe8, 0x31, 0x09, 0x32, 0xe9, 0x31, 0xe9, 0x31, 0x09, 0x2a,
  0xe9, 0x31, 0xe9, 0x31, 0xe9, 0x31, 0xe9, 0x31, 0xe9, 0x31, 0xe9, 0x31, 0xe9, 0x31, 0xe9, 0x31, 0xe9, 0x29, 0xe9, 0x31, 0xe9, 0x31, 0x09, 0x2a,
  0x68, 0x52, 0x88, 0x52, 0x68, 0x52, 0x68, 0x52, 0x88, 0x52, 0x88, 0x52, 0x88, 0x52, 0x88, 0x52, 0x88, 0x52, 0x88, 0x52, 0x68, 0x52, 0x68, 0x52,
  0x88, 0x52, 0x68, 0x52, 0x88, 0x52, 0x88, 0x52, 0x68, 0x52, 0x88, 0x52, 0x68, 0x52, 0x68, 0x52, 0x68, 0x52, 0x68, 0x52, 0x68, 0x52, 0x88, 0x52,
  0x68, 0x52, 0x68, 0x52, 0x68, 0x52, 0x68, 0x52, 0x68, 0x52, 0x68, 0x52, 0x68, 0x52, 0x68, 0x52, 0x68, 0x52, 0x68, 0x52, 0x68, 0x52, 0x68, 0x52,
  0x68, 0x52, 0x68, 0x52, 0x68, 0x52, 0x68, 0x52, 0x68, 0x52, 0x68, 0x52, 0x68, 0x52, 0x68, 0x52, 0x68, 0x52, 0x68, 0x52, 0x68, 0x52, 0x68, 0x52,
  0x68, 0x52, 0x68, 0x52, 0x68, 0x52, 0x68, 0x52, 0x68, 0x52, 0x67, 0x52, 0x67, 0x52, 0x68, 0x52, 0x67, 0x52, 0x68, 0x52, 0x67, 0x52, 0x87, 0x7d,
  0xa9, 0x9f, 0xa9, 0x9f, 0xa9, 0x9f, 0xa9, 0x9f, 0xa9, 0x9f, 0xa9, 0x9f, 0xa9, 0x9f, 0xa9, 0x9f, 0xa9, 0x9f, 0xa9, 0x9f, 0xa9, 0x9f, 0xa9, 0x9f,
  0xa9, 0x9f, 0xa9, 0x9f, 0xa9, 0x9f, 0xa9, 0x9f, 0xa9, 0x9f, 0xa9, 0x9f, 0xa9, 0x9f, 0xa9, 0x9f, 0xa9, 0x9f, 0xa9, 0x9f, 0xa9, 0x9f, 0xa9, 0x9f,
  0xa9, 0x9f, 0xa9, 0x9f, 0xa9, 0x9f, 0xa9, 0x9f, 0xa9, 0x9f, 0xa9, 0x9f, 0xa9, 0x9f, 0xa9, 0x9f, 0xa9, 0x9f, 0xa9, 0x9f, 0xa9, 0x9f, 0xa9, 0x9f,
  0xa9, 0x9f, 0xa9, 0x9f, 0xa9, 0x9f, 0xa9, 0x9f, 0xa9, 0x9f, 0xa9, 0x9f, 0xa9, 0x9f, 0xa9, 0x9f, 0xa9, 0x9f, 0xa9, 0x9f, 0xa9, 0x9f, 0xa9, 0x9f,
  0xa9, 0x9f, 0xa9, 0x9f, 0xa9, 0x9f, 0xa9, 0x9f, 0xa9, 0x9f, 0xa9, 0x9f, 0xa9, 0x9f, 0xa9, 0x9f, 0xa9, 0x9f, 0xa9, 0x9f, 0xa9, 0x9f, 0xa9, 0x9f,
  0xa9, 0x9f, 0xa9, 0x9f, 0xa9, 0x9f, 0xa9, 0x9f, 0xa9, 0x9f, 0xa9, 0x9f, 0xa9, 0x9f, 0xa9, 0x9f, 0xa9, 0x9f, 0xa9, 0x9f, 0xa9, 0x9f, 0xa9, 0x9f,
  0xa9, 0x9f, 0xa9, 0x9f, 0xa9, 0x9f, 0xa9, 0x9f, 0xa9, 0x9f, 0xa9, 0x9f, 0xa9, 0x9f, 0xa9, 0x9f, 0xa9, 0x9f, 0xa9, 0x9f, 0xa9, 0x9f, 0xa9, 0x9f,
  0xa9, 0x9f, 0xa9, 0x9f, 0xa9, 0x9f, 0xa9, 0x9f, 0xa9, 0x9f, 0xa9, 0x9f, 0xa9, 0x9f, 0xa9, 0x9f, 0xa9, 0x9f, 0xa9, 0x9f, 0xa9, 0x9f, 0xa9, 0x9f,
  0xa9, 0x9f, 0xa9, 0x9f, 0xa9, 0x9f, 0xa9, 0x9f, 0xa9, 0x9f, 0xa9, 0x9f, 0xa9, 0x9f, 0xa9, 0x9f, 0xa9, 0x9f, 0xa9, 0x9f, 0xa9, 0x9f, 0xa9, 0x9f,
  0xa9, 0x9f, 0xa9, 0x9f, 0xa9, 0x9f, 0xa9, 0x9f, 0xa9, 0x9f, 0xa9, 0x9f, 0xa9, 0x9f, 0xa9, 0x9f, 0xa9, 0x9f, 0xa9, 0x9f, 0xa9, 0x9f, 0xa9, 0x9f,
  0xa9, 0x9f, 0xa9, 0x9f, 0xa9, 0x9f, 0xa9, 0x9f, 0xa9, 0x9f, 0xa9, 0x9f, 0xa9, 0x9f, 0xa9, 0x9f, 0xa9, 0x9f, 0xa9, 0x9f, 0xa9, 0x9f, 0xa9, 0x9f,
  0xa9, 0x9f, 0xa9, 0x9f, 0xa9, 0x9f, 0xa9, 0x9f, 0xa9, 0x9f, 0xa9, 0x9f, 0xa9, 0x9f, 0xa9, 0x9f, 0xa9, 0x9f, 0xa9, 0x9f, 0xa9, 0x9f, 0xa9, 0x9f,
  0xa9, 0x9f, 0xa9, 0x9f, 0xa9, 0x9f, 0xa9, 0x9f, 0xa9, 0x9f, 0xa9, 0x9f, 0xa9, 0x9f, 0xa9, 0x9f, 0xa9, 0x9f, 0xa9, 0x9f, 0xa9, 0x9f, 0xa9, 0x9f,
  0xa9, 0x9f, 0xa9, 0x9f, 0xa9, 0x9f, 0xa9, 0x9f, 0x67, 0x75, 0xe8, 0x31, 0xe8, 0x31, 0xe8, 0x31, 0xe8, 0x31, 0xe8, 0x31, 0x08, 0x32, 0xe8, 0x31,
  0xe8, 0x31, 0xe8, 0x31, 0x08, 0x32, 0xe8, 0x31, 0x08, 0x32, 0x08, 0x32, 0xe8, 0x31, 0xe8, 0x31, 0x09, 0x32, 0xe8, 0x31, 0xe8, 0x31, 0xe8, 0x31,
  0xe8, 0x31, 0xe8, 0x31, 0xe8, 0x31, 0xe8, 0x31, 0x09, 0x32, 0xe8, 0x31, 0xe9, 0x31, 0xe8, 0x31, 0xe8, 0x31, 0xe9, 0x31, 0xe9, 0x31, 0x09, 0x32,
  0xe9, 0x31, 0xe8, 0x31, 0xe9, 0x31, 0xe9, 0x31, 0xe8, 0x31, 0xe9, 0x31, 0xe8, 0x31, 0xe9, 0x31, 0xe9, 0x31, 0xe9, 0x31, 0xe9, 0x31, 0xe9, 0x31,
  0xe9, 0x31, 0xe9, 0x31, 0xe9, 0x31, 0xe9, 0x29, 0xe9, 0x31, 0xe9, 0x31, 0xe9, 0x31, 0xe9, 0x31, 0xe9, 0x31, 0xe9, 0x29, 0xe9, 0x29, 0xe9, 0x31,
  0x88, 0x52, 0x88, 0x52, 0x68, 0x52, 0x88, 0x52, 0x88, 0x52, 0x88, 0x52, 0x88, 0x52, 0x88, 0x52, 0x68, 0x52, 0x88, 0x52, 0x88, 0x52, 0x68, 0x52,
  0x68, 0x52, 0x68, 0x52, 0x68, 0x52, 0x88, 0x52, 0x88, 0x52, 0x68, 0x52, 0x88, 0x52, 0x88, 0x52, 0x68, 0x52, 0x68, 0x52, 0x68, 0x52, 0x88, 0x52,
  0x68, 0x52, 0x68, 0x52, 0x68, 0x52, 0x68, 0x52, 0x68, 0x52, 0x68, 0x52, 0x68, 0x52, 0x68, 0x52, 0x68, 0x52, 0x68, 0x52, 0x68, 0x52, 0x68, 0x52,
  0x68, 0x52, 0x68, 0x52, 0x68, 0x52, 0x68, 0x52, 0x68, 0x52, 0x68, 0x52, 0x68, 0x52, 0x68, 0x52, 0x68, 0x52, 0x68, 0x52, 0x68, 0x52, 0x68, 0x52,
  0x68, 0x52, 0x68, 0x52, 0x68, 0x52, 0x68, 0x52, 0x68, 0x52, 0x68, 0x52, 0x67, 0x52, 0x68, 0x52, 0x67, 0x52, 0x68, 0x52, 0x67, 0x6c, 0xa9, 0x9f,
  0xa9, 0x9f, 0xa9, 0x9f, 0xa9, 0x97, 0xa9, 0x9f, 0xa9, 0x9f, 0xa9, 0x9f, 0xa9, 0x9f, 0x89, 0x97, 0xa9, 0x9f, 0xa9, 0x9f, 0xa9, 0x9f, 0xa9, 0x9f,
  0xa9, 0x9f, 0xa9, 0x9f, 0xa9, 0x9f, 0xa9, 0x9f, 0xa9, 0x9f, 0xa9, 0x9f, 0xa9, 0x9f, 0xa9, 0x9f, 0xa9, 0x9f, 0xa9, 0x9f, 0xa9, 0x9f, 0xa9, 0x9f,
  0xa9, 0x9f, 0xa9, 0x9f, 0xa9, 0x9f, 0xa9, 0x9f, 0xa9, 0x9f, 0xa9, 0x9f, 0xa9, 0x9f, 0xa9, 0x9f, 0xa9, 0x9f, 0xa9, 0x9f, 0xa9, 0x9f, 0xa9, 0x9f,
  0xa9, 0x9f, 0xa9, 0x9f, 0xa9, 0x9f, 0xa9, 0x9f, 0xa9, 0x9f, 0xa9, 0x9f, 0xa9, 0x9f, 0xa9, 0x9f, 0xa9, 0x9f, 0xa9, 0x9f, 0xa9, 0x9f, 0xa9, 0x9f,
  0xa9, 0x9f, 0xa9, 0x9f, 0xa9, 0x9f, 0xa9, 0x9f, 0xa9, 0x9f, 0xa9, 0x9f, 0xa9, 0x9f, 0xa9, 0x9f, 0xa9, 0x9f, 0xa9, 0x9f, 0xa9, 0x9f, 0xa9, 0x9f,
  0xa9, 0x9f, 0xa9, 0x9f, 0xa9, 0x9f, 0xa9, 0x9f, 0xa9, 0x9f, 0xa9, 0x9f, 0xa9, 0x9f, 0xa9, 0x9f, 0xa9, 0x9f, 0xa9, 0x9f, 0xa9, 0x9f, 0xa9, 0x9f,
  0xa9, 0x9f, 0xa9, 0x9f, 0xa9, 0x9f, 0xa9, 0x9f, 0xa9, 0x9f, 0xa9, 0x9f, 0xa9, 0x9f, 0xa9, 0x9f, 0xa9, 0x9f, 0xa9, 0x9f, 0xa9, 0x9f, 0xa9, 0x9f,
  0xa9, 0x9f, 0xa9, 0x9f, 0xa9, 0x9f, 0xa9, 0x9f, 0xa9, 0x9f, 0xa9, 0x9f, 0xa9, 0x9f, 0xa9, 0x9f, 0xa9, 0x9f, 0xa9, 0x9f, 0xa9, 0x9f, 0xa9, 0x9f,
  0xa9, 0x9f, 0xa9, 0x9f, 0xa9, 0x9f, 0xa9, 0x9f, 0xa9, 0x9f, 0xa9, 0x9f, 0xa9, 0x9f, 0xa9, 0x9f, 0xa9, 0x9f, 0xa9, 0x9f, 0xa9, 0x9f, 0xa9, 0x9f,
  0xa9, 0x9f, 0xa9, 0x9f, 0xa9, 0x9f, 0xa9, 0x9f, 0xa9, 0x9f, 0xa9, 0x9f, 0xa9, 0x9f, 0xa9, 0x9f, 0xa9, 0x9f, 0xa9, 0x9f, 0xa9, 0x9f, 0xa9, 0x9f,
  0xa9, 0x9f, 0xa9, 0x9f, 0xa9, 0x9f, 0xa9, 0x9f, 0xa9, 0x9f, 0xa9, 0x9f, 0xa9, 0x9f, 0xa9, 0x9f, 0xa9, 0x9f, 0xa9, 0x9f, 0xa9, 0x9f, 0xa9, 0x9f,
  0xa9, 0x9f, 0xa9, 0x9f, 0xa9, 0x9f, 0xa9, 0x9f, 0xa9, 0x9f, 0xa9, 0x9f, 0xa9, 0x9f, 0xa9, 0x9f, 0xa9, 0x9f, 0xa9, 0x9f, 0xa9, 0x9f, 0xa9, 0x9f,
  0xa9, 0x9f, 0xa9, 0x9f, 0xa9, 0x9f, 0xa9, 0x9f, 0xa9, 0x9f, 0xa9, 0x9f, 0x89, 0x9f, 0x89, 0x97, 0xa9, 0x9f, 0xa9, 0x9f, 0xa9, 0x9f, 0xa9, 0x9f,
  0xa9, 0x9f, 0xa9, 0x9f, 0xa9, 0x9f, 0xa9, 0x9f, 0xa9, 0x9f, 0x26, 0x5c, 0xe8, 0x31, 0xe8, 0x39, 0xe8, 0x31, 0xe8, 0x31, 0x08, 0x32, 0xe8, 0x31,
  0xe8, 0x31, 0xe8, 0x31, 0xe8, 0x31, 0x08, 0x32, 0xe9, 0x31, 0xe9, 0x31, 0x08, 0x32, 0x08, 0x32, 0xe8, 0x31, 0xe8, 0x31, 0xe8, 0x31, 0xe8, 0x31,
  0xe8, 0x31, 0xe8, 0x31, 0xe8, 0x31, 0xe8, 0x31, 0x08, 0x32, 0xe8, 0x31, 0xe8, 0x31, 0xe9, 0x31, 0xe9, 0x31, 0xe8, 0x31, 0xe9, 0x31, 0xe9, 0x31,
  0xe9, 0x31, 0xe8, 0x31, 0xe9, 0x31, 0xe8, 0x31, 0xe9, 0x31, 0xe9, 0x31, 0xe9, 0x31, 0xe9, 0x31, 0xe9, 0x31, 0xe9, 0x31, 0xe9, 0x31, 0x09, 0x2a,
  0xe9, 0x31, 0xe9, 0x31, 0xe9, 0x31, 0xe9, 0x31, 0xe9, 0x31, 0xe9, 0x31, 0xe9, 0x31, 0x09, 0x2a, 0xe9, 0x31, 0xe9, 0x31, 0xe9, 0x31, 0xe9, 0x29,
  0x88, 0x52, 0x88, 0x52, 0x88, 0x52, 0x88, 0x52, 0x88, 0x52, 0x88, 0x52, 0x88, 0x52, 0x88, 0x52, 0x68, 0x52, 0x88, 0x52, 0x68, 0x52, 0x88, 0x52,
  0x88, 0x52, 0x68, 0x52, 0x88, 0x52, 0x88, 0x52, 0x88, 0x52, 0x68, 0x52, 0x68, 0x52, 0x68, 0x52, 0x68, 0x52, 0x88, 0x52, 0x68, 0x52, 0x68, 0x52,
  0x68, 0x52, 0x68, 0x52, 0x68, 0x52, 0x68, 0x52, 0x68, 0x52, 0x88, 0x52, 0x68, 0x52, 0x68, 0x52, 0x88, 0x52, 0x68, 0x52, 0x68, 0x52, 0x68, 0x52,
  0x68, 0x52, 0x68, 0x52, 0x88, 0x52, 0x68, 0x52, 0x68, 0x52, 0x68, 0x52, 0x68, 0x52, 0x68, 0x52, 0x68, 0x52, 0x68, 0x52, 0x68, 0x52, 0x68, 0x52,
  0x68, 0x52, 0x68, 0x52, 0x68, 0x52, 0x68, 0x52, 0x68, 0x52, 0x68, 0x52, 0x68, 0x52, 0x68, 0x52, 0x67, 0x52, 0x27, 0x5b, 0x49, 0x97, 0xa9, 0x9f,
  0xa9, 0x9f, 0xa9, 0x9f, 0xa9, 0x9f, 0xa9, 0x97, 0xa9, 0x9f, 0xa9, 0x9f, 0xa9, 0x9f, 0xa9, 0x9f, 0xa9, 0x9f, 0xa9, 0x9f, 0xa9, 0x9f, 0xa9, 0x9f,
  0xa9, 0x9f, 0xa9, 0x9f, 0xa9, 0x9f, 0xa9, 0x9f, 0xa9, 0x9f, 0xa9, 0x9f, 0xa9, 0x9f, 0xa9, 0x9f, 0xa9, 0x9f, 0xa9, 0x9f, 0xa9, 0x9f, 0xa9, 0x9f,
  0xa9, 0x9f, 0xa9, 0x9f, 0xa9, 0x9f, 0xa9, 0x9f, 0xa9, 0x9f, 0xa9, 0x9f, 0xa9, 0x9f, 0xa9, 0x9f, 0xa9, 0x9f, 0xa9, 0x9f, 0xa9, 0x9f, 0xa9, 0x9f,
  0xa9, 0x9f, 0xa9, 0x9f, 0xa9, 0x9f, 0xa9, 0x9f, 0xa9, 0x9f, 0xa9, 0x9f, 0xa9, 0x9f, 0xa9, 0x9f, 0xa9, 0x9f, 0xa9, 0x9f, 0xa9, 0x9f, 0xa9, 0x9f,
  0xa9, 0x9f, 0xa9, 0x9f, 0xa9, 0x9f, 0xa9, 0x9f, 0xa9, 0x9f, 0xa9, 0x9f, 0xa9, 0x9f, 0xa9, 0x9f, 0xa9, 0x9f, 0xa9, 0x9f, 0xa9, 0x9f, 0xa9, 0x9f,
  0xa9, 0x9f, 0xa9, 0x9f, 0xa9, 0x9f, 0xa9, 0x9f, 0xa9, 0x9f, 0xa9, 0x9f, 0xa9, 0x9f, 0xa9, 0x9f, 0xa9, 0x9f, 0xa9, 0x9f, 0xa9, 0x9f, 0xa9, 0x9f,
  0xa9, 0x9f, 0xa9, 0x9f, 0xa9, 0x9f, 0xa9, 0x9f, 0xa9, 0x9f, 0xa9, 0x9f, 0xa9, 0x9f, 0xa9, 0x9f, 0xa9, 0x9f, 0xa9, 0x9f, 0xa9, 0x9f, 0xa9, 0x9f,
  0xa9, 0x9f, 0xa9, 0x9f, 0xa9, 0x9f, 0xa9, 0x9f, 0xa9, 0x9f, 0xa9, 0x9f, 0xa9, 0x9f, 0xa9, 0x9f, 0xa9, 0x9f, 0xa9, 0x9f, 0xa9, 0x9f, 0xa9, 0x9f,
  0xa9, 0x9f, 0xa9, 0x9f, 0xa9, 0x9f, 0xa9, 0x9f, 0xa9, 0x9f, 0xa9, 0x9f, 0xa9, 0x9f, 0xa9, 0x9f, 0xa9, 0x9f, 0xa9, 0x9f, 0xa9, 0x9f, 0xa9, 0x9f,
  0xa9, 0x9f, 0xa9, 0x9f, 0xa9, 0x9f, 0xa9, 0x9f, 0xa9, 0x9f, 0xa9, 0x9f, 0xa9, 0x9f, 0xa9, 0x9f, 0xa9, 0x9f, 0xa9, 0x9f, 0xa9, 0x9f, 0xa9, 0x9f,
  0xa9, 0x9f, 0xa9, 0x9f, 0xa9, 0x9f, 0xa9, 0x9f, 0xa9, 0x9f, 0xa9, 0x9f, 0xa9, 0x9f, 0xa9, 0x9f, 0xa9, 0x9f, 0xa9, 0x9f, 0xa9, 0x9f, 0xa9, 0x9f,
  0xa9, 0x9f, 0xa9, 0x9f, 0xa9, 0x9f, 0xa9, 0x9f, 0xa9, 0x9f, 0xa9, 0x9f, 0xa9, 0x9f, 0xa9, 0x9f, 0xa9, 0x9f, 0xa9, 0x9f, 0xa9, 0x9f, 0xa9, 0x9f,
  0xa9, 0x9f, 0xa9, 0x9f, 0xa9, 0x9f, 0xa9, 0x9f, 0xa9, 0x9f, 0xa9, 0x9f, 0xa9, 0x9f, 0xa9, 0x9f, 0xa9, 0x9f, 0xa9, 0x9f, 0xa9, 0x9f, 0xa9, 0x9f,
  0xa9, 0x9f, 0xa9, 0x9f, 0xa9, 0x9f, 0xa9, 0x9f, 0xa9, 0x9f, 0x49, 0x97, 0xc7, 0x42, 0x08, 0x32, 0x08, 0x32, 0xe8, 0x31, 0xe8, 0x31, 0xe8, 0x31,
  0xe8, 0x31, 0x08, 0x32, 0x08, 0x32, 0x08, 0x32, 0xe8, 0x31, 0x08, 0x32, 0xe9, 0x31, 0x08, 0x32, 0xe8, 0x31, 0x08, 0x32, 0xe8, 0x31, 0xe8, 0x31,
  0xe8, 0x31, 0xe8, 0x31, 0xe8, 0x31, 0xe8, 0x31, 0xe8, 0x31, 0xe8, 0x31, 0xe8, 0x31, 0xe8, 0x31, 0xe9, 0x31, 0xe9, 0x31, 0xe9, 0x31, 0xe9, 0x31,
  0xe9, 0x31, 0xe9, 0x31, 0xe9, 0x31, 0xe9, 0x31, 0xe9, 0x31, 0xe9, 0x31, 0xe9, 0x31, 0xe9, 0x31, 0xe9, 0x31, 0xe9, 0x31, 0xe9, 0x31, 0xe9, 0x31,
  0xe9, 0x31, 0xe9, 0x31, 0xe9, 0x31, 0xe9, 0x31, 0xe9, 0x31, 0xe9, 0x31, 0xe9, 0x31, 0xe9, 0x31, 0xe9, 0x31, 0xe9, 0x31, 0xe9, 0x31, 0xe9, 0x29,
  0x88, 0x52, 0x68, 0x52, 0x88, 0x52, 0x88, 0x52, 0x88, 0x52, 0x88, 0x52, 0x88, 0x52, 0x88, 0x52, 0x88, 0x52, 0x88, 0x52, 0x88, 0x52, 0x68, 0x52,
  0x68, 0x52, 0x88, 0x52, 0x68, 0x52, 0x68, 0x52, 0x88, 0x52, 0x88, 0x52, 0x88, 0x52, 0x68, 0x52, 0x68, 0x52, 0x88, 0x52, 0x68, 0x52, 0x68, 0x52,
  0x88, 0x52, 0x68, 0x52, 0x68, 0x52, 0x88, 0x52, 0x68, 0x52, 0x68, 0x52, 0x68, 0x52, 0x68, 0x52, 0x68, 0x52, 0x68, 0x52, 0x68, 0x52, 0x68, 0x52,
  0x68, 0x52, 0x68, 0x52, 0x68, 0x52, 0x68, 0x52, 0x68, 0x52, 0x68, 0x52, 0x68, 0x52, 0x68, 0x52, 0x68, 0x52, 0x68, 0x52, 0x67, 0x52, 0x68, 0x52,
  0x88, 0x52, 0x68, 0x52, 0x68, 0x52, 0x68, 0x52, 0x68, 0x52, 0x68, 0x52, 0x68, 0x52, 0x68, 0x52, 0x88, 0x52, 0x87, 0x8e, 0x89, 0x97, 0x89, 0x97,
  0x89, 0x97, 0x89, 0x97, 0x89, 0x97, 0x89, 0x97, 0x89, 0x97, 0x89, 0x97, 0x89, 0x97, 0x89, 0x97, 0x89, 0x97, 0x89, 0x97, 0x89, 0x97, 0x89, 0x97,
  0x89, 0x97, 0x89, 0x97, 0x89, 0x97, 0x89, 0x97, 0x89, 0x97, 0x89, 0x97, 0x89, 0x97, 0x89, 0x97, 0x89, 0x97, 0x89, 0x97, 0x89, 0x97, 0x89, 0x97,
  0x89, 0x97, 0x89, 0x97, 0x89, 0x97, 0x89, 0x97, 0x89, 0x97, 0x89, 0x97, 0x89, 0x97, 0x89, 0x97, 0x89, 0x97, 0x89, 0x97, 0x89, 0x97, 0x89, 0x97,
  0x89, 0x97, 0x89, 0x97, 0x89, 0x97, 0x89, 0x97, 0x89, 0x97, 0x89, 0x97, 0x89, 0x97, 0x89, 0x97, 0x89, 0x97, 0x89, 0x97, 0x89, 0x97, 0x89, 0x97,
  0x89, 0x97, 0x89, 0x97, 0x89, 0x97, 0x89, 0x97, 0x89, 0x97, 0x89, 0x97, 0x89, 0x97, 0x89, 0x97, 0x89, 0x97, 0x89, 0x97, 0x89, 0x97, 0x89, 0x97,
  0x89, 0x97, 0x89, 0x97, 0x89, 0x97, 0x89, 0x97, 0x89, 0x97, 0x89, 0x97, 0x89, 0x97, 0x89, 0x97, 0x89, 0x97, 0x89, 0x97, 0x89, 0x97, 0x89, 0x97,
  0x89, 0x97, 0x89, 0x97, 0x89, 0x97, 0x89, 0x97, 0x89, 0x97, 0x89, 0x97, 0x89, 0x97, 0x89, 0x97, 0x89, 0x97, 0x89, 0x97, 0x89, 0x97, 0x89, 0x97,
  0x89, 0x97, 0x89, 0x97, 0x89, 0x97, 0x89, 0x97, 0x89, 0x97, 0x89, 0x97, 0x89, 0x97, 0x89, 0x97, 0x89, 0x97, 0x89, 0x97, 0x89, 0x97, 0x89, 0x97,
  0x89, 0x97, 0x89, 0x97, 0x89, 0x97, 0x89, 0x97, 0x89, 0x97, 0x89, 0x97, 0x89, 0x97, 0x89, 0x97, 0x89, 0x97, 0x89, 0x97, 0x89, 0x97, 0x89, 0x97,
  0x89, 0x97, 0x89, 0x97, 0x89, 0x97, 0x89, 0x97, 0x89, 0x97, 0x89, 0x97, 0x89, 0x97, 0x89, 0x97, 0x89, 0x97, 0x89, 0x97, 0x89, 0x97, 0x89, 0x97,
  0x89, 0x97, 0x89, 0x97, 0x89, 0x97, 0x89, 0x97, 0x89, 0x97, 0x89, 0x97, 0x89, 0x97, 0x89, 0x97, 0x89, 0x97, 0x89, 0x97, 0x89, 0x97, 0x89, 0x97,
  0x89, 0x97, 0x89, 0x97, 0x89, 0x97, 0x89, 0x97, 0x89, 0x97, 0x89, 0x97, 0x89, 0x97, 0x89, 0x97, 0x89, 0x97, 0x89, 0x97, 0x89, 0x97, 0x89, 0x97,
  0x89, 0x97, 0x89, 0x97, 0x89, 0x97, 0x89, 0x97, 0x89, 0x97, 0x89, 0x97, 0x89, 0x97, 0x89, 0x97, 0x89, 0x97, 0x89, 0x97, 0x89, 0x97, 0x89, 0x97,
  0x89, 0x97, 0x89, 0x97, 0x89, 0x97, 0x89, 0x9f, 0x89, 0x97, 0x89, 0x97, 0x67, 0x86, 0x08, 0x3a, 0xe8, 0x31, 0xe8, 0x31, 0xe8, 0x31, 0x08, 0x32,
  0x08, 0x32, 0x08, 0x32, 0x08, 0x32, 0x08, 0x32, 0x08, 0x32, 0x08, 0x32, 0x09, 0x32, 0xe8, 0x31, 0x09, 0x32, 0xe8, 0x31, 0xe8, 0x31, 0xe8, 0x31,
  0xe8, 0x31, 0xe8, 0x31, 0xe8, 0x31, 0xe8, 0x31, 0xe9, 0x31, 0xe9, 0x31, 0xe9, 0x31, 0xe9, 0x31, 0xe9, 0x31, 0xe9, 0x31, 0xe9, 0x31, 0xe9, 0x31,
  0xe8, 0x31, 0xe9, 0x31, 0xe9, 0x31, 0xe9, 0x31, 0xe9, 0x31, 0xe9, 0x31, 0x08, 0x32, 0xe9, 0x31, 0xe9, 0x31, 0xe9, 0x31, 0xe9, 0x31, 0xe9, 0x31,
  0xe9, 0x31, 0xe9, 0x31, 0xe9, 0x31, 0xe9, 0x31, 0xe9, 0x31, 0xe9, 0x29, 0xe9, 0x31, 0xe9, 0x31, 0xe9, 0x29, 0xe9, 0x29, 0xe9, 0x29, 0xe9, 0x29,
  0x88, 0x52, 0x88, 0x52, 0x88, 0x52, 0x68, 0x52, 0x88, 0x52, 0x88, 0x52, 0x88, 0x52, 0x68, 0x52, 0x88, 0x52, 0x88, 0x52, 0x68, 0x52, 0x68, 0x52,
  0x68, 0x52, 0x88, 0x52, 0x88, 0x52, 0x88, 0x52, 0x88, 0x52, 0x88, 0x52, 0x88, 0x52, 0x88, 0x52, 0x68, 0x52, 0x68, 0x52, 0x88, 0x52, 0x88, 0x52,
  0x88, 0x52, 0x88, 0x52, 0x88, 0x52, 0x68, 0x52, 0x88, 0x52, 0x68, 0x52, 0x88, 0x52, 0x68, 0x52, 0x68, 0x52, 0x68, 0x52, 0x68, 0x52, 0x68, 0x52,
  0x68, 0x52, 0x67, 0x52, 0x68, 0x52, 0x68, 0x52, 0x68, 0x52, 0x68, 0x52, 0x68, 0x52, 0x67, 0x52, 0x68, 0x52, 0x68, 0x52, 0x68, 0x52, 0x68, 0x52,
  0x68, 0x52, 0x68, 0x52, 0x68, 0x52, 0x68, 0x52, 0x67, 0x52, 0x68, 0x52, 0x68, 0x52, 0x68, 0x52, 0xe7, 0x74, 0x89, 0x97, 0xa9, 0x9f, 0x89, 0x97,
  0x89, 0x9f, 0x89, 0x97, 0x89, 0x97, 0x89, 0x97, 0x89, 0x97, 0x89, 0x97, 0x89, 0x97, 0x89, 0x97, 0x89, 0x97, 0x89, 0x97, 0x89, 0x97, 0x89, 0x97,
  0x89, 0x97, 0x89, 0x97, 0x89, 0x97, 0x89, 0x97, 0x89, 0x97, 0x89, 0x97, 0x89, 0x97, 0x89, 0x97, 0x89, 0x97, 0x89, 0x97, 0x89, 0x97, 0x89, 0x97,
  0x89, 0x97, 0x89, 0x97, 0x89, 0x97, 0x89, 0x97, 0x89, 0x97, 0x89, 0x97, 0x89, 0x97, 0x89, 0x97, 0x89, 0x97, 0x89, 0x97, 0x89, 0x97, 0x89, 0x97,
  0x89, 0x97, 0x89, 0x97, 0x89, 0x97, 0x89, 0x97, 0x89, 0x97, 0x89, 0x97, 0x89, 0x97, 0x89, 0x97, 0x89, 0x97, 0x89, 0x97, 0x89, 0x97, 0x89, 0x97,
  0x89, 0x97, 0x89, 0x97, 0x89, 0x97, 0x89, 0x97, 0x89, 0x97, 0x89, 0x97, 0x89, 0x97, 0x89, 0x97, 0x89, 0x97, 0x89, 0x97, 0x89, 0x97, 0x89, 0x97,
  0x89, 0x97, 0x89, 0x97, 0x89, 0x97, 0x89, 0x97, 0x89, 0x97, 0x89, 0x97, 0x89, 0x97, 0x89, 0x97, 0x89, 0x97, 0xa9, 0x9f, 0x89, 0x97, 0x89, 0x97,
  0x89, 0x97, 0x89, 0x97, 0x89, 0x97, 0x89, 0x97, 0x89, 0x97, 0x89, 0x97, 0x89, 0x97, 0x89, 0x97, 0x89, 0x97, 0x89, 0x97, 0x89, 0x97, 0x89, 0x97,
  0x89, 0x97, 0x89, 0x97, 0x89, 0x97, 0xa9, 0x9f, 0x89, 0x97, 0x89, 0x97, 0x89, 0x97, 0x89, 0x97, 0x89, 0x97, 0x89, 0x97, 0x89, 0x97, 0x89, 0x97,
  0x89, 0x97, 0x89, 0x97, 0x89, 0x97, 0x89, 0x97, 0x89, 0x97, 0x89, 0x97, 0x89, 0x97, 0x89, 0x97, 0x89, 0x97, 0x89, 0x97, 0x89, 0x97, 0x89, 0x97,
  0x89, 0x97, 0x89, 0x97, 0x89, 0x97, 0x89, 0x97, 0x89, 0x97, 0x89, 0x97, 0x89, 0x97, 0x89, 0x97, 0x89, 0x97, 0x89, 0x97, 0x89, 0x97, 0x89, 0x97,
  0x89, 0x97, 0x89, 0x97, 0x89, 0x97, 0x89, 0x97, 0x89, 0x97, 0x89, 0x97, 0x89, 0x97, 0x89, 0x97, 0x89, 0x97, 0x89, 0x9f, 0x89, 0x97, 0x89, 0x97,
  0x89, 0x97, 0x89, 0x97, 0x89, 0x97, 0x89, 0x97, 0x89, 0x97, 0x89, 0x97, 0x89, 0x97, 0x89, 0x97, 0x89, 0x97, 0x89, 0x97, 0x89, 0x97, 0x89, 0x97,
  0x89, 0x97, 0x89, 0x97, 0x89, 0x97, 0x89, 0x97, 0x89, 0x97, 0x89, 0x97, 0x89, 0x97, 0x89, 0x97, 0x89, 0x97, 0x89, 0x97, 0x89, 0x97, 0x89, 0x97,
  0x89, 0x97, 0x89, 0x9f, 0x89, 0x97, 0x89, 0x97, 0x89, 0x97, 0xa9, 0x9f, 0x89, 0x97, 0xa6, 0x64, 0xe9, 0x31, 0xe9, 0x31, 0xe8, 0x31, 0xe8, 0x31,
  0x08, 0x32, 0xe9, 0x31, 0x08, 0x32, 0x08, 0x32, 0xe8, 0x31, 0x09, 0x32, 0x08, 0x32, 0xe8, 0x31, 0x09, 0x32, 0xe9, 0x31, 0xe8, 0x31, 0xe8, 0x31,
  0xe8, 0x31, 0xe8, 0x31, 0xe9, 0x31, 0xe9, 0x31, 0xe8, 0x31, 0xe9, 0x31, 0xe9, 0x31, 0xe9, 0x31, 0xe9, 0x31, 0xe9, 0x31, 0xe9, 0x31, 0xe8, 0x31,
  0xe9, 0x31, 0xe9, 0x31, 0xe9, 0x31, 0xe9, 0x31, 0xe9, 0x31, 0xe9, 0x31, 0xe9, 0x31, 0xe9, 0x31, 0xe9, 0x31, 0xe9, 0x31, 0xe9, 0x31, 0xe9, 0x31,
  0xe9, 0x31, 0xe9, 0x31, 0xe9, 0x31, 0xe9, 0x31, 0xe9, 0x31, 0xe9, 0x31, 0xe9, 0x31, 0xe9, 0x29, 0xe9, 0x31, 0xe9, 0x31, 0xe9, 0x31, 0xe9, 0x29,
  0x68, 0x52, 0x88, 0x52, 0x88, 0x52, 0x88, 0x52, 0x68, 0x52, 0x88, 0x52, 0x88, 0x52, 0x88, 0x52, 0x88, 0x52, 0x88, 0x52, 0x88, 0x52, 0x68, 0x52,
  0x68, 0x52, 0x68, 0x52, 0x88, 0x52, 0x88, 0x52, 0x88, 0x52, 0x88, 0x52, 0x68, 0x52, 0x88, 0x52, 0x88, 0x52, 0x88, 0x52, 0x68, 0x52, 0x88, 0x52,
  0x68, 0x52, 0x88, 0x52, 0x68, 0x52, 0x88, 0x52, 0x68, 0x52, 0x68, 0x52, 0x88, 0x52, 0x68, 0x52, 0x88, 0x52, 0x68, 0x52, 0x68, 0x52, 0x68, 0x52,
  0x68, 0x52, 0x68, 0x52, 0x68, 0x52, 0x68, 0x52, 0x68, 0x52, 0x68, 0x52, 0x88, 0x52, 0x88, 0x52, 0x68, 0x52, 0x68, 0x52, 0x68, 0x52, 0x67, 0x52,
  0x88, 0x52, 0x67, 0x52, 0x68, 0x52, 0x88, 0x52, 0x68, 0x52, 0x68, 0x52, 0x67, 0x52, 0xe7, 0x5a, 0x49, 0x97, 0xa9, 0x9f, 0x89, 0x97, 0x89, 0x97,
  0x89, 0x97, 0x89, 0x97, 0x89, 0x97, 0x89, 0x97, 0x89, 0x97, 0x89, 0x97, 0x89, 0x97, 0x89, 0x97, 0x89, 0x97, 0x89, 0x97, 0x89, 0x97, 0x89, 0x97,
  0x89, 0x97, 0x89, 0x97, 0x89, 0x97, 0x89, 0x97, 0x89, 0x97, 0x89, 0x97, 0x89, 0x97, 0x89, 0x97, 0x89, 0x97, 0x89, 0x97, 0x89, 0x97, 0x89, 0x97,
  0x89, 0x97, 0x89, 0x97, 0x89, 0x97, 0x89, 0x97, 0x89, 0x97, 0x89, 0x97, 0x89, 0x97, 0x89, 0x97, 0x89, 0x97, 0x89, 0x97, 0x89, 0x97, 0x89, 0x97,
  0x89, 0x97, 0x89, 0x97, 0x89, 0x97, 0x89, 0x97, 0x89, 0x97, 0x89, 0x97, 0x89, 0x97, 0x89, 0x97, 0x89, 0x97, 0x89, 0x97, 0x89, 0x97, 0x89, 0x97,
  0x89, 0x97, 0x89, 0x97, 0x89, 0x97, 0x89, 0x97, 0x89, 0x97, 0x89, 0x97, 0x89, 0x97, 0x89, 0x97, 0x89, 0x97, 0x89, 0x97, 0x89, 0x97, 0x89, 0x97,
  0x89, 0x97, 0x89, 0x97, 0x89, 0x97, 0x89, 0x97, 0x89, 0x97, 0x89, 0x97, 0x89, 0x97, 0x89, 0x97, 0x88, 0x97, 0x88, 0x97, 0x89, 0x97, 0x89, 0x97,
  0x89, 0x97, 0xa9, 0x9f, 0xa9, 0x9f, 0xa9, 0x9f, 0x89, 0x97, 0x89, 0x97, 0x89, 0x97, 0x89, 0x97, 0x89, 0x97, 0xa9, 0x9f, 0x89, 0x97, 0x89, 0x97,
  0x89, 0x97, 0x89, 0x97, 0x89, 0x97, 0x89, 0x97, 0x89, 0x97, 0x89, 0x97, 0x88, 0x97, 0x89, 0x97, 0x89, 0x97, 0x89, 0x97, 0x89, 0x97, 0x89, 0x97,
  0x89, 0x97, 0x89, 0x97, 0x89, 0x97, 0x89, 0x97, 0xa9, 0x9f, 0x89, 0x97, 0x89, 0x97, 0x89, 0x97, 0x89, 0x97, 0x89, 0x97, 0x89, 0x97, 0x89, 0x97,
  0x89, 0x97, 0x89, 0x97, 0x89, 0x97, 0x89, 0x97, 0x89, 0x97, 0x89, 0x97, 0x89, 0x97, 0x89, 0x97, 0x89, 0x97, 0x89, 0x97, 0x89, 0x97, 0x89, 0x97,
  0x89, 0x97, 0x89, 0x97, 0x89, 0x97, 0x89, 0x97, 0x89, 0x97, 0x89, 0x97, 0x89, 0x97, 0x89, 0x97, 0x89, 0x97, 0x89, 0x97, 0x89, 0x97, 0x89, 0x97,
  0x89, 0x97, 0x89, 0x97, 0x89, 0x97, 0x89, 0x97, 0x89, 0x97, 0x89, 0x97, 0x89, 0x97, 0x89, 0x97, 0x89, 0x97, 0x89, 0x97, 0x89, 0x97, 0x89, 0x97,
  0x89, 0x97, 0x89, 0x97, 0x89, 0x97, 0x89, 0x97, 0x89, 0x97, 0x89, 0x97, 0x89, 0x97, 0x89, 0x97, 0x89, 0x97, 0x89, 0x97, 0x89, 0x97, 0x89, 0x97,
  0xa9, 0x9f, 0xa9, 0x9f, 0x89, 0x97, 0x89, 0x97, 0x89, 0x97, 0xa9, 0x9f, 0x89, 0x97, 0x49, 0x97, 0x87, 0x3a, 0xe8, 0x31, 0x08, 0x32, 0x08, 0x32,
  0xe9, 0x31, 0x08, 0x32, 0xe9, 0x31, 0x09, 0x32, 0xe8, 0x31, 0x08, 0x32, 0xe9, 0x31, 0x08, 0x32, 0xe8, 0x31, 0xe9, 0x31, 0xe8, 0x31, 0xe8, 0x31,
  0xe9, 0x31, 0xe8, 0x31, 0xe9, 0x31, 0xe8, 0x31, 0xe9, 0x31, 0xe9, 0x31, 0xe9, 0x31, 0xe9, 0x31, 0xe9, 0x31, 0xe9, 0x31, 0xe9, 0x31, 0xe9, 0x31,
  0xe8, 0x31, 0xe9, 0x31, 0xe9, 0x31, 0x08, 0x32, 0xe9, 0x31, 0xe9, 0x31, 0xe9, 0x31, 0xe9, 0x31, 0xe9, 0x31, 0xe9, 0x31, 0xe9, 0x31, 0xe9, 0x31,
  0xe9, 0x31, 0xe9, 0x31, 0xe9, 0x31, 0xe9, 0x31, 0xe9, 0x31, 0xe9, 0x29, 0xe9, 0x29, 0xe9, 0x31, 0xe9, 0x29, 0xe9, 0x29, 0xe9, 0x29, 0xe9, 0x29,
  0x88, 0x52, 0x88, 0x52, 0x88, 0x52, 0x68, 0x52, 0x88, 0x52, 0x88, 0x52, 0x88, 0x52, 0x88, 0x52, 0x88, 0x52, 0x88, 0x52, 0x88, 0x52, 0x88, 0x52,
  0x88, 0x52, 0x88, 0x52, 0x88, 0x52, 0x88, 0x52, 0x88, 0x52, 0x88, 0x52, 0x88, 0x52, 0x88, 0x52, 0x88, 0x52, 0x68, 0x52, 0x88, 0x52, 0x88, 0x52,
  0x88, 0x52, 0x68, 0x52, 0x88, 0x52, 0x68, 0x52, 0x88, 0x52, 0x88, 0x52, 0x68, 0x52, 0x88, 0x52, 0x88, 0x52, 0x68, 0x52, 0x88, 0x52, 0x88, 0x52,
  0x68, 0x52, 0x67, 0x52, 0x68, 0x52, 0x68, 0x52, 0x68, 0x52, 0x68, 0x52, 0x68, 0x52, 0x68, 0x52, 0x68, 0x52, 0x88, 0x52, 0x68, 0x52, 0x88, 0x52,
  0x68, 0x52, 0x68, 0x52, 0x68, 0x52, 0x68, 0x52, 0x67, 0x52, 0x68, 0x52, 0x68, 0x52, 0x87, 0x7d, 0x89, 0x97, 0x69, 0x97, 0x89, 0x97, 0x89, 0x97,
  0x89, 0x97, 0x89, 0x97, 0x89, 0x97, 0x89, 0x97, 0x89, 0x97, 0x89, 0x97, 0x89, 0x97, 0x89, 0x97, 0x89, 0x97, 0x89, 0x97, 0x89, 0x97, 0x89, 0x97,
  0x89, 0x97, 0x89, 0x97, 0x89, 0x97, 0x89, 0x97, 0x89, 0x97, 0x89, 0x97, 0x89, 0x97, 0x89, 0x97, 0x89, 0x97, 0x89, 0x97, 0x89, 0x97, 0x89, 0x97,
  0x89, 0x97, 0x89, 0x97, 0x89, 0x97, 0x89, 0x97, 0x89, 0x97, 0x89, 0x97, 0x89, 0x97, 0x89, 0x97, 0x89, 0x97, 0x89, 0x97, 0x89, 0x97, 0x89, 0x97,
  0x89, 0x97, 0x89, 0x97, 0x89, 0x97, 0x89, 0x97, 0x89, 0x97, 0x89, 0x97, 0x89, 0x97, 0x89, 0x97, 0x89, 0x97, 0x89, 0x97, 0x89, 0x97, 0x89, 0x97,
  0x89, 0x97, 0x89, 0x97, 0x89, 0x97, 0x89, 0x97, 0x89, 0x97, 0x89, 0x97, 0x89, 0x97, 0x89, 0x97, 0x89, 0x97, 0x89, 0x97, 0x89, 0x97, 0x89, 0x97,
  0x89, 0x97, 0x89, 0x97, 0x89, 0x97, 0x89, 0x97, 0x89, 0x97, 0x89, 0x97, 0x89, 0x97, 0x89, 0x97, 0x89, 0x97, 0x89, 0x97, 0x89, 0x97, 0x89, 0x97,
  0x89, 0x97, 0x89, 0x97, 0x89, 0x97, 0x89, 0x97, 0x89, 0x97, 0x89, 0x97, 0x69, 0x97, 0x89, 0x97, 0x89, 0x97, 0x89, 0x97, 0x89, 0x97, 0x89, 0x97,
  0x89, 0x97, 0x89, 0x97, 0x89, 0x97, 0x89, 0x97, 0x89, 0x97, 0x89, 0x97, 0x89, 0x97, 0x89, 0x97, 0x89, 0x97, 0x89, 0x97, 0x89, 0x97, 0x89, 0x97,
  0x89, 0x97, 0x89, 0x97, 0x89, 0x97, 0x89, 0x97, 0x89, 0x97, 0x89, 0x97, 0x89, 0x97, 0x89, 0x97, 0x89, 0x97, 0x89, 0x97, 0x89, 0x97, 0x89, 0x97,
  0x89, 0x97, 0x89, 0x97, 0x89, 0x97, 0x89, 0x97, 0x89, 0x97, 0x89, 0x97, 0x89, 0x97, 0x89, 0x97, 0x89, 0x97, 0x89, 0x97, 0x89, 0x97, 0x89, 0x97,
  0x89, 0x97, 0x89, 0x97, 0x89, 0x97, 0x89, 0x97, 0x89, 0x97, 0x89, 0x97, 0x89, 0x97, 0x89, 0x97, 0x69, 0x97, 0x89, 0x97, 0x89, 0x97, 0x89, 0x97,
  0x89, 0x97, 0x89, 0x97, 0x89, 0x97, 0x89, 0x97, 0x89, 0x97, 0x89, 0x97, 0x89, 0x97, 0x89, 0x97, 0x89, 0x97, 0x89, 0x97, 0x89, 0x97, 0x89, 0x97,
  0x89, 0x97, 0x89, 0x97, 0x89, 0x97, 0x89, 0x97, 0x89, 0x97, 0x89, 0x97, 0x89, 0x97, 0x89, 0x97, 0x89, 0x97, 0x89, 0x97, 0x89, 0x97, 0x89, 0x97,
  0x89, 0x9f, 0x89, 0x97, 0x89, 0x97, 0x89, 0x97, 0x89, 0x97, 0x89, 0x97, 0x89, 0x97, 0x89, 0x97, 0x67, 0x6d, 0x09, 0x32, 0xe8, 0x31, 0xe8, 0x31,
  0x08, 0x32, 0x08, 0x32, 0x08, 0x32, 0xe9, 0x31, 0xe9, 0x31, 0xe9, 0x31, 0x08, 0x32, 0x09, 0x32, 0xe9, 0x31, 0xe9, 0x31, 0xe8, 0x31, 0xe8, 0x31,
  0xe8, 0x31, 0xe9, 0x31, 0xe9, 0x31, 0xe9, 0x31, 0xe9, 0x31, 0xe9, 0x31, 0xe9, 0x31, 0xe9, 0x31, 0xe9, 0x31, 0xe9, 0x31, 0xe9, 0x31, 0x08, 0x32,
  0xe9, 0x31, 0xe9, 0x31, 0xe9, 0x31, 0xe9, 0x31, 0xe9, 0x31, 0xe9, 0x31, 0xe9, 0x31, 0xe9, 0x31, 0xe9, 0x31, 0xe9, 0x31, 0xe9, 0x31, 0xe9, 0x31,
  0xe9, 0x31, 0xe9, 0x31, 0xe9, 0x31, 0xe9, 0x29, 0xe9, 0x31, 0xe9, 0x31, 0xe9, 0x31, 0xe9, 0x29, 0xe9, 0x31, 0xe9, 0x31, 0xe9, 0x29, 0xe9, 0x29,
  0x88, 0x52, 0x88, 0x52, 0x88, 0x52, 0x88, 0x52, 0x88, 0x52, 0x88, 0x52, 0x88, 0x52, 0x88, 0x52, 0x88, 0x52, 0x88, 0x52, 0x88, 0x52, 0x88, 0x52,
  0x88, 0x52, 0x88, 0x52, 0x88, 0x52, 0x88, 0x52, 0x88, 0x52, 0x88, 0x52, 0x68, 0x52, 0x68, 0x52, 0x88, 0x52, 0x88, 0x52, 0x88, 0x52, 0x88, 0x52,
  0x68, 0x52, 0x88, 0x52, 0x88, 0x52, 0x88, 0x52, 0x68, 0x52, 0x88, 0x52, 0x88, 0x52, 0x88, 0x52, 0x88, 0x52, 0x68, 0x52, 0x67, 0x52, 0x88, 0x52,
  0x67, 0x52, 0x88, 0x52, 0x88, 0x52, 0x68, 0x52, 0x68, 0x52, 0x68, 0x52, 0x68, 0x52, 0x68, 0x52, 0x68, 0x52, 0x68, 0x52, 0x68, 0x52, 0x68, 0x52,
  0x88, 0x52, 0x68, 0x52, 0x68, 0x52, 0x68, 0x52, 0x68, 0x52, 0x68, 0x52, 0x67, 0x5b, 0x69, 0x97, 0x89, 0x97, 0x89, 0x97, 0x69, 0x97, 0x89, 0x97,
  0x89, 0x97, 0x89, 0x97, 0x69, 0x97, 0x89, 0x97, 0x89, 0x97, 0x89, 0x97, 0x89, 0x97, 0x89, 0x97, 0x89, 0x97, 0x89, 0x97, 0x89, 0x97, 0x89, 0x97,
  0x89, 0x97, 0x89, 0x97, 0x89, 0x97, 0x89, 0x97, 0x89, 0x97, 0x89, 0x97, 0x89, 0x97, 0x89, 0x97, 0x89, 0x97, 0x89, 0x97, 0x89, 0x97, 0x89, 0x97,
  0x89, 0x97, 0x89, 0x97, 0x89, 0x97, 0x89, 0x97, 0x89, 0x97, 0x89, 0x97, 0x89, 0x97, 0x89, 0x97, 0x89, 0x97, 0x89, 0x97, 0x89, 0x97, 0x89, 0x97,
  0x89, 0x97, 0x89, 0x97, 0x89, 0x97, 0x89, 0x97, 0x89, 0x97, 0x89, 0x97, 0x89, 0x97, 0x89, 0x97, 0x89, 0x97, 0x89, 0x97, 0x89, 0x97, 0x89, 0x97,
  0x89, 0x97, 0x89, 0x97, 0x89, 0x97, 0x89, 0x97, 0x89, 0x97, 0x89, 0x97, 0x89, 0x97, 0x89, 0x97, 0x89, 0x97, 0x89, 0x97, 0x89, 0x97, 0x89, 0x97,
  0x89, 0x97, 0x89, 0x97, 0x89, 0x97, 0x89, 0x97, 0x89, 0x97, 0x89, 0x97, 0x89, 0x97, 0x89, 0x97, 0x89, 0x97, 0x69, 0x97, 0x89, 0x97, 0x89, 0x97,
  0x89, 0x97, 0x89, 0x97, 0x89, 0x97, 0x89, 0x97, 0x89, 0x97, 0x89, 0x97, 0x89, 0x97, 0x89, 0x97, 0x89, 0x97, 0x89, 0x97, 0x89, 0x97, 0x89, 0x97,
  0x89, 0x97, 0x89, 0x97, 0x89, 0x97, 0x89, 0x97, 0x89, 0x97, 0x89, 0x97, 0x69, 0x97, 0x89, 0x97, 0x89, 0x97, 0x89, 0x97, 0x89, 0x97, 0x89, 0x97,
  0x89, 0x97, 0x89, 0x97, 0x89, 0x97, 0x89, 0x97, 0x89, 0x97, 0x89, 0x97, 0x89, 0x97, 0x89, 0x97, 0x89, 0x97, 0x89, 0x97, 0x89, 0x97, 0x89, 0x97,
  0x89, 0x97, 0x89, 0x97, 0x89, 0x97, 0x89, 0x97, 0x89, 0x97, 0x89, 0x97, 0x89, 0x97, 0x89, 0x97, 0x89, 0x97, 0x89, 0x97, 0x89, 0x97, 0x89, 0x97,
  0x89, 0x97, 0x89, 0x97, 0x89, 0x97, 0x89, 0x97, 0x89, 0x97, 0x89, 0x97, 0x89, 0x97, 0x89, 0x97, 0x89, 0x97, 0x69, 0x97, 0x89, 0x97, 0x89, 0x97,
  0x89, 0x97, 0x89, 0x97, 0x89, 0x97, 0x89, 0x97, 0x89, 0x97, 0x89, 0x97, 0x89, 0x97, 0x89, 0x97, 0x89, 0x97, 0x89, 0x97, 0x89, 0x97, 0x89, 0x97,
  0x89, 0x97, 0x89, 0x97, 0x89, 0x97, 0x89, 0x97, 0x89, 0x97, 0x89, 0x97, 0x89, 0x97, 0x89, 0x97, 0x89, 0x97, 0x89, 0x97, 0x89, 0x97, 0x89, 0x97,
  0x89, 0x97, 0x89, 0x97, 0x89, 0x97, 0x89, 0x97, 0x89, 0x97, 0x89, 0x97, 0x69, 0x97, 0x89, 0x97, 0x69, 0x97, 0x07, 0x43, 0x08, 0x32, 0x08, 0x32,
  0x08, 0x32, 0x08, 0x32, 0xe9, 0x31, 0x08, 0x32, 0xe9, 0x31, 0xe8, 0x31, 0xe9, 0x31, 0xe9, 0x31, 0xe8, 0x31, 0xe9, 0x31, 0xe8, 0x31, 0xe9, 0x31,
  0xe9, 0x31, 0xe9, 0x31, 0xe9, 0x31, 0xe9, 0x31, 0xe9, 0x31, 0xe9, 0x31, 0xe9, 0x31, 0xe9, 0x31, 0xe9, 0x31, 0xe9, 0x31, 0xe9, 0x31, 0xe9, 0x31,
  0xe9, 0x31, 0xe9, 0x31, 0xe9, 0x31, 0x09, 0x2a, 0xe9, 0x31, 0xe9, 0x31, 0xe9, 0x31, 0xe9, 0x31, 0xe9, 0x31, 0xe9, 0x31, 0xe9, 0x31, 0xe9, 0x31,
  0xe9, 0x31, 0xe9, 0x31, 0xe9, 0x31, 0xe9, 0x31, 0xe9, 0x31, 0x09, 0x32, 0xe9, 0x29, 0xe9, 0x29, 0xe9, 0x29, 0xe9, 0x29, 0xe9, 0x29, 0xe9, 0x29,
  0x88, 0x52, 0x88, 0x52, 0x88, 0x52, 0x88, 0x52, 0x88, 0x52, 0x88, 0x52, 0x88, 0x52, 0x88, 0x52, 0x88, 0x52, 0x88, 0x52, 0x68, 0x52, 0x88, 0x52,
  0x88, 0x52, 0x88, 0x52, 0x88, 0x52, 0x88, 0x52, 0x88, 0x52, 0x88, 0x52, 0x88, 0x52, 0x88, 0x52, 0x88, 0x52, 0x68, 0x52, 0x88, 0x52, 0x88, 0x52,
  0x88, 0x52, 0x88, 0x52, 0x88, 0x52, 0x88, 0x52, 0x88, 0x52, 0x88, 0x52, 0x88, 0x52, 0x88, 0x52, 0x88, 0x52, 0x88, 0x52, 0x88, 0x52, 0x88, 0x52,
  0x88, 0x52, 0x88, 0x52, 0x68, 0x52, 0x68, 0x52, 0x88, 0x52, 0x68, 0x52, 0x68, 0x52, 0x68, 0x52, 0x68, 0x52, 0x68, 0x52, 0x68, 0x52, 0x68, 0x52,
  0x68, 0x52, 0x68, 0x52, 0x68, 0x52, 0x88, 0x52, 0x87, 0x52, 0x68, 0x52, 0xe7, 0x7d, 0x69, 0x97, 0x89, 0x97, 0x69, 0x97, 0x89, 0x97, 0x89, 0x97,
  0x89, 0x97, 0x89, 0x97, 0x89, 0x97, 0x89, 0x97, 0x89, 0x97, 0x89, 0x97, 0x89, 0x97, 0x89, 0x97, 0x89, 0x97, 0x89, 0x97, 0x89, 0x97, 0x89, 0x97,
  0x89, 0x97, 0x89, 0x97, 0x89, 0x97, 0x89, 0x97, 0x89, 0x97, 0x89, 0x97, 0x89, 0x97, 0x89, 0x97, 0x89, 0x97, 0x89, 0x97, 0x89, 0x97, 0x89, 0x97,
  0x89, 0x97, 0x89, 0x97, 0x89, 0x97, 0x89, 0x97, 0x89, 0x97, 0x89, 0x97, 0x89, 0x97, 0x89, 0x97, 0x89, 0x97, 0x89, 0x97, 0x89, 0x97, 0x89, 0x97,
  0x89, 0x97, 0x89, 0x97, 0x89, 0x97, 0x89, 0x97, 0x89, 0x97, 0x89, 0x97, 0x89, 0x97, 0x89, 0x97, 0x89, 0x97, 0x89, 0x97, 0x89, 0x97, 0x89, 0x97,
  0x89, 0x97, 0x89, 0x97, 0x89, 0x97, 0x89, 0x97, 0x89, 0x97, 0x89, 0x97, 0x89, 0x97, 0x89, 0x97, 0x89, 0x97, 0x89, 0x97, 0x89, 0x97, 0x89, 0x97,
  0x89, 0x97, 0x89, 0x97, 0x89, 0x97, 0x89, 0x97, 0x89, 0x97, 0x89, 0x97, 0x89, 0x97, 0x89, 0x97, 0x89, 0x97, 0x89, 0x97, 0x89, 0x97, 0x69, 0x97,
  0x89, 0x97, 0x69, 0x97, 0x89, 0x97, 0x89, 0x97, 0x89, 0x97, 0x89, 0x97, 0x89, 0x97, 0x89, 0x97, 0x89, 0x97, 0x89, 0x97, 0x89, 0x97, 0x89, 0x97,
  0x89, 0x97, 0x89, 0x97, 0x69, 0x97, 0x89, 0x97, 0x89, 0x97, 0x89, 0x97, 0x89, 0x97, 0x89, 0x97, 0x89, 0x97, 0x89, 0x97, 0x89, 0x97, 0x89, 0x97,
  0x89, 0x97, 0x89, 0x97, 0x89, 0x97, 0x89, 0x97, 0x89, 0x97, 0x89, 0x97, 0x89, 0x97, 0x89, 0x97, 0x89, 0x97, 0x89, 0x97, 0x89, 0x97, 0x89, 0x97,
  0x89, 0x97, 0x89, 0x97, 0x89, 0x97, 0x89, 0x97, 0x89, 0x97, 0x89, 0x97, 0x89, 0x97, 0x89, 0x97, 0x89, 0x97, 0x89, 0x97, 0x89, 0x97, 0x89, 0x97,
  0x89, 0x97, 0x89, 0x97, 0x89, 0x97, 0x89, 0x97, 0x89, 0x97, 0x89, 0x97, 0x89, 0x97, 0x89, 0x97, 0x89, 0x97, 0x89, 0x97, 0x89, 0x97, 0x89, 0x97,
  0x89, 0x97, 0x89, 0x97, 0x89, 0x97, 0x89, 0x97, 0x89, 0x97, 0x89, 0x97, 0x89, 0x97, 0x89, 0x97, 0x89, 0x97, 0x89, 0x97, 0x89, 0x97, 0x89, 0x97,
  0x89, 0x97, 0x89, 0x97, 0x89, 0x97, 0x89, 0x97, 0x89, 0x97, 0x89, 0x97, 0x89, 0x97, 0x89, 0x97, 0x89, 0x97, 0x89, 0x97, 0x89, 0x97, 0x89, 0x97,
  0x89, 0x97, 0x69, 0x97, 0x89, 0x97, 0x89, 0x97, 0x89, 0x97, 0x69, 0x97, 0x89, 0x97, 0x89, 0x97, 0x69, 0x97, 0xa7, 0x75, 0x08, 0x32, 0xe8, 0x31,
  0x08, 0x32, 0xe9, 0x31, 0x08, 0x32, 0xe9, 0x31, 0x09, 0x32, 0xe9, 0x31, 0xe9, 0x31, 0xe9, 0x31, 0xe8, 0x31, 0xe8, 0x31, 0x09, 0x32, 0xe8, 0x31,
  0xe9, 0x31, 0xe9, 0x31, 0xe9, 0x31, 0xe9, 0x31, 0xe9, 0x31, 0xe8, 0x31, 0xe8, 0x31, 0xe8, 0x31, 0xe9, 0x31, 0xe9, 0x31, 0xe9, 0x31, 0xe9, 0x31,
  0xe9, 0x31, 0xe9, 0x31, 0xe9, 0x31, 0xe9, 0x31, 0xe9, 0x31, 0xe9, 0x31, 0x09, 0x32, 0xe9, 0x31, 0xe9, 0x31, 0xe9, 0x31, 0xe9, 0x31, 0xe9, 0x31,
  0xe9, 0x31, 0xe9, 0x31, 0xe9, 0x29, 0xe9, 0x29, 0xe9, 0x29, 0xe9, 0x29, 0xe9, 0x29, 0x09, 0x32, 0xe9, 0x29, 0xe9, 0x29, 0xe9, 0x29, 0xe9, 0x29,
  0x88, 0x52, 0x88, 0x52, 0x88, 0x52, 0x88, 0x52, 0x88, 0x52, 0x88, 0x52, 0x88, 0x52, 0x88, 0x52, 0x88, 0x52, 0x88, 0x52, 0x88, 0x52, 0x88, 0x52,
  0x88, 0x52, 0x88, 0x52, 0x88, 0x52, 0x88, 0x52, 0x88, 0x52, 0x88, 0x52, 0x88, 0x52, 0x88, 0x52, 0x88, 0x52, 0x88, 0x52, 0x88, 0x52, 0x88, 0x52,
  0x88, 0x52, 0x68, 0x52, 0x88, 0x52, 0x88, 0x52, 0x88, 0x52, 0x88, 0x52, 0x88, 0x52, 0x88, 0x52, 0x88, 0x52, 0x88, 0x52, 0x68, 0x52, 0x68, 0x52,
  0x68, 0x52, 0x88, 0x52, 0x88, 0x52, 0x88, 0x52, 0x68, 0x52, 0x68, 0x52, 0x68, 0x52, 0x68, 0x52, 0x68, 0x52, 0x68, 0x52, 0x68, 0x52, 0x68, 0x52,
  0x88, 0x52, 0x68, 0x52, 0x68, 0x52, 0x68, 0x52, 0x68, 0x52, 0x27, 0x5b, 0x69, 0x97, 0x69, 0x97, 0x69, 0x97, 0x69, 0x97, 0x69, 0x97, 0x69, 0x97,
  0x68, 0x97, 0x69, 0x97, 0x69, 0x97, 0x69, 0x97, 0x69, 0x97, 0x69, 0x97, 0x69, 0x97, 0x69, 0x97, 0x69, 0x97, 0x69, 0x97, 0x69, 0x97, 0x69, 0x97,
  0x69, 0x97, 0x69, 0x97, 0x69, 0x97, 0x69, 0x97, 0x69, 0x97, 0x69, 0x97, 0x69, 0x97, 0x69, 0x97, 0x69, 0x97, 0x69, 0x97, 0x69, 0x97, 0x69, 0x97,
  0x69, 0x97, 0x69, 0x97, 0x69, 0x97, 0x69, 0x97, 0x69, 0x97, 0x69, 0x97, 0x69, 0x97, 0x69, 0x97, 0x69, 0x97, 0x69, 0x97, 0x69, 0x97, 0x69, 0x97,
  0x69, 0x97, 0x69, 0x97, 0x69, 0x97, 0x69, 0x97, 0x69, 0x97, 0x69, 0x97, 0x69, 0x97, 0x69, 0x97, 0x69, 0x97, 0x69, 0x97, 0x69, 0x97, 0x69, 0x97,
  0x69, 0x97, 0x69, 0x97, 0x69, 0x97, 0x69, 0x97, 0x69, 0x97, 0x69, 0x97, 0x69, 0x97, 0x69, 0x97, 0x69, 0x97, 0x69, 0x97, 0x69, 0x97, 0x69, 0x97,
  0x69, 0x97, 0x69, 0x97, 0x69, 0x97, 0x69, 0x97, 0x69, 0x97, 0x69, 0x97, 0x69, 0x97, 0x69, 0x97, 0x69, 0x97, 0x69, 0x97, 0x69, 0x97, 0x69, 0x97,
  0x69, 0x97, 0x69, 0x97, 0x69, 0x97, 0x89, 0x97, 0x69, 0x97, 0x69, 0x97, 0x69, 0x97, 0x69, 0x97, 0x69, 0x97, 0x69, 0x97, 0x69, 0x97, 0x69, 0x97,
  0x69, 0x97, 0x69, 0x97, 0x69, 0x97, 0x69, 0x97, 0x69, 0x97, 0x89, 0x97, 0x89, 0x97, 0x69, 0x97, 0x69, 0x97, 0x69, 0x97, 0x69, 0x97, 0x69, 0x97,
  0x69, 0x97, 0x69, 0x97, 0x69, 0x97, 0x69, 0x97, 0x69, 0x97, 0x69, 0x97, 0x69, 0x97, 0x69, 0x97, 0x69, 0x97, 0x69, 0x97, 0x69, 0x97, 0x69, 0x97,
  0x69, 0x97, 0x69, 0x97, 0x69, 0x97, 0x69, 0x97, 0x69, 0x97, 0x69, 0x97, 0x69, 0x97, 0x69, 0x97, 0x69, 0x97, 0x69, 0x97, 0x69, 0x97, 0x69, 0x97,
  0x69, 0x97, 0x69, 0x97, 0x69, 0x97, 0x69, 0x97, 0x69, 0x97, 0x69, 0x97, 0x69, 0x97, 0x69, 0x97, 0x69, 0x97, 0x69, 0x97, 0x69, 0x97, 0x69, 0x97,
  0x69, 0x97, 0x69, 0x97, 0x69, 0x97, 0x69, 0x97, 0x69, 0x97, 0x69, 0x97, 0x69, 0x97, 0x69, 0x97, 0x69, 0x97, 0x69, 0x97, 0x69, 0x97, 0x69, 0x97,
  0x69, 0x97, 0x69, 0x97, 0x69, 0x97, 0x69, 0x97, 0x69, 0x97, 0x69, 0x97, 0x69, 0x97, 0x69, 0x97, 0x69, 0x97, 0x69, 0x97, 0x69, 0x97, 0x69, 0x97,
  0x69, 0x97, 0x69, 0x97, 0x69, 0x97, 0x89, 0x97, 0x69, 0x97, 0x89, 0x97, 0x68, 0x97, 0x69, 0x97, 0x89, 0x97, 0x69, 0x97, 0xc8, 0x42, 0x08, 0x32,
  0xe9, 0x31, 0xe9, 0x31, 0xe9, 0x31, 0xe9, 0x31, 0xe8, 0x31, 0xe9, 0x31, 0x09, 0x32, 0xe9, 0x31, 0xe9, 0x31, 0xe9, 0x31, 0xe9, 0x31, 0xe9, 0x31,
  0xe9, 0x31, 0xe9, 0x31, 0xe9, 0x31, 0xe9, 0x31, 0xe9, 0x31, 0xe9, 0x31, 0xe9, 0x31, 0xe9, 0x31, 0xe9, 0x31, 0xe9, 0x31, 0xe9, 0x31, 0xe9, 0x31,
  0xe9, 0x31, 0xe9, 0x31, 0xe9, 0x31, 0xe9, 0x31, 0xe9, 0x31, 0xe9, 0x31, 0xe9, 0x31, 0xe9, 0x31, 0xe9, 0x31, 0xe9, 0x31, 0xe9, 0x31, 0xe9, 0x31,
  0xe9, 0x31, 0x09, 0x32, 0xe9, 0x31, 0xe9, 0x29, 0xe9, 0x29, 0xe9, 0x29, 0xe9, 0x29, 0xe9, 0x29, 0xe9, 0x29, 0xe9, 0x29, 0xe9, 0x29, 0xe9, 0x29,
  0x88, 0x52, 0x88, 0x52, 0x88, 0x52, 0x88, 0x52, 0x88, 0x52, 0x88, 0x52, 0x88, 0x52, 0x88, 0x52, 0x88, 0x52, 0x88, 0x52, 0x88, 0x52, 0x88, 0x52,
  0x88, 0x52, 0x88, 0x52, 0x88, 0x52, 0x88, 0x52, 0x88, 0x52, 0x88, 0x52, 0x88, 0x52, 0x88, 0x52, 0x88, 0x52, 0x88, 0x52, 0x88, 0x52, 0x88, 0x52,
  0x88, 0x52, 0x88, 0x52, 0x88, 0x52, 0x88, 0x52, 0x88, 0x52, 0x88, 0x52, 0x88, 0x52, 0x88, 0x52, 0x88, 0x52, 0x88, 0x52, 0x88, 0x52, 0x88, 0x52,
  0x88, 0x52, 0x88, 0x52, 0x68, 0x52, 0x88, 0x52, 0x68, 0x52, 0x88, 0x52, 0x68, 0x52, 0x68, 0x52, 0x88, 0x52, 0x68, 0x52, 0x68, 0x52, 0x68, 0x52,
  0x88, 0x52, 0x68, 0x52, 0x88, 0x52, 0x68, 0x52, 0x68, 0x52, 0x27, 0x75, 0x89, 0x97, 0x69, 0x97, 0x69, 0x97, 0x69, 0x97, 0x69, 0x97, 0x69, 0x97,
  0x69, 0x97, 0x69, 0x97, 0x69, 0x97, 0x69, 0x97, 0x69, 0x97, 0x69, 0x97, 0x69, 0x97, 0x69, 0x97, 0x69, 0x97, 0x69, 0x97, 0x69, 0x97, 0x69, 0x97,
  0x69, 0x97, 0x69, 0x97, 0x69, 0x97, 0x69, 0x97, 0x69, 0x97, 0x69, 0x97, 0x69, 0x97, 0x89, 0x97, 0x69, 0x97, 0x69, 0x97, 0x69, 0x97, 0x69, 0x97,
  0x69, 0x97, 0x69, 0x97, 0x69, 0x97, 0x69, 0x97, 0x69, 0x97, 0x69, 0x97, 0x69, 0x97, 0x69, 0x97, 0x69, 0x97, 0x69, 0x97, 0x69, 0x97, 0x69, 0x97,
  0x69, 0x97, 0x69, 0x97, 0x69, 0x97, 0x69, 0x97, 0x69, 0x97, 0x69, 0x97, 0x69, 0x97, 0x69, 0x97, 0x69, 0x97, 0x69, 0x97, 0x69, 0x97, 0x69, 0x97,
  0x69, 0x97, 0x69, 0x97, 0x69, 0x97, 0x69, 0x97, 0x69, 0x97, 0x69, 0x97, 0x69, 0x97, 0x69, 0x97, 0x69, 0x97, 0x69, 0x97, 0x69, 0x97, 0x69, 0x97,
  0x69, 0x97, 0x69, 0x97, 0x69, 0x97, 0x69, 0x97, 0x69, 0x97, 0x69, 0x97, 0x69, 0x97, 0x69, 0x97, 0x69, 0x97, 0x69, 0x97, 0x69, 0x97, 0x69, 0x97,
  0x69, 0x97, 0x69, 0x97, 0x69, 0x97, 0x69, 0x97, 0x69, 0x97, 0x69, 0x97, 0x69, 0x97, 0x69, 0x97, 0x69, 0x97, 0x69, 0x97, 0x69, 0x97, 0x69, 0x97,
  0x69, 0x97, 0x69, 0x97, 0x69, 0x97, 0x69, 0x97, 0x69, 0x97, 0x69, 0x97, 0x69, 0x97, 0x69, 0x97, 0x69, 0x97, 0x69, 0x97, 0x69, 0x97, 0x69, 0x97,
  0x69, 0x97, 0x69, 0x97, 0x69, 0x97, 0x69, 0x97, 0x69, 0x97, 0x69, 0x97, 0x69, 0x97, 0x69, 0x97, 0x69, 0x97, 0x69, 0x97, 0x69, 0x97, 0x69, 0x97,
  0x69, 0x97, 0x69, 0x97, 0x69, 0x97, 0x69, 0x97, 0x69, 0x97, 0x69, 0x97, 0x69, 0x97, 0x69, 0x97, 0x69, 0x97, 0x69, 0x97, 0x69, 0x97, 0x69, 0x97,
  0x69, 0x97, 0x69, 0x97, 0x69, 0x97, 0x69, 0x97, 0x69, 0x97, 0x69, 0x97, 0x69, 0x97, 0x69, 0x97, 0x69, 0x97, 0x69, 0x97, 0x69, 0x97, 0x69, 0x97,
  0x69, 0x97, 0x69, 0x97, 0x69, 0x97, 0x69, 0x97, 0x69, 0x97, 0x69, 0x97, 0x69, 0x97, 0x69, 0x97, 0x69, 0x97, 0x69, 0x97, 0x89, 0x97, 0x69, 0x97,
  0x69, 0x97, 0x69, 0x97, 0x69, 0x97, 0x69, 0x97, 0x69, 0x97, 0x69, 0x97, 0x69, 0x97, 0x69, 0x97, 0x69, 0x97, 0x69, 0x97, 0x69, 0x97, 0x69, 0x97,
  0x69, 0x97, 0x69, 0x97, 0x69, 0x97, 0x69, 0x97, 0x69, 0x97, 0x69, 0x97, 0x69, 0x97, 0x69, 0x97, 0x69, 0x97, 0x69, 0x97, 0x07, 0x65, 0xe9, 0x31,
  0x09, 0x32, 0xe9, 0x31, 0xe9, 0x31, 0x09, 0x32, 0xe9, 0x31, 0xe9, 0x31, 0xe9, 0x31, 0xe9, 0x31, 0xe8, 0x31, 0xe8, 0x31, 0xe9, 0x31, 0xe9, 0x31,
  0xe9, 0x31, 0xe9, 0x31, 0xe9, 0x31, 0x09, 0x32, 0x09, 0x32, 0xe9, 0x31, 0xe9, 0x31, 0xe9, 0x31, 0x09, 0x32, 0xe9, 0x31, 0xe9, 0x31, 0xe9, 0x31,
  0x09, 0x2a, 0x09, 0x32, 0xe9, 0x31, 0xe9, 0x31, 0xe9, 0x31, 0x09, 0x32, 0xe9, 0x31, 0xe9, 0x31, 0x09, 0x32, 0xe9, 0x31, 0x09, 0x32, 0x09, 0x32,
  0xe9, 0x29, 0xe9, 0x29, 0xe9, 0x29, 0xe9, 0x29, 0x09, 0x32, 0xe9, 0x29, 0xe9, 0x29, 0x09, 0x32, 0xe9, 0x29, 0xe9, 0x29, 0xe9, 0x29, 0xe9, 0x29,
  0x88, 0x52, 0x88, 0x52, 0x88, 0x52, 0x88, 0x52, 0x88, 0x52, 0x88, 0x52, 0x88, 0x52, 0x88, 0x52, 0x88, 0x52, 0x88, 0x52, 0x88, 0x52, 0x88, 0x52,
  0x88, 0x52, 0x88, 0x52, 0x88, 0x52, 0x88, 0x52, 0x88, 0x52, 0x88, 0x52, 0x88, 0x52, 0x88, 0x52, 0x88, 0x52, 0x88, 0x52, 0x88, 0x52, 0x88, 0x52,
  0x88, 0x52, 0x88, 0x52, 0x88, 0x52, 0x88, 0x52, 0x88, 0x52, 0x88, 0x52, 0x88, 0x52, 0x88, 0x52, 0x88, 0x52, 0x88, 0x52, 0x88, 0x52, 0x68, 0x52,
  0x68, 0x52, 0x68, 0x52, 0x88, 0x52, 0x68, 0x52, 0x88, 0x52, 0x68, 0x52, 0x68, 0x52, 0x68, 0x52, 0x68, 0x52, 0x68, 0x52, 0x68, 0x52, 0x68, 0x52,
  0x68, 0x52, 0x67, 0x52, 0x68, 0x52, 0x88, 0x52, 0x87, 0x52, 0x29, 0x8f, 0x69, 0x97, 0x69, 0x97, 0x69, 0x97, 0x69, 0x97, 0x69, 0x97, 0x69, 0x97,
  0x69, 0x97, 0x69, 0x97, 0x69, 0x97, 0x69, 0x97, 0x69, 0x97, 0x69, 0x97, 0x69, 0x97, 0x69, 0x97, 0x69, 0x97, 0x69, 0x97, 0x69, 0x97, 0x69, 0x97,
  0x69, 0x97, 0x69, 0x97, 0x69, 0x97, 0x69, 0x97, 0x69, 0x97, 0x69, 0x97, 0x69, 0x97, 0x69, 0x97, 0x69, 0x97, 0x69, 0x97, 0x69, 0x97, 0x69, 0x97,
  0x69, 0x97, 0x69, 0x97, 0x69, 0x97, 0x69, 0x97, 0x69, 0x97, 0x69, 0x97, 0x69, 0x97, 0x69, 0x97, 0x69, 0x97, 0x69, 0x97, 0x69, 0x97, 0x69, 0x97,
  0x69, 0x97, 0x69, 0x97, 0x69, 0x97, 0x69, 0x97, 0x69, 0x97, 0x69, 0x97, 0x69, 0x97, 0x69, 0x97, 0x69, 0x97, 0x69, 0x97, 0x69, 0x97, 0x69, 0x97,
  0x69, 0x97, 0x69, 0x97, 0x69, 0x97, 0x69, 0x97, 0x69, 0x97, 0x69, 0x97, 0x69, 0x97, 0x69, 0x97, 0x69, 0x97, 0x69, 0x97, 0x69, 0x97, 0x69, 0x97,
  0x69, 0x97, 0x69, 0x97, 0x69, 0x97, 0x69, 0x97, 0x69, 0x97, 0x69, 0x97, 0x69, 0x97, 0x69, 0x97, 0x69, 0x97, 0x69, 0x97, 0x69, 0x97, 0x69, 0x97,
  0x69, 0x97, 0x69, 0x97, 0x69, 0x97, 0x69, 0x97, 0x69, 0x97, 0x69, 0x97, 0x69, 0x97, 0x69, 0x97, 0x69, 0x97, 0x69, 0x97, 0x69, 0x97, 0x69, 0x97,
  0x69, 0x97, 0x69, 0x97, 0x69, 0x97, 0x69, 0x97, 0x69, 0x97, 0x69, 0x97, 0x69, 0x97, 0x69, 0x97, 0x69, 0x97, 0x69, 0x97, 0x69, 0x97, 0x69, 0x97,
  0x69, 0x97, 0x69, 0x97, 0x69, 0x97, 0x69, 0x97, 0x69, 0x97, 0x69, 0x97, 0x69, 0x97, 0x69, 0x97, 0x69, 0x97, 0x69, 0x97, 0x69, 0x97, 0x69, 0x97,
  0x69, 0x97, 0x69, 0x97, 0x69, 0x97, 0x69, 0x97, 0x69, 0x97, 0x69, 0x97, 0x69, 0x97, 0x69, 0x97, 0x69, 0x97, 0x69, 0x97, 0x69, 0x97, 0x69, 0x97,
  0x69, 0x97, 0x69, 0x97, 0x69, 0x97, 0x69, 0x97, 0x69, 0x97, 0x69, 0x97, 0x69, 0x97, 0x69, 0x97, 0x69, 0x97, 0x69, 0x97, 0x69, 0x97, 0x69, 0x97,
  0x69, 0x97, 0x69, 0x97, 0x69, 0x97, 0x69, 0x97, 0x69, 0x97, 0x69, 0x97, 0x69, 0x97, 0x69, 0x97, 0x69, 0x97, 0x69, 0x97, 0x69, 0x97, 0x69, 0x97,
  0x69, 0x97, 0x69, 0x97, 0x69, 0x97, 0x69, 0x97, 0x69, 0x97, 0x69, 0x97, 0x69, 0x97, 0x69, 0x97, 0x69, 0x97, 0x69, 0x97, 0x69, 0x97, 0x69, 0x97,
  0x69, 0x97, 0x69, 0x97, 0x69, 0x97, 0x69, 0x97, 0x69, 0x97, 0x69, 0x97, 0x69, 0x97, 0x69, 0x97, 0x69, 0x97, 0x69, 0x97, 0xe8, 0x8e, 0x08, 0x3a,
  0xe8, 0x31, 0xe8, 0x31, 0xe9, 0x31, 0xe9, 0x31, 0x09, 0x32, 0xe9, 0x31, 0xe9, 0x31, 0x09, 0x32, 0x09, 0x32, 0xe9, 0x31, 0xe9, 0x31, 0xe9, 0x31,
  0x09, 0x32, 0x09, 0x32, 0x09, 0x32, 0x09, 0x32, 0x09, 0x32, 0xe9, 0x31, 0xe8, 0x31, 0xe9, 0x31, 0xe9, 0x31, 0xe9, 0x31, 0xe9, 0x31, 0xe9, 0x31,
  0xe9, 0x31, 0xe9, 0x31, 0xe9, 0x31, 0xe9, 0x31, 0xe9, 0x31, 0xe9, 0x31, 0xe9, 0x31, 0x09, 0x32, 0xe9, 0x31, 0xe9, 0x29, 0xe9, 0x29, 0x09, 0x2a,
  0x09, 0x32, 0xe9, 0x29, 0xe9, 0x29, 0xe9, 0x29, 0xe9, 0x29, 0x09, 0x32, 0xe9, 0x29, 0x09, 0x2a, 0x09, 0x32, 0x09, 0x32, 0x09, 0x32, 0xe9, 0x29,
  0x88, 0x52, 0x88, 0x52, 0x88, 0x52, 0x88, 0x52, 0x88, 0x52, 0x88, 0x52, 0x88, 0x52, 0x88, 0x52, 0x88, 0x52, 0x88, 0x52, 0x88, 0x52, 0x88, 0x52,
  0x88, 0x52, 0x88, 0x52, 0x68, 0x52, 0x88, 0x52, 0x88, 0x52, 0x88, 0x52, 0x88, 0x52, 0x88, 0x52, 0x88, 0x52, 0x88, 0x52, 0x88, 0x52, 0x88, 0x52,
  0x88, 0x52, 0x88, 0x52, 0x88, 0x52, 0x88, 0x52, 0x88, 0x52, 0x68, 0x52, 0x88, 0x52, 0x68, 0x52, 0x88, 0x52, 0x88, 0x52, 0x88, 0x52, 0x88, 0x52,
  0x88, 0x52, 0x68, 0x52, 0x88, 0x52, 0x88, 0x52, 0x68, 0x52, 0x68, 0x52, 0x68, 0x52, 0x67, 0x52, 0x68, 0x52, 0x68, 0x52, 0x68, 0x52, 0x68, 0x52,
  0x67, 0x52, 0x68, 0x52, 0x67, 0x52, 0x68, 0x52, 0x87, 0x5b, 0x89, 0x97, 0x89, 0x97, 0x69, 0x97, 0x69, 0x97, 0x69, 0x97, 0x69, 0x97, 0x69, 0x97,
  0x69, 0x97, 0x69, 0x97, 0x69, 0x97, 0x69, 0x97, 0x69, 0x97, 0x69, 0x97, 0x69, 0x97, 0x69, 0x97, 0x69, 0x97, 0x69, 0x97, 0x69, 0x97, 0x69, 0x97,
  0x69, 0x97, 0x69, 0x97, 0x69, 0x97, 0x69, 0x97, 0x69, 0x97, 0x69, 0x97, 0x69, 0x97, 0x69, 0x97, 0x69, 0x97, 0x69, 0x97, 0x69, 0x97, 0x69, 0x97,
  0x69, 0x97, 0x69, 0x97, 0x69, 0x97, 0x69, 0x97, 0x69, 0x97, 0x69, 0x97, 0x69, 0x97, 0x69, 0x97, 0x69, 0x97, 0x69, 0x97, 0x69, 0x97, 0x69, 0x97,
  0x69, 0x97, 0x69, 0x97, 0x69, 0x97, 0x69, 0x97, 0x69, 0x97, 0x69, 0x97, 0x69, 0x97, 0x69, 0x97, 0x69, 0x97, 0x69, 0x97, 0x69, 0x97, 0x69, 0x97,
  0x69, 0x97, 0x69, 0x97, 0x69, 0x97, 0x69, 0x97, 0x69, 0x97, 0x69, 0x97, 0x69, 0x97, 0x69, 0x97, 0x69, 0x97, 0x69, 0x97, 0x69, 0x97, 0x69, 0x97,
  0x69, 0x97, 0x69, 0x97, 0x69, 0x97, 0x69, 0x97, 0x69, 0x97, 0x69, 0x97, 0x69, 0x97, 0x69, 0x97, 0x69, 0x97, 0x69, 0x97, 0x69, 0x97, 0x69, 0x97,
  0x69, 0x97, 0x69, 0x97, 0x69, 0x97, 0x69, 0x97, 0x69, 0x97, 0x69, 0x97, 0x69, 0x97, 0x69, 0x97, 0x69, 0x97, 0x69, 0x97, 0x69, 0x97, 0x69, 0x97,
  0x69, 0x97, 0x69, 0x97, 0x69, 0x97, 0x69, 0x97, 0x69, 0x97, 0x69, 0x97, 0x69, 0x97, 0x69, 0x97, 0x69, 0x97, 0x69, 0x97, 0x69, 0x97, 0x69, 0x97,
  0x69, 0x97, 0x69, 0x97, 0x69, 0x97, 0x69, 0x97, 0x69, 0x97, 0x69, 0x97, 0x69, 0x97, 0x69, 0x97, 0x69, 0x97, 0x69, 0x97, 0x69, 0x97, 0x69, 0x97,
  0x69, 0x97, 0x69, 0x97, 0x69, 0x97, 0x69, 0x97, 0x69, 0x97, 0x69, 0x97, 0x69, 0x97, 0x69, 0x97, 0x69, 0x97, 0x69, 0x97, 0x69, 0x97, 0x69, 0x97,
  0x69, 0x97, 0x69, 0x97, 0x69, 0x97, 0x69, 0x97, 0x69, 0x97, 0x69, 0x97, 0x69, 0x97, 0x69, 0x97, 0x69, 0x97, 0x69, 0x97, 0x69, 0x97, 0x69, 0x97,
  0x69, 0x97, 0x69, 0x97, 0x69, 0x97, 0x69, 0x97, 0x69, 0x97, 0x69, 0x97, 0x69, 0x97, 0x69, 0x97, 0x69, 0x97, 0x69, 0x97, 0x69, 0x97, 0x69, 0x97,
  0x69, 0x97, 0x69, 0x97, 0x69, 0x97, 0x69, 0x97, 0x69, 0x97, 0x69, 0x97, 0x69, 0x97, 0x69, 0x97, 0x69, 0x97, 0x69, 0x97, 0x69, 0x97, 0x69, 0x97,
  0x69, 0x97, 0x69, 0x97, 0x69, 0x97, 0x69, 0x97, 0x69, 0x97, 0x69, 0x97, 0x69, 0x97, 0x69, 0x97, 0x69, 0x97, 0x89, 0x97, 0x69, 0x97, 0x27, 0x4b,
  0x09, 0x32, 0x08, 0x32, 0xe9, 0x31, 0x09, 0x32, 0xe9, 0x31, 0xe9, 0x31, 0xe9, 0x31, 0xe9, 0x31, 0xe9, 0x31, 0xe9, 0x31, 0xe8, 0x31, 0xe9, 0x31,
  0xe9, 0x31, 0xe9, 0x31, 0x09, 0x32, 0xe8, 0x31, 0x09, 0x32, 0xe8, 0x31, 0x09, 0x32, 0xe9, 0x31, 0xe9, 0x31, 0xe9, 0x31, 0x09, 0x32, 0xe9, 0x31,
  0x09, 0x32, 0xe9, 0x31, 0xe9, 0x31, 0xe9, 0x31, 0x09, 0x32, 0xe9, 0x31, 0xe9, 0x31, 0xe9, 0x31, 0x09, 0x32, 0xe9, 0x31, 0xe9, 0x31, 0x09, 0x32,
  0xe9, 0x29, 0xe9, 0x29, 0xe9, 0x29, 0xe9, 0x29, 0xe9, 0x29, 0xe9, 0x29, 0x09, 0x32, 0xe9, 0x29, 0xe9, 0x29, 0xe9, 0x29, 0xe9, 0x29, 0xe9, 0x29,
  0x88, 0x52, 0x88, 0x52, 0x88, 0x52, 0x88, 0x52, 0x88, 0x52, 0x88, 0x52, 0x88, 0x52, 0x88, 0x52, 0x88, 0x52, 0x88, 0x52, 0x88, 0x52, 0x88, 0x52,
  0x88, 0x52, 0x88, 0x52, 0x88, 0x52, 0x88, 0x52, 0x88, 0x52, 0x88, 0x52, 0x88, 0x52, 0x88, 0x52, 0x88, 0x52, 0x88, 0x52, 0x88, 0x52, 0x88, 0x52,
  0x88, 0x52, 0x88, 0x52, 0x68, 0x52, 0x88, 0x52, 0x88, 0x52, 0x88, 0x52, 0x88, 0x52, 0x88, 0x52, 0x88, 0x52, 0x88, 0x52, 0x68, 0x52, 0x88, 0x52,
  0x88, 0x52, 0x88, 0x52, 0x88, 0x52, 0x88, 0x52, 0x88, 0x52, 0x68, 0x52, 0x68, 0x52, 0x68, 0x52, 0x68, 0x52, 0x68, 0x52, 0x68, 0x52, 0x68, 0x52,
  0x68, 0x52, 0x88, 0x52, 0x68, 0x52, 0x88, 0x52, 0xe7, 0x74, 0x89, 0x97, 0x68, 0x97, 0x69, 0x97, 0x69, 0x97, 0x69, 0x97, 0x69, 0x97, 0x69, 0x97,
  0x69, 0x97, 0x69, 0x97, 0x69, 0x97, 0x69, 0x97, 0x69, 0x97, 0x69, 0x97, 0x69, 0x97, 0x69, 0x97, 0x69, 0x97, 0x69, 0x97, 0x68, 0x97, 0x68, 0x97,
  0x69, 0x97, 0x69, 0x97, 0x69, 0x97, 0x69, 0x97, 0x69, 0x97, 0x69, 0x97, 0x69, 0x97, 0x69, 0x97, 0x69, 0x97, 0x69, 0x97, 0x69, 0x97, 0x69, 0x97,
  0x69, 0x97, 0x69, 0x97, 0x68, 0x97, 0x68, 0x97, 0x69, 0x97, 0x69, 0x97, 0x69, 0x97, 0x69, 0x97, 0x69, 0x97, 0x69, 0x97, 0x69, 0x97, 0x69, 0x97,
  0x69, 0x97, 0x69, 0x97, 0x69, 0x97, 0x69, 0x97, 0x69, 0x97, 0x69, 0x97, 0x69, 0x97, 0x69, 0x97, 0x69, 0x97, 0x69, 0x97, 0x69, 0x97, 0x69, 0x97,
  0x69, 0x97, 0x69, 0x97, 0x69, 0x97, 0x69, 0x97, 0x69, 0x97, 0x69, 0x97, 0x69, 0x97, 0x69, 0x97, 0x69, 0x97, 0x69, 0x97, 0x69, 0x97, 0x69, 0x97,
  0x69, 0x97, 0x69, 0x97, 0x69, 0x97, 0x69, 0x97, 0x69, 0x97, 0x69, 0x97, 0x69, 0x97, 0x69, 0x97, 0x69, 0x97, 0x69, 0x97, 0x69, 0x97, 0x69, 0x97,
  0x69, 0x97, 0x69, 0x97, 0x69, 0x97, 0x69, 0x97, 0x69, 0x97, 0x69, 0x97, 0x69, 0x97, 0x69, 0x97, 0x69, 0x97, 0x69, 0x97, 0x69, 0x97, 0x69, 0x97,
  0x69, 0x97, 0x69, 0x97, 0x69, 0x97, 0x69, 0x97, 0x69, 0x97, 0x69, 0x97, 0x69, 0x97, 0x69, 0x97, 0x69, 0x97, 0x69, 0x97, 0x69, 0x97, 0x69, 0x97,
  0x69, 0x97, 0x69, 0x97, 0x69, 0x97, 0x69, 0x97, 0x69, 0x97, 0x69, 0x97, 0x69, 0x97, 0x69, 0x97, 0x69, 0x97, 0x69, 0x97, 0x68, 0x97, 0x68, 0x97,
  0x69, 0x97, 0x69, 0x97, 0x69, 0x97, 0x69, 0x97, 0x69, 0x97, 0x69, 0x97, 0x69, 0x97, 0x69, 0x97, 0x69, 0x97, 0x69, 0x97, 0x69, 0x97, 0x69, 0x97,
  0x69, 0x97, 0x69, 0x97, 0x69, 0x97, 0x69, 0x97, 0x69, 0x97, 0x69, 0x97, 0x69, 0x97, 0x69, 0x97, 0x69, 0x97, 0x69, 0x97, 0x69, 0x97, 0x69, 0x97,
  0x69, 0x97, 0x69, 0x97, 0x69, 0x97, 0x69, 0x97, 0x69, 0x97, 0x69, 0x97, 0x69, 0x97, 0x69, 0x97, 0x69, 0x97, 0x69, 0x97, 0x69, 0x97, 0x69, 0x97,
  0x69, 0x97, 0x69, 0x97, 0x69, 0x97, 0x69, 0x97, 0x69, 0x97, 0x69, 0x97, 0x69, 0x97, 0x69, 0x97, 0x69, 0x97, 0x69, 0x97, 0x69, 0x97, 0x69, 0x97,
  0x69, 0x97, 0x69, 0x97, 0x69, 0x97, 0x69, 0x97, 0x69, 0x97, 0x69, 0x97, 0x69, 0x97, 0x69, 0x97, 0x69, 0x97, 0x68, 0x97, 0x68, 0x97, 0xa7, 0x64,
  0xe8, 0x31, 0x09, 0x32, 0xe9, 0x31, 0xe9, 0x31, 0xe9, 0x31, 0xe9, 0x31, 0xe8, 0x31, 0x09, 0x32, 0x09, 0x32, 0x09, 0x32, 0x09, 0x32, 0xe9, 0x31,
  0x09, 0x32, 0xe9, 0x31, 0x09, 0x32, 0xe9, 0x31, 0xe9, 0x31, 0xe9, 0x31, 0xe8, 0x31, 0xe9, 0x31, 0xe9, 0x31, 0xe9, 0x31, 0xe9, 0x31, 0xe9, 0x31,
  0xe9, 0x31, 0xe9, 0x31, 0xe9, 0x31, 0xe9, 0x31, 0xe9, 0x31, 0x09, 0x32, 0xe9, 0x31, 0xe9, 0x31, 0x09, 0x32, 0x09, 0x32, 0xe9, 0x29, 0x09, 0x2a,
  0xe9, 0x31, 0xe9, 0x29, 0xe9, 0x29, 0x09, 0x32, 0x09, 0x2a, 0x09, 0x32, 0xe9, 0x29, 0xe9, 0x29, 0x09, 0x32, 0xe9, 0x29, 0x09, 0x32, 0x09, 0x32,
  0x88, 0x52, 0x88, 0x52, 0x88, 0x52, 0x88, 0x52, 0x88, 0x52, 0x88, 0x52, 0x88, 0x52, 0x88, 0x52, 0x88, 0x52, 0x88, 0x52, 0x88, 0x52, 0x88, 0x52,
  0x88, 0x52, 0x88, 0x52, 0x88, 0x52, 0x88, 0x52, 0x88, 0x52, 0x88, 0x52, 0x88, 0x52, 0x88, 0x52, 0x88, 0x52, 0x88, 0x52, 0x88, 0x52, 0x88, 0x52,
  0x88, 0x52, 0x88, 0x52, 0x88, 0x52, 0x88, 0x52, 0x88, 0x52, 0x88, 0x52, 0x88, 0x52, 0x68, 0x52, 0x68, 0x52, 0x88, 0x52, 0x88, 0x52, 0x68, 0x52,
  0x88, 0x52, 0x68, 0x52, 0x88, 0x52, 0x88, 0x52, 0x88, 0x52, 0x68, 0x52, 0x68, 0x52, 0x68, 0x52, 0x68, 0x52, 0x68, 0x52, 0x68, 0x52, 0x68, 0x52,
  0x68, 0x52, 0x68, 0x52, 0x68, 0x52, 0x68, 0x52, 0x47, 0x86, 0x68, 0x97, 0x69, 0x97, 0x49, 0x97, 0x68, 0x97, 0x68, 0x97, 0x68, 0x97, 0x68, 0x97,
  0x68, 0x97, 0x68, 0x97, 0x68, 0x97, 0x68, 0x97, 0x68, 0x97, 0x68, 0x97, 0x68, 0x97, 0x68, 0x97, 0x68, 0x97, 0x68, 0x97, 0x68, 0x97, 0x68, 0x97,
  0x68, 0x97, 0x68, 0x97, 0x68, 0x97, 0x68, 0x97, 0x68, 0x97, 0x68, 0x97, 0x68, 0x97, 0x68, 0x97, 0x68, 0x97, 0x68, 0x97, 0x68, 0x97, 0x68, 0x97,
  0x68, 0x97, 0x68, 0x97, 0x68, 0x97, 0x68, 0x97, 0x68, 0x97, 0x68, 0x97, 0x68, 0x97, 0x68, 0x97, 0x68, 0x97, 0x68, 0x97, 0x68, 0x97, 0x68, 0x97,
  0x68, 0x97, 0x68, 0x97, 0x68, 0x97, 0x68, 0x97, 0x68, 0x97, 0x68, 0x97, 0x68, 0x97, 0x68, 0x97, 0x68, 0x97, 0x68, 0x97, 0x68, 0x97, 0x68, 0x97,
  0x68, 0x97, 0x68, 0x97, 0x68, 0x97, 0x68, 0x97, 0x68, 0x97, 0x68, 0x97, 0x68, 0x97, 0x68, 0x97, 0x68, 0x97, 0x68, 0x97, 0x48, 0x97, 0x68, 0x97,
  0x68, 0x97, 0x68, 0x97, 0x68, 0x97, 0x68, 0x97, 0x68, 0x97, 0x68, 0x97, 0x68, 0x97, 0x68, 0x97, 0x68, 0x97, 0x68, 0x97, 0x68, 0x97, 0x68, 0x97,
  0x68, 0x97, 0x68, 0x97, 0x68, 0x97, 0x68, 0x97, 0x68, 0x97, 0x68, 0x97, 0x68, 0x97, 0x68, 0x97, 0x68, 0x97, 0x68, 0x97, 0x68, 0x97, 0x68, 0x97,
  0x68, 0x97, 0x68, 0x97, 0x68, 0x97, 0x68, 0x97, 0x68, 0x97, 0x68, 0x97, 0x68, 0x97, 0x68, 0x97, 0x68, 0x97, 0x68, 0x97, 0x68, 0x97, 0x68, 0x97,
  0x68, 0x97, 0x68, 0x97, 0x68, 0x97, 0x68, 0x97, 0x68, 0x97, 0x68, 0x97, 0x68, 0x97, 0x68, 0x97, 0x68, 0x97, 0x68, 0x97, 0x68, 0x97, 0x68, 0x97,
  0x68, 0x97, 0x68, 0x97, 0x68, 0x97, 0x68, 0x97, 0x68, 0x97, 0x68, 0x97, 0x68, 0x97, 0x68, 0x97, 0x68, 0x97, 0x68, 0x97, 0x68, 0x97, 0x68, 0x97,
  0x68, 0x97, 0x68, 0x97, 0x68, 0x97, 0x68, 0x97, 0x68, 0x97, 0x68, 0x97, 0x68, 0x97, 0x68, 0x97, 0x68, 0x97, 0x68, 0x97, 0x68, 0x97, 0x68, 0x97,
  0x68, 0x97, 0x68, 0x97, 0x68, 0x97, 0x68, 0x97, 0x68, 0x97, 0x68, 0x97, 0x68, 0x97, 0x68, 0x97, 0x68, 0x97, 0x68, 0x97, 0x68, 0x97, 0x68, 0x97,
  0x68, 0x97, 0x68, 0x97, 0x68, 0x97, 0x68, 0x97, 0x68, 0x97, 0x68, 0x97, 0x68, 0x97, 0x68, 0x97, 0x68, 0x97, 0x68, 0x97, 0x68, 0x97, 0x68, 0x97,
  0x68, 0x97, 0x68, 0x97, 0x68, 0x97, 0x68, 0x97, 0x68, 0x97, 0x68, 0x97, 0x68, 0x97, 0x68, 0x97, 0x68, 0x97, 0x68, 0x97, 0x69, 0x97, 0x27, 0x7e,
  0xe9, 0x31, 0xe9, 0x31, 0x09, 0x32, 0x09, 0x32, 0x09, 0x32, 0x08, 0x32, 0xe9, 0x31, 0xe8, 0x31, 0xe9, 0x31, 0xe9, 0x31, 0xe9, 0x31, 0x09, 0x32,
  0x09, 0x32, 0x09, 0x32, 0x09, 0x32, 0xe9, 0x31, 0x09, 0x32, 0xe9, 0x31, 0xe9, 0x31, 0x09, 0x32, 0xe9, 0x31, 0xe9, 0x31, 0xe9, 0x31, 0xe9, 0x31,
  0x09, 0x32, 0xe9, 0x31, 0xe9, 0x31, 0xe9, 0x31, 0xe9, 0x31, 0xe9, 0x31, 0xe9, 0x31, 0xe9, 0x31, 0xe9, 0x31, 0xe9, 0x29, 0x09, 0x32, 0x09, 0x2a,
  0x09, 0x32, 0xe9, 0x29, 0xe9, 0x29, 0xe9, 0x29, 0x09, 0x32, 0xe9, 0x29, 0x09, 0x32, 0x09, 0x32, 0x09, 0x32, 0xe9, 0x29, 0xea, 0x29, 0xe9, 0x29,
  0x88, 0x52, 0x88, 0x52, 0x88, 0x52, 0x88, 0x52, 0x88, 0x52, 0x88, 0x52, 0x88, 0x52, 0x88, 0x52, 0x88, 0x52, 0x88, 0x52, 0x88, 0x52, 0x88, 0x52,
  0x88, 0x52, 0x68, 0x52, 0x88, 0x52, 0x88, 0x52, 0x88, 0x52, 0x88, 0x52, 0x88, 0x52, 0x88, 0x52, 0x88, 0x52, 0x88, 0x52, 0x88, 0x52, 0x88, 0x52,
  0x88, 0x52, 0x88, 0x52, 0x88, 0x52, 0x68, 0x52, 0x88, 0x52, 0x88, 0x52, 0x88, 0x52, 0x88, 0x52, 0x88, 0x52, 0x88, 0x52, 0x88, 0x52, 0x88, 0x52,
  0x68, 0x52, 0x88, 0x52, 0x68, 0x52, 0x88, 0x52, 0x88, 0x52, 0x68, 0x52, 0x68, 0x52, 0x68, 0x52, 0x68, 0x52, 0x68, 0x52, 0x68, 0x52, 0x68, 0x52,
  0x88, 0x52, 0x68, 0x52, 0x68, 0x52, 0xa8, 0x52, 0x49, 0x97, 0x89, 0x97, 0x68, 0x97, 0x48, 0x97, 0x68, 0x97, 0x68, 0x97, 0x68, 0x97, 0x68, 0x97,
  0x68, 0x97, 0x68, 0x97, 0x68, 0x97, 0x68, 0x97, 0x68, 0x97, 0x68, 0x97, 0x68, 0x97, 0x68, 0x97, 0x68, 0x97, 0x68, 0x97, 0x68, 0x97, 0x68, 0x97,
  0x68, 0x97, 0x68, 0x97, 0x68, 0x97, 0x68, 0x97, 0x68, 0x97, 0x68, 0x97, 0x68, 0x97, 0x68, 0x97, 0x68, 0x97, 0x68, 0x97, 0x68, 0x97, 0x68, 0x97,
  0x68, 0x97, 0x68, 0x97, 0x68, 0x97, 0x68, 0x97, 0x68, 0x97, 0x68, 0x97, 0x68, 0x97, 0x68, 0x97, 0x68, 0x97, 0x68, 0x97, 0x68, 0x97, 0x68, 0x97,
  0x68, 0x97, 0x68, 0x97, 0x68, 0x97, 0x68, 0x97, 0x68, 0x97, 0x68, 0x97, 0x68, 0x97, 0x68, 0x97, 0x68, 0x97, 0x68, 0x97, 0x68, 0x97, 0x68, 0x97,
  0x68, 0x97, 0x68, 0x97, 0x68, 0x97, 0x68, 0x97, 0x68, 0x97, 0x68, 0x97, 0x68, 0x97, 0x68, 0x97, 0x68, 0x97, 0x68, 0x97, 0x68, 0x97, 0x68, 0x97,
  0x68, 0x97, 0x68, 0x97, 0x68, 0x97, 0x68, 0x97, 0x68, 0x97, 0x68, 0x97, 0x68, 0x97, 0x68, 0x97, 0x68, 0x97, 0x68, 0x97, 0x68, 0x97, 0x68, 0x97,
  0x68, 0x97, 0x68, 0x97, 0x68, 0x97, 0x68, 0x97, 0x48, 0x97, 0x68, 0x97, 0x68, 0x97, 0x68, 0x97, 0x68, 0x97, 0x68, 0x97, 0x68, 0x97, 0x68, 0x97,
  0x68, 0x97, 0x68, 0x97, 0x68, 0x97, 0x68, 0x97, 0x68, 0x97, 0x68, 0x97, 0x68, 0x97, 0x68, 0x97, 0x68, 0x97, 0x68, 0x97, 0x68, 0x97, 0x68, 0x97,
  0x68, 0x97, 0x68, 0x97, 0x68, 0x97, 0x68, 0x97, 0x68, 0x97, 0x68, 0x97, 0x68, 0x97, 0x68, 0x97, 0x68, 0x97, 0x68, 0x97, 0x68, 0x97, 0x68, 0x97,
  0x68, 0x97, 0x68, 0x97, 0x68, 0x97, 0x68, 0x97, 0x68, 0x97, 0x68, 0x97, 0x68, 0x97, 0x68, 0x97, 0x68, 0x97, 0x68, 0x97, 0x68, 0x97, 0x68, 0x97,
  0x68, 0x97, 0x68, 0x97, 0x68, 0x97, 0x68, 0x97, 0x68, 0x97, 0x68, 0x97, 0x68, 0x97, 0x68, 0x97, 0x68, 0x97, 0x68, 0x97, 0x68, 0x97, 0x68, 0x97,
  0x68, 0x97, 0x68, 0x97, 0x68, 0x97, 0x68, 0x97, 0x68, 0x97, 0x68, 0x97, 0x68, 0x97, 0x68, 0x97, 0x68, 0x97, 0x68, 0x97, 0x69, 0x97, 0x68, 0x97,
  0x68, 0x97, 0x68, 0x97, 0x68, 0x97, 0x68, 0x97, 0x68, 0x97, 0x68, 0x97, 0x68, 0x97, 0x68, 0x97, 0x68, 0x97, 0x68, 0x97, 0x68, 0x97, 0x68, 0x97,
  0x68, 0x97, 0x68, 0x97, 0x68, 0x97, 0x68, 0x97, 0x68, 0x97, 0x68, 0x97, 0x68, 0x97, 0x68, 0x97, 0x69, 0x97, 0x48, 0x97, 0x68, 0x97, 0x48, 0x97,
  0x28, 0x3a, 0xe8, 0x31, 0xe9, 0x31, 0xe8, 0x31, 0xe9, 0x31, 0xe9, 0x31, 0xe9, 0x31, 0xe8, 0x31, 0xe9, 0x31, 0x09, 0x32, 0xe9, 0x31, 0xe8, 0x31,
  0x09, 0x32, 0x09, 0x32, 0x09, 0x32, 0xe9, 0x31, 0x09, 0x32, 0xe9, 0x31, 0xe8, 0x31, 0xe9, 0x31, 0xe9, 0x31, 0xe9, 0x31, 0xe9, 0x31, 0x09, 0x32,
  0xe9, 0x31, 0xe9, 0x31, 0xe9, 0x31, 0xe9, 0x31, 0xe9, 0x31, 0x09, 0x32, 0xe9, 0x31, 0xe9, 0x31, 0xe9, 0x31, 0xe9, 0x31, 0xe9, 0x31, 0x09, 0x32,
  0x09, 0x32, 0xe9, 0x29, 0xe9, 0x29, 0x09, 0x32, 0xe9, 0x29, 0x09, 0x32, 0xe9, 0x29, 0x09, 0x32, 0xe9, 0x29, 0x0a, 0x32, 0x09, 0x32, 0x09, 0x2a,
  0x88, 0x52, 0x88, 0x52, 0x88, 0x52, 0x88, 0x52, 0x88, 0x52, 0x88, 0x52, 0x88, 0x52, 0x88, 0x52, 0x88, 0x52, 0x88, 0x52, 0x88, 0x52, 0x88, 0x52,
  0x88, 0x52, 0x88, 0x52, 0x88, 0x52, 0x88, 0x52, 0x88, 0x52, 0x88, 0x52, 0x88, 0x52, 0x88, 0x52, 0x88, 0x52, 0x88, 0x52, 0x88, 0x52, 0x88, 0x52,
  0x88, 0x52, 0x88, 0x52, 0x68, 0x52, 0x88, 0x52, 0x88, 0x52, 0x88, 0x52, 0x88, 0x52, 0x88, 0x52, 0x88, 0x52, 0x88, 0x52, 0x88, 0x52, 0x88, 0x52,
  0x88, 0x52, 0x88, 0x52, 0x68, 0x52, 0x88, 0x52, 0x68, 0x52, 0x68, 0x52, 0x68, 0x52, 0x67, 0x52, 0x88, 0x52, 0x68, 0x52, 0x68, 0x52, 0x68, 0x52,
  0x67, 0x52, 0x68, 0x52, 0x87, 0x52, 0x47, 0x5b, 0x49, 0x8f, 0x69, 0x97, 0x69, 0x97, 0x49, 0x97, 0x69, 0x97, 0x69, 0x97, 0x69, 0x97, 0x69, 0x97,
  0x69, 0x97, 0x69, 0x97, 0x69, 0x97, 0x69, 0x97, 0x69, 0x97, 0x69, 0x97, 0x69, 0x97, 0x69, 0x97, 0x69, 0x97, 0x69, 0x97, 0x69, 0x97, 0x69, 0x97,
  0x69, 0x97, 0x69, 0x97, 0x69, 0x97, 0x69, 0x97, 0x69, 0x97, 0x69, 0x97, 0x69, 0x97, 0x69, 0x97, 0x69, 0x97, 0x69, 0x97, 0x69, 0x97, 0x69, 0x97,
  0x69, 0x97, 0x69, 0x97, 0x69, 0x97, 0x69, 0x97, 0x69, 0x97, 0x69, 0x97, 0x69, 0x97, 0x69, 0x97, 0x69, 0x97, 0x69, 0x97, 0x69, 0x97, 0x69, 0x97,
  0x69, 0x97, 0x69, 0x97, 0x69, 0x97, 0x69, 0x97, 0x69, 0x97, 0x69, 0x97, 0x69, 0x97, 0x69, 0x97, 0x69, 0x97, 0x69, 0x97, 0x69, 0x97, 0x69, 0x97,
  0x69, 0x97, 0x69, 0x97, 0x69, 0x97, 0x69, 0x97, 0x69, 0x97, 0x69, 0x97, 0x69, 0x97, 0x69, 0x97, 0x69, 0x97, 0x69, 0x97, 0x69, 0x97, 0x69, 0x97,
  0x69, 0x97, 0x69, 0x97, 0x69, 0x97, 0x69, 0x97, 0x69, 0x97, 0x69, 0x97, 0x69, 0x97, 0x69, 0x97, 0x69, 0x97, 0x69, 0x97, 0x69, 0x97, 0x49, 0x97,
  0x69, 0x97, 0x69, 0x97, 0x69, 0x97, 0x69, 0x97, 0x69, 0x97, 0x69, 0x97, 0x69, 0x97, 0x69, 0x97, 0x69, 0x97, 0x69, 0x97, 0x69, 0x97, 0x69, 0x97,
  0x69, 0x97, 0x69, 0x97, 0x69, 0x97, 0x69, 0x97, 0x69, 0x97, 0x69, 0x97, 0x69, 0x97, 0x69, 0x97, 0x69, 0x97, 0x69, 0x97, 0x69, 0x97, 0x69, 0x97,
  0x69, 0x97, 0x69, 0x97, 0x69, 0x97, 0x69, 0x97, 0x69, 0x97, 0x69, 0x97, 0x69, 0x97, 0x69, 0x97, 0x69, 0x97, 0x69, 0x97, 0x69, 0x97, 0x69, 0x97,
  0x69, 0x97, 0x69, 0x97, 0x69, 0x97, 0x69, 0x97, 0x69, 0x97, 0x69, 0x97, 0x69, 0x97, 0x69, 0x97, 0x69, 0x97, 0x69, 0x97, 0x69, 0x97, 0x69, 0x97,
  0x69, 0x97, 0x69, 0x97, 0x69, 0x97, 0x69, 0x97, 0x69, 0x97, 0x69, 0x97, 0x69, 0x97, 0x69, 0x97, 0x69, 0x97, 0x69, 0x97, 0x69, 0x97, 0x69, 0x97,
  0x69, 0x97, 0x69, 0x97, 0x69, 0x97, 0x69, 0x97, 0x69, 0x97, 0x69, 0x97, 0x69, 0x97, 0x69, 0x97, 0x69, 0x97, 0x69, 0x97, 0x69, 0x97, 0x69, 0x97,
  0x69, 0x97, 0x69, 0x97, 0x69, 0x97, 0x69, 0x97, 0x69, 0x97, 0x69, 0x97, 0x69, 0x97, 0x69, 0x97, 0x69, 0x97, 0x69, 0x97, 0x69, 0x97, 0x69, 0x97,
  0x69, 0x97, 0x69, 0x97, 0x69, 0x97, 0x69, 0x97, 0x69, 0x97, 0x69, 0x97, 0x69, 0x97, 0x69, 0x97, 0x69, 0x97, 0x68, 0x97, 0x69, 0x97, 0x68, 0x97,
  0x27, 0x4b, 0x08, 0x32, 0xe9, 0x31, 0xe9, 0x31, 0xe9, 0x31, 0xe9, 0x31, 0xe9, 0x31, 0x09, 0x32, 0xe8, 0x31, 0xe9, 0x31, 0xe9, 0x31, 0x09, 0x32,
  0x09, 0x32, 0x09, 0x32, 0xe9, 0x31, 0xe9, 0x31, 0xe9, 0x31, 0xe8, 0x31, 0xe9, 0x31, 0x09, 0x32, 0xe9, 0x31, 0xe9, 0x31, 0x09, 0x32, 0xe9, 0x31,
  0xe9, 0x31, 0xe9, 0x31, 0x09, 0x32, 0xe9, 0x31, 0xe9, 0x31, 0xe9, 0x31, 0xe9, 0x31, 0x09, 0x32, 0x09, 0x32, 0xe9, 0x29, 0xe9, 0x29, 0xe9, 0x29,
  0xe9, 0x29, 0xe9, 0x29, 0x09, 0x32, 0x09, 0x32, 0x09, 0x32, 0xe9, 0x29, 0x09, 0x32, 0xe9, 0x29, 0xe9, 0x29, 0x09, 0x32, 0x09, 0x2a, 0x09, 0x32,
  0x88, 0x52, 0x88, 0x52, 0x88, 0x52, 0x88, 0x52, 0x88, 0x52, 0x88, 0x52, 0x88, 0x52, 0x88, 0x52, 0x88, 0x52, 0x88, 0x52, 0x88, 0x52, 0x88, 0x52,
  0x88, 0x52, 0x88, 0x52, 0x88, 0x52, 0x88, 0x52, 0x88, 0x52, 0x88, 0x52, 0x88, 0x52, 0x88, 0x52, 0x88, 0x52, 0x88, 0x52, 0x88, 0x52, 0x88, 0x52,
  0x88, 0x52, 0x88, 0x52, 0x88, 0x52, 0x88, 0x52, 0x88, 0x52, 0x88, 0x52, 0x88, 0x52, 0x88, 0x52, 0x88, 0x52, 0x88, 0x52, 0x88, 0x52, 0x88, 0x52,
  0x68, 0x52, 0x88, 0x52, 0x88, 0x52, 0x88, 0x52, 0x88, 0x52, 0x68, 0x52, 0x68, 0x52, 0x68, 0x52, 0x68, 0x52, 0x68, 0x52, 0x68, 0x52, 0x68, 0x52,
  0x68, 0x52, 0x68, 0x52, 0x67, 0x52, 0x07, 0x64, 0x29, 0x8f, 0x89, 0x97, 0x69, 0x97, 0x49, 0x97, 0x49, 0x97, 0x49, 0x97, 0x49, 0x97, 0x49, 0x97,
  0x49, 0x97, 0x49, 0x97, 0x49, 0x97, 0x49, 0x97, 0x49, 0x97, 0x49, 0x97, 0x49, 0x97, 0x49, 0x97, 0x49, 0x97, 0x49, 0x97, 0x49, 0x97, 0x49, 0x97,
  0x49, 0x97, 0x69, 0x97, 0x49, 0x97, 0x49, 0x97, 0x49, 0x97, 0x49, 0x97, 0x69, 0x97, 0x49, 0x97, 0x49, 0x97, 0x49, 0x97, 0x49, 0x97, 0x49, 0x97,
  0x49, 0x97, 0x49, 0x97, 0x49, 0x97, 0x49, 0x97, 0x49, 0x97, 0x49, 0x97, 0x49, 0x97, 0x49, 0x97, 0x49, 0x97, 0x49, 0x97, 0x49, 0x97, 0x49, 0x97,
  0x49, 0x97, 0x49, 0x97, 0x49, 0x97, 0x49, 0x97, 0x49, 0x97, 0x49, 0x97, 0x49, 0x97, 0x49, 0x97, 0x49, 0x97, 0x49, 0x97, 0x49, 0x97, 0x49, 0x97,
  0x49, 0x97, 0x49, 0x97, 0x49, 0x97, 0x49, 0x97, 0x49, 0x97, 0x49, 0x97, 0x49, 0x97, 0x49, 0x97, 0x49, 0x97, 0x49, 0x97, 0x49, 0x97, 0x49, 0x97,
  0x49, 0x97, 0x49, 0x97, 0x49, 0x97, 0x69, 0x97, 0x49, 0x97, 0x49, 0x97, 0x49, 0x97, 0x49, 0x97, 0x49, 0x97, 0x49, 0x97, 0x49, 0x97, 0x49, 0x97,
  0x49, 0x97, 0x49, 0x97, 0x49, 0x97, 0x49, 0x97, 0x69, 0x97, 0x49, 0x97, 0x49, 0x97, 0x49, 0x97, 0x49, 0x97, 0x69, 0x97, 0x49, 0x97, 0x49, 0x97,
  0x49, 0x97, 0x49, 0x97, 0x49, 0x97, 0x49, 0x97, 0x49, 0x97, 0x49, 0x97, 0x69, 0x97, 0x49, 0x97, 0x49, 0x97, 0x49, 0x97, 0x49, 0x97, 0x49, 0x97,
  0x49, 0x97, 0x49, 0x97, 0x49, 0x97, 0x49, 0x97, 0x49, 0x97, 0x49, 0x97, 0x49, 0x97, 0x49, 0x97, 0x49, 0x97, 0x49, 0x97, 0x49, 0x97, 0x49, 0x97,
  0x49, 0x97, 0x49, 0x97, 0x49, 0x97, 0x49, 0x97, 0x49, 0x97, 0x49, 0x97, 0x49, 0x97, 0x49, 0x97, 0x49, 0x97, 0x49, 0x97, 0x49, 0x97, 0x49, 0x97,
  0x49, 0x97, 0x49, 0x97, 0x49, 0x97, 0x49, 0x97, 0x49, 0x97, 0x49, 0x97, 0x49, 0x97, 0x49, 0x97, 0x49, 0x97, 0x49, 0x97, 0x49, 0x97, 0x49, 0x97,
  0x49, 0x97, 0x49, 0x97, 0x49, 0x97, 0x49, 0x97, 0x49, 0x97, 0x49, 0x97, 0x49, 0x97, 0x49, 0x97, 0x49, 0x97, 0x49, 0x97, 0x49, 0x97, 0x49, 0x97,
  0x69, 0x97, 0x49, 0x97, 0x69, 0x97, 0x69, 0x97, 0x49, 0x97, 0x49, 0x97, 0x49, 0x97, 0x49, 0x97, 0x49, 0x97, 0x49, 0x97, 0x49, 0x97, 0x49, 0x97,
  0x49, 0x97, 0x49, 0x97, 0x49, 0x97, 0x49, 0x97, 0x49, 0x97, 0x49, 0x97, 0x49, 0x97, 0x49, 0x97, 0x49, 0x97, 0x49, 0x97, 0x49, 0x97, 0x49, 0x97,
  0x47, 0x5c, 0x09, 0x32, 0x09, 0x32, 0x09, 0x32, 0xe9, 0x31, 0xe9, 0x31, 0xe9, 0x31, 0xe9, 0x31, 0x09, 0x32, 0x09, 0x32, 0xe9, 0x31, 0x09, 0x32,
  0x09, 0x32, 0x09, 0x32, 0x09, 0x32, 0x09, 0x32, 0x09, 0x32, 0x09, 0x32, 0xe9, 0x31, 0x09, 0x32, 0xe9, 0x31, 0xe9, 0x31, 0x09, 0x32, 0xe9, 0x31,
  0xe9, 0x31, 0xe9, 0x31, 0xe9, 0x31, 0x09, 0x32, 0xe9, 0x31, 0xe9, 0x31, 0xe9, 0x31, 0xe9, 0x31, 0xe9, 0x31, 0x09, 0x32, 0x09, 0x32, 0x09, 0x32,
  0x09, 0x32, 0xe9, 0x29, 0xe9, 0x29, 0x09, 0x32, 0xe9, 0x29, 0x09, 0x32, 0xe9, 0x29, 0xe9, 0x29, 0x09, 0x32, 0xe9, 0x29, 0xe9, 0x29, 0x09, 0x32,
  0x88, 0x52, 0x88, 0x52, 0x88, 0x52, 0x88, 0x52, 0x88, 0x52, 0x88, 0x52, 0x88, 0x52, 0x88, 0x52, 0x88, 0x52, 0x88, 0x52, 0x88, 0x52, 0x88, 0x52,
  0x88, 0x52, 0x88, 0x52, 0x88, 0x52, 0x88, 0x52, 0x88, 0x52, 0x88, 0x52, 0x88, 0x52, 0x88, 0x52, 0x88, 0x52, 0x88, 0x52, 0x88, 0x52, 0x88, 0x52,
  0x88, 0x52, 0x88, 0x52, 0x88, 0x52, 0x88, 0x52, 0x88, 0x52, 0x88, 0x52, 0x88, 0x52, 0x88, 0x52, 0x88, 0x52, 0x88, 0x52, 0x88, 0x52, 0x88, 0x52,
  0x88, 0x52, 0x68, 0x52, 0x88, 0x52, 0x88, 0x52, 0x68, 0x52, 0x88, 0x52, 0x88, 0x52, 0x88, 0x52, 0x68, 0x52, 0x68, 0x52, 0x68, 0x52, 0x88, 0x52,
  0x68, 0x52, 0x68, 0x52, 0x68, 0x52, 0xc7, 0x6c, 0x29, 0x8f, 0x69, 0x97, 0x68, 0x97, 0x48, 0x8f, 0x49, 0x97, 0x49, 0x97, 0x49, 0x97, 0x49, 0x97,
  0x49, 0x97, 0x49, 0x97, 0x49, 0x97, 0x49, 0x97, 0x49, 0x97, 0x49, 0x97, 0x49, 0x97, 0x49, 0x97, 0x49, 0x97, 0x49, 0x97, 0x49, 0x97, 0x49, 0x97,
  0x49, 0x97, 0x49, 0x97, 0x49, 0x97, 0x69, 0x97, 0x69, 0x97, 0x49, 0x97, 0x49, 0x97, 0x49, 0x97, 0x49, 0x97, 0x49, 0x97, 0x49, 0x97, 0x49, 0x97,
  0x49, 0x97, 0x49, 0x97, 0x49, 0x97, 0x49, 0x97, 0x49, 0x97, 0x49, 0x97, 0x49, 0x97, 0x49, 0x97, 0x49, 0x97, 0x49, 0x97, 0x49, 0x97, 0x49, 0x97,
  0x49, 0x97, 0x49, 0x97, 0x49, 0x97, 0x49, 0x97, 0x49, 0x97, 0x49, 0x97, 0x49, 0x97, 0x49, 0x97, 0x49, 0x97, 0x49, 0x97, 0x49, 0x97, 0x49, 0x97,
  0x49, 0x97, 0x49, 0x97, 0x49, 0x97, 0x49, 0x97, 0x49, 0x97, 0x49, 0x97, 0x49, 0x97, 0x49, 0x97, 0x49, 0x97, 0x49, 0x97, 0x49, 0x97, 0x49, 0x97,
  0x49, 0x97, 0x49, 0x97, 0x49, 0x97, 0x49, 0x97, 0x49, 0x97, 0x49, 0x97, 0x49, 0x97, 0x49, 0x97, 0x49, 0x97, 0x49, 0x97, 0x49, 0x97, 0x49, 0x97,
  0x49, 0x97, 0x49, 0x97, 0x49, 0x97, 0x49, 0x97, 0x49, 0x97, 0x49, 0x97, 0x49, 0x97, 0x49, 0x97, 0x49, 0x97, 0x49, 0x97, 0x49, 0x97, 0x49, 0x97,
  0x49, 0x97, 0x49, 0x97, 0x49, 0x97, 0x49, 0x97, 0x49, 0x97, 0x49, 0x97, 0x49, 0x97, 0x49, 0x97, 0x49, 0x97, 0x49, 0x97, 0x49, 0x97, 0x49, 0x97,
  0x49, 0x97, 0x49, 0x97, 0x49, 0x97, 0x49, 0x97, 0x69, 0x97, 0x49, 0x97, 0x49, 0x97, 0x49, 0x97, 0x49, 0x97, 0x49, 0x97, 0x49, 0x97, 0x49, 0x97,
  0x49, 0x97, 0x49, 0x97, 0x49, 0x97, 0x49, 0x97, 0x49, 0x97, 0x49, 0x97, 0x49, 0x97, 0x49, 0x97, 0x49, 0x97, 0x48, 0x8f, 0x49, 0x97, 0x49, 0x97,
  0x49, 0x97, 0x49, 0x97, 0x49, 0x97, 0x49, 0x97, 0x69, 0x97, 0x49, 0x97, 0x49, 0x97, 0x49, 0x97, 0x49, 0x97, 0x49, 0x97, 0x49, 0x97, 0x49, 0x97,
  0x49, 0x97, 0x49, 0x97, 0x49, 0x97, 0x49, 0x97, 0x49, 0x97, 0x49, 0x97, 0x49, 0x97, 0x49, 0x97, 0x49, 0x97, 0x49, 0x97, 0x49, 0x97, 0x49, 0x97,
  0x49, 0x97, 0x49, 0x97, 0x49, 0x97, 0x49, 0x97, 0x49, 0x97, 0x49, 0x97, 0x49, 0x97, 0x49, 0x97, 0x69, 0x97, 0x49, 0x97, 0x49, 0x97, 0x69, 0x97,
  0x49, 0x97, 0x49, 0x97, 0x49, 0x97, 0x49, 0x97, 0x49, 0x97, 0x49, 0x97, 0x49, 0x97, 0x49, 0x97, 0x49, 0x97, 0x49, 0x97, 0x49, 0x97, 0x49, 0x97,
  0x67, 0x6d, 0xe9, 0x31, 0xe9, 0x31, 0x09, 0x32, 0xe9, 0x31, 0x09, 0x32, 0x09, 0x32, 0x09, 0x32, 0xe9, 0x31, 0xe9, 0x31, 0x09, 0x32, 0x09, 0x32,
  0x09, 0x32, 0x09, 0x32, 0x09, 0x32, 0xe9, 0x31, 0x09, 0x32, 0xe9, 0x31, 0xe9, 0x31, 0xe9, 0x31, 0x09, 0x32, 0xe9, 0x31, 0xe9, 0x31, 0x09, 0x32,
  0x09, 0x32, 0x09, 0x32, 0xe9, 0x31, 0xe9, 0x31, 0x09, 0x32, 0xe9, 0x31, 0xe9, 0x31, 0x09, 0x32, 0x09, 0x32, 0xe9, 0x29, 0xe9, 0x29, 0x09, 0x32,
  0xe9, 0x29, 0x09, 0x32, 0x09, 0x32, 0x09, 0x32, 0x09, 0x32, 0x09, 0x32, 0x09, 0x32, 0x09, 0x32, 0x09, 0x32, 0xe9, 0x29, 0x09, 0x32, 0x09, 0x32,
  0x88, 0x52, 0x88, 0x52, 0x88, 0x52, 0x88, 0x52, 0x88, 0x52, 0x88, 0x52, 0x88, 0x52, 0x88, 0x52, 0x88, 0x52, 0x88, 0x52, 0x88, 0x52, 0x88, 0x52,
  0x88, 0x52, 0x88, 0x52, 0x88, 0x52, 0x88, 0x52, 0x88, 0x52, 0x88, 0x52, 0x88, 0x52, 0x88, 0x52, 0x88, 0x52, 0x88, 0x52, 0x88, 0x52, 0x88, 0x52,
  0x88, 0x52, 0x88, 0x52, 0x68, 0x52, 0x88, 0x52, 0x88, 0x52, 0x88, 0x52, 0x88, 0x52, 0x88, 0x52, 0x88, 0x52, 0x68, 0x52, 0x88, 0x52, 0x88, 0x52,
  0x88, 0x52, 0x88, 0x52, 0x88, 0x52, 0x68, 0x52, 0x88, 0x52, 0x68, 0x52, 0x88, 0x52, 0x68, 0x52, 0x68, 0x52, 0x68, 0x52, 0x68, 0x52, 0x68, 0x52,
  0x68, 0x52, 0x68, 0x52, 0x67, 0x52, 0x67, 0x75, 0x29, 0x8f, 0x69, 0x8f, 0x69, 0x97, 0x49, 0x97, 0x49, 0x97, 0x49, 0x97, 0x49, 0x97, 0x49, 0x97,
  0x49, 0x97, 0x49, 0x97, 0x49, 0x97, 0x49, 0x97, 0x49, 0x97, 0x49, 0x97, 0x49, 0x97, 0x49, 0x97, 0x49, 0x97, 0x49, 0x97, 0x49, 0x97, 0x49, 0x97,
  0x49, 0x97, 0x49, 0x97, 0x49, 0x97, 0x49, 0x97, 0x49, 0x97, 0x49, 0x97, 0x49, 0x97, 0x49, 0x97, 0x49, 0x97, 0x49, 0x97, 0x48, 0x8f, 0x49, 0x97,
  0x48, 0x8f, 0x49, 0x97, 0x49, 0x97, 0x49, 0x97, 0x49, 0x97, 0x49, 0x97, 0x49, 0x97, 0x49, 0x97, 0x49, 0x97, 0x49, 0x97, 0x49, 0x97, 0x49, 0x97,
  0x49, 0x97, 0x49, 0x97, 0x49, 0x97, 0x49, 0x97, 0x49, 0x97, 0x49, 0x97, 0x49, 0x97, 0x49, 0x97, 0x49, 0x97, 0x49, 0x97, 0x49, 0x97, 0x49, 0x97,
  0x49, 0x97, 0x49, 0x97, 0x49, 0x97, 0x49, 0x97, 0x49, 0x97, 0x49, 0x97, 0x49, 0x97, 0x49, 0x97, 0x49, 0x97, 0x49, 0x97, 0x49, 0x97, 0x49, 0x97,
  0x49, 0x97, 0x49, 0x97, 0x49, 0x97, 0x49, 0x97, 0x48, 0x8f, 0x49, 0x97, 0x48, 0x8f, 0x49, 0x97, 0x49, 0x97, 0x49, 0x97, 0x49, 0x97, 0x49, 0x97,
  0x49, 0x97, 0x49, 0x97, 0x49, 0x97, 0x49, 0x97, 0x49, 0x97, 0x49, 0x97, 0x49, 0x97, 0x49, 0x97, 0x49, 0x97, 0x49, 0x97, 0x49, 0x97, 0x49, 0x97,
  0x49, 0x97, 0x49, 0x97, 0x69, 0x97, 0x49, 0x97, 0x69, 0x97, 0x49, 0x97, 0x69, 0x97, 0x69, 0x97, 0x49, 0x97, 0x49, 0x97, 0x49, 0x97, 0x49, 0x97,
  0x49, 0x97, 0x49, 0x97, 0x49, 0x97, 0x49, 0x97, 0x49, 0x97, 0x49, 0x97, 0x49, 0x97, 0x49, 0x97, 0x49, 0x97, 0x49, 0x97, 0x49, 0x97, 0x49, 0x97,
  0x49, 0x97, 0x49, 0x97, 0x49, 0x97, 0x49, 0x97, 0x49, 0x97, 0x69, 0x97, 0x49, 0x97, 0x49, 0x97, 0x49, 0x97, 0x49, 0x97, 0x48, 0x8f, 0x69, 0x97,
  0x49, 0x97, 0x49, 0x97, 0x48, 0x8f, 0x49, 0x97, 0x49, 0x97, 0x49, 0x97, 0x49, 0x97, 0x49, 0x97, 0x49, 0x97, 0x49, 0x97, 0x49, 0x97, 0x49, 0x97,
  0x49, 0x97, 0x48, 0x8f, 0x49, 0x97, 0x48, 0x8f, 0x49, 0x97, 0x49, 0x97, 0x49, 0x97, 0x49, 0x97, 0x49, 0x97, 0x49, 0x97, 0x49, 0x97, 0x49, 0x97,
  0x48, 0x8f, 0x49, 0x97, 0x48, 0x8f, 0x49, 0x97, 0x49, 0x97, 0x49, 0x97, 0x49, 0x97, 0x49, 0x97, 0x49, 0x97, 0x49, 0x97, 0x49, 0x97, 0x49, 0x97,
  0x49, 0x97, 0x69, 0x97, 0x49, 0x97, 0x69, 0x97, 0x49, 0x97, 0x69, 0x97, 0x48, 0x8f, 0x49, 0x97, 0x49, 0x8f, 0x49, 0x97, 0x49, 0x8f, 0x48, 0x97,
  0x47, 0x7e, 0x09, 0x32, 0xe9, 0x31, 0x09, 0x32, 0x09, 0x32, 0xe9, 0x31, 0x09, 0x32, 0xe9, 0x31, 0x09, 0x32, 0xe9, 0x31, 0x09, 0x32, 0x09, 0x32,
  0xe9, 0x31, 0x09, 0x32, 0x09, 0x32, 0xe9, 0x31, 0xe9, 0x31, 0x09, 0x32, 0xe9, 0x31, 0x09, 0x32, 0xe9, 0x31, 0xe9, 0x31, 0xe9, 0x31, 0xe9, 0x31,
  0xe9, 0x31, 0xe9, 0x31, 0xe9, 0x31, 0xe9, 0x31, 0xe9, 0x31, 0xe9, 0x31, 0x09, 0x32, 0xe9, 0x29, 0xe9, 0x29, 0x09, 0x32, 0xe9, 0x29, 0xe9, 0x29,
  0x09, 0x32, 0xe9, 0x29, 0x09, 0x32, 0xea, 0x29, 0xe9, 0x29, 0xe9, 0x29, 0xe9, 0x29, 0xe9, 0x29, 0x09, 0x32, 0x09, 0x32, 0x09, 0x32, 0x09, 0x2a,
  0x88, 0x52, 0x88, 0x52, 0x88, 0x52, 0x88, 0x52, 0x88, 0x52, 0x88, 0x52, 0x88, 0x52, 0x88, 0x52, 0x88, 0x52, 0x88, 0x52, 0x88, 0x52, 0x88, 0x52,
  0x88, 0x52, 0x88, 0x52, 0x88, 0x52, 0x88, 0x52, 0x88, 0x52, 0x88, 0x52, 0x88, 0x52, 0x88, 0x52, 0x88, 0x52, 0x88, 0x52, 0x88, 0x52, 0x88, 0x52,
  0x88, 0x52, 0x88, 0x52, 0x88, 0x52, 0x88, 0x52, 0x88, 0x52, 0x88, 0x52, 0x68, 0x52, 0x88, 0x52, 0x88, 0x52, 0x88, 0x52, 0x88, 0x52, 0x88, 0x52,
  0x88, 0x52, 0x88, 0x52, 0x88, 0x52, 0x88, 0x52, 0x88, 0x52, 0x88, 0x52, 0x68, 0x52, 0x68, 0x52, 0x68, 0x52, 0x68, 0x52, 0x68, 0x52, 0x68, 0x52,
  0x68, 0x52, 0x68, 0x52, 0x88, 0x52, 0xe7, 0x7d, 0x49, 0x8f, 0x49, 0x97, 0x49, 0x97, 0x28, 0x8f, 0x48, 0x8f, 0x48, 0x8f, 0x48, 0x8f, 0x48, 0x8f,
  0x49, 0x97, 0x49, 0x97, 0x48, 0x8f, 0x48, 0x8f, 0x48, 0x8f, 0x49, 0x97, 0x49, 0x97, 0x48, 0x8f, 0x48, 0x8f, 0x48, 0x8f, 0x48, 0x8f, 0x48, 0x8f,
  0x49, 0x97, 0x48, 0x8f, 0x49, 0x97, 0x48, 0x8f, 0x48, 0x8f, 0x49, 0x97, 0x48, 0x8f, 0x49, 0x97, 0x48, 0x8f, 0x48, 0x8f, 0x48, 0x8f, 0x48, 0x8f,
  0x48, 0x8f, 0x48, 0x8f, 0x48, 0x8f, 0x49, 0x97, 0x48, 0x8f, 0x48, 0x8f, 0x48, 0x8f, 0x48, 0x8f, 0x48, 0x8f, 0x49, 0x97, 0x49, 0x97, 0x48, 0x8f,
  0x48, 0x8f, 0x48, 0x8f, 0x48, 0x8f, 0x48, 0x8f, 0x48, 0x8f, 0x48, 0x8f, 0x48, 0x8f, 0x48, 0x8f, 0x48, 0x8f, 0x48, 0x8f, 0x48, 0x8f, 0x48, 0x8f,
  0x48, 0x8f, 0x48, 0x8f, 0x48, 0x8f, 0x48, 0x8f, 0x48, 0x8f, 0x48, 0x8f, 0x49, 0x97, 0x48, 0x8f, 0x48, 0x8f, 0x49, 0x97, 0x49, 0x97, 0x49, 0x97,
  0x48, 0x8f, 0x48, 0x8f, 0x48, 0x8f, 0x48, 0x8f, 0x49, 0x97, 0x48, 0x8f, 0x49, 0x97, 0x49, 0x97, 0x48, 0x8f, 0x48, 0x8f, 0x49, 0x97, 0x49, 0x97,
  0x48, 0x8f, 0x48, 0x8f, 0x48, 0x8f, 0x48, 0x8f, 0x48, 0x8f, 0x48, 0x8f, 0x48, 0x8f, 0x48, 0x8f, 0x48, 0x8f, 0x49, 0x97, 0x49, 0x97, 0x48, 0x8f,
  0x49, 0x97, 0x49, 0x97, 0x48, 0x8f, 0x49, 0x97, 0x48, 0x8f, 0x48, 0x8f, 0x48, 0x8f, 0x48, 0x8f, 0x48, 0x8f, 0x48, 0x8f, 0x49, 0x97, 0x49, 0x97,
  0x48, 0x8f, 0x48, 0x8f, 0x48, 0x8f, 0x48, 0x8f, 0x48, 0x97, 0x48, 0x8f, 0x48, 0x8f, 0x48, 0x8f, 0x48, 0x8f, 0x49, 0x97, 0x49, 0x97, 0x48, 0x8f,
  0x48, 0x8f, 0x48, 0x8f, 0x49, 0x97, 0x48, 0x8f, 0x49, 0x97, 0x48, 0x8f, 0x49, 0x97, 0x48, 0x8f, 0x49, 0x97, 0x48, 0x8f, 0x49, 0x97, 0x48, 0x8f,
  0x48, 0x8f, 0x48, 0x8f, 0x49, 0x97, 0x48, 0x8f, 0x48, 0x97, 0x48, 0x8f, 0x48, 0x8f, 0x48, 0x8f, 0x48, 0x8f, 0x49, 0x97, 0x49, 0x97, 0x48, 0x8f,
  0x49, 0x97, 0x49, 0x97, 0x48, 0x8f, 0x49, 0x97, 0x48, 0x8f, 0x48, 0x8f, 0x48, 0x8f, 0x48, 0x8f, 0x48, 0x8f, 0x48, 0x8f, 0x48, 0x8f, 0x48, 0x8f,
  0x49, 0x97, 0x48, 0x8f, 0x49, 0x97, 0x49, 0x97, 0x48, 0x8f, 0x49, 0x97, 0x49, 0x97, 0x48, 0x8f, 0x48, 0x8f, 0x48, 0x8f, 0x48, 0x8f, 0x48, 0x8f,
  0x48, 0x8f, 0x48, 0x8f, 0x49, 0x97, 0x48, 0x8f, 0x48, 0x8f, 0x48, 0x8f, 0x49, 0x97, 0x49, 0x97, 0x48, 0x97, 0x49, 0x97, 0x49, 0x97, 0x29, 0x97,
  0xe8, 0x86, 0x09, 0x32, 0x08, 0x32, 0x09, 0x32, 0xe9, 0x31, 0x09, 0x32, 0xe9, 0x31, 0x08, 0x32, 0xe9, 0x31, 0x09, 0x32, 0x09, 0x32, 0xe9, 0x31,
  0xe9, 0x31, 0x09, 0x32, 0xe9, 0x31, 0xe9, 0x31, 0x09, 0x32, 0xe9, 0x31, 0x09, 0x32, 0xe9, 0x31, 0xe9, 0x31, 0xe9, 0x31, 0xe9, 0x31, 0x09, 0x32,
  0xe9, 0x31, 0xe9, 0x31, 0x09, 0x32, 0xe9, 0x31, 0x09, 0x32, 0xe9, 0x31, 0xe9, 0x31, 0xe9, 0x29, 0xe9, 0x31, 0x09, 0x2a, 0x09, 0x32, 0x09, 0x32,
  0xe9, 0x29, 0x09, 0x32, 0xe9, 0x29, 0x09, 0x32, 0x09, 0x32, 0x09, 0x32, 0x09, 0x32, 0x09, 0x32, 0xe9, 0x29, 0x09, 0x32, 0xe9, 0x29, 0x09, 0x32,
  0x88, 0x52, 0x88, 0x52, 0x88, 0x52, 0x88, 0x52, 0x88, 0x52, 0x88, 0x52, 0x88, 0x52, 0x88, 0x52, 0x88, 0x52, 0x88, 0x52, 0x88, 0x52, 0x88, 0x52,
  0x88, 0x52, 0x88, 0x52, 0x88, 0x52, 0x88, 0x52, 0x88, 0x52, 0x88, 0x52, 0x88, 0x52, 0x88, 0x52, 0x88, 0x52, 0x88, 0x52, 0x88, 0x52, 0x88, 0x52,
  0x88, 0x52, 0x68, 0x52, 0x88, 0x52, 0x88, 0x52, 0x88, 0x52, 0x88, 0x52, 0x68, 0x52, 0x88, 0x52, 0x88, 0x52, 0x88, 0x52, 0x88, 0x52, 0x88, 0x52,
  0x88, 0x52, 0x88, 0x52, 0x68, 0x52, 0x88, 0x52, 0x68, 0x52, 0x68, 0x52, 0x88, 0x52, 0x88, 0x52, 0x88, 0x52, 0x68, 0x52, 0x68, 0x52, 0x68, 0x52,
  0x68, 0x52, 0x68, 0x52, 0xa7, 0x52, 0x07, 0x7e, 0x29, 0x8f, 0x68, 0x8f, 0x48, 0x97, 0x28, 0x8f, 0x49, 0x8f, 0x49, 0x8f, 0x49, 0x8f, 0x49, 0x8f,
  0x28, 0x8f, 0x28, 0x8f, 0x49, 0x8f, 0x28, 0x8f, 0x28, 0x8f, 0x28, 0x8f, 0x28, 0x8f, 0x49, 0x8f, 0x49, 0x8f, 0x49, 0x8f, 0x49, 0x8f, 0x28, 0x8f,
  0x49, 0x8f, 0x28, 0x8f, 0x28, 0x8f, 0x49, 0x8f, 0x49, 0x8f, 0x28, 0x8f, 0x28, 0x8f, 0x49, 0x8f, 0x28, 0x8f, 0x49, 0x8f, 0x28, 0x8f, 0x49, 0x8f,
  0x49, 0x8f, 0x49, 0x8f, 0x28, 0x8f, 0x28, 0x8f, 0x28, 0x8f, 0x49, 0x8f, 0x49, 0x8f, 0x49, 0x8f, 0x49, 0x8f, 0x28, 0x8f, 0x28, 0x8f, 0x28, 0x8f,
  0x28, 0x8f, 0x28, 0x8f, 0x28, 0x8f, 0x28, 0x8f, 0x28, 0x8f, 0x28, 0x8f, 0x28, 0x8f, 0x28, 0x8f, 0x28, 0x8f, 0x28, 0x8f, 0x28, 0x8f, 0x28, 0x8f,
  0x28, 0x8f, 0x28, 0x8f, 0x28, 0x8f, 0x28, 0x8f, 0x28, 0x8f, 0x49, 0x8f, 0x28, 0x8f, 0x28, 0x8f, 0x49, 0x8f, 0x28, 0x8f, 0x28, 0x8f, 0x28, 0x8f,
  0x49, 0x8f, 0x49, 0x8f, 0x49, 0x8f, 0x49, 0x8f, 0x28, 0x8f, 0x49, 0x8f, 0x49, 0x8f, 0x28, 0x8f, 0x49, 0x8f, 0x28, 0x8f, 0x28, 0x8f, 0x28, 0x8f,
  0x28, 0x8f, 0x49, 0x8f, 0x49, 0x8f, 0x28, 0x8f, 0x28, 0x8f, 0x49, 0x8f, 0x49, 0x8f, 0x49, 0x8f, 0x49, 0x8f, 0x28, 0x8f, 0x28, 0x8f, 0x28, 0x8f,
  0x28, 0x8f, 0x28, 0x8f, 0x49, 0x8f, 0x28, 0x8f, 0x49, 0x8f, 0x49, 0x8f, 0x49, 0x8f, 0x49, 0x8f, 0x49, 0x8f, 0x49, 0x8f, 0x28, 0x8f, 0x28, 0x8f,
  0x49, 0x8f, 0x49, 0x8f, 0x49, 0x8f, 0x49, 0x8f, 0x49, 0x8f, 0x49, 0x8f, 0x49, 0x8f, 0x49, 0x8f, 0x49, 0x8f, 0x28, 0x8f, 0x28, 0x8f, 0x49, 0x8f,
  0x49, 0x8f, 0x28, 0x8f, 0x28, 0x8f, 0x28, 0x8f, 0x28, 0x8f, 0x49, 0x8f, 0x28, 0x8f, 0x28, 0x8f, 0x28, 0x8f, 0x28, 0x8f, 0x28, 0x8f, 0x49, 0x8f,
  0x49, 0x8f, 0x49, 0x8f, 0x28, 0x8f, 0x49, 0x8f, 0x49, 0x8f, 0x49, 0x8f, 0x49, 0x8f, 0x49, 0x8f, 0x49, 0x8f, 0x28, 0x8f, 0x28, 0x8f, 0x49, 0x8f,
  0x28, 0x8f, 0x49, 0x8f, 0x49, 0x8f, 0x28, 0x8f, 0x49, 0x8f, 0x49, 0x8f, 0x49, 0x8f, 0x49, 0x8f, 0x49, 0x8f, 0x49, 0x8f, 0x49, 0x8f, 0x49, 0x8f,
  0x28, 0x8f, 0x49, 0x8f, 0x49, 0x8f, 0x28, 0x8f, 0x28, 0x8f, 0x28, 0x8f, 0x28, 0x8f, 0x49, 0x8f, 0x49, 0x8f, 0x28, 0x8f, 0x28, 0x8f, 0x49, 0x8f,
  0x49, 0x8f, 0x49, 0x8f, 0x28, 0x8f, 0x49, 0x8f, 0x49, 0x8f, 0x49, 0x8f, 0x28, 0x8f, 0x28, 0x8f, 0x28, 0x8f, 0x28, 0x8f, 0x49, 0x8f, 0x28, 0x8f,
  0x08, 0x8f, 0x88, 0x3a, 0x09, 0x32, 0xe9, 0x31, 0xe9, 0x31, 0xe9, 0x31, 0xe9, 0x31, 0xe9, 0x31, 0x09, 0x32, 0xe9, 0x31, 0x09, 0x32, 0x09, 0x32,
  0xe9, 0x31, 0x09, 0x32, 0xe9, 0x31, 0xe9, 0x31, 0xe9, 0x31, 0xe9, 0x31, 0xe9, 0x31, 0x09, 0x32, 0x09, 0x32, 0xe9, 0x31, 0x09, 0x32, 0xe9, 0x31,
  0xe9, 0x31, 0xe9, 0x31, 0xe9, 0x31, 0x09, 0x32, 0x09, 0x32, 0xe9, 0x31, 0x09, 0x32, 0xe9, 0x31, 0xe9, 0x29, 0xe9, 0x31, 0xe9, 0x29, 0x09, 0x32,
  0xea, 0x29, 0xe9, 0x29, 0xe9, 0x29, 0xea, 0x29, 0x09, 0x32, 0xe9, 0x29, 0x09, 0x32, 0x09, 0x32, 0xe9, 0x29, 0xe9, 0x29, 0xe9, 0x29, 0x09, 0x2a,
  0x88, 0x52, 0x88, 0x52, 0x88, 0x52, 0x88, 0x52, 0x88, 0x52, 0x88, 0x52, 0x88, 0x52, 0x88, 0x52, 0x88, 0x52, 0x88, 0x52, 0x88, 0x52, 0x88, 0x52,
  0x88, 0x52, 0x88, 0x52, 0x88, 0x52, 0x88, 0x52, 0x88, 0x52, 0x88, 0x52, 0x88, 0x52, 0x88, 0x52, 0x88, 0x52, 0x88, 0x52, 0x88, 0x52, 0x88, 0x52,
  0x88, 0x52, 0x88, 0x52, 0x88, 0x52, 0x88, 0x52, 0x88, 0x52, 0x88, 0x52, 0x88, 0x52, 0x88, 0x52, 0x88, 0x52, 0x88, 0x52, 0x88, 0x52, 0x88, 0x52,
  0x68, 0x52, 0x88, 0x52, 0x68, 0x52, 0x88, 0x52, 0x68, 0x52, 0x68, 0x52, 0x88, 0x52, 0x68, 0x52, 0x68, 0x52, 0x68, 0x52, 0x68, 0x52, 0x68, 0x52,
  0x68, 0x52, 0x88, 0x52, 0x08, 0x5b, 0xe7, 0x7d, 0x28, 0x8f, 0x49, 0x97, 0x49, 0x8f, 0x28, 0x8f, 0x49, 0x8f, 0x28, 0x8f, 0x28, 0x8f, 0x28, 0x8f,
  0x49, 0x8f, 0x49, 0x8f, 0x28, 0x8f, 0x49, 0x8f, 0x49, 0x8f, 0x49, 0x8f, 0x49, 0x8f, 0x28, 0x8f, 0x28, 0x8f, 0x28, 0x8f, 0x28, 0x8f, 0x49, 0x8f,
  0x49, 0x8f, 0x49, 0x8f, 0x49, 0x8f, 0x28, 0x8f, 0x28, 0x8f, 0x49, 0x8f, 0x49, 0x8f, 0x49, 0x8f, 0x28, 0x8f, 0x28, 0x8f, 0x49, 0x8f, 0x28, 0x8f,
  0x28, 0x8f, 0x28, 0x8f, 0x49, 0x8f, 0x49, 0x8f, 0x49, 0x8f, 0x28, 0x8f, 0x28, 0x8f, 0x28, 0x8f, 0x28, 0x8f, 0x49, 0x8f, 0x49, 0x8f, 0x49, 0x8f,
  0x49, 0x8f, 0x49, 0x8f, 0x49, 0x8f, 0x49, 0x8f, 0x49, 0x8f, 0x49, 0x8f, 0x49, 0x8f, 0x49, 0x8f, 0x49, 0x8f, 0x49, 0x8f, 0x49, 0x8f, 0x49, 0x8f,
  0x49, 0x8f, 0x49, 0x8f, 0x49, 0x8f, 0x49, 0x8f, 0x28, 0x8f, 0x28, 0x8f, 0x49, 0x8f, 0x49, 0x8f, 0x28, 0x8f, 0x49, 0x8f, 0x49, 0x8f, 0x49, 0x8f,
  0x28, 0x8f, 0x28, 0x8f, 0x28, 0x8f, 0x28, 0x8f, 0x49, 0x8f, 0x28, 0x8f, 0x28, 0x8f, 0x49, 0x8f, 0x28, 0x8f, 0x49, 0x8f, 0x49, 0x8f, 0x49, 0x8f,
  0x49, 0x8f, 0x49, 0x8f, 0x28, 0x8f, 0x49, 0x8f, 0x49, 0x8f, 0x28, 0x8f, 0x28, 0x8f, 0x28, 0x8f, 0x28, 0x8f, 0x49, 0x8f, 0x49, 0x8f, 0x49, 0x8f,
  0x49, 0x8f, 0x28, 0x8f, 0x28, 0x8f, 0x28, 0x8f, 0x28, 0x8f, 0x28, 0x8f, 0x28, 0x8f, 0x28, 0x8f, 0x28, 0x8f, 0x28, 0x8f, 0x49, 0x8f, 0x49, 0x8f,
  0x28, 0x8f, 0x28, 0x8f, 0x28, 0x8f, 0x28, 0x8f, 0x28, 0x8f, 0x28, 0x8f, 0x28, 0x8f, 0x28, 0x8f, 0x28, 0x8f, 0x49, 0x8f, 0x49, 0x8f, 0x28, 0x8f,
  0x28, 0x8f, 0x49, 0x8f, 0x49, 0x8f, 0x28, 0x8f, 0x49, 0x8f, 0x28, 0x8f, 0x49, 0x8f, 0x49, 0x8f, 0x49, 0x8f, 0x28, 0x8f, 0x49, 0x8f, 0x28, 0x8f,
  0x28, 0x8f, 0x28, 0x8f, 0x49, 0x8f, 0x28, 0x8f, 0x28, 0x8f, 0x28, 0x8f, 0x28, 0x8f, 0x28, 0x8f, 0x28, 0x8f, 0x49, 0x8f, 0x49, 0x8f, 0x28, 0x8f,
  0x28, 0x8f, 0x28, 0x8f, 0x28, 0x8f, 0x49, 0x8f, 0x28, 0x8f, 0x28, 0x8f, 0x28, 0x8f, 0x28, 0x8f, 0x28, 0x8f, 0x28, 0x8f, 0x28, 0x8f, 0x28, 0x8f,
  0x49, 0x8f, 0x28, 0x8f, 0x28, 0x8f, 0x49, 0x8f, 0x49, 0x8f, 0x49, 0x8f, 0x49, 0x8f, 0x49, 0x8f, 0x28, 0x8f, 0x49, 0x8f, 0x49, 0x8f, 0x28, 0x8f,
  0x28, 0x8f, 0x28, 0x8f, 0x49, 0x8f, 0x28, 0x8f, 0x28, 0x8f, 0x28, 0x8f, 0x49, 0x8f, 0x49, 0x8f, 0x29, 0x8f, 0x28, 0x8f, 0x49, 0x8f, 0x28, 0x8f,
  0x08, 0x8f, 0x27, 0x43, 0xe9, 0x31, 0x09, 0x32, 0xe9, 0x31, 0x09, 0x32, 0x09, 0x32, 0x09, 0x32, 0xe9, 0x31, 0xe9, 0x31, 0xe9, 0x31, 0x09, 0x32,
  0x09, 0x32, 0xe9, 0x31, 0xe9, 0x31, 0xe9, 0x31, 0x09, 0x32, 0xe8, 0x31, 0xe8, 0x31, 0xe9, 0x31, 0xe9, 0x31, 0x09, 0x32, 0xe9, 0x31, 0xe9, 0x31,
  0xe9, 0x31, 0x09, 0x32, 0xe9, 0x31, 0xe9, 0x31, 0xe9, 0x31, 0x09, 0x32, 0xe9, 0x31, 0x09, 0x32, 0xe9, 0x31, 0x09, 0x2a, 0xe9, 0x29, 0x09, 0x32,
  0xe9, 0x29, 0xe9, 0x29, 0x09, 0x32, 0x09, 0x32, 0xe9, 0x29, 0x09, 0x32, 0xe9, 0x29, 0x09, 0x32, 0x09, 0x32, 0x09, 0x32, 0xe9, 0x29, 0x09, 0x32,
  0x88, 0x52, 0x88, 0x52, 0x88, 0x52, 0x88, 0x52, 0x88, 0x52, 0x88, 0x52, 0x88, 0x52, 0x88, 0x52, 0x88, 0x52, 0x88, 0x52, 0x88, 0x52, 0x88, 0x52,
  0x88, 0x52, 0x88, 0x52, 0x88, 0x52, 0x88, 0x52, 0x88, 0x52, 0x88, 0x52, 0x88, 0x52, 0x68, 0x52, 0x88, 0x52, 0x88, 0x52, 0x88, 0x52, 0x88, 0x52,
  0x88, 0x52, 0x88, 0x52, 0x68, 0x52, 0x88, 0x52, 0x88, 0x52, 0x88, 0x52, 0x88, 0x52, 0x88, 0x52, 0x88, 0x52, 0x68, 0x52, 0x88, 0x52, 0x88, 0x52,
  0x88, 0x52, 0x88, 0x52, 0x88, 0x52, 0x88, 0x52, 0x88, 0x52, 0x88, 0x52, 0x68, 0x52, 0x68, 0x52, 0x68, 0x52, 0x68, 0x52, 0x68, 0x52, 0x68, 0x52,
  0x68, 0x52, 0x68, 0x52, 0x47, 0x5b, 0xe7, 0x7d, 0x08, 0x8f, 0x69, 0x8f, 0x48, 0x8f, 0x28, 0x8f, 0x28, 0x8f, 0x28, 0x8f, 0x28, 0x8f, 0x28, 0x8f,
  0x28, 0x8f, 0x28, 0x8f, 0x28, 0x8f, 0x28, 0x8f, 0x28, 0x8f, 0x28, 0x8f, 0x28, 0x8f, 0x28, 0x8f, 0x28, 0x8f, 0x28, 0x8f, 0x28, 0x8f, 0x28, 0x8f,
  0x28, 0x8f, 0x28, 0x8f, 0x28, 0x8f, 0x28, 0x8f, 0x28, 0x8f, 0x28, 0x8f, 0x28, 0x8f, 0x28, 0x8f, 0x28, 0x8f, 0x28, 0x8f, 0x28, 0x8f, 0x28, 0x8f,
  0x28, 0x8f, 0x28, 0x8f, 0x28, 0x8f, 0x28, 0x8f, 0x28, 0x8f, 0x28, 0x8f, 0x28, 0x8f, 0x28, 0x8f, 0x28, 0x8f, 0x28, 0x8f, 0x28, 0x8f, 0x28, 0x8f,
  0x28, 0x8f, 0x28, 0x8f, 0x28, 0x8f, 0x28, 0x8f, 0x28, 0x8f, 0x28, 0x8f, 0x28, 0x8f, 0x28, 0x8f, 0x28, 0x8f, 0x28, 0x8f, 0x28, 0x8f, 0x28, 0x8f,
  0x28, 0x8f, 0x28, 0x8f, 0x28, 0x8f, 0x28, 0x8f, 0x28, 0x8f, 0x28, 0x8f, 0x28, 0x8f, 0x28, 0x8f, 0x28, 0x8f, 0x28, 0x8f, 0x28, 0x8f, 0x28, 0x8f,
  0x28, 0x8f, 0x28, 0x8f, 0x28, 0x8f, 0x28, 0x8f, 0x28, 0x8f, 0x28, 0x8f, 0x28, 0x8f, 0x28, 0x8f, 0x28, 0x8f, 0x28, 0x8f, 0x28, 0x8f, 0x28, 0x8f,
  0x28, 0x8f, 0x28, 0x8f, 0x28, 0x8f, 0x28, 0x8f, 0x28, 0x8f, 0x28, 0x8f, 0x28, 0x8f, 0x28, 0x8f, 0x28, 0x8f, 0x28, 0x8f, 0x28, 0x8f, 0x28, 0x8f,
  0x28, 0x8f, 0x28, 0x8f, 0x28, 0x8f, 0x28, 0x8f, 0x28, 0x8f, 0x28, 0x8f, 0x28, 0x8f, 0x28, 0x8f, 0x28, 0x8f, 0x28, 0x8f, 0x28, 0x8f, 0x28, 0x8f,
  0x28, 0x8f, 0x28, 0x8f, 0x28, 0x8f, 0x28, 0x8f, 0x28, 0x8f, 0x28, 0x8f, 0x28, 0x8f, 0x28, 0x8f, 0x28, 0x8f, 0x28, 0x8f, 0x28, 0x8f, 0x28, 0x8f,
  0x28, 0x8f, 0x28, 0x8f, 0x28, 0x8f, 0x28, 0x8f, 0x28, 0x8f, 0x28, 0x8f, 0x28, 0x8f, 0x28, 0x8f, 0x28, 0x8f, 0x28, 0x8f, 0x28, 0x8f, 0x28, 0x8f,
  0x28, 0x8f, 0x28, 0x8f, 0x28, 0x8f, 0x28, 0x8f, 0x28, 0x8f, 0x28, 0x8f, 0x28, 0x8f, 0x28, 0x8f, 0x28, 0x8f, 0x28, 0x8f, 0x28, 0x8f, 0x28, 0x8f,
  0x28, 0x8f, 0x28, 0x8f, 0x28, 0x8f, 0x28, 0x8f, 0x28, 0x8f, 0x28, 0x8f, 0x28, 0x8f, 0x28, 0x8f, 0x28, 0x8f, 0x28, 0x8f, 0x28, 0x8f, 0x28, 0x8f,
  0x28, 0x8f, 0x28, 0x8f, 0x28, 0x8f, 0x28, 0x8f, 0x28, 0x8f, 0x28, 0x8f, 0x28, 0x8f, 0x28, 0x8f, 0x28, 0x8f, 0x28, 0x8f, 0x28, 0x8f, 0x28, 0x8f,
  0x28, 0x8f, 0x28, 0x8f, 0x28, 0x8f, 0x28, 0x8f, 0x28, 0x8f, 0x28, 0x8f, 0x28, 0x8f, 0x28, 0x8f, 0x28, 0x8f, 0x28, 0x8f, 0x28, 0x8f, 0x28, 0x8f,
  0x08, 0x8f, 0xa7, 0x4b, 0xe9, 0x31, 0xe9, 0x31, 0x09, 0x32, 0xe9, 0x31, 0xe9, 0x31, 0xe9, 0x31, 0x09, 0x32, 0x09, 0x32, 0x09, 0x32, 0xe9, 0x31,
  0xe9, 0x31, 0xe9, 0x31, 0x09, 0x32, 0xe9, 0x31, 0xe9, 0x31, 0x09, 0x32, 0xe9, 0x31, 0x09, 0x32, 0xe9, 0x31, 0xe9, 0x31, 0x09, 0x32, 0xe9, 0x31,
  0xe9, 0x31, 0x09, 0x32, 0x09, 0x32, 0xe9, 0x31, 0x09, 0x32, 0xe9, 0x31, 0xe9, 0x31, 0x09, 0x32, 0x09, 0x2a, 0x09, 0x32, 0x09, 0x32, 0x09, 0x32,
  0x09, 0x32, 0x09, 0x32, 0xe9, 0x29, 0xe9, 0x29, 0x09, 0x32, 0x09, 0x32, 0x09, 0x32, 0x0a, 0x32, 0xea, 0x29, 0x09, 0x32, 0x0a, 0x32, 0x09, 0x32,
  0x88, 0x52, 0x88, 0x52, 0x88, 0x52, 0x88, 0x52, 0x88, 0x52, 0x88, 0x52, 0x88, 0x52, 0x88, 0x52, 0x88, 0x52, 0x88, 0x52, 0x88, 0x52, 0x68, 0x52,
  0x88, 0x52, 0x88, 0x52, 0x88, 0x52, 0x88, 0x52, 0x88, 0x52, 0x88, 0x52, 0x88, 0x52, 0x88, 0x52, 0x68, 0x52, 0x88, 0x52, 0x88, 0x52, 0x88, 0x52,
  0x88, 0x52, 0x88, 0x52, 0x88, 0x52, 0x88, 0x52, 0x88, 0x52, 0x88, 0x52, 0x88, 0x52, 0x88, 0x52, 0x88, 0x52, 0x88, 0x52, 0x68, 0x52, 0x88, 0x52,
  0x88, 0x52, 0x68, 0x52, 0x88, 0x52, 0x68, 0x52, 0x88, 0x52, 0x68, 0x52, 0x68, 0x52, 0x68, 0x52, 0x88, 0x52, 0x68, 0x52, 0x88, 0x52, 0x68, 0x52,
  0x68, 0x52, 0x68, 0x52, 0x87, 0x5b, 0xe7, 0x7d, 0x29, 0x8f, 0x49, 0x8f, 0x48, 0x8f, 0x28, 0x8f, 0x49, 0x8f, 0x28, 0x8f, 0x28, 0x8f, 0x28, 0x8f,
  0x49, 0x8f, 0x28, 0x8f, 0x28, 0x8f, 0x28, 0x8f, 0x28, 0x8f, 0x49, 0x8f, 0x49, 0x8f, 0x28, 0x8f, 0x28, 0x8f, 0x28, 0x8f, 0x28, 0x8f, 0x28, 0x8f,
  0x28, 0x8f, 0x49, 0x8f, 0x28, 0x8f, 0x28, 0x8f, 0x28, 0x8f, 0x28, 0x8f, 0x49, 0x8f, 0x28, 0x8f, 0x49, 0x8f, 0x28, 0x8f, 0x28, 0x8f, 0x28, 0x8f,
  0x28, 0x8f, 0x28, 0x8f, 0x28, 0x8f, 0x49, 0x8f, 0x28, 0x8f, 0x28, 0x8f, 0x28, 0x8f, 0x28, 0x8f, 0x28, 0x8f, 0x49, 0x8f, 0x49, 0x8f, 0x28, 0x8f,
  0x28, 0x8f, 0x28, 0x8f, 0x28, 0x8f, 0x28, 0x8f, 0x28, 0x8f, 0x28, 0x8f, 0x28, 0x8f, 0x28, 0x8f, 0x28, 0x8f, 0x28, 0x8f, 0x28, 0x8f, 0x28, 0x8f,
  0x28, 0x8f, 0x28, 0x8f, 0x28, 0x8f, 0x28, 0x8f, 0x28, 0x8f, 0x28, 0x8f, 0x28, 0x8f, 0x28, 0x8f, 0x28, 0x8f, 0x28, 0x8f, 0x28, 0x8f, 0x28, 0x8f,
  0x28, 0x8f, 0x28, 0x8f, 0x28, 0x8f, 0x28, 0x8f, 0x49, 0x8f, 0x28, 0x8f, 0x49, 0x8f, 0x49, 0x8f, 0x28, 0x8f, 0x28, 0x8f, 0x28, 0x8f, 0x28, 0x8f,
  0x28, 0x8f, 0x28, 0x8f, 0x28, 0x8f, 0x28, 0x8f, 0x28, 0x8f, 0x28, 0x8f, 0x28, 0x8f, 0x28, 0x8f, 0x28, 0x8f, 0x49, 0x8f, 0x49, 0x8f, 0x28, 0x8f,
  0x49, 0x8f, 0x49, 0x8f, 0x28, 0x8f, 0x28, 0x8f, 0x28, 0x8f, 0x28, 0x8f, 0x28, 0x8f, 0x28, 0x8f, 0x28, 0x8f, 0x28, 0x8f, 0x49, 0x8f, 0x28, 0x8f,
  0x28, 0x8f, 0x28, 0x8f, 0x28, 0x8f, 0x28, 0x8f, 0x28, 0x8f, 0x28, 0x8f, 0x28, 0x8f, 0x28, 0x8f, 0x28, 0x8f, 0x28, 0x8f, 0x28, 0x8f, 0x28, 0x8f,
  0x28, 0x8f, 0x28, 0x8f, 0x49, 0x8f, 0x28, 0x8f, 0x49, 0x8f, 0x28, 0x8f, 0x49, 0x8f, 0x28, 0x8f, 0x28, 0x8f, 0x28, 0x8f, 0x49, 0x8f, 0x28, 0x8f,
  0x28, 0x8f, 0x28, 0x8f, 0x28, 0x8f, 0x28, 0x8f, 0x28, 0x8f, 0x28, 0x8f, 0x28, 0x8f, 0x28, 0x8f, 0x28, 0x8f, 0x28, 0x8f, 0x28, 0x8f, 0x28, 0x8f,
  0x49, 0x8f, 0x49, 0x8f, 0x28, 0x8f, 0x49, 0x8f, 0x28, 0x8f, 0x28, 0x8f, 0x28, 0x8f, 0x28, 0x8f, 0x28, 0x8f, 0x28, 0x8f, 0x28, 0x8f, 0x28, 0x8f,
  0x49, 0x8f, 0x28, 0x8f, 0x49, 0x8f, 0x49, 0x8f, 0x28, 0x8f, 0x28, 0x8f, 0x49, 0x8f, 0x28, 0x8f, 0x28, 0x8f, 0x28, 0x8f, 0x49, 0x8f, 0x28, 0x8f,
  0x28, 0x8f, 0x28, 0x8f, 0x49, 0x8f, 0x28, 0x8f, 0x28, 0x8f, 0x28, 0x8f, 0x28, 0x8f, 0x28, 0x8f, 0x28, 0x8f, 0x48, 0x8f, 0x48, 0x8f, 0x28, 0x8f,
  0x08, 0x8f, 0x06, 0x54, 0x09, 0x32, 0xe9, 0x31, 0xe9, 0x31, 0xe9, 0x31, 0xe9, 0x31, 0xe9, 0x31, 0x09, 0x32, 0xe9, 0x31, 0x09, 0x32, 0x09, 0x32,
  0xe9, 0x31, 0x09, 0x32, 0xe9, 0x31, 0x09, 0x32, 0xe9, 0x31, 0x09, 0x32, 0x09, 0x32, 0xe9, 0x31, 0xe9, 0x31, 0xe9, 0x31, 0xe9, 0x31, 0x09, 0x32,
  0xe9, 0x31, 0xe9, 0x31, 0x09, 0x32, 0x09, 0x32, 0xe9, 0x31, 0x09, 0x32, 0x09, 0x32, 0xe9, 0x31, 0xe9, 0x29, 0xe9, 0x29, 0x09, 0x32, 0xe9, 0x29,
  0x09, 0x32, 0xe9, 0x29, 0x09, 0x32, 0x09, 0x32, 0xe9, 0x29, 0x09, 0x32, 0x09, 0x32, 0x09, 0x32, 0x09, 0x32, 0x09, 0x2a, 0x09, 0x32, 0x09, 0x2a,
  0x88, 0x52, 0x88, 0x52, 0x88, 0x52, 0x88, 0x52, 0x88, 0x52, 0x88, 0x52, 0x88, 0x52, 0x88, 0x52, 0x88, 0x52, 0x88, 0x52, 0x88, 0x52, 0x88, 0x52,
  0x88, 0x52, 0x88, 0x52, 0x88, 0x52, 0x88, 0x52, 0x88, 0x52, 0x88, 0x52, 0x88, 0x52, 0x88, 0x52, 0x88, 0x52, 0x88, 0x52, 0x88, 0x52, 0x88, 0x52,
  0x88, 0x52, 0x88, 0x52, 0x88, 0x52, 0x88, 0x52, 0x88, 0x52, 0x88, 0x52, 0x88, 0x52, 0x88, 0x52, 0x88, 0x52, 0x88, 0x52, 0x88, 0x52, 0x88, 0x52,
  0x88, 0x52, 0x88, 0x52, 0x88, 0x52, 0x88, 0x52, 0x68, 0x52, 0x88, 0x52, 0x68, 0x52, 0x68, 0x52, 0x68, 0x52, 0x88, 0x52, 0x68, 0x52, 0x68, 0x52,
  0x68, 0x52, 0x68, 0x52, 0xa7, 0x5b, 0xe7, 0x7d, 0x08, 0x8f, 0x48, 0x8f, 0x49, 0x8f, 0x08, 0x8f, 0x29, 0x8f, 0x28, 0x8f, 0x28, 0x8f, 0x28, 0x8f,
  0x28, 0x8f, 0x28, 0x8f, 0x28, 0x8f, 0x28, 0x8f, 0x28, 0x8f, 0x28, 0x8f, 0x28, 0x8f, 0x28, 0x8f, 0x28, 0x8f, 0x28, 0x8f, 0x28, 0x8f, 0x28, 0x8f,
  0x28, 0x8f, 0x28, 0x8f, 0x28, 0x8f, 0x28, 0x8f, 0x28, 0x8f, 0x28, 0x8f, 0x28, 0x8f, 0x28, 0x8f, 0x28, 0x8f, 0x28, 0x8f, 0x28, 0x8f, 0x28, 0x8f,
  0x28, 0x8f, 0x28, 0x8f, 0x28, 0x8f, 0x28, 0x8f, 0x28, 0x8f, 0x28, 0x8f, 0x28, 0x8f, 0x28, 0x8f, 0x28, 0x8f, 0x28, 0x8f, 0x28, 0x8f, 0x28, 0x8f,
  0x28, 0x8f, 0x28, 0x8f, 0x28, 0x8f, 0x28, 0x8f, 0x28, 0x8f, 0x28, 0x8f, 0x28, 0x8f, 0x28, 0x8f, 0x28, 0x8f, 0x28, 0x8f, 0x28, 0x8f, 0x28, 0x8f,
  0x28, 0x8f, 0x28, 0x8f, 0x28, 0x8f, 0x28, 0x8f, 0x28, 0x8f, 0x28, 0x8f, 0x28, 0x8f, 0x28, 0x8f, 0x28, 0x8f, 0x28, 0x8f, 0x28, 0x8f, 0x28, 0x8f,
  0x28, 0x8f, 0x28, 0x8f, 0x28, 0x8f, 0x28, 0x8f, 0x28, 0x8f, 0x28, 0x8f, 0x28, 0x8f, 0x28, 0x8f, 0x28, 0x8f, 0x28, 0x8f, 0x28, 0x8f, 0x28, 0x8f,
  0x28, 0x8f, 0x28, 0x8f, 0x28, 0x8f, 0x28, 0x8f, 0x28, 0x8f, 0x28, 0x8f, 0x28, 0x8f, 0x28, 0x8f, 0x28, 0x8f, 0x28, 0x8f, 0x28, 0x8f, 0x28, 0x8f,
  0x28, 0x8f, 0x28, 0x8f, 0x28, 0x8f, 0x28, 0x8f, 0x28, 0x8f, 0x28, 0x8f, 0x28, 0x8f, 0x28, 0x8f, 0x28, 0x8f, 0x28, 0x8f, 0x28, 0x8f, 0x28, 0x8f,
  0x28, 0x8f, 0x28, 0x8f, 0x28, 0x8f, 0x28, 0x8f, 0x28, 0x8f, 0x28, 0x8f, 0x28, 0x8f, 0x28, 0x8f, 0x28, 0x8f, 0x28, 0x8f, 0x28, 0x8f, 0x28, 0x8f,
  0x28, 0x8f, 0x28, 0x8f, 0x28, 0x8f, 0x28, 0x8f, 0x28, 0x8f, 0x28, 0x8f, 0x28, 0x8f, 0x28, 0x8f, 0x28, 0x8f, 0x28, 0x8f, 0x28, 0x8f, 0x28, 0x8f,
  0x28, 0x8f, 0x28, 0x8f, 0x28, 0x8f, 0x28, 0x8f, 0x28, 0x8f, 0x28, 0x8f, 0x28, 0x8f, 0x28, 0x8f, 0x28, 0x8f, 0x28, 0x8f, 0x28, 0x8f, 0x28, 0x8f,
  0x28, 0x8f, 0x28, 0x8f, 0x28, 0x8f, 0x28, 0x8f, 0x28, 0x8f, 0x28, 0x8f, 0x28, 0x8f, 0x28, 0x8f, 0x28, 0x8f, 0x28, 0x8f, 0x28, 0x8f, 0x28, 0x8f,
  0x28, 0x8f, 0x28, 0x8f, 0x28, 0x8f, 0x28, 0x8f, 0x28, 0x8f, 0x28, 0x8f, 0x28, 0x8f, 0x28, 0x8f, 0x28, 0x8f, 0x28, 0x8f, 0x28, 0x8f, 0x28, 0x8f,
  0x28, 0x8f, 0x28, 0x8f, 0x28, 0x8f, 0x28, 0x8f, 0x28, 0x8f, 0x28, 0x8f, 0x28, 0x8f, 0x28, 0x8f, 0x28, 0x8f, 0x08, 0x8f, 0x28, 0x8f, 0x28, 0x8f,
  0x08, 0x8f, 0x86, 0x5c, 0x09, 0x32, 0x09, 0x32, 0x09, 0x32, 0x09, 0x32, 0xe9, 0x31, 0xe9, 0x31, 0xe9, 0x31, 0xe9, 0x31, 0x09, 0x32, 0x09, 0x32,
  0x09, 0x32, 0xe9, 0x31, 0x09, 0x32, 0xe9, 0x31, 0xe9, 0x31, 0xe9, 0x31, 0xe9, 0x31, 0xe9, 0x31, 0xe9, 0x31, 0x09, 0x32, 0xe9, 0x31, 0xe9, 0x31,
  0x09, 0x32, 0xe9, 0x31, 0xe9, 0x31, 0x09, 0x32, 0x09, 0x32, 0x09, 0x32, 0xe9, 0x31, 0xe9, 0x31, 0x09, 0x32, 0xe9, 0x29, 0x09, 0x32, 0x09, 0x32,
  0xe9, 0x29, 0x09, 0x32, 0x09, 0x32, 0xe9, 0x29, 0x09, 0x32, 0xea, 0x29, 0x09, 0x32, 0x09, 0x32, 0x09, 0x32, 0xe9, 0x29, 0x09, 0x32, 0x09, 0x32,
  0x88, 0x52, 0x88, 0x52, 0x88, 0x52, 0x88, 0x52, 0x88, 0x52, 0x88, 0x52, 0x88, 0x52, 0x88, 0x52, 0x88, 0x52, 0x88, 0x52, 0x88, 0x52, 0x88, 0x52,
  0x88, 0x52, 0x88, 0x52, 0x88, 0x52, 0x88, 0x52, 0x88, 0x52, 0x88, 0x52, 0x88, 0x52, 0x88, 0x52, 0x88, 0x52, 0x88, 0x52, 0x88, 0x52, 0x88, 0x52,
  0x88, 0x52, 0x88, 0x52, 0x88, 0x52, 0x88, 0x52, 0x88, 0x52, 0x88, 0x52, 0x88, 0x52, 0x88, 0x52, 0x88, 0x52, 0x88, 0x52, 0x88, 0x52, 0x88, 0x52,
  0x68, 0x52, 0x68, 0x52, 0x88, 0x52, 0x68, 0x52, 0x68, 0x52, 0x88, 0x52, 0x68, 0x52, 0x68, 0x52, 0x88, 0x52, 0x68, 0x52, 0x68, 0x52, 0x68, 0x52,
  0x68, 0x52, 0x68, 0x52, 0xe7, 0x5b, 0xe7, 0x7d, 0x08, 0x8f, 0x48, 0x8f, 0x28, 0x8f, 0x08, 0x8f, 0x28, 0x8f, 0x28, 0x8f, 0x28, 0x8f, 0x28, 0x8f,
  0x28, 0x8f, 0x28, 0x8f, 0x28, 0x8f, 0x28, 0x8f, 0x28, 0x8f, 0x28, 0x8f, 0x28, 0x8f, 0x29, 0x8f, 0x28, 0x8f, 0x29, 0x8f, 0x29, 0x8f, 0x29, 0x8f,
  0x28, 0x8f, 0x28, 0x8f, 0x28, 0x8f, 0x28, 0x8f, 0x28, 0x8f, 0x28, 0x8f, 0x28, 0x8f, 0x08, 0x8f, 0x28, 0x8f, 0x28, 0x8f, 0x28, 0x8f, 0x28, 0x8f,
  0x28, 0x8f, 0x28, 0x8f, 0x28, 0x8f, 0x28, 0x8f, 0x28, 0x8f, 0x28, 0x8f, 0x28, 0x8f, 0x28, 0x8f, 0x28, 0x8f, 0x28, 0x8f, 0x28, 0x8f, 0x28, 0x8f,
  0x28, 0x8f, 0x28, 0x8f, 0x28, 0x8f, 0x28, 0x8f, 0x28, 0x8f, 0x28, 0x8f, 0x28, 0x8f, 0x28, 0x8f, 0x28, 0x8f, 0x28, 0x8f, 0x28, 0x8f, 0x28, 0x8f,
  0x28, 0x8f, 0x28, 0x8f, 0x28, 0x8f, 0x28, 0x8f, 0x28, 0x8f, 0x28, 0x8f, 0x28, 0x8f, 0x28, 0x8f, 0x28, 0x8f, 0x28, 0x8f, 0x28, 0x8f, 0x28, 0x8f,
  0x28, 0x8f, 0x28, 0x8f, 0x28, 0x8f, 0x28, 0x8f, 0x28, 0x8f, 0x28, 0x8f, 0x28, 0x8f, 0x28, 0x8f, 0x28, 0x8f, 0x28, 0x8f, 0x28, 0x8f, 0x28, 0x8f,
  0x28, 0x8f, 0x28, 0x8f, 0x28, 0x8f, 0x28, 0x8f, 0x28, 0x8f, 0x28, 0x8f, 0x28, 0x8f, 0x28, 0x8f, 0x28, 0x8f, 0x28, 0x8f, 0x28, 0x8f, 0x28, 0x8f,
  0x28, 0x8f, 0x28, 0x8f, 0x28, 0x8f, 0x28, 0x8f, 0x28, 0x8f, 0x28, 0x8f, 0x28, 0x8f, 0x28, 0x8f, 0x28, 0x8f, 0x28, 0x8f, 0x28, 0x8f, 0x28, 0x8f,
  0x28, 0x8f, 0x28, 0x8f, 0x28, 0x8f, 0x28, 0x8f, 0x28, 0x8f, 0x28, 0x8f, 0x28, 0x8f, 0x28, 0x8f, 0x28, 0x8f, 0x28, 0x8f, 0x28, 0x8f, 0x28, 0x8f,
  0x28, 0x8f, 0x28, 0x8f, 0x28, 0x8f, 0x28, 0x8f, 0x28, 0x8f, 0x28, 0x8f, 0x28, 0x8f, 0x28, 0x8f, 0x28, 0x8f, 0x28, 0x8f, 0x28, 0x8f, 0x28, 0x8f,
  0x28, 0x8f, 0x28, 0x8f, 0x28, 0x8f, 0x28, 0x8f, 0x28, 0x8f, 0x28, 0x8f, 0x28, 0x8f, 0x28, 0x8f, 0x28, 0x8f, 0x28, 0x8f, 0x28, 0x8f, 0x28, 0x8f,
  0x28, 0x8f, 0x28, 0x8f, 0x28, 0x8f, 0x28, 0x8f, 0x28, 0x8f, 0x28, 0x8f, 0x28, 0x8f, 0x28, 0x8f, 0x28, 0x8f, 0x28, 0x8f, 0x28, 0x8f, 0x08, 0x8f,
  0x28, 0x8f, 0x28, 0x8f, 0x28, 0x8f, 0x28, 0x8f, 0x28, 0x8f, 0x28, 0x8f, 0x28, 0x8f, 0x28, 0x8f, 0x28, 0x8f, 0x28, 0x8f, 0x28, 0x8f, 0x28, 0x8f,
  0x28, 0x8f, 0x28, 0x8f, 0x28, 0x8f, 0x28, 0x8f, 0x28, 0x8f, 0x28, 0x8f, 0x28, 0x8f, 0x28, 0x8f, 0x28, 0x8f, 0x28, 0x8f, 0x28, 0x8f, 0x28, 0x8f,
  0xe8, 0x8e, 0xe6, 0x64, 0x09, 0x32, 0xe9, 0x31, 0xe9, 0x31, 0x09, 0x32, 0x09, 0x32, 0x09, 0x32, 0x09, 0x32, 0xe9, 0x31, 0x09, 0x32, 0xe9, 0x31,
  0xe9, 0x31, 0xe9, 0x31, 0xe9, 0x31, 0xe9, 0x31, 0xe9, 0x31, 0xe9, 0x31, 0xe9, 0x31, 0x09, 0x32, 0xe9, 0x31, 0xe9, 0x31, 0xe9, 0x31, 0xe9, 0x31,
  0x09, 0x32, 0x09, 0x32, 0xe9, 0x31, 0x09, 0x32, 0xe9, 0x29, 0xe9, 0x31, 0xe9, 0x31, 0x09, 0x32, 0xe9, 0x31, 0xe9, 0x31, 0x09, 0x32, 0xe9, 0x29,
  0xe9, 0x29, 0x09, 0x32, 0x09, 0x32, 0x09, 0x32, 0x09, 0x32, 0xe9, 0x29, 0x09, 0x32, 0xe9, 0x29, 0x09, 0x32, 0x09, 0x32, 0x09, 0x32, 0x09, 0x32,
  0x68, 0x52, 0x88, 0x52, 0x88, 0x52, 0x88, 0x52, 0x88, 0x52, 0x88, 0x52, 0x88, 0x52, 0x88, 0x52, 0x88, 0x52, 0x88, 0x52, 0x88, 0x52, 0x88, 0x52,
  0x88, 0x52, 0x88, 0x52, 0x88, 0x52, 0x88, 0x52, 0x88, 0x52, 0x88, 0x52, 0x88, 0x52, 0x68, 0x52, 0x88, 0x52, 0x88, 0x52, 0x88, 0x52, 0x88, 0x52,
  0x88, 0x52, 0x88, 0x52, 0x88, 0x52, 0x88, 0x52, 0x88, 0x52, 0x88, 0x52, 0x88, 0x52, 0x88, 0x52, 0x88, 0x52, 0x88, 0x52, 0x88, 0x52, 0x88, 0x52,
  0x88, 0x52, 0x88, 0x52, 0x88, 0x52, 0x88, 0x52, 0x68, 0x52, 0x88, 0x52, 0x68, 0x52, 0x88, 0x52, 0x68, 0x52, 0x68, 0x52, 0x68, 0x52, 0x68, 0x52,
  0x68, 0x52, 0x68, 0x52, 0x07, 0x64, 0xe7, 0x75, 0x08, 0x8f, 0x49, 0x8f, 0x28, 0x8f, 0x08, 0x8f, 0x28, 0x8f, 0x28, 0x8f, 0x28, 0x8f, 0x28, 0x8f,
  0x28, 0x8f, 0x28, 0x8f, 0x28, 0x8f, 0x28, 0x8f, 0x28, 0x8f, 0x28, 0x8f, 0x28, 0x8f, 0x28, 0x8f, 0x28, 0x8f, 0x28, 0x8f, 0x28, 0x8f, 0x28, 0x8f,
  0x29, 0x8f, 0x28, 0x8f, 0x28, 0x8f, 0x28, 0x8f, 0x08, 0x8f, 0x28, 0x8f, 0x08, 0x8f, 0x08, 0x8f, 0x08, 0x8f, 0x08, 0x8f, 0x08, 0x8f, 0x08, 0x8f,
  0x08, 0x8f, 0x08, 0x8f, 0x08, 0x8f, 0x08, 0x8f, 0x08, 0x8f, 0x08, 0x8f, 0x08, 0x8f, 0x28, 0x8f, 0x08, 0x8f, 0x08, 0x8f, 0x08, 0x8f, 0x08, 0x8f,
  0x08, 0x8f, 0x08, 0x8f, 0x08, 0x8f, 0x08, 0x8f, 0x08, 0x8f, 0x08, 0x8f, 0x28, 0x8f, 0x08, 0x8f, 0x08, 0x8f, 0x08, 0x8f, 0x28, 0x8f, 0x28, 0x8f,
  0x08, 0x8f, 0x08, 0x8f, 0x08, 0x8f, 0x28, 0x8f, 0x28, 0x8f, 0x08, 0x8f, 0x28, 0x8f, 0x28, 0x8f, 0x08, 0x8f, 0x08, 0x8f, 0x28, 0x8f, 0x08, 0x8f,
  0x08, 0x8f, 0x08, 0x8f, 0x08, 0x8f, 0x08, 0x8f, 0x08, 0x8f, 0x08, 0x8f, 0x08, 0x8f, 0x08, 0x8f, 0x08, 0x8f, 0x28, 0x8f, 0x08, 0x8f, 0x08, 0x8f,
  0x08, 0x8f, 0x08, 0x8f, 0x08, 0x8f, 0x08, 0x8f, 0x28, 0x8f, 0x08, 0x8f, 0x08, 0x8f, 0x08, 0x8f, 0x08, 0x8f, 0x08, 0x8f, 0x08, 0x8f, 0x28, 0x8f,
  0x08, 0x8f, 0x08, 0x8f, 0x08, 0x8f, 0x28, 0x8f, 0x08, 0x8f, 0x08, 0x8f, 0x08, 0x8f, 0x08, 0x8f, 0x08, 0x8f, 0x08, 0x8f, 0x08, 0x8f, 0x08, 0x8f,
  0x08, 0x8f, 0x08, 0x8f, 0x08, 0x8f, 0x08, 0x8f, 0x08, 0x8f, 0x08, 0x8f, 0x08, 0x8f, 0x08, 0x8f, 0x08, 0x8f, 0x08, 0x8f, 0x08, 0x8f, 0x08, 0x8f,
  0x08, 0x8f, 0x08, 0x8f, 0x08, 0x8f, 0x08, 0x8f, 0x28, 0x8f, 0x08, 0x8f, 0x08, 0x8f, 0x08, 0x8f, 0x08, 0x8f, 0x08, 0x8f, 0x08, 0x8f, 0x08, 0x8f,
  0x08, 0x8f, 0x08, 0x8f, 0x08, 0x8f, 0x28, 0x8f, 0x08, 0x8f, 0x08, 0x8f, 0x08, 0x8f, 0x08, 0x8f, 0x08, 0x8f, 0x08, 0x8f, 0x08, 0x8f, 0x08, 0x8f,
  0x08, 0x8f, 0x08, 0x8f, 0x08, 0x8f, 0x08, 0x8f, 0x28, 0x8f, 0x08, 0x8f, 0x08, 0x8f, 0x08, 0x8f, 0x08, 0x8f, 0x08, 0x8f, 0x08, 0x8f, 0x28, 0x8f,
  0x28, 0x8f, 0x28, 0x8f, 0x28, 0x8f, 0x28, 0x8f, 0x28, 0x8f, 0x28, 0x8f, 0x28, 0x8f, 0x28, 0x8f, 0x28, 0x8f, 0x28, 0x8f, 0x28, 0x8f, 0x28, 0x8f,
  0x28, 0x8f, 0x28, 0x8f, 0x28, 0x8f, 0x28, 0x8f, 0x28, 0x8f, 0x28, 0x8f, 0x28, 0x8f, 0x28, 0x8f, 0x28, 0x8f, 0x28, 0x8f, 0x28, 0x8f, 0x28, 0x8f,
  0xe8, 0x8e, 0x46, 0x6d, 0xe9, 0x31, 0x08, 0x32, 0x09, 0x32, 0x09, 0x32, 0x09, 0x32, 0x09, 0x32, 0xe9, 0x31, 0xe9, 0x31, 0x09, 0x32, 0x09, 0x32,
  0x09, 0x32, 0x09, 0x32, 0xe9, 0x31, 0x09, 0x32, 0xe9, 0x31, 0xe9, 0x31, 0xe9, 0x31, 0xe9, 0x31, 0xe9, 0x31, 0xe9, 0x31, 0xe9, 0x31, 0x09, 0x32,
  0x09, 0x32, 0x09, 0x32, 0xe9, 0x31, 0x09, 0x32, 0x09, 0x32, 0x09, 0x32, 0xe9, 0x31, 0xe9, 0x29, 0xe9, 0x29, 0x09, 0x32, 0xe9, 0x29, 0x09, 0x32,
  0xe9, 0x29, 0x09, 0x32, 0xe9, 0x29, 0x09, 0x32, 0xe9, 0x29, 0xe9, 0x29, 0x09, 0x32, 0x09, 0x32, 0x09, 0x32, 0xe9, 0x29, 0x09, 0x32, 0x09, 0x32,
  0x88, 0x52, 0x88, 0x52, 0x88, 0x52, 0x88, 0x52, 0x88, 0x52, 0x88, 0x52, 0x88, 0x52, 0x88, 0x52, 0x88, 0x52, 0x88, 0x52, 0x88, 0x52, 0x88, 0x52,
  0x88, 0x52, 0x88, 0x52, 0x88, 0x52, 0x88, 0x52, 0x68, 0x52, 0x88, 0x52, 0x88, 0x52, 0x88, 0x52, 0x88, 0x52, 0x88, 0x52, 0x88, 0x52, 0x88, 0x52,
  0x88, 0x52, 0x88, 0x52, 0x88, 0x52, 0x88, 0x52, 0x88, 0x52, 0x88, 0x52, 0x88, 0x52, 0x88, 0x52, 0x88, 0x52, 0x88, 0x52, 0x88, 0x52, 0x88, 0x52,
  0x88, 0x5a, 0x88, 0x52, 0x68, 0x52, 0x88, 0x52, 0x88, 0x52, 0x88, 0x52, 0x68, 0x52, 0x88, 0x52, 0x68, 0x52, 0x68, 0x52, 0x68, 0x52, 0x68, 0x52,
  0x68, 0x52, 0x88, 0x52, 0x27, 0x64, 0xe7, 0x75, 0xe8, 0x8e, 0x28, 0x8f, 0x28, 0x8f, 0x08, 0x8f, 0x28, 0x8f, 0x28, 0x8f, 0x28, 0x8f, 0x28, 0x8f,
  0x28, 0x8f, 0x28, 0x8f, 0x28, 0x8f, 0x28, 0x8f, 0x28, 0x8f, 0x28, 0x8f, 0x28, 0x8f, 0x28, 0x8f, 0x28, 0x8f, 0x08, 0x8f, 0x28, 0x8f, 0x28, 0x8f,
  0x28, 0x8f, 0x08, 0x8f, 0x28, 0x8f, 0x08, 0x8f, 0x28, 0x8f, 0x49, 0x8f, 0x48, 0x8f, 0x49, 0x8f, 0x48, 0x8f, 0x48, 0x8f, 0x48, 0x8f, 0x48, 0x8f,
  0x48, 0x8f, 0x48, 0x8f, 0x48, 0x8f, 0x48, 0x8f, 0x48, 0x8f, 0x48, 0x8f, 0x48, 0x8f, 0x48, 0x8f, 0x48, 0x8f, 0x48, 0x8f, 0x48, 0x8f, 0x48, 0x8f,
  0x48, 0x8f, 0x48, 0x8f, 0x48, 0x8f, 0x48, 0x8f, 0x48, 0x8f, 0x48, 0x8f, 0x48, 0x8f, 0x48, 0x8f, 0x48, 0x8f, 0x48, 0x8f, 0x48, 0x8f, 0x48, 0x8f,
  0x48, 0x8f, 0x48, 0x8f, 0x48, 0x8f, 0x48, 0x8f, 0x48, 0x8f, 0x48, 0x8f, 0x48, 0x8f, 0x49, 0x8f, 0x48, 0x8f, 0x48, 0x8f, 0x48, 0x8f, 0x48, 0x8f,
  0x48, 0x8f, 0x48, 0x8f, 0x49, 0x8f, 0x48, 0x8f, 0x49, 0x8f, 0x48, 0x8f, 0x48, 0x8f, 0x48, 0x8f, 0x48, 0x8f, 0x48, 0x8f, 0x48, 0x8f, 0x48, 0x8f,
  0x48, 0x8f, 0x48, 0x8f, 0x48, 0x8f, 0x48, 0x8f, 0x48, 0x8f, 0x48, 0x8f, 0x48, 0x8f, 0x48, 0x8f, 0x49, 0x8f, 0x48, 0x8f, 0x48, 0x8f, 0x48, 0x8f,
  0x48, 0x8f, 0x48, 0x8f, 0x48, 0x8f, 0x48, 0x8f, 0x48, 0x8f, 0x48, 0x8f, 0x48, 0x8f, 0x48, 0x8f, 0x48, 0x8f, 0x48, 0x8f, 0x48, 0x8f, 0x48, 0x8f,
  0x48, 0x8f, 0x48, 0x8f, 0x48, 0x8f, 0x48, 0x8f, 0x48, 0x8f, 0x48, 0x8f, 0x48, 0x8f, 0x48, 0x8f, 0x49, 0x8f, 0x48, 0x8f, 0x49, 0x8f, 0x49, 0x8f,
  0x48, 0x8f, 0x48, 0x8f, 0x48, 0x8f, 0x48, 0x8f, 0x48, 0x8f, 0x48, 0x8f, 0x48, 0x8f, 0x48, 0x8f, 0x48, 0x8f, 0x48, 0x8f, 0x48, 0x8f, 0x48, 0x8f,
  0x48, 0x8f, 0x48, 0x8f, 0x48, 0x8f, 0x48, 0x8f, 0x48, 0x8f, 0x48, 0x8f, 0x48, 0x8f, 0x48, 0x8f, 0x49, 0x8f, 0x48, 0x8f, 0x48, 0x8f, 0x48, 0x8f,
  0x48, 0x8f, 0x49, 0x8f, 0x48, 0x8f, 0x48, 0x8f, 0x48, 0x8f, 0x48, 0x8f, 0x48, 0x8f, 0x48, 0x8f, 0x69, 0x8f, 0x48, 0x8f, 0x48, 0x8f, 0x28, 0x8f,
  0x29, 0x8f, 0x28, 0x8f, 0x28, 0x8f, 0x08, 0x8f, 0x28, 0x8f, 0x28, 0x8f, 0x28, 0x8f, 0x28, 0x8f, 0x28, 0x8f, 0x28, 0x8f, 0x29, 0x8f, 0x28, 0x8f,
  0x28, 0x8f, 0x28, 0x8f, 0x28, 0x8f, 0x28, 0x8f, 0x28, 0x8f, 0x28, 0x8f, 0x28, 0x8f, 0x28, 0x8f, 0x08, 0x8f, 0x08, 0x8f, 0x28, 0x8f, 0x28, 0x8f,
  0xe8, 0x8e, 0x67, 0x6d, 0xe8, 0x31, 0x09, 0x32, 0xe9, 0x31, 0x09, 0x32, 0xe9, 0x31, 0x09, 0x32, 0xe9, 0x31, 0x09, 0x32, 0x09, 0x32, 0xe9, 0x31,
  0xe9, 0x31, 0xe9, 0x31, 0x09, 0x32, 0xe9, 0x31, 0x09, 0x32, 0xe9, 0x31, 0xe9, 0x31, 0x09, 0x32, 0x09, 0x32, 0x09, 0x32, 0x09, 0x32, 0xe9, 0x31,
  0x09, 0x32, 0x09, 0x32, 0xe9, 0x31, 0x09, 0x32, 0xe9, 0x31, 0xe9, 0x31, 0x09, 0x32, 0x09, 0x32, 0xe9, 0x29, 0x09, 0x32, 0xe9, 0x31, 0xe9, 0x29,
  0xe9, 0x29, 0x09, 0x32, 0xe9, 0x29, 0x09, 0x32, 0xe9, 0x29, 0x09, 0x32, 0x09, 0x32, 0x09, 0x32, 0xe9, 0x29, 0x09, 0x32, 0xea, 0x29, 0x09, 0x32,
  0x68, 0x52, 0x88, 0x52, 0x88, 0x52, 0x88, 0x52, 0x88, 0x52, 0x88, 0x52, 0x88, 0x52, 0x88, 0x52, 0x88, 0x52, 0x88, 0x52, 0x88, 0x52, 0x88, 0x52,
  0x88, 0x52, 0x88, 0x52, 0x88, 0x52, 0x88, 0x52, 0x88, 0x52, 0x88, 0x52, 0x88, 0x52, 0x88, 0x52, 0x88, 0x52, 0x88, 0x52, 0x88, 0x52, 0x88, 0x52,
  0x88, 0x52, 0x88, 0x52, 0x88, 0x52, 0x88, 0x52, 0x88, 0x52, 0x88, 0x52, 0x88, 0x52, 0x88, 0x52, 0x88, 0x52, 0x88, 0x52, 0x88, 0x52, 0x88, 0x52,
  0x88, 0x52, 0x68, 0x52, 0x88, 0x52, 0x88, 0x52, 0x68, 0x52, 0x68, 0x52, 0x88, 0x52, 0x68, 0x52, 0x88, 0x52, 0x68, 0x52, 0x68, 0x52, 0x88, 0x52,
  0x68, 0x52, 0x68, 0x52, 0x47, 0x64, 0xe7, 0x75, 0xe8, 0x8e, 0x48, 0x8f, 0x29, 0x8f, 0x08, 0x8f, 0x08, 0x8f, 0x08, 0x8f, 0x28, 0x8f, 0x08, 0x8f,
  0x08, 0x8f, 0x28, 0x8f, 0x28, 0x8f, 0x08, 0x8f, 0x28, 0x8f, 0x08, 0x8f, 0x08, 0x8f, 0x28, 0x8f, 0x28, 0x8f, 0x28, 0x8f, 0x08, 0x8f, 0x28, 0x8f,
  0x08, 0x8f, 0x08, 0x8f, 0x28, 0x8f, 0x28, 0x8f, 0x29, 0x8f, 0x28, 0x8f, 0x28, 0x8f, 0x28, 0x8f, 0x29, 0x8f, 0x08, 0x8f, 0x08, 0x8f, 0x28, 0x8f,
  0x08, 0x8f, 0x08, 0x8f, 0x08, 0x8f, 0x08, 0x8f, 0x08, 0x8f, 0x08, 0x8f, 0x08, 0x8f, 0x08, 0x8f, 0x08, 0x8f, 0x08, 0x8f, 0x08, 0x8f, 0x08, 0x8f,
  0x08, 0x8f, 0x08, 0x8f, 0x08, 0x8f, 0x08, 0x8f, 0x08, 0x8f, 0x08, 0x8f, 0x28, 0x8f, 0x08, 0x8f, 0x08, 0x8f, 0x28, 0x8f, 0x08, 0x8f, 0x08, 0x8f,
  0x08, 0x8f, 0x08, 0x8f, 0x08, 0x8f, 0x08, 0x8f, 0x08, 0x8f, 0x08, 0x8f, 0x28, 0x8f, 0x28, 0x8f, 0x08, 0x8f, 0x08, 0x8f, 0x28, 0x8f, 0x08, 0x8f,
  0x08, 0x8f, 0x08, 0x8f, 0x28, 0x8f, 0x08, 0x8f, 0x28, 0x8f, 0x08, 0x8f, 0x08, 0x8f, 0x08, 0x8f, 0x08, 0x8f, 0x08, 0x8f, 0x08, 0x8f, 0x08, 0x8f,
  0x08, 0x8f, 0x08, 0x8f, 0x08, 0x8f, 0x28, 0x8f, 0x08, 0x8f, 0x08, 0x8f, 0x08, 0x8f, 0x09, 0x8f, 0x28, 0x8f, 0x08, 0x8f, 0x08, 0x8f, 0x28, 0x8f,
  0x08, 0x8f, 0x08, 0x8f, 0x08, 0x8f, 0x28, 0x8f, 0x08, 0x8f, 0x08, 0x8f, 0x08, 0x8f, 0x08, 0x8f, 0x28, 0x8f, 0x08, 0x8f, 0x08, 0x8f, 0x08, 0x8f,
  0x08, 0x8f, 0x08, 0x8f, 0x08, 0x8f, 0x08, 0x8f, 0x08, 0x8f, 0x08, 0x8f, 0x08, 0x8f, 0x08, 0x8f, 0x08, 0x8f, 0x28, 0x8f, 0x08, 0x8f, 0x28, 0x8f,
  0x08, 0x8f, 0x08, 0x8f, 0x08, 0x8f, 0x08, 0x8f, 0x08, 0x8f, 0x08, 0x8f, 0x08, 0x8f, 0x08, 0x8f, 0x08, 0x8f, 0x08, 0x8f, 0x08, 0x8f, 0x08, 0x8f,
  0x28, 0x8f, 0x08, 0x8f, 0x08, 0x8f, 0x08, 0x8f, 0x08, 0x8f, 0x08, 0x8f, 0x08, 0x8f, 0x08, 0x8f, 0x28, 0x8f, 0x08, 0x8f, 0x08, 0x8f, 0x08, 0x8f,
  0x28, 0x8f, 0x28, 0x8f, 0x28, 0x8f, 0x08, 0x8f, 0x28, 0x8f, 0x08, 0x8f, 0x08, 0x8f, 0x08, 0x8f, 0x28, 0x8f, 0x29, 0x8f, 0x28, 0x8f, 0x29, 0x8f,
  0x28, 0x8f, 0x29, 0x8f, 0x28, 0x8f, 0x28, 0x8f, 0x08, 0x8f, 0x08, 0x8f, 0x08, 0x8f, 0x08, 0x8f, 0x28, 0x8f, 0x08, 0x8f, 0x08, 0x8f, 0x28, 0x8f,
  0x28, 0x8f, 0x28, 0x8f, 0x28, 0x8f, 0x28, 0x8f, 0x28, 0x8f, 0x28, 0x8f, 0x08, 0x8f, 0x08, 0x8f, 0x08, 0x8f, 0x08, 0x8f, 0x08, 0x8f, 0x08, 0x8f,
  0xe8, 0x86, 0xa7, 0x75, 0x09, 0x32, 0x09, 0x32, 0x09, 0x32, 0xe9, 0x31, 0x09, 0x32, 0xe9, 0x31, 0x09, 0x32, 0x09, 0x32, 0x09, 0x32, 0xe9, 0x31,
  0x09, 0x32, 0xe9, 0x31, 0xe9, 0x31, 0xe9, 0x31, 0xe9, 0x31, 0xe9, 0x31, 0xe9, 0x31, 0xe9, 0x31, 0x09, 0x32, 0xe9, 0x31, 0xe9, 0x31, 0x09, 0x32,
  0xe9, 0x31, 0xe9, 0x31, 0x09, 0x32, 0xe9, 0x31, 0xe9, 0x31, 0x09, 0x32, 0xe9, 0x31, 0x09, 0x2a, 0x09, 0x32, 0x09, 0x2a, 0xe9, 0x31, 0x09, 0x32,
  0x09, 0x32, 0xea, 0x29, 0x09, 0x32, 0xe9, 0x29, 0xe9, 0x29, 0x09, 0x32, 0xe9, 0x29, 0x09, 0x32, 0x0a, 0x32, 0x0a, 0x32, 0x09, 0x32, 0x0a, 0x32,
  0x88, 0x52, 0x88, 0x52, 0x88, 0x52, 0x88, 0x52, 0x88, 0x52, 0x88, 0x52, 0x88, 0x52, 0x88, 0x52, 0x88, 0x52, 0x88, 0x52, 0x88, 0x52, 0x88, 0x52,
  0x88, 0x52, 0x88, 0x52, 0x88, 0x52, 0x88, 0x52, 0x88, 0x52, 0x88, 0x52, 0x88, 0x52, 0x88, 0x52, 0x88, 0x52, 0x88, 0x52, 0x88, 0x52, 0x88, 0x52,
  0x88, 0x52, 0x88, 0x52, 0x68, 0x52, 0x88, 0x52, 0x88, 0x52, 0x88, 0x52, 0x68, 0x52, 0x88, 0x52, 0x88, 0x52, 0x88, 0x52, 0x88, 0x52, 0x88, 0x52,
  0x88, 0x52, 0x68, 0x52, 0x88, 0x52, 0x68, 0x52, 0x68, 0x52, 0x88, 0x52, 0x68, 0x52, 0x88, 0x52, 0x68, 0x52, 0x88, 0x52, 0x68, 0x52, 0x68, 0x52,
  0x68, 0x52, 0x68, 0x52, 0x46, 0x64, 0xc7, 0x75, 0x08, 0x8f, 0x28, 0x8f, 0x08, 0x8f, 0x08, 0x8f, 0x28, 0x8f, 0x28, 0x8f, 0x08, 0x8f, 0x08, 0x8f,
  0x08, 0x8f, 0x08, 0x8f, 0x08, 0x8f, 0x08, 0x8f, 0x08, 0x8f, 0x28, 0x8f, 0x08, 0x8f, 0x09, 0x8f, 0x28, 0x8f, 0x08, 0x8f, 0x08, 0x8f, 0x08, 0x87,
  0x08, 0x8f, 0x28, 0x8f, 0x28, 0x8f, 0x29, 0x8f, 0x08, 0x87, 0xe8, 0x8e, 0xe8, 0x8e, 0xc8, 0x86, 0xa7, 0x86, 0xa7, 0x86, 0xc8, 0x86, 0xc8, 0x86,
  0xc8, 0x86, 0xc7, 0x86, 0xc8, 0x86, 0xc8, 0x86, 0xc7, 0x86, 0xc8, 0x86, 0xc8, 0x86, 0xc8, 0x86, 0xc7, 0x86, 0xc7, 0x86, 0xc7, 0x86, 0xc7, 0x86,
  0xc8, 0x86, 0xc7, 0x86, 0xc7, 0x86, 0xc7, 0x86, 0xc7, 0x86, 0xc8, 0x86, 0xc8, 0x86, 0xc8, 0x86, 0xc8, 0x86, 0xc8, 0x86, 0xc8, 0x86, 0xc8, 0x86,
  0xc8, 0x86, 0xc7, 0x86, 0xc7, 0x86, 0xc8, 0x86, 0xc8, 0x86, 0xc8, 0x86, 0xa8, 0x86, 0xc8, 0x86, 0xc8, 0x86, 0xc8, 0x86, 0xc8, 0x86, 0xc7, 0x86,
  0xc7, 0x86, 0xc7, 0x86, 0xc8, 0x86, 0xc8, 0x86, 0xc8, 0x86, 0xc7, 0x86, 0xc8, 0x86, 0xc7, 0x86, 0xc8, 0x86, 0xc8, 0x86, 0xc8, 0x86, 0xc8, 0x86,
  0xc8, 0x86, 0xc8, 0x86, 0xc7, 0x86, 0xa8, 0x86, 0xc8, 0x86, 0xc8, 0x86, 0xc8, 0x86, 0xc7, 0x86, 0xc8, 0x86, 0xc8, 0x86, 0xc7, 0x86, 0xc8, 0x86,
  0xc8, 0x86, 0xc7, 0x86, 0xc8, 0x86, 0xa8, 0x86, 0xc8, 0x86, 0xc7, 0x86, 0xc7, 0x86, 0xc8, 0x86, 0xc8, 0x86, 0xc8, 0x86, 0xc7, 0x86, 0xc7, 0x86,
  0xc7, 0x86, 0xc7, 0x86, 0xc8, 0x86, 0xc8, 0x86, 0xc7, 0x86, 0xc7, 0x86, 0xc8, 0x86, 0xc7, 0x86, 0xc8, 0x86, 0xa8, 0x86, 0xc8, 0x86, 0xc8, 0x86,
  0xc8, 0x86, 0xc7, 0x86, 0xc8, 0x86, 0xc8, 0x86, 0xc8, 0x86, 0xc8, 0x86, 0xc8, 0x86, 0xc8, 0x86, 0xc8, 0x86, 0xc8, 0x86, 0xc8, 0x86, 0xc7, 0x86,
  0xc8, 0x86, 0xc8, 0x86, 0xc8, 0x86, 0xc8, 0x86, 0xc8, 0x86, 0xc7, 0x86, 0xc7, 0x86, 0xc7, 0x86, 0xc8, 0x86, 0xc8, 0x86, 0xc8, 0x86, 0xc8, 0x86,
  0xa8, 0x86, 0xc8, 0x86, 0xc8, 0x86, 0xc8, 0x86, 0xc8, 0x86, 0xc8, 0x86, 0xc8, 0x86, 0xc7, 0x86, 0xc8, 0x86, 0xe8, 0x86, 0xe8, 0x86, 0x08, 0x8f,
  0x29, 0x8f, 0x48, 0x8f, 0x28, 0x8f, 0x08, 0x8f, 0x08, 0x8f, 0x08, 0x8f, 0x08, 0x8f, 0x08, 0x8f, 0x08, 0x8f, 0x09, 0x8f, 0x09, 0x8f, 0x08, 0x8f,
  0x08, 0x8f, 0x08, 0x8f, 0x08, 0x8f, 0x08, 0x8f, 0x08, 0x8f, 0x08, 0x8f, 0x08, 0x8f, 0x08, 0x8f, 0x08, 0x8f, 0x08, 0x8f, 0x08, 0x8f, 0x08, 0x8f,
  0xe8, 0x86, 0xe7, 0x75, 0xe9, 0x31, 0xe9, 0x31, 0xe9, 0x31, 0xe9, 0x31, 0x09, 0x32, 0x09, 0x32, 0xe9, 0x31, 0xe9, 0x31, 0x09, 0x32, 0x09, 0x32,
  0xe9, 0x31, 0xe9, 0x31, 0xe9, 0x31, 0xe9, 0x31, 0xe9, 0x31, 0xe9, 0x31, 0xe9, 0x31, 0x09, 0x32, 0x09, 0x32, 0x09, 0x32, 0x09, 0x32, 0xe9, 0x31,
  0x09, 0x32, 0x09, 0x32, 0xe9, 0x31, 0x09, 0x32, 0x09, 0x32, 0xe9, 0x31, 0x09, 0x32, 0xe9, 0x31, 0xe9, 0x29, 0xe9, 0x31, 0x09, 0x32, 0xe9, 0x29,
  0xe9, 0x29, 0xe9, 0x29, 0x09, 0x32, 0x09, 0x32, 0x09, 0x32, 0xe9, 0x29, 0x09, 0x32, 0x09, 0x32, 0xe9, 0x29, 0x09, 0x32, 0xea, 0x29, 0x09, 0x32,
  0x88, 0x52, 0x68, 0x52, 0x88, 0x52, 0x88, 0x52, 0x88, 0x52, 0x88, 0x52, 0x88, 0x52, 0x88, 0x52, 0x88, 0x52, 0x88, 0x52, 0x88, 0x52, 0x88, 0x52,
  0x88, 0x52, 0x88, 0x52, 0x88, 0x52, 0x88, 0x52, 0x88, 0x52, 0x88, 0x52, 0x88, 0x52, 0x88, 0x52, 0x88, 0x52, 0x88, 0x52, 0x88, 0x52, 0x88, 0x52,
  0x88, 0x52, 0x88, 0x52, 0x88, 0x52, 0x88, 0x52, 0x88, 0x52, 0x68, 0x52, 0x88, 0x52, 0x88, 0x52, 0x88, 0x52, 0x88, 0x52, 0x88, 0x52, 0x88, 0x52,
  0x88, 0x52, 0x88, 0x52, 0x88, 0x52, 0x88, 0x52, 0x88, 0x52, 0x88, 0x52, 0x88, 0x52, 0x68, 0x52, 0x88, 0x52, 0x68, 0x52, 0x68, 0x52, 0x68, 0x52,
  0x68, 0x52, 0x68, 0x52, 0x67, 0x64, 0xc7, 0x75, 0xe8, 0x8e, 0x28, 0x8f, 0x08, 0x8f, 0x08, 0x8f, 0x08, 0x8f, 0x08, 0x87, 0x08, 0x8f, 0x08, 0x8f,
  0x08, 0x8f, 0x08, 0x8f, 0x08, 0x8f, 0x08, 0x8f, 0x08, 0x8f, 0x08, 0x8f, 0x08, 0x8f, 0x08, 0x8f, 0x08, 0x8f, 0x08, 0x8f, 0x08, 0x87, 0x28, 0x8f,
  0x28, 0x8f, 0x28, 0x8f, 0xc8, 0x86, 0x47, 0x7e, 0xa6, 0x6d, 0x85, 0x5c, 0x04, 0x54, 0x83, 0x43, 0x63, 0x43, 0x63, 0x43, 0x63, 0x43, 0x63, 0x43,
  0x43, 0x43, 0x63, 0x43, 0x63, 0x43, 0x63, 0x43, 0x63, 0x43, 0x43, 0x43, 0x43, 0x43, 0x63, 0x43, 0x63, 0x43, 0x63, 0x43, 0x63, 0x43, 0x63, 0x43,
  0x63, 0x43, 0x63, 0x43, 0x63, 0x43, 0x63, 0x43, 0x63, 0x43, 0x63, 0x43, 0x63, 0x43, 0x63, 0x43, 0x63, 0x43, 0x63, 0x43, 0x63, 0x43, 0x63, 0x43,
  0x43, 0x43, 0x63, 0x43, 0x63, 0x43, 0x63, 0x43, 0x63, 0x43, 0x63, 0x43, 0x63, 0x43, 0x63, 0x43, 0x63, 0x43, 0x43, 0x43, 0x63, 0x43, 0x63, 0x43,
  0x63, 0x43, 0x63, 0x43, 0x63, 0x43, 0x43, 0x43, 0x63, 0x43, 0x63, 0x43, 0x63, 0x43, 0x63, 0x43, 0x63, 0x43, 0x63, 0x43, 0x63, 0x43, 0x43, 0x43,
  0x63, 0x43, 0x63, 0x43, 0x63, 0x43, 0x63, 0x43, 0x63, 0x43, 0x43, 0x43, 0x63, 0x43, 0x63, 0x43, 0x63, 0x43, 0x63, 0x43, 0x63, 0x43, 0x43, 0x43,
  0x63, 0x43, 0x63, 0x43, 0x63, 0x43, 0x63, 0x43, 0x63, 0x43, 0x63, 0x43, 0x63, 0x43, 0x63, 0x43, 0x43, 0x43, 0x63, 0x43, 0x63, 0x43, 0x63, 0x43,
  0x63, 0x43, 0x63, 0x43, 0x63, 0x43, 0x43, 0x43, 0x63, 0x43, 0x63, 0x43, 0x63, 0x43, 0x63, 0x43, 0x63, 0x43, 0x63, 0x43, 0x43, 0x43, 0x63, 0x43,
  0x63, 0x43, 0x63, 0x43, 0x63, 0x43, 0x43, 0x43, 0x63, 0x43, 0x63, 0x43, 0x63, 0x43, 0x63, 0x43, 0x43, 0x43, 0x63, 0x43, 0x63, 0x43, 0x63, 0x43,
  0x63, 0x43, 0x63, 0x43, 0x63, 0x43, 0x63, 0x43, 0x43, 0x43, 0x63, 0x43, 0x63, 0x43, 0x63, 0x43, 0x63, 0x43, 0x43, 0x43, 0x63, 0x43, 0x63, 0x43,
  0x63, 0x43, 0x63, 0x43, 0x63, 0x43, 0x43, 0x43, 0x63, 0x43, 0x63, 0x43, 0x63, 0x43, 0x63, 0x43, 0x83, 0x43, 0xe4, 0x4b, 0x65, 0x54, 0x66, 0x6d,
  0x27, 0x7e, 0xc8, 0x86, 0x28, 0x8f, 0x28, 0x8f, 0x28, 0x8f, 0x08, 0x87, 0x08, 0x87, 0x08, 0x8f, 0x08, 0x8f, 0x08, 0x8f, 0x08, 0x8f, 0x08, 0x8f,
  0x08, 0x8f, 0x08, 0x8f, 0x08, 0x8f, 0x08, 0x8f, 0x08, 0x8f, 0x08, 0x8f, 0x08, 0x8f, 0x08, 0x8f, 0x08, 0x8f, 0x08, 0x8f, 0x08, 0x8f, 0x08, 0x8f,
  0xe8, 0x86, 0x07, 0x76, 0x09, 0x32, 0x09, 0x32, 0x09, 0x32, 0x09, 0x32, 0x09, 0x32, 0x09, 0x32, 0xe9, 0x31, 0xe9, 0x31, 0xe9, 0x31, 0x09, 0x32,
  0xe9, 0x31, 0xe9, 0x31, 0xe9, 0x31, 0xe9, 0x31, 0xe9, 0x31, 0x09, 0x32, 0xe9, 0x31, 0xe9, 0x31, 0xe9, 0x31, 0x09, 0x32, 0x09, 0x32, 0x09, 0x32,
  0x09, 0x32, 0x09, 0x32, 0x09, 0x32, 0x09, 0x32, 0x09, 0x32, 0xe9, 0x31, 0x09, 0x32, 0x09, 0x2a, 0x09, 0x32, 0x09, 0x32, 0x09, 0x32, 0x09, 0x32,
  0x09, 0x32, 0x09, 0x32, 0x09, 0x32, 0x09, 0x32, 0x09, 0x32, 0x0a, 0x32, 0xe9, 0x29, 0xe9, 0x29, 0x0a, 0x32, 0x09, 0x2a, 0x09, 0x32, 0x09, 0x2a,
  0x88, 0x52, 0x88, 0x52, 0x88, 0x52, 0x88, 0x52, 0x88, 0x52, 0x88, 0x52, 0x88, 0x52, 0x88, 0x52, 0x88, 0x52, 0x88, 0x52, 0x88, 0x52, 0x88, 0x52,
  0x88, 0x52, 0x88, 0x52, 0x88, 0x52, 0x88, 0x52, 0x88, 0x52, 0x88, 0x52, 0x88, 0x52, 0x88, 0x52, 0x88, 0x52, 0x88, 0x52, 0x88, 0x52, 0x88, 0x52,
  0x88, 0x52, 0x88, 0x52, 0x88, 0x52, 0x88, 0x52, 0x88, 0x52, 0x88, 0x52, 0x88, 0x52, 0x88, 0x52, 0x88, 0x52, 0x88, 0x52, 0x88, 0x52, 0x68, 0x52,
  0x88, 0x52, 0x88, 0x52, 0x68, 0x52, 0x88, 0x52, 0x88, 0x52, 0x88, 0x52, 0x68, 0x52, 0x68, 0x52, 0x88, 0x52, 0x68, 0x52, 0x68, 0x52, 0x68, 0x52,
  0x68, 0x52, 0x68, 0x52, 0x66, 0x64, 0xc7, 0x7d, 0xe8, 0x8e, 0x28, 0x8f, 0x08, 0x8f, 0x08, 0x8f, 0x08, 0x8f, 0x08, 0x8f, 0x08, 0x8f, 0x08, 0x87,
  0x08, 0x87, 0x08, 0x87, 0x08, 0x87, 0x08, 0x8f, 0x08, 0x87, 0x08, 0x8f, 0x08, 0x8f, 0x08, 0x87, 0x08, 0x87, 0x08, 0x8f, 0x08, 0x8f, 0x08, 0x8f,
  0xa8, 0x86, 0x47, 0x7e, 0x26, 0x65, 0x65, 0x54, 0xa3, 0x43, 0x62, 0x2a, 0x01, 0x2a, 0xa1, 0x21, 0x81, 0x19, 0x81, 0x19, 0x81, 0x19, 0x80, 0x19,
  0x81, 0x19, 0x81, 0x19, 0xa1, 0x19, 0x81, 0x19, 0x81, 0x19, 0x81, 0x19, 0x81, 0x19, 0x81, 0x19, 0xa1, 0x19, 0xa1, 0x19, 0xa1, 0x19, 0x81, 0x19,
  0xa1, 0x19, 0xa1, 0x19, 0xa1, 0x19, 0x81, 0x19, 0x81, 0x19, 0x81, 0x19, 0x81, 0x19, 0x80, 0x19, 0x81, 0x19, 0x80, 0x19, 0x80, 0x19, 0x80, 0x19,
  0xa1, 0x19, 0x81, 0x19, 0x81, 0x19, 0x81, 0x19, 0x80, 0x19, 0x81, 0x19, 0x80, 0x19, 0x81, 0x19, 0x80, 0x19, 0x81, 0x19, 0x80, 0x19, 0x81, 0x19,
  0xa1, 0x19, 0x81, 0x19, 0x81, 0x19, 0x81, 0x19, 0x81, 0x19, 0x81, 0x19, 0x81, 0x19, 0x81, 0x19, 0x81, 0x19, 0x80, 0x19, 0x81, 0x19, 0x80, 0x19,
  0x81, 0x19, 0x80, 0x19, 0x81, 0x19, 0x80, 0x19, 0x81, 0x19, 0x81, 0x19, 0x81, 0x19, 0x81, 0x19, 0x81, 0x19, 0x81, 0x19, 0xa1, 0x19, 0x81, 0x19,
  0x81, 0x19, 0xa1, 0x19, 0x81, 0x19, 0x81, 0x19, 0x81, 0x19, 0xa1, 0x19, 0x81, 0x19, 0x81, 0x19, 0x81, 0x19, 0x81, 0x19, 0x81, 0x19, 0x81, 0x19,
  0xa1, 0x19, 0x81, 0x19, 0x80, 0x19, 0x81, 0x19, 0x81, 0x19, 0x81, 0x19, 0xa1, 0x19, 0x81, 0x19, 0x81, 0x19, 0x81, 0x19, 0x81, 0x19, 0x81, 0x19,
  0xa1, 0x19, 0x81, 0x19, 0x81, 0x19, 0x81, 0x19, 0x81, 0x19, 0x81, 0x19, 0x81, 0x19, 0x81, 0x19, 0x80, 0x19, 0x81, 0x19, 0x80, 0x19, 0x80, 0x19,
  0x80, 0x19, 0x81, 0x19, 0x80, 0x19, 0x81, 0x19, 0x80, 0x19, 0x81, 0x19, 0xa1, 0x19, 0x81, 0x19, 0x81, 0x19, 0x81, 0x19, 0x81, 0x19, 0xa1, 0x19,
  0x80, 0x19, 0x80, 0x19, 0x80, 0x19, 0x80, 0x19, 0x80, 0x19, 0x81, 0x19, 0x81, 0x19, 0x81, 0x19, 0xa1, 0x21, 0xe1, 0x21, 0x21, 0x2a, 0x63, 0x43,
  0x24, 0x4c, 0xe5, 0x5c, 0x07, 0x76, 0x88, 0x86, 0x08, 0x87, 0x28, 0x8f, 0x08, 0x8f, 0x08, 0x87, 0x08, 0x87, 0x08, 0x87, 0x08, 0x8f, 0x08, 0x87,
  0x08, 0x87, 0x08, 0x87, 0x08, 0x87, 0x08, 0x87, 0x08, 0x87, 0x08, 0x87, 0x08, 0x87, 0x08, 0x87, 0x08, 0x87, 0x08, 0x8f, 0x08, 0x8f, 0x08, 0x87,
  0xc8, 0x86, 0x27, 0x76, 0x09, 0x32, 0x09, 0x32, 0x09, 0x32, 0x09, 0x32, 0xe9, 0x31, 0x09, 0x32, 0x09, 0x32, 0xe9, 0x31, 0x09, 0x32, 0xe9, 0x31,
  0x09, 0x32, 0x09, 0x32, 0xe9, 0x31, 0xe9, 0x31, 0x09, 0x32, 0xe9, 0x31, 0x09, 0x32, 0xe9, 0x31, 0x09, 0x32, 0x09, 0x32, 0x09, 0x32, 0x09, 0x32,
  0x09, 0x32, 0xe9, 0x31, 0x09, 0x32, 0x09, 0x32, 0x09, 0x32, 0x09, 0x32, 0xe9, 0x31, 0xe9, 0x31, 0x09, 0x32, 0x09, 0x32, 0x09, 0x32, 0x09, 0x32,
  0x09, 0x32, 0xe9, 0x29, 0xe9, 0x29, 0xe9, 0x29, 0x09, 0x32, 0x09, 0x32, 0x0a, 0x32, 0x09, 0x32, 0x09, 0x32, 0x09, 0x32, 0x09, 0x2a, 0x09, 0x32,
  0x68, 0x52, 0x88, 0x52, 0x88, 0x52, 0x88, 0x52, 0x88, 0x52, 0x88, 0x52, 0x88, 0x52, 0x88, 0x52, 0x88, 0x52, 0x88, 0x52, 0x88, 0x52, 0x88, 0x52,
  0x88, 0x52, 0x88, 0x52, 0x88, 0x52, 0x88, 0x52, 0x88, 0x52, 0x88, 0x52, 0x88, 0x52, 0x88, 0x52, 0x88, 0x52, 0x88, 0x52, 0x88, 0x52, 0x88, 0x52,
  0x88, 0x52, 0x88, 0x52, 0x88, 0x52, 0x88, 0x52, 0x88, 0x52, 0x88, 0x52, 0x88, 0x52, 0x88, 0x52, 0x88, 0x52, 0x88, 0x52, 0x88, 0x52, 0x88, 0x52,
  0x88, 0x52, 0x68, 0x52, 0x88, 0x52, 0x88, 0x52, 0x68, 0x52, 0x88, 0x52, 0x68, 0x52, 0x68, 0x52, 0x88, 0x52, 0x68, 0x52, 0x68, 0x52, 0x68, 0x52,
  0x68, 0x52, 0x68, 0x52, 0x87, 0x64, 0xc7, 0x75, 0xe8, 0x8e, 0x28, 0x8f, 0x08, 0x87, 0xe8, 0x8e, 0x08, 0x8f, 0x08, 0x8f, 0x08, 0x8f, 0x08, 0x8f,
  0x08, 0x8f, 0x08, 0x8f, 0x08, 0x8f, 0x08, 0x8f, 0x08, 0x8f, 0x08, 0x87, 0x08, 0x8f, 0xe8, 0x8e, 0x08, 0x8f, 0x08, 0x8f, 0x28, 0x8f, 0xe8, 0x86,
  0x27, 0x76, 0x45, 0x65, 0x43, 0x3b, 0x62, 0x2a, 0xa1, 0x19, 0x60, 0x00, 0x20, 0x00, 0x00, 0x00, 0x00, 0x00, 0x00, 0x00, 0x00, 0x00, 0x00, 0x00,
  0x00, 0x00, 0x00, 0x00, 0x00, 0x00, 0x00, 0x00, 0x00, 0x00, 0x00, 0x00, 0x00, 0x00, 0x00, 0x00, 0x00, 0x00, 0x00, 0x00, 0x00, 0x00, 0x00, 0x00,
  0x00, 0x00, 0x00, 0x00, 0x00, 0x00, 0x00, 0x00, 0x00, 0x00, 0x00, 0x00, 0x00, 0x00, 0x00, 0x00, 0x00, 0x00, 0x00, 0x00, 0x00, 0x00, 0x00, 0x00,
  0x00, 0x00, 0x00, 0x00, 0x00, 0x00, 0x00, 0x00, 0x00, 0x00, 0x00, 0x00, 0x00, 0x00, 0x00, 0x00, 0x00, 0x00, 0x00, 0x00, 0x00, 0x00, 0x00, 0x00,
  0x00, 0x00, 0x00, 0x00, 0x00, 0x00, 0x00, 0x00, 0x00, 0x00, 0x00, 0x00, 0x00, 0x00, 0x00, 0x00, 0x00, 0x00, 0x00, 0x00, 0x00, 0x00, 0x00, 0x00,
  0x00, 0x00, 0x00, 0x00, 0x00, 0x00, 0x00, 0x00, 0x00, 0x00, 0x00, 0x00, 0x00, 0x00, 0x00, 0x00, 0x00, 0x00, 0x00, 0x00, 0x00, 0x00, 0x00, 0x00,
  0x00, 0x00, 0x00, 0x00, 0x00, 0x00, 0x00, 0x00, 0x00, 0x00, 0x00, 0x00, 0x00, 0x00, 0x00, 0x00, 0x00, 0x00, 0x00, 0x00, 0x00, 0x00, 0x00, 0x00,
  0x00, 0x00, 0x00, 0x00, 0x00, 0x00, 0x00, 0x00, 0x00, 0x00, 0x00, 0x00, 0x00, 0x00, 0x00, 0x00, 0x00, 0x00, 0x00, 0x00, 0x00, 0x00, 0x00, 0x00,
  0x00, 0x00, 0x00, 0x00, 0x00, 0x00, 0x00, 0x00, 0x00, 0x00, 0x00, 0x00, 0x00, 0x00, 0x00, 0x00, 0x00, 0x00, 0x00, 0x00, 0x00, 0x00, 0x00, 0x00,
  0x00, 0x00, 0x00, 0x00, 0x00, 0x00, 0x00, 0x00, 0x00, 0x00, 0x00, 0x00, 0x00, 0x00, 0x00, 0x00, 0x00, 0x00, 0x00, 0x00, 0x00, 0x00, 0x00, 0x00,
  0x00, 0x00, 0x00, 0x00, 0x00, 0x00, 0x00, 0x00, 0x00, 0x00, 0x00, 0x00, 0x00, 0x00, 0x00, 0x00, 0x00, 0x00, 0x00, 0x00, 0x00, 0x00, 0x61, 0x19,
  0x21, 0x2a, 0xe2, 0x3a, 0xc5, 0x5c, 0xc6, 0x75, 0xc8, 0x86, 0x28, 0x8f, 0x08, 0x8f, 0x08, 0x8f, 0x08, 0x8f, 0x08, 0x87, 0x08, 0x87, 0x08, 0x8f,
  0x08, 0x8f, 0x08, 0x8f, 0x08, 0x8f, 0x08, 0x8f, 0x08, 0x8f, 0x08, 0x8f, 0x08, 0x8f, 0x08, 0x8f, 0x08, 0x8f, 0x08, 0x87, 0x08, 0x87, 0x08, 0x8f,
  0xc8, 0x86, 0x47, 0x7e, 0x09, 0x32, 0x09, 0x32, 0xe9, 0x31, 0x09, 0x32, 0x09, 0x32, 0x09, 0x32, 0x09, 0x32, 0xe9, 0x31, 0x09, 0x32, 0x09, 0x32,
  0x09, 0x32, 0xe9, 0x31, 0x09, 0x32, 0xe9, 0x31, 0xe9, 0x31, 0xe9, 0x31, 0xe9, 0x31, 0xe9, 0x31, 0x09, 0x32, 0xe9, 0x31, 0x09, 0x32, 0x09, 0x32,
  0x09, 0x32, 0x09, 0x32, 0x09, 0x32, 0xe9, 0x31, 0x09, 0x32, 0x09, 0x32, 0x09, 0x32, 0xe9, 0x31, 0xe9, 0x31, 0xe9, 0x29, 0x09, 0x32, 0x09, 0x32,
  0xe9, 0x29, 0x09, 0x32, 0xea, 0x29, 0x09, 0x32, 0x09, 0x32, 0x09, 0x32, 0xe9, 0x29, 0x09, 0x32, 0x09, 0x32, 0x09, 0x32, 0x09, 0x32, 0x09, 0x32,
  0x88, 0x52, 0x88, 0x52, 0x88, 0x52, 0x88, 0x52, 0x88, 0x52, 0x88, 0x52, 0x88, 0x52, 0x88, 0x52, 0x88, 0x52, 0x88, 0x52, 0x88, 0x52, 0x88, 0x52,
  0x88, 0x52, 0x88, 0x52, 0x88, 0x52, 0x88, 0x52, 0x88, 0x52, 0x88, 0x52, 0x88, 0x52, 0x88, 0x52, 0x88, 0x52, 0x88, 0x52, 0x88, 0x52, 0x88, 0x52,
  0x88, 0x52, 0x88, 0x52, 0x88, 0x52, 0x88, 0x52, 0x88, 0x52, 0x88, 0x52, 0x88, 0x52, 0x88, 0x52, 0x88, 0x52, 0x88, 0x52, 0x88, 0x52, 0x88, 0x52,
  0x88, 0x52, 0x88, 0x52, 0x88, 0x52, 0x88, 0x52, 0x88, 0x52, 0x88, 0x52, 0x88, 0x52, 0x68, 0x52, 0x68, 0x52, 0x68, 0x52, 0x68, 0x52, 0x68, 0x52,
  0x68, 0x52, 0x68, 0x52, 0xa7, 0x64, 0xc7, 0x75, 0xe8, 0x86, 0x28, 0x8f, 0x08, 0x8f, 0xe8, 0x86, 0x08, 0x8f, 0x08, 0x8f, 0x08, 0x8f, 0x08, 0x8f,
  0x08, 0x8f, 0x08, 0x8f, 0x08, 0x8f, 0x08, 0x8f, 0x08, 0x8f, 0x08, 0x8f, 0x08, 0x8f, 0xe8, 0x8e, 0x08, 0x8f, 0x08, 0x87, 0xc8, 0x86, 0x05, 0x5d,
  0x63, 0x43, 0xc1, 0x21, 0x40, 0x00, 0x20, 0x00, 0x00, 0x00, 0x20, 0x00, 0x60, 0x00, 0x80, 0x00, 0x80, 0x00, 0x80, 0x00, 0x80, 0x00, 0x80, 0x00,
  0x80, 0x00, 0x80, 0x00, 0x80, 0x00, 0x80, 0x00, 0x80, 0x00, 0x80, 0x00, 0x80, 0x00, 0x80, 0x00, 0x80, 0x00, 0x80, 0x00, 0x80, 0x00, 0x80, 0x08,
  0x80, 0x00, 0x80, 0x00, 0x80, 0x00, 0x80, 0x00, 0x80, 0x00, 0x80, 0x00, 0x80, 0x00, 0x80, 0x00, 0x80, 0x00, 0x80, 0x00, 0x80, 0x00, 0x80, 0x00,
  0x80, 0x00, 0x80, 0x00, 0x80, 0x00, 0x80, 0x00, 0x80, 0x00, 0x80, 0x00, 0x80, 0x00, 0x80, 0x00, 0x80, 0x00, 0x80, 0x00, 0x80, 0x00, 0x80, 0x00,
  0x80, 0x00, 0x80, 0x00, 0x80, 0x00, 0x80, 0x00, 0x80, 0x00, 0x80, 0x00, 0x80, 0x00, 0x80, 0x00, 0x80, 0x00, 0x80, 0x00, 0x80, 0x00, 0x80, 0x00,
  0x80, 0x00, 0x80, 0x00, 0x80, 0x00, 0x80, 0x00, 0x80, 0x00, 0x80, 0x00, 0x80, 0x00, 0x80, 0x00, 0x80, 0x00, 0x80, 0x00, 0x80, 0x00, 0x80, 0x00,
  0x80, 0x00, 0x80, 0x00, 0x80, 0x00, 0x80, 0x00, 0x80, 0x00, 0x80, 0x00, 0x80, 0x00, 0x80, 0x00, 0x80, 0x00, 0x80, 0x00, 0x80, 0x00, 0x80, 0x00,
  0x80, 0x00, 0x80, 0x00, 0x80, 0x00, 0x80, 0x00, 0x80, 0x00, 0x80, 0x00, 0x80, 0x00, 0x80, 0x00, 0x80, 0x00, 0x80, 0x00, 0x80, 0x00, 0x80, 0x00,
  0x80, 0x00, 0x80, 0x00, 0x80, 0x00, 0x80, 0x00, 0x80, 0x00, 0x80, 0x00, 0x80, 0x00, 0x80, 0x00, 0x80, 0x00, 0x80, 0x00, 0x80, 0x00, 0x80, 0x00,
  0x80, 0x00, 0x80, 0x00, 0x80, 0x00, 0x80, 0x00, 0x80, 0x00, 0x80, 0x00, 0x80, 0x00, 0x80, 0x00, 0x80, 0x00, 0x80, 0x00, 0x80, 0x00, 0x80, 0x00,
  0x80, 0x08, 0x80, 0x00, 0x80, 0x00, 0x80, 0x00, 0x80, 0x00, 0x80, 0x00, 0x80, 0x00, 0x80, 0x00, 0x80, 0x00, 0x60, 0x00, 0x40, 0x00, 0x00, 0x00,
  0x20, 0x00, 0x20, 0x00, 0xe0, 0x10, 0x82, 0x32, 0x44, 0x54, 0x87, 0x7e, 0xe8, 0x86, 0x28, 0x8f, 0xe8, 0x8e, 0xe8, 0x8e, 0xe8, 0x8e, 0x08, 0x87,
  0x08, 0x8f, 0x08, 0x8f, 0x08, 0x8f, 0x08, 0x8f, 0x08, 0x8f, 0x08, 0x8f, 0x08, 0x8f, 0x08, 0x8f, 0xe8, 0x8e, 0xe8, 0x8e, 0x08, 0x8f, 0xe8, 0x8e,
  0xc8, 0x86, 0x47, 0x7e, 0x09, 0x32, 0x09, 0x32, 0xe9, 0x31, 0x09, 0x32, 0x09, 0x32, 0x09, 0x32, 0x09, 0x32, 0xe9, 0x31, 0x09, 0x32, 0x09, 0x32,
  0xe9, 0x31, 0xe9, 0x31, 0x09, 0x32, 0xe9, 0x31, 0xe9, 0x31, 0xe9, 0x31, 0xe9, 0x31, 0x09, 0x32, 0xe9, 0x31, 0xe9, 0x31, 0x09, 0x32, 0x09, 0x32,
  0x09, 0x32, 0x09, 0x32, 0x09, 0x32, 0x09, 0x32, 0x09, 0x32, 0xe9, 0x31, 0x09, 0x32, 0x09, 0x32, 0x09, 0x32, 0x09, 0x32, 0x09, 0x32, 0xe9, 0x29,
  0x09, 0x32, 0x09, 0x32, 0x09, 0x32, 0x09, 0x32, 0x09, 0x32, 0x09, 0x32, 0x09, 0x32, 0x09, 0x32, 0x09, 0x32, 0x0a, 0x32, 0x09, 0x32, 0x09, 0x32,
  0x68, 0x52, 0x68, 0x52, 0x68, 0x52, 0x88, 0x52, 0x88, 0x52, 0x88, 0x52, 0x88, 0x52, 0x88, 0x52, 0x88, 0x52, 0x88, 0x52, 0x88, 0x52, 0x88, 0x52,
  0x88, 0x52, 0x88, 0x52, 0x88, 0x52, 0x88, 0x52, 0x88, 0x52, 0x88, 0x52, 0x88, 0x52, 0x88, 0x52, 0x88, 0x52, 0x88, 0x52, 0x88, 0x52, 0x88, 0x52,
  0x88, 0x52, 0x88, 0x52, 0x88, 0x52, 0x88, 0x52, 0x88, 0x52, 0x88, 0x52, 0x88, 0x52, 0x88, 0x52, 0x88, 0x52, 0x88, 0x52, 0x88, 0x52, 0x68, 0x52,
  0x88, 0x52, 0x68, 0x52, 0x88, 0x52, 0x68, 0x52, 0x88, 0x52, 0x88, 0x52, 0x88, 0x52, 0x88, 0x52, 0x68, 0x52, 0x68, 0x52, 0x68, 0x52, 0x68, 0x52,
  0x68, 0x52, 0x88, 0x52, 0xa7, 0x64, 0xc7, 0x75, 0xe8, 0x86, 0x08, 0x8f, 0x08, 0x87, 0xe8, 0x86, 0x08, 0x87, 0x08, 0x87, 0x08, 0x87, 0x08, 0x87,
  0x08, 0x8f, 0x08, 0x87, 0x08, 0x87, 0x08, 0x87, 0x08, 0x87, 0xe8, 0x8e, 0xe8, 0x8e, 0x08, 0x8f, 0x08, 0x8f, 0x87, 0x7e, 0xa6, 0x6d, 0xc2, 0x32,
  0xa1, 0x21, 0xc0, 0x08, 0x40, 0x00, 0x20, 0x00, 0x20, 0x00, 0x20, 0x00, 0x20, 0x00, 0x40, 0x00, 0x40, 0x00, 0x40, 0x00, 0x40, 0x00, 0x40, 0x00,
  0x40, 0x00, 0x40, 0x00, 0x40, 0x00, 0x40, 0x00, 0x40, 0x00, 0x40, 0x00, 0x40, 0x00, 0x40, 0x00, 0x40, 0x00, 0x40, 0x00, 0x40, 0x00, 0x40, 0x00,
  0x40, 0x00, 0x40, 0x00, 0x40, 0x00, 0x40, 0x00, 0x40, 0x00, 0x40, 0x00, 0x40, 0x00, 0x40, 0x00, 0x40, 0x00, 0x40, 0x00, 0x40, 0x00, 0x40, 0x00,
  0x40, 0x00, 0x40, 0x00, 0x40, 0x00, 0x40, 0x00, 0x40, 0x00, 0x40, 0x00, 0x40, 0x00, 0x40, 0x00, 0x40, 0x00, 0x40, 0x00, 0x40, 0x00, 0x40, 0x00,
  0x40, 0x00, 0x40, 0x00, 0x40, 0x00, 0x40, 0x00, 0x40, 0x00, 0x40, 0x00, 0x40, 0x00, 0x40, 0x00, 0x40, 0x00, 0x40, 0x00, 0x40, 0x00, 0x40, 0x00,
  0x40, 0x00, 0x40, 0x00, 0x40, 0x00, 0x40, 0x00, 0x40, 0x00, 0x40, 0x00, 0x40, 0x00, 0x40, 0x00, 0x40, 0x00, 0x40, 0x00, 0x40, 0x00, 0x40, 0x00,
  0x40, 0x00, 0x40, 0x08, 0x40, 0x00, 0x40, 0x08, 0x40, 0x00, 0x40, 0x00, 0x40, 0x00, 0x40, 0x00, 0x40, 0x00, 0x40, 0x00, 0x40, 0x00, 0x40, 0x00,
  0x40, 0x00, 0x40, 0x00, 0x40, 0x00, 0x40, 0x00, 0x40, 0x00, 0x40, 0x00, 0x40, 0x00, 0x40, 0x00, 0x40, 0x00, 0x40, 0x00, 0x40, 0x00, 0x40, 0x00,
  0x40, 0x00, 0x40, 0x00, 0x40, 0x00, 0x40, 0x00, 0x40, 0x00, 0x40, 0x00, 0x40, 0x00, 0x40, 0x00, 0x40, 0x00, 0x40, 0x00, 0x40, 0x00, 0x40, 0x00,
  0x40, 0x00, 0x40, 0x00, 0x40, 0x00, 0x40, 0x00, 0x40, 0x00, 0x40, 0x00, 0x40, 0x00, 0x40, 0x00, 0x40, 0x00, 0x40, 0x00, 0x40, 0x00, 0x40, 0x00,
  0x40, 0x00, 0x40, 0x00, 0x40, 0x00, 0x40, 0x00, 0x40, 0x00, 0x40, 0x00, 0x40, 0x00, 0x40, 0x00, 0x40, 0x00, 0x20, 0x00, 0x20, 0x00, 0x00, 0x00,
  0x20, 0x00, 0x40, 0x00, 0x40, 0x00, 0x20, 0x11, 0x21, 0x2a, 0x46, 0x65, 0x27, 0x7e, 0x08, 0x87, 0x08, 0x87, 0xe8, 0x8e, 0xe8, 0x86, 0x08, 0x8f,
  0x08, 0x8f, 0x08, 0x87, 0x08, 0x87, 0x08, 0x87, 0x08, 0x87, 0x08, 0x87, 0x08, 0x87, 0x08, 0x87, 0x08, 0x87, 0x08, 0x87, 0x08, 0x87, 0xe8, 0x86,
  0xc8, 0x86, 0x67, 0x7e, 0x09, 0x32, 0x09, 0x32, 0x09, 0x32, 0x09, 0x32, 0x09, 0x32, 0x09, 0x32, 0x09, 0x32, 0x09, 0x32, 0xe9, 0x31, 0xe9, 0x31,
  0xe9, 0x31, 0xe9, 0x31, 0xe9, 0x31, 0xe9, 0x31, 0xe9, 0x31, 0xe9, 0x31, 0xe9, 0x31, 0x09, 0x32, 0xe9, 0x31, 0x09, 0x32, 0x09, 0x32, 0x09, 0x32,
  0x09, 0x32, 0x09, 0x32, 0x09, 0x32, 0x09, 0x32, 0xe9, 0x31, 0xe9, 0x31, 0x09, 0x32, 0x09, 0x32, 0x09, 0x32, 0x09, 0x32, 0x09, 0x32, 0xe9, 0x29,
  0x09, 0x32, 0x0a, 0x32, 0x09, 0x32, 0x0a, 0x32, 0x09, 0x32, 0x09, 0x32, 0x09, 0x32, 0x09, 0x32, 0x0a, 0x32, 0x09, 0x32, 0x09, 0x32, 0x09, 0x32,
  0x88, 0x52, 0x68, 0x52, 0x88, 0x52, 0x88, 0x52, 0x88, 0x52, 0x88, 0x52, 0x88, 0x52, 0x88, 0x52, 0x88, 0x52, 0x88, 0x52, 0x88, 0x52, 0x88, 0x52,
  0x88, 0x52, 0x88, 0x52, 0x88, 0x52, 0x88, 0x52, 0x88, 0x52, 0x88, 0x52, 0x88, 0x52, 0x88, 0x52, 0x88, 0x52, 0x88, 0x52, 0x88, 0x52, 0x88, 0x52,
  0x88, 0x52, 0x88, 0x52, 0x88, 0x52, 0x88, 0x52, 0x88, 0x52, 0x88, 0x52, 0x88, 0x52, 0x88, 0x52, 0x68, 0x52, 0x88, 0x52, 0x68, 0x52, 0x88, 0x52,
  0x68, 0x52, 0x88, 0x52, 0x88, 0x52, 0x88, 0x52, 0x68, 0x52, 0x88, 0x52, 0x88, 0x52, 0x68, 0x52, 0x68, 0x52, 0x68, 0x52, 0x68, 0x52, 0x68, 0x52,
  0x88, 0x52, 0x68, 0x52, 0xa6, 0x64, 0xc7, 0x75, 0xe8, 0x86, 0x08, 0x8f, 0x08, 0x87, 0xe8, 0x86, 0xe8, 0x8e, 0xe8, 0x8e, 0xe8, 0x8e, 0xe8, 0x8e,
  0xe8, 0x8e, 0xe8, 0x8e, 0x08, 0x8f, 0xe8, 0x8e, 0xe8, 0x8e, 0xe8, 0x86, 0x08, 0x8f, 0x08, 0x8f, 0xe8, 0x8e, 0xc6, 0x75, 0x85, 0x54, 0xc0, 0x10,
  0x40, 0x00, 0x00, 0x00, 0x80, 0x00, 0x60, 0x00, 0x40, 0x00, 0x00, 0x00, 0x00, 0x00, 0x00, 0x00, 0x00, 0x00, 0x00, 0x00, 0x00, 0x00, 0x00, 0x00,
  0x00, 0x00, 0x00, 0x00, 0x00, 0x00, 0x00, 0x00, 0x00, 0x00, 0x00, 0x00, 0x00, 0x00, 0x00, 0x00, 0x00, 0x00, 0x00, 0x00, 0x00, 0x00, 0x00, 0x00,
  0x00, 0x00, 0x00, 0x00, 0x00, 0x00, 0x00, 0x00, 0x00, 0x00, 0x00, 0x00, 0x00, 0x00, 0x00, 0x00, 0x00, 0x00, 0x00, 0x00, 0x00, 0x00, 0x00, 0x00,
  0x00, 0x00, 0x00, 0x00, 0x00, 0x00, 0x00, 0x00, 0x00, 0x00, 0x00, 0x00, 0x00, 0x00, 0x00, 0x00, 0x00, 0x00, 0x00, 0x00, 0x00, 0x00, 0x00, 0x00,
  0x00, 0x00, 0x00, 0x00, 0x00, 0x00, 0x00, 0x00, 0x00, 0x00, 0x00, 0x00, 0x00, 0x00, 0x00, 0x00, 0x00, 0x00, 0x00, 0x00, 0x00, 0x00, 0x00, 0x00,
  0x00, 0x00, 0x00, 0x00, 0x00, 0x00, 0x00, 0x00, 0x00, 0x00, 0x00, 0x00, 0x00, 0x00, 0x00, 0x00, 0x00, 0x00, 0x00, 0x00, 0x00, 0x00, 0x00, 0x00,
  0x00, 0x00, 0x00, 0x00, 0x00, 0x00, 0x00, 0x00, 0x00, 0x00, 0x00, 0x00, 0x00, 0x00, 0x00, 0x00, 0x00, 0x00, 0x00, 0x00, 0x00, 0x00, 0x00, 0x00,
  0x00, 0x00, 0x00, 0x00, 0x00, 0x00, 0x00, 0x00, 0x00, 0x00, 0x00, 0x00, 0x00, 0x00, 0x00, 0x00, 0x00, 0x00, 0x00, 0x00, 0x00, 0x00, 0x00, 0x00,
  0x00, 0x00, 0x00, 0x00, 0x00, 0x00, 0x00, 0x00, 0x00, 0x00, 0x00, 0x00, 0x00, 0x00, 0x00, 0x00, 0x00, 0x00, 0x00, 0x00, 0x00, 0x00, 0x00, 0x00,
  0x00, 0x00, 0x00, 0x00, 0x00, 0x00, 0x00, 0x00, 0x00, 0x00, 0x00, 0x00, 0x00, 0x00, 0x00, 0x00, 0x00, 0x00, 0x00, 0x00, 0x00, 0x00, 0x00, 0x00,
  0x00, 0x00, 0x00, 0x00, 0x00, 0x00, 0x00, 0x00, 0x00, 0x00, 0x00, 0x00, 0x00, 0x00, 0x00, 0x00, 0x00, 0x00, 0x00, 0x00, 0x00, 0x00, 0x20, 0x00,
  0x60, 0x00, 0x80, 0x08, 0x00, 0x00, 0x00, 0x00, 0x20, 0x00, 0xa4, 0x4b, 0x66, 0x65, 0xc8, 0x86, 0x08, 0x8f, 0x08, 0x8f, 0xe8, 0x86, 0xe8, 0x8e,
  0xe8, 0x8e, 0xe8, 0x8e, 0xe8, 0x8e, 0xe8, 0x8e, 0x08, 0x8f, 0xe8, 0x8e, 0xe8, 0x8e, 0xe8, 0x8e, 0xe8, 0x8e, 0xe8, 0x8e, 0x08, 0x8f, 0xe8, 0x86,
  0xc8, 0x86, 0x67, 0x7e, 0x09, 0x32, 0xe9, 0x31, 0xe9, 0x31, 0xe9, 0x31, 0xe9, 0x31, 0xe9, 0x31, 0xe9, 0x31, 0x09, 0x32, 0x09, 0x32, 0x09, 0x32,
  0xe9, 0x31, 0xe9, 0x31, 0xe9, 0x31, 0xe9, 0x31, 0x09, 0x32, 0xe9, 0x31, 0xe9, 0x31, 0xe9, 0x31, 0xe9, 0x31, 0xe9, 0x31, 0x09, 0x32, 0xe9, 0x31,
  0xe9, 0x29, 0x09, 0x32, 0x09, 0x32, 0x09, 0x32, 0x09, 0x32, 0x09, 0x32, 0x09, 0x32, 0x09, 0x32, 0xe9, 0x29, 0x09, 0x32, 0x09, 0x32, 0x09, 0x2a,
  0xe9, 0x29, 0xe9, 0x29, 0xe9, 0x29, 0xe9, 0x29, 0x0a, 0x32, 0xe9, 0x29, 0x09, 0x32, 0x0a, 0x32, 0x09, 0x32, 0x09, 0x32, 0x09, 0x32, 0x09, 0x32,
  0x88, 0x52, 0x88, 0x52, 0x88, 0x52, 0x88, 0x52, 0x88, 0x52, 0x88, 0x52, 0x88, 0x52, 0x88, 0x52, 0x88, 0x52, 0x88, 0x52, 0x88, 0x52, 0x88, 0x52,
  0x88, 0x52, 0x88, 0x52, 0x88, 0x52, 0x88, 0x52, 0x88, 0x52, 0x88, 0x52, 0x88, 0x52, 0x88, 0x52, 0x88, 0x52, 0x88, 0x52, 0x88, 0x52, 0x88, 0x52,
  0x88, 0x52, 0x88, 0x52, 0x88, 0x52, 0x88, 0x52, 0x88, 0x52, 0x88, 0x52, 0x88, 0x52, 0x88, 0x52, 0x88, 0x52, 0x88, 0x52, 0x88, 0x52, 0x88, 0x52,
  0x88, 0x52, 0x88, 0x52, 0x88, 0x52, 0x88, 0x52, 0x88, 0x52, 0x68, 0x52, 0x88, 0x52, 0x68, 0x52, 0x68, 0x52, 0x68, 0x52, 0x68, 0x52, 0x68, 0x52,
  0x68, 0x52, 0x68, 0x52, 0xa7, 0x64, 0xc7, 0x75, 0xe8, 0x86, 0x08, 0x87, 0x08, 0x87, 0xe8, 0x86, 0xe8, 0x86, 0xe8, 0x8e, 0xe8, 0x86, 0xe8, 0x8e,
  0xe8, 0x86, 0xe8, 0x8e, 0xe8, 0x86, 0xe8, 0x86, 0xe8, 0x86, 0xe8, 0x86, 0xe8, 0x8e, 0x08, 0x87, 0xe7, 0x75, 0xe4, 0x4b, 0x01, 0x22, 0x20, 0x00,
  0x40, 0x00, 0xa0, 0x08, 0x00, 0x00, 0x00, 0x00, 0x00, 0x00, 0x00, 0x00, 0x00, 0x00, 0x00, 0x00, 0x00, 0x00, 0x00, 0x00, 0x00, 0x00, 0x00, 0x00,
  0x00, 0x00, 0x00, 0x00, 0x00, 0x00, 0x00, 0x00, 0x00, 0x00, 0x00, 0x00, 0x00, 0x00, 0x00, 0x00, 0x00, 0x00, 0x00, 0x00, 0x00, 0x00, 0x00, 0x00,
  0x00, 0x00, 0x00, 0x00, 0x00, 0x00, 0x00, 0x00, 0x00, 0x00, 0x00, 0x00, 0x00, 0x00, 0x00, 0x00, 0x00, 0x00, 0x00, 0x00, 0x00, 0x00, 0x00, 0x00,
  0x00, 0x00, 0x00, 0x00, 0x00, 0x00, 0x00, 0x00, 0x00, 0x00, 0x00, 0x00, 0x00, 0x00, 0x00, 0x00, 0x00, 0x00, 0x00, 0x00, 0x00, 0x00, 0x00, 0x00,
  0x00, 0x00, 0x00, 0x00, 0x00, 0x00, 0x00, 0x00, 0x00, 0x00, 0x00, 0x00, 0x00, 0x00, 0x00, 0x00, 0x00, 0x00, 0x00, 0x00, 0x00, 0x00, 0x00, 0x00,
  0x00, 0x00, 0x00, 0x00, 0x00, 0x00, 0x00, 0x00, 0x00, 0x00, 0x00, 0x00, 0x00, 0x00, 0x00, 0x00, 0x00, 0x00, 0x00, 0x00, 0x00, 0x00, 0x00, 0x00,
  0x00, 0x00, 0x00, 0x00, 0x00, 0x00, 0x00, 0x00, 0x00, 0x00, 0x00, 0x00, 0x00, 0x00, 0x00, 0x00, 0x00, 0x00, 0x00, 0x00, 0x00, 0x00, 0x00, 0x00,
  0x00, 0x00, 0x00, 0x00, 0x00, 0x00, 0x00, 0x00, 0x00, 0x00, 0x00, 0x00, 0x00, 0x00, 0x00, 0x00, 0x00, 0x00, 0x00, 0x00, 0x00, 0x00, 0x00, 0x00,
  0x00, 0x00, 0x00, 0x00, 0x00, 0x00, 0x00, 0x00, 0x00, 0x00, 0x00, 0x00, 0x00, 0x00, 0x00, 0x00, 0x00, 0x00, 0x00, 0x00, 0x00, 0x00, 0x00, 0x00,
  0x00, 0x00, 0x00, 0x00, 0x00, 0x00, 0x00, 0x00, 0x00, 0x00, 0x00, 0x00, 0x00, 0x00, 0x00, 0x00, 0x00, 0x00, 0x00, 0x00, 0x00, 0x00, 0x00, 0x00,
  0x00, 0x00, 0x00, 0x00, 0x00, 0x00, 0x00, 0x00, 0x00, 0x00, 0x00, 0x00, 0x00, 0x00, 0x00, 0x00, 0x00, 0x00, 0x00, 0x00, 0x00, 0x00, 0x00, 0x00,
  0x00, 0x00, 0x00, 0x00, 0x80, 0x08, 0x40, 0x00, 0x00, 0x00, 0x00, 0x11, 0x03, 0x3b, 0x46, 0x65, 0xe8, 0x86, 0x08, 0x8f, 0x08, 0x87, 0xe8, 0x86,
  0xe8, 0x86, 0xe8, 0x86, 0xe8, 0x86, 0xe8, 0x86, 0xe8, 0x86, 0xe8, 0x86, 0xe8, 0x86, 0xe8, 0x86, 0xe8, 0x86, 0xe8, 0x86, 0xe8, 0x86, 0xe8, 0x8e,
  0xc8, 0x86, 0x67, 0x7e, 0xe9, 0x31, 0x09, 0x32, 0x09, 0x32, 0x09, 0x32, 0x09, 0x32, 0x09, 0x32, 0xe9, 0x31, 0x09, 0x32, 0x09, 0x32, 0xe9, 0x31,
  0xe9, 0x31, 0xe9, 0x31, 0x0a, 0x32, 0xe9, 0x31, 0xe9, 0x31, 0x09, 0x32, 0x09, 0x32, 0xe9, 0x31, 0x09, 0x32, 0x09, 0x32, 0x09, 0x32, 0x09, 0x32,
  0xe9, 0x31, 0x09, 0x32, 0x09, 0x32, 0x09, 0x32, 0x09, 0x32, 0x09, 0x32, 0xe9, 0x31, 0x09, 0x32, 0xe9, 0x31, 0x09, 0x32, 0x09, 0x32, 0x09, 0x32,
  0x09, 0x32, 0x09, 0x32, 0x09, 0x32, 0x09, 0x32, 0x09, 0x32, 0x0a, 0x32, 0x09, 0x32, 0x09, 0x32, 0x0a, 0x32, 0x09, 0x32, 0x0a, 0x32, 0x09, 0x32,
  0x88, 0x52, 0x88, 0x52, 0x88, 0x52, 0x68, 0x52, 0x88, 0x52, 0x88, 0x52, 0x88, 0x52, 0x88, 0x52, 0x88, 0x52, 0x88, 0x52, 0x88, 0x52, 0x88, 0x52,
  0x88, 0x52, 0x88, 0x52, 0x88, 0x52, 0x88, 0x52, 0x88, 0x52, 0x88, 0x52, 0x88, 0x52, 0x88, 0x52, 0x88, 0x52, 0x88, 0x52, 0x88, 0x52, 0x88, 0x52,
  0x88, 0x52, 0x88, 0x52, 0x88, 0x52, 0x88, 0x52, 0x88, 0x52, 0x88, 0x52, 0x88, 0x52, 0x88, 0x52, 0x88, 0x52, 0x88, 0x52, 0x68, 0x52, 0x68, 0x52,
  0x88, 0x52, 0x68, 0x52, 0x88, 0x52, 0x88, 0x52, 0x88, 0x52, 0x68, 0x52, 0x68, 0x52, 0x68, 0x52, 0x88, 0x52, 0x68, 0x52, 0x68, 0x52, 0x68, 0x52,
  0x68, 0x52, 0x88, 0x52, 0xc7, 0x64, 0xc7, 0x75, 0xc8, 0x86, 0x08, 0x87, 0x08, 0x87, 0xe8, 0x86, 0xe8, 0x86, 0xe8, 0x86, 0xe8, 0x8e, 0xe8, 0x86,
  0xe8, 0x86, 0xe8, 0x86, 0xe8, 0x8e, 0xe8, 0x86, 0xe8, 0x86, 0x08, 0x87, 0xe8, 0x86, 0xc8, 0x86, 0xc5, 0x5c, 0xc2, 0x32, 0xe0, 0x10, 0x40, 0x00,
  0x40, 0x00, 0x40, 0x00, 0x00, 0x00, 0x00, 0x00, 0x00, 0x00, 0x00, 0x00, 0x00, 0x00, 0x00, 0x00, 0x00, 0x00, 0x00, 0x00, 0x00, 0x00, 0x00, 0x00,
  0x00, 0x00, 0x00, 0x00, 0x00, 0x00, 0x00, 0x00, 0x00, 0x00, 0x00, 0x00, 0x00, 0x00, 0x00, 0x00, 0x00, 0x00, 0x00, 0x00, 0x00, 0x00, 0x00, 0x00,
  0x00, 0x00, 0x00, 0x00, 0x00, 0x00, 0x00, 0x00, 0x00, 0x00, 0x00, 0x00, 0x00, 0x00, 0x00, 0x00, 0x00, 0x00, 0x00, 0x00, 0x00, 0x00, 0x00, 0x00,
  0x00, 0x00, 0x00, 0x00, 0x00, 0x00, 0x00, 0x00, 0x00, 0x00, 0x00, 0x00, 0x00, 0x00, 0x00, 0x00, 0x00, 0x00, 0x00, 0x00, 0x00, 0x00, 0x00, 0x00,
  0x00, 0x00, 0x00, 0x00, 0x00, 0x00, 0x00, 0x00, 0x00, 0x00, 0x00, 0x00, 0x00, 0x00, 0x00, 0x00, 0x00, 0x00, 0x00, 0x00, 0x00, 0x00, 0x00, 0x00,
  0x00, 0x00, 0x00, 0x00, 0x00, 0x00, 0x00, 0x00, 0x00, 0x00, 0x00, 0x00, 0x00, 0x00, 0x00, 0x00, 0x00, 0x00, 0x00, 0x00, 0x00, 0x00, 0x00, 0x00,
  0x00, 0x00, 0x00, 0x00, 0x00, 0x00, 0x00, 0x00, 0x00, 0x00, 0x00, 0x00, 0x00, 0x00, 0x00, 0x00, 0x00, 0x00, 0x00, 0x00, 0x00, 0x00, 0x00, 0x00,
  0x00, 0x00, 0x00, 0x00, 0x00, 0x00, 0x00, 0x00, 0x00, 0x00, 0x00, 0x00, 0x00, 0x00, 0x00, 0x00, 0x00, 0x00, 0x00, 0x00, 0x00, 0x00, 0x00, 0x00,
  0x00, 0x00, 0x00, 0x00, 0x00, 0x00, 0x00, 0x00, 0x00, 0x00, 0x00, 0x00, 0x00, 0x00, 0x00, 0x00, 0x00, 0x00, 0x00, 0x00, 0x00, 0x00, 0x00, 0x00,
  0x00, 0x00, 0x00, 0x00, 0x00, 0x00, 0x00, 0x00, 0x00, 0x00, 0x00, 0x00, 0x00, 0x00, 0x00, 0x00, 0x00, 0x00, 0x00, 0x00, 0x00, 0x00, 0x00, 0x00,
  0x00, 0x00, 0x00, 0x00, 0x00, 0x00, 0x00, 0x00, 0x00, 0x00, 0x00, 0x00, 0x00, 0x00, 0x00, 0x00, 0x00, 0x00, 0x00, 0x00, 0x00, 0x00, 0x00, 0x00,
  0x00, 0x00, 0x00, 0x00, 0x40, 0x00, 0x40, 0x00, 0x40, 0x00, 0x60, 0x08, 0x21, 0x22, 0x04, 0x4c, 0x87, 0x7e, 0xc8, 0x86, 0x08, 0x8f, 0xe8, 0x86,
  0xe8, 0x86, 0xe8, 0x8e, 0xe8, 0x86, 0xe8, 0x86, 0xe8, 0x86, 0xe8, 0x86, 0xe8, 0x86, 0xe8, 0x86, 0xe8, 0x8e, 0xe8, 0x8e, 0xe8, 0x8e, 0xe8, 0x86,
  0xc8, 0x86, 0x87, 0x7e, 0x09, 0x32, 0xe9, 0x31, 0x09, 0x32, 0x09, 0x32, 0xe9, 0x31, 0x09, 0x32, 0x09, 0x32, 0x09, 0x32, 0xe9, 0x31, 0x09, 0x32,
  0xe9, 0x31, 0x09, 0x32, 0xe9, 0x31, 0xe9, 0x31, 0xe9, 0x31, 0x09, 0x32, 0xe9, 0x31, 0xe9, 0x31, 0xe9, 0x31, 0x09, 0x32, 0x09, 0x32, 0x09, 0x32,
  0x09, 0x32, 0x09, 0x32, 0x09, 0x32, 0x09, 0x32, 0x09, 0x32, 0x09, 0x32, 0x09, 0x32, 0x09, 0x32, 0x09, 0x32, 0xea, 0x31, 0xe9, 0x31, 0x09, 0x2a,
  0x09, 0x32, 0xe9, 0x29, 0x09, 0x32, 0xea, 0x29, 0x0a, 0x32, 0x09, 0x32, 0x09, 0x32, 0x09, 0x32, 0x09, 0x32, 0x09, 0x32, 0x09, 0x32, 0xea, 0x31,
  0x68, 0x52, 0x88, 0x52, 0x88, 0x52, 0x88, 0x52, 0x88, 0x52, 0x88, 0x52, 0x88, 0x52, 0x88, 0x52, 0x88, 0x52, 0x88, 0x52, 0x88, 0x52, 0x88, 0x52,
  0x88, 0x52, 0x88, 0x52, 0x88, 0x52, 0x88, 0x52, 0x88, 0x52, 0x88, 0x52, 0x88, 0x52, 0x88, 0x52, 0x88, 0x52, 0x88, 0x52, 0x88, 0x52, 0x88, 0x52,
  0x88, 0x52, 0x88, 0x52, 0x88, 0x52, 0x88, 0x52, 0x88, 0x52, 0x88, 0x52, 0x88, 0x52, 0x88, 0x52, 0x88, 0x52, 0x88, 0x52, 0x88, 0x52, 0x88, 0x52,
  0x88, 0x52, 0x68, 0x52, 0x88, 0x52, 0x68, 0x52, 0x88, 0x52, 0x68, 0x52, 0x68, 0x52, 0x68, 0x52, 0x68, 0x52, 0x88, 0x52, 0x68, 0x52, 0x68, 0x52,
  0x68, 0x52, 0x88, 0x52, 0xa6, 0x64, 0xc7, 0x75, 0xe8, 0x86, 0x08, 0x87, 0x08, 0x87, 0xe8, 0x86, 0xe8, 0x86, 0xe8, 0x86, 0xe8, 0x86, 0xe8, 0x86,
  0xe8, 0x86, 0xe8, 0x86, 0xe8, 0x86, 0xe8, 0x86, 0xe8, 0x86, 0x28, 0x8f, 0xe8, 0x86, 0xa8, 0x7e, 0x83, 0x43, 0xa1, 0x21, 0x00, 0x00, 0xa0, 0x00,
  0x40, 0x00, 0x00, 0x00, 0x00, 0x00, 0x00, 0x00, 0x00, 0x00, 0x00, 0x00, 0x00, 0x00, 0x00, 0x00, 0x00, 0x00, 0x00, 0x00, 0x00, 0x00, 0x00, 0x00,
  0x00, 0x00, 0x00, 0x00, 0x00, 0x00, 0x00, 0x00, 0x00, 0x00, 0x00, 0x00, 0x00, 0x00, 0x00, 0x00, 0x00, 0x00, 0x00, 0x00, 0x00, 0x00, 0x00, 0x00,
  0x00, 0x00, 0x00, 0x00, 0x00, 0x00, 0x00, 0x00, 0x00, 0x00, 0x00, 0x00, 0x00, 0x00, 0x00, 0x00, 0x00, 0x00, 0x00, 0x00, 0x00, 0x00, 0x00, 0x00,
  0x00, 0x00, 0x00, 0x00, 0x00, 0x00, 0x00, 0x00, 0x00, 0x00, 0x00, 0x00, 0x00, 0x00, 0x00, 0x00, 0x00, 0x00, 0x00, 0x00, 0x00, 0x00, 0x00, 0x00,
  0x00, 0x00, 0x00, 0x00, 0x00, 0x00, 0x00, 0x00, 0x00, 0x00, 0x00, 0x00, 0x00, 0x00, 0x00, 0x00, 0x00, 0x00, 0x00, 0x00, 0x00, 0x00, 0x00, 0x00,
  0x00, 0x00, 0x00, 0x00, 0x00, 0x00, 0x00, 0x00, 0x00, 0x00, 0x00, 0x00, 0x00, 0x00, 0x00, 0x00, 0x00, 0x00, 0x00, 0x00, 0x00, 0x00, 0x00, 0x00,
  0x00, 0x00, 0x00, 0x00, 0x00, 0x00, 0x00, 0x00, 0x00, 0x00, 0x00, 0x00, 0x00, 0x00, 0x00, 0x00, 0x00, 0x00, 0x00, 0x00, 0x00, 0x00, 0x00, 0x00,
  0x00, 0x00, 0x00, 0x00, 0x00, 0x00, 0x00, 0x00, 0x00, 0x00, 0x00, 0x00, 0x00, 0x00, 0x00, 0x00, 0x00, 0x00, 0x00, 0x00, 0x00, 0x00, 0x00, 0x00,
  0x00, 0x00, 0x00, 0x00, 0x00, 0x00, 0x00, 0x00, 0x00, 0x00, 0x00, 0x00, 0x00, 0x00, 0x00, 0x00, 0x00, 0x00, 0x00, 0x00, 0x00, 0x00, 0x00, 0x00,
  0x00, 0x00, 0x00, 0x00, 0x00, 0x00, 0x00, 0x00, 0x00, 0x00, 0x00, 0x00, 0x00, 0x00, 0x00, 0x00, 0x00, 0x00, 0x00, 0x00, 0x00, 0x00, 0x00, 0x00,
  0x00, 0x00, 0x00, 0x00, 0x00, 0x00, 0x00, 0x00, 0x00, 0x00, 0x00, 0x00, 0x00, 0x00, 0x00, 0x00, 0x00, 0x00, 0x00, 0x00, 0x00, 0x00, 0x00, 0x00,
  0x00, 0x00, 0x00, 0x00, 0x00, 0x00, 0x40, 0x00, 0x80, 0x08, 0x00, 0x00, 0x40, 0x11, 0xc2, 0x32, 0x27, 0x76, 0xc7, 0x86, 0x28, 0x8f, 0xe8, 0x86,
  0xe8, 0x86, 0xe8, 0x86, 0xe8, 0x86, 0xe8, 0x86, 0xe8, 0x86, 0xe8, 0x86, 0xe8, 0x86, 0xe8, 0x86, 0xe8, 0x86, 0xe8, 0x86, 0xc8, 0x86, 0xe8, 0x86,
  0xc8, 0x86, 0x87, 0x7e, 0x09, 0x32, 0xe9, 0x31, 0x09, 0x32, 0x09, 0x32, 0xe9, 0x31, 0x09, 0x32, 0xe9, 0x31, 0xe9, 0x31, 0xe9, 0x31, 0x09, 0x32,
  0xe9, 0x31, 0x09, 0x32, 0x09, 0x32, 0xe9, 0x31, 0x09, 0x32, 0xe9, 0x31, 0x09, 0x32, 0xe9, 0x31, 0x09, 0x32, 0xe9, 0x31, 0x09, 0x32, 0xe9, 0x31,
  0x09, 0x32, 0xe9, 0x31, 0x09, 0x32, 0x09, 0x32, 0x09, 0x32, 0xe9, 0x31, 0x09, 0x32, 0x09, 0x32, 0x0a, 0x32, 0xe9, 0x31, 0x09, 0x32, 0x09, 0x32,
  0x09, 0x32, 0x09, 0x32, 0x09, 0x32, 0x0a, 0x32, 0x09, 0x32, 0x09, 0x32, 0x09, 0x32, 0x09, 0x32, 0x0a, 0x32, 0x09, 0x32, 0x0a, 0x32, 0x0a, 0x32,
  0x88, 0x52, 0x88, 0x52, 0x88, 0x52, 0x88, 0x52, 0x88, 0x52, 0x88, 0x52, 0x88, 0x52, 0x88, 0x52, 0x88, 0x52, 0x88, 0x52, 0x88, 0x52, 0x88, 0x52,
  0x88, 0x52, 0x88, 0x52, 0x88, 0x52, 0x88, 0x52, 0x88, 0x52, 0x88, 0x52, 0x88, 0x52, 0x88, 0x52, 0x88, 0x52, 0x88, 0x52, 0x88, 0x52, 0x88, 0x52,
  0x88, 0x52, 0x88, 0x52, 0x88, 0x52, 0x88, 0x52, 0x88, 0x52, 0x88, 0x52, 0x88, 0x52, 0x88, 0x52, 0x88, 0x52, 0x88, 0x52, 0x88, 0x52, 0x88, 0x52,
  0x88, 0x52, 0x88, 0x52, 0x68, 0x52, 0x68, 0x52, 0x88, 0x52, 0x88, 0x52, 0x68, 0x52, 0x88, 0x52, 0x68, 0x52, 0x68, 0x52, 0x68, 0x52, 0x68, 0x52,
  0x68, 0x52, 0x68, 0x52, 0xa7, 0x64, 0xc7, 0x75, 0xc8, 0x86, 0x08, 0x87, 0xe8, 0x86, 0xe8, 0x86, 0xe8, 0x86, 0xe8, 0x86, 0xe8, 0x86, 0xe8, 0x86,
  0xe8, 0x86, 0xe8, 0x86, 0xe8, 0x86, 0xe8, 0x86, 0xe8, 0x86, 0x08, 0x87, 0x87, 0x7e, 0xc7, 0x75, 0x42, 0x2a, 0x00, 0x11, 0x00, 0x00, 0x60, 0x00,
  0x40, 0x00, 0x00, 0x00, 0x00, 0x00, 0x00, 0x00, 0x00, 0x00, 0x00, 0x00, 0x00, 0x00, 0x00, 0x00, 0x00, 0x00, 0x00, 0x00, 0x00, 0x00, 0x00, 0x00,
  0x00, 0x00, 0x00, 0x00, 0x00, 0x00, 0x00, 0x00, 0x00, 0x00, 0x00, 0x00, 0x00, 0x00, 0x00, 0x00, 0x00, 0x00, 0x00, 0x00, 0x00, 0x00, 0x00, 0x00,
  0x00, 0x00, 0x00, 0x00, 0x00, 0x00, 0x00, 0x00, 0x00, 0x00, 0x00, 0x00, 0x00, 0x00, 0x00, 0x00, 0x00, 0x00, 0x00, 0x00, 0x00, 0x00, 0x00, 0x00,
  0x00, 0x00, 0x00, 0x00, 0x00, 0x00, 0x00, 0x00, 0x00, 0x00, 0x00, 0x00, 0x00, 0x00, 0x00, 0x00, 0x00, 0x00, 0x00, 0x00, 0x00, 0x00, 0x00, 0x00,
  0x00, 0x00, 0x00, 0x00, 0x00, 0x00, 0x00, 0x00, 0x00, 0x00, 0x00, 0x00, 0x00, 0x00, 0x00, 0x00, 0x00, 0x00, 0x00, 0x00, 0x00, 0x00, 0x00, 0x00,
  0x00, 0x00, 0x00, 0x00, 0x00, 0x00, 0x00, 0x00, 0x00, 0x00, 0x00, 0x00, 0x00, 0x00, 0x00, 0x00, 0x00, 0x00, 0x00, 0x00, 0x00, 0x00, 0x00, 0x00,
  0x00, 0x00, 0x00, 0x00, 0x00, 0x00, 0x00, 0x00, 0x00, 0x00, 0x00, 0x00, 0x00, 0x00, 0x00, 0x00, 0x00, 0x00, 0x00, 0x00, 0x00, 0x00, 0x00, 0x00,
  0x00, 0x00, 0x00, 0x00, 0x00, 0x00, 0x00, 0x00, 0x00, 0x00, 0x00, 0x00, 0x00, 0x00, 0x00, 0x00, 0x00, 0x00, 0x00, 0x00, 0x00, 0x00, 0x00, 0x00,
  0x00, 0x00, 0x00, 0x00, 0x00, 0x00, 0x00, 0x00, 0x00, 0x00, 0x00, 0x00, 0x00, 0x00, 0x00, 0x00, 0x00, 0x00, 0x00, 0x00, 0x00, 0x00, 0x00, 0x00,
  0x00, 0x00, 0x00, 0x00, 0x00, 0x00, 0x00, 0x00, 0x00, 0x00, 0x00, 0x00, 0x00, 0x00, 0x00, 0x00, 0x00, 0x00, 0x00, 0x00, 0x00, 0x00, 0x00, 0x00,
  0x00, 0x00, 0x00, 0x00, 0x00, 0x00, 0x00, 0x00, 0x00, 0x00, 0x00, 0x00, 0x00, 0x00, 0x00, 0x00, 0x00, 0x00, 0x00, 0x00, 0x00, 0x00, 0x00, 0x00,
  0x00, 0x00, 0x00, 0x00, 0x00, 0x00, 0x20, 0x00, 0x40, 0x00, 0x00, 0x00, 0xa0, 0x08, 0xa1, 0x19, 0x05, 0x65, 0x27, 0x7e, 0x08, 0x87, 0x08, 0x87,
  0xe8, 0x86, 0xe8, 0x86, 0xe8, 0x86, 0xe8, 0x86, 0xe8, 0x86, 0xe8, 0x86, 0xe8, 0x86, 0xe8, 0x86, 0xe8, 0x86, 0xe8, 0x86, 0xe8, 0x86, 0xe8, 0x86,
  0xa8, 0x86, 0x88, 0x7e, 0x09, 0x32, 0xe9, 0x31, 0x09, 0x32, 0x09, 0x32, 0x09, 0x32, 0x09, 0x32, 0xe9, 0x31, 0x09, 0x32, 0x09, 0x32, 0xe9, 0x31,
  0xe9, 0x31, 0xe9, 0x31, 0xe9, 0x31, 0x09, 0x32, 0xe9, 0x31, 0xe9, 0x31, 0xe9, 0x31, 0x09, 0x32, 0x09, 0x32, 0x09, 0x32, 0x09, 0x32, 0x09, 0x32,
  0xe9, 0x31, 0x09, 0x32, 0x09, 0x32, 0x09, 0x32, 0x09, 0x32, 0x09, 0x32, 0x09, 0x32, 0x09, 0x32, 0x09, 0x32, 0x09, 0x32, 0x09, 0x32, 0x09, 0x32,
  0x09, 0x32, 0x09, 0x32, 0x09, 0x32, 0x09, 0x32, 0x09, 0x32, 0x09, 0x32, 0x09, 0x32, 0x09, 0x32, 0x09, 0x32, 0x0a, 0x32, 0x0a, 0x32, 0x0a, 0x32,
  0x88, 0x52, 0x88, 0x52, 0x88, 0x52, 0x68, 0x52, 0x88, 0x52, 0x88, 0x52, 0x88, 0x52, 0x88, 0x52, 0x88, 0x52, 0x88, 0x52, 0x88, 0x52, 0x88, 0x52,
  0x88, 0x52, 0x88, 0x52, 0x88, 0x52, 0x88, 0x52, 0x88, 0x52, 0x88, 0x52, 0x88, 0x52, 0x88, 0x52, 0x88, 0x52, 0x88, 0x52, 0x88, 0x52, 0x88, 0x52,
  0x88, 0x52, 0x88, 0x52, 0x88, 0x52, 0x88, 0x52, 0x88, 0x52, 0x88, 0x52, 0x88, 0x52, 0x88, 0x52, 0x88, 0x52, 0x88, 0x52, 0x88, 0x52, 0x88, 0x52,
  0x88, 0x52, 0x88, 0x52, 0x88, 0x52, 0x88, 0x52, 0x68, 0x52, 0x88, 0x52, 0x68, 0x52, 0x68, 0x52, 0x68, 0x52, 0x68, 0x52, 0x68, 0x52, 0x68, 0x52,
  0x68, 0x52, 0x68, 0x52, 0xa6, 0x64, 0xa7, 0x75, 0xc8, 0x86, 0xe8, 0x8e, 0xe8, 0x86, 0xc8, 0x86, 0xc8, 0x86, 0xc8, 0x86, 0xc8, 0x86, 0xc8, 0x86,
  0xc8, 0x86, 0xc8, 0x86, 0xc8, 0x86, 0xc8, 0x86, 0xe8, 0x86, 0x08, 0x87, 0x27, 0x76, 0x26, 0x65, 0xc1, 0x19, 0xc0, 0x08, 0x00, 0x00, 0x40, 0x00,
  0x20, 0x00, 0x00, 0x00, 0x00, 0x00, 0x00, 0x00, 0x00, 0x00, 0x00, 0x00, 0x00, 0x00, 0x00, 0x00, 0x20, 0x00, 0x20, 0x00, 0x20, 0x00, 0x40, 0x00,
  0x20, 0x00, 0x20, 0x00, 0x20, 0x00, 0x20, 0x00, 0x20, 0x00, 0x40, 0x00, 0x40, 0x00, 0x40, 0x00, 0x20, 0x00, 0x00, 0x00, 0x00, 0x00, 0x00, 0x00,
  0x00, 0x00, 0x00, 0x00, 0x00, 0x00, 0x00, 0x00, 0x00, 0x00, 0x00, 0x00, 0x00, 0x00, 0x00, 0x00, 0x00, 0x00, 0x00, 0x00, 0x00, 0x00, 0x00, 0x00,
  0x00, 0x00, 0x00, 0x00, 0x00, 0x00, 0x00, 0x00, 0x00, 0x00, 0x00, 0x00, 0x00, 0x00, 0x00, 0x00, 0x00, 0x00, 0x00, 0x00, 0x00, 0x00, 0x00, 0x00,
  0x20, 0x00, 0x40, 0x00, 0x40, 0x00, 0x20, 0x00, 0x20, 0x00, 0x40, 0x00, 0x40, 0x00, 0x20, 0x00, 0x40, 0x00, 0x40, 0x00, 0x20, 0x00, 0x20, 0x00,
  0x00, 0x00, 0x00, 0x00, 0x00, 0x00, 0x00, 0x00, 0x00, 0x00, 0x00, 0x00, 0x00, 0x00, 0x00, 0x00, 0x00, 0x00, 0x00, 0x00, 0x00, 0x00, 0x00, 0x00,
  0x00, 0x00, 0x00, 0x00, 0x20, 0x00, 0x20, 0x00, 0x40, 0x00, 0x40, 0x00, 0x20, 0x00, 0x20, 0x00, 0x40, 0x00, 0x40, 0x00, 0x40, 0x00, 0x40, 0x00,
  0x40, 0x00, 0x40, 0x00, 0x40, 0x00, 0x40, 0x00, 0x40, 0x00, 0x40, 0x00, 0x40, 0x00, 0x40, 0x00, 0x40, 0x00, 0x40, 0x00, 0x40, 0x00, 0x40, 0x00,
  0x20, 0x00, 0x20, 0x00, 0x20, 0x00, 0x20, 0x00, 0x20, 0x00, 0x20, 0x00, 0x00, 0x00, 0x00, 0x00, 0x00, 0x00, 0x00, 0x00, 0x00, 0x00, 0x00, 0x00,
  0x00, 0x00, 0x00, 0x00, 0x00, 0x00, 0x00, 0x00, 0x00, 0x00, 0x00, 0x00, 0x00, 0x00, 0x00, 0x00, 0x00, 0x00, 0x00, 0x00, 0x00, 0x00, 0x00, 0x00,
  0x00, 0x00, 0x00, 0x00, 0x00, 0x00, 0x00, 0x00, 0x00, 0x00, 0x00, 0x00, 0x00, 0x00, 0x00, 0x00, 0x00, 0x00, 0x00, 0x00, 0x00, 0x00, 0x00, 0x00,
  0x00, 0x00, 0x00, 0x00, 0x00, 0x00, 0x00, 0x00, 0x20, 0x00, 0x20, 0x00, 0x60, 0x00, 0xe0, 0x08, 0x44, 0x54, 0xc6, 0x6d, 0x08, 0x87, 0xe8, 0x86,
  0xe8, 0x86, 0xc8, 0x86, 0xc8, 0x86, 0xc8, 0x86, 0xc8, 0x86, 0xc8, 0x86, 0xc8, 0x86, 0xc8, 0x86, 0xe8, 0x86, 0xc8, 0x86, 0xc8, 0x86, 0xc8, 0x86,
  0xa8, 0x86, 0x87, 0x7e, 0x09, 0x32, 0x09, 0x32, 0xe9, 0x31, 0x09, 0x32, 0xe9, 0x31, 0x09, 0x32, 0x09, 0x32, 0x09, 0x32, 0xe9, 0x31, 0x09, 0x32,
  0xe9, 0x31, 0xe9, 0x31, 0xe9, 0x31, 0xe9, 0x31, 0xe9, 0x31, 0xe9, 0x31, 0xe9, 0x31, 0xe9, 0x31, 0xe9, 0x31, 0x09, 0x32, 0x09, 0x32, 0x09, 0x32,
  0x09, 0x32, 0x09, 0x32, 0x09, 0x32, 0x09, 0x32, 0xe9, 0x31, 0x09, 0x32, 0x09, 0x32, 0xe9, 0x31, 0x0a, 0x32, 0x09, 0x32, 0x09, 0x32, 0x09, 0x32,
  0xea, 0x29, 0x0a, 0x32, 0xea, 0x29, 0x09, 0x32, 0x09, 0x32, 0x0a, 0x32, 0x0a, 0x32, 0x0a, 0x32, 0x09, 0x32, 0x09, 0x32, 0x0a, 0x32, 0x0a, 0x32,
  0x88, 0x52, 0x68, 0x52, 0x88, 0x52, 0x88, 0x52, 0x88, 0x52, 0x68, 0x52, 0x88, 0x52, 0x88, 0x52, 0x88, 0x52, 0x88, 0x52, 0x88, 0x52, 0x88, 0x52,
  0x88, 0x52, 0x68, 0x52, 0x88, 0x52, 0x88, 0x52, 0x88, 0x52, 0x88, 0x52, 0x88, 0x52, 0x88, 0x52, 0x88, 0x52, 0x88, 0x52, 0x88, 0x52, 0x88, 0x52,
  0x88, 0x52, 0x88, 0x52, 0x88, 0x52, 0x88, 0x52, 0x88, 0x52, 0x88, 0x52, 0x88, 0x52, 0x88, 0x52, 0x88, 0x52, 0x68, 0x52, 0x88, 0x52, 0x88, 0x52,
  0x88, 0x52, 0x88, 0x52, 0x88, 0x52, 0x88, 0x52, 0x68, 0x52, 0x88, 0x52, 0x68, 0x52, 0x68, 0x52, 0x88, 0x52, 0x68, 0x52, 0x68, 0x52, 0x68, 0x52,
  0x88, 0x52, 0x68, 0x52, 0xa6, 0x64, 0xa7, 0x75, 0xc8, 0x86, 0xe8, 0x86, 0xe8, 0x86, 0xc8, 0x86, 0xc8, 0x86, 0xc8, 0x86, 0xc8, 0x86, 0xc8, 0x86,
  0xe8, 0x86, 0xc8, 0x86, 0xc8, 0x86, 0xe8, 0x86, 0xe8, 0x86, 0xe8, 0x86, 0xe7, 0x75, 0x85, 0x5c, 0x20, 0x11, 0x80, 0x08, 0x00, 0x00, 0x20, 0x00,
  0x20, 0x00, 0x00, 0x00, 0x00, 0x00, 0x00, 0x00, 0x00, 0x00, 0x00, 0x00, 0x00, 0x00, 0x00, 0x00, 0x60, 0x00, 0x60, 0x00, 0x60, 0x08, 0x60, 0x00,
  0x60, 0x00, 0x60, 0x00, 0x60, 0x00, 0x60, 0x00, 0x60, 0x00, 0x60, 0x00, 0x60, 0x00, 0x60, 0x00, 0x40, 0x00, 0x20, 0x00, 0x00, 0x00, 0x00, 0x00,
  0x00, 0x00, 0x00, 0x00, 0x00, 0x00, 0x00, 0x00, 0x00, 0x00, 0x00, 0x00, 0x00, 0x00, 0x00, 0x00, 0x00, 0x00, 0x00, 0x00, 0x00, 0x00, 0x00, 0x00,
  0x00, 0x00, 0x00, 0x00, 0x00, 0x00, 0x00, 0x00, 0x00, 0x00, 0x00, 0x00, 0x00, 0x00, 0x00, 0x00, 0x00, 0x00, 0x00, 0x00, 0x00, 0x00, 0x20, 0x00,
  0x40, 0x00, 0x60, 0x00, 0x60, 0x00, 0x60, 0x00, 0x60, 0x00, 0x60, 0x00, 0x60, 0x00, 0x60, 0x08, 0x60, 0x00, 0x60, 0x00, 0x60, 0x00, 0x60, 0x00,
  0x20, 0x00, 0x00, 0x00, 0x00, 0x00, 0x00, 0x00, 0x00, 0x00, 0x00, 0x00, 0x00, 0x00, 0x00, 0x00, 0x00, 0x00, 0x00, 0x00, 0x00, 0x00, 0x00, 0x00,
  0x00, 0x00, 0x00, 0x00, 0x20, 0x00, 0x40, 0x00, 0x60, 0x08, 0x60, 0x00, 0x60, 0x00, 0x60, 0x00, 0x60, 0x00, 0x60, 0x00, 0x60, 0x00, 0x60, 0x00,
  0x60, 0x00, 0x60, 0x00, 0x60, 0x00, 0x60, 0x00, 0x60, 0x00, 0x60, 0x00, 0x60, 0x00, 0x60, 0x00, 0x60, 0x00, 0x60, 0x00, 0x60, 0x00, 0x60, 0x00,
  0x60, 0x00, 0x60, 0x00, 0x60, 0x00, 0x40, 0x00, 0x40, 0x00, 0x40, 0x00, 0x20, 0x00, 0x00, 0x00, 0x00, 0x00, 0x00, 0x00, 0x00, 0x00, 0x00, 0x00,
  0x00, 0x00, 0x00, 0x00, 0x00, 0x00, 0x00, 0x00, 0x00, 0x00, 0x00, 0x00, 0x00, 0x00, 0x00, 0x00, 0x00, 0x00, 0x00, 0x00, 0x00, 0x00, 0x00, 0x00,
  0x00, 0x00, 0x00, 0x00, 0x00, 0x00, 0x00, 0x00, 0x00, 0x00, 0x00, 0x00, 0x00, 0x00, 0x00, 0x00, 0x00, 0x00, 0x00, 0x00, 0x00, 0x00, 0x00, 0x00,
  0x00, 0x00, 0x00, 0x00, 0x00, 0x00, 0x00, 0x00, 0x00, 0x00, 0x60, 0x00, 0x20, 0x00, 0x20, 0x00, 0x83, 0x43, 0x66, 0x65, 0xe8, 0x86, 0xe8, 0x86,
  0xc8, 0x86, 0xc8, 0x86, 0xc8, 0x86, 0xc8, 0x86, 0xc8, 0x86, 0xc8, 0x86, 0xc8, 0x86, 0xc8, 0x86, 0xc8, 0x86, 0xc8, 0x86, 0xe8, 0x86, 0xc8, 0x86,
  0xa8, 0x86, 0x88, 0x7e, 0x09, 0x32, 0xe9, 0x31, 0x09, 0x32, 0x09, 0x32, 0x09, 0x32, 0x09, 0x32, 0x09, 0x32, 0x09, 0x32, 0x09, 0x32, 0x09, 0x32,
  0xe9, 0x31, 0xe9, 0x31, 0x09, 0x32, 0xe9, 0x31, 0xe9, 0x31, 0x09, 0x32, 0xe9, 0x31, 0x09, 0x32, 0x09, 0x32, 0x09, 0x32, 0x09, 0x32, 0x09, 0x32,
  0x09, 0x32, 0x09, 0x32, 0x09, 0x32, 0x09, 0x32, 0x09, 0x32, 0x09, 0x32, 0x09, 0x32, 0x09, 0x32, 0x09, 0x32, 0x09, 0x32, 0x09, 0x32, 0x09, 0x32,
  0x0a, 0x32, 0x09, 0x32, 0x09, 0x32, 0x09, 0x32, 0x09, 0x32, 0x09, 0x32, 0x09, 0x32, 0x09, 0x32, 0x0a, 0x32, 0x0a, 0x32, 0x0a, 0x32, 0x0a, 0x32,
  0x88, 0x52, 0x68, 0x52, 0x68, 0x52, 0x88, 0x52, 0x68, 0x52, 0x88, 0x52, 0x88, 0x52, 0x88, 0x52, 0x88, 0x52, 0x88, 0x52, 0x88, 0x52, 0x68, 0x52,
  0x88, 0x52, 0x68, 0x52, 0x88, 0x52, 0x88, 0x52, 0x88, 0x52, 0x88, 0x52, 0x88, 0x52, 0x88, 0x52, 0x88, 0x52, 0x88, 0x52, 0x88, 0x52, 0x88, 0x52,
  0x88, 0x52, 0x88, 0x52, 0x88, 0x52, 0x88, 0x52, 0x88, 0x52, 0x88, 0x52, 0x88, 0x52, 0x88, 0x52, 0x88, 0x52, 0x88, 0x52, 0x88, 0x52, 0x88, 0x52,
  0x68, 0x52, 0x68, 0x52, 0x88, 0x52, 0x68, 0x52, 0x88, 0x52, 0x88, 0x52, 0x88, 0x52, 0x68, 0x52, 0x68, 0x52, 0x68, 0x52, 0x68, 0x52, 0x68, 0x52,
  0x68, 0x52, 0x68, 0x52, 0xa7, 0x64, 0xa7, 0x75, 0xc8, 0x86, 0xe8, 0x86, 0xe8, 0x86, 0xc8, 0x86, 0xc8, 0x86, 0xc8, 0x86, 0xc8, 0x86, 0xc8, 0x86,
  0xc8, 0x86, 0xc8, 0x86, 0xc8, 0x86, 0xc8, 0x86, 0xe8, 0x86, 0xe8, 0x86, 0x86, 0x6d, 0xe4, 0x4b, 0x40, 0x00, 0x00, 0x00, 0x20, 0x00, 0x00, 0x00,
  0x00, 0x00, 0x00, 0x00, 0x00, 0x00, 0x00, 0x00, 0x00, 0x00, 0x00, 0x00, 0x00, 0x00, 0x00, 0x00, 0x00, 0x00, 0x00, 0x00, 0x00, 0x00, 0x00, 0x00,
  0x00, 0x00, 0x00, 0x00, 0x00, 0x00, 0x00, 0x00, 0x00, 0x00, 0x00, 0x00, 0x00, 0x00, 0x00, 0x00, 0x00, 0x00, 0x00, 0x00, 0x00, 0x00, 0x00, 0x00,
  0x00, 0x00, 0x00, 0x00, 0x00, 0x00, 0x00, 0x00, 0x00, 0x00, 0x00, 0x00, 0x00, 0x00, 0x00, 0x00, 0x00, 0x00, 0x00, 0x00, 0x00, 0x00, 0x00, 0x00,
  0x00, 0x00, 0x00, 0x00, 0x00, 0x00, 0x00, 0x00, 0x00, 0x00, 0x00, 0x00, 0x00, 0x00, 0x00, 0x00, 0x00, 0x00, 0x00, 0x00, 0x00, 0x00, 0x00, 0x00,
  0x00, 0x00, 0x00, 0x00, 0x00, 0x00, 0x00, 0x00, 0x00, 0x00, 0x00, 0x00, 0x00, 0x00, 0x00, 0x00, 0x00, 0x00, 0x00, 0x00, 0x00, 0x00, 0x00, 0x00,
  0x00, 0x00, 0x00, 0x00, 0x00, 0x00, 0x00, 0x00, 0x00, 0x00, 0x00, 0x00, 0x00, 0x00, 0x00, 0x00, 0x00, 0x00, 0x00, 0x00, 0x00, 0x00, 0x00, 0x00,
  0x00, 0x00, 0x00, 0x00, 0x00, 0x00, 0x00, 0x00, 0x00, 0x00, 0x00, 0x00, 0x00, 0x00, 0x00, 0x00, 0x00, 0x00, 0x00, 0x00, 0x00, 0x00, 0x00, 0x00,
  0x00, 0x00, 0x00, 0x00, 0x00, 0x00, 0x00, 0x00, 0x00, 0x00, 0x00, 0x00, 0x00, 0x00, 0x00, 0x00, 0x00, 0x00, 0x00, 0x00, 0x00, 0x00, 0x00, 0x00,
  0x00, 0x00, 0x00, 0x00, 0x00, 0x00, 0x00, 0x00, 0x00, 0x00, 0x00, 0x00, 0x00, 0x00, 0x00, 0x00, 0x40, 0x00, 0x60, 0x00, 0x60, 0x00, 0x60, 0x00,
  0x40, 0x00, 0x20, 0x00, 0x00, 0x00, 0x00, 0x00, 0x00, 0x00, 0x00, 0x00, 0x00, 0x00, 0x00, 0x00, 0x00, 0x00, 0x00, 0x00, 0x00, 0x00, 0x00, 0x00,
  0x00, 0x00, 0x00, 0x00, 0x00, 0x00, 0x00, 0x00, 0x00, 0x00, 0x00, 0x00, 0x00, 0x00, 0x00, 0x00, 0x00, 0x00, 0x00, 0x00, 0x00, 0x00, 0x00, 0x00,
  0x00, 0x00, 0x00, 0x00, 0x00, 0x00, 0x00, 0x00, 0x00, 0x00, 0x80, 0x00, 0x40, 0x00, 0x20, 0x00, 0x03, 0x3b, 0x05, 0x65, 0xc8, 0x86, 0xe8, 0x86,
  0xe8, 0x86, 0xc8, 0x86, 0xc8, 0x86, 0xc8, 0x86, 0xc8, 0x86, 0xc8, 0x86, 0xc8, 0x86, 0xc8, 0x86, 0xc8, 0x86, 0xc8, 0x86, 0xc8, 0x86, 0xc8, 0x86,
  0x88, 0x7e, 0x87, 0x7e, 0x09, 0x32, 0xe9, 0x31, 0x09, 0x32, 0x09, 0x32, 0x09, 0x32, 0xe9, 0x31, 0xe9, 0x31, 0x09, 0x32, 0xe9, 0x31, 0x09, 0x32,
  0x09, 0x32, 0x09, 0x32, 0xe9, 0x31, 0x09, 0x32, 0xe9, 0x31, 0x09, 0x32, 0x09, 0x32, 0x09, 0x32, 0xe9, 0x31, 0x09, 0x32, 0x09, 0x32, 0xe9, 0x31,
  0x09, 0x32, 0x09, 0x32, 0x09, 0x32, 0xe9, 0x31, 0x09, 0x32, 0xe9, 0x31, 0x09, 0x32, 0x09, 0x32, 0xe9, 0x31, 0x09, 0x2a, 0x09, 0x32, 0xe9, 0x31,
  0x09, 0x32, 0x09, 0x32, 0x09, 0x32, 0x09, 0x32, 0x09, 0x32, 0xea, 0x31, 0x09, 0x32, 0x09, 0x32, 0x0a, 0x32, 0x0a, 0x32, 0x09, 0x32, 0x0a, 0x32,
  0x68, 0x52, 0x68, 0x52, 0x88, 0x52, 0x68, 0x52, 0x88, 0x52, 0x88, 0x52, 0x88, 0x52, 0x88, 0x52, 0x68, 0x52, 0x88, 0x52, 0x88, 0x52, 0x88, 0x52,
  0x88, 0x52, 0x88, 0x52, 0x88, 0x52, 0x68, 0x52, 0x68, 0x52, 0x88, 0x52, 0x88, 0x52, 0x68, 0x52, 0x68, 0x52, 0x88, 0x52, 0x88, 0x52, 0x88, 0x52,
  0x88, 0x52, 0x68, 0x52, 0x88, 0x52, 0x68, 0x52, 0x88, 0x52, 0x68, 0x52, 0x88, 0x52, 0x68, 0x52, 0x68, 0x52, 0x88, 0x52, 0x68, 0x52, 0x88, 0x52,
  0x88, 0x52, 0x88, 0x52, 0x68, 0x52, 0x88, 0x52, 0x88, 0x52, 0x68, 0x52, 0x68, 0x52, 0x68, 0x52, 0x68, 0x52, 0x68, 0x52, 0x68, 0x52, 0x68, 0x52,
  0x68, 0x52, 0x68, 0x52, 0xa6, 0x64, 0xa7, 0x75, 0xc8, 0x86, 0xe8, 0x86, 0xc8, 0x86, 0xc8, 0x86, 0xc8, 0x86, 0xc8, 0x86, 0xc8, 0x86, 0xc8, 0x86,
  0xc8, 0x86, 0xc8, 0x86, 0xc8, 0x86, 0xc8, 0x86, 0xe8, 0x86, 0xe8, 0x86, 0x86, 0x6d, 0xc3, 0x4b, 0x40, 0x00, 0x00, 0x00, 0x20, 0x00, 0x00, 0x00,
  0x00, 0x00, 0x00, 0x00, 0x00, 0x00, 0x00, 0x00, 0x00, 0x00, 0x00, 0x00, 0x20, 0x00, 0x60, 0x00, 0x00, 0x11, 0x40, 0x19, 0x61, 0x19, 0x61, 0x19,
  0x40, 0x11, 0x40, 0x19, 0x40, 0x19, 0x40, 0x19, 0x40, 0x19, 0x61, 0x19, 0x61, 0x19, 0x61, 0x19, 0x00, 0x11, 0xa0, 0x08, 0x40, 0x00, 0x00, 0x00,
  0x00, 0x00, 0x00, 0x00, 0x00, 0x00, 0x00, 0x00, 0x00, 0x00, 0x00, 0x00, 0x00, 0x00, 0x00, 0x00, 0x00, 0x00, 0x00, 0x00, 0x00, 0x00, 0x00, 0x00,
  0x00, 0x00, 0x00, 0x00, 0x00, 0x00, 0x00, 0x00, 0x00, 0x00, 0x00, 0x00, 0x00, 0x00, 0x00, 0x00, 0x00, 0x00, 0x00, 0x00, 0x20, 0x00, 0xe0, 0x10,
  0x20, 0x11, 0x60, 0x19, 0x61, 0x19, 0x40, 0x19, 0x40, 0x19, 0x60, 0x19, 0x40, 0x19, 0x60, 0x19, 0x61, 0x19, 0x61, 0x19, 0x61, 0x19, 0x20, 0x11,
  0xc0, 0x10, 0x60, 0x00, 0x00, 0x00, 0x00, 0x00, 0x00, 0x00, 0x00, 0x00, 0x00, 0x00, 0x00, 0x00, 0x00, 0x00, 0x00, 0x00, 0x00, 0x00, 0x00, 0x00,
  0x00, 0x00, 0x20, 0x00, 0xe0, 0x08, 0x20, 0x11, 0x61, 0x19, 0x61, 0x19, 0x40, 0x19, 0x40, 0x19, 0x40, 0x19, 0x40, 0x19, 0x40, 0x19, 0x40, 0x19,
  0x40, 0x19, 0x40, 0x19, 0x40, 0x19, 0x40, 0x19, 0x40, 0x19, 0x40, 0x19, 0x60, 0x19, 0x40, 0x11, 0x40, 0x19, 0x61, 0x19, 0x40, 0x19, 0x40, 0x19,
  0x41, 0x19, 0x40, 0x11, 0x20, 0x11, 0x21, 0x11, 0x00, 0x11, 0xe0, 0x08, 0xa0, 0x08, 0x60, 0x00, 0x20, 0x00, 0x20, 0x00, 0x40, 0x00, 0x20, 0x00,
  0x20, 0x00, 0x20, 0x00, 0x20, 0x00, 0x20, 0x00, 0x40, 0x00, 0x00, 0x00, 0x00, 0x00, 0x00, 0x00, 0x00, 0x00, 0x00, 0x00, 0x00, 0x00, 0x00, 0x00,
  0x00, 0x00, 0x00, 0x00, 0x00, 0x00, 0x00, 0x00, 0x00, 0x00, 0x00, 0x00, 0x00, 0x00, 0x00, 0x00, 0x00, 0x00, 0x00, 0x00, 0x00, 0x00, 0x00, 0x00,
  0x00, 0x00, 0x00, 0x00, 0x00, 0x00, 0x00, 0x00, 0x00, 0x00, 0x80, 0x00, 0x40, 0x00, 0x20, 0x00, 0x03, 0x3b, 0x06, 0x65, 0xc8, 0x86, 0xe8, 0x86,
  0xc8, 0x86, 0xc8, 0x86, 0xc8, 0x86, 0xc8, 0x86, 0xc8, 0x86, 0xc8, 0x86, 0xc8, 0x86, 0xc8, 0x86, 0xc8, 0x86, 0xc8, 0x86, 0xc8, 0x86, 0xc8, 0x86,
  0xa8, 0x7e, 0x87, 0x7e, 0x09, 0x32, 0x09, 0x32, 0x09, 0x32, 0xe9, 0x31, 0x09, 0x32, 0x09, 0x32, 0x09, 0x32, 0x09, 0x32, 0x09, 0x32, 0xe9, 0x31,
  0x09, 0x32, 0x09, 0x32, 0x09, 0x32, 0xe9, 0x31, 0xe9, 0x31, 0xe9, 0x31, 0x09, 0x32, 0x09, 0x32, 0x09, 0x32, 0x09, 0x32, 0x09, 0x32, 0x09, 0x32,
  0x09, 0x32, 0x09, 0x32, 0x09, 0x32, 0x09, 0x32, 0x09, 0x32, 0xe9, 0x31, 0x0a, 0x32, 0x09, 0x32, 0x09, 0x32, 0xe9, 0x31, 0x09, 0x32, 0x09, 0x32,
  0x09, 0x32, 0xea, 0x29, 0x09, 0x32, 0x09, 0x32, 0x09, 0x32, 0x09, 0x32, 0x0a, 0x32, 0x0a, 0x32, 0x09, 0x32, 0x0a, 0x32, 0x0a, 0x32, 0x0a, 0x32,
  0x88, 0x52, 0x68, 0x52, 0x68, 0x52, 0x88, 0x52, 0x68, 0x52, 0x88, 0x52, 0x88, 0x52, 0x88, 0x52, 0x88, 0x52, 0x88, 0x52, 0x88, 0x52, 0x88, 0x52,
  0x68, 0x52, 0x88, 0x52, 0x88, 0x52, 0x88, 0x52, 0x88, 0x52, 0x68, 0x52, 0x88, 0x52, 0x88, 0x52, 0x88, 0x52, 0x68, 0x52, 0x88, 0x52, 0x88, 0x52,
  0x88, 0x52, 0x88, 0x52, 0x68, 0x52, 0x88, 0x52, 0x88, 0x52, 0x88, 0x52, 0x88, 0x52, 0x88, 0x52, 0x88, 0x52, 0x88, 0x52, 0x88, 0x52, 0x88, 0x52,
  0x68, 0x52, 0x68, 0x52, 0x68, 0x52, 0x68, 0x52, 0x68, 0x52, 0x68, 0x52, 0x68, 0x52, 0x68, 0x52, 0x88, 0x52, 0x68, 0x52, 0x68, 0x52, 0x68, 0x52,
  0x68, 0x52, 0x88, 0x52, 0xa6, 0x64, 0xa7, 0x75, 0xc8, 0x86, 0xe8, 0x86, 0xc8, 0x86, 0xc7, 0x86, 0xc8, 0x86, 0xc8, 0x86, 0xc8, 0x86, 0xc8, 0x86,
  0xc8, 0x86, 0xc8, 0x86, 0xc8, 0x7e, 0xc8, 0x86, 0xe8, 0x86, 0xe8, 0x86, 0x66, 0x6d, 0xc4, 0x43, 0x20, 0x00, 0x00, 0x00, 0x40, 0x00, 0x00, 0x00,
  0x00, 0x00, 0x00, 0x00, 0x00, 0x00, 0x00, 0x00, 0x00, 0x00, 0x00, 0x00, 0x60, 0x00, 0xe0, 0x10, 0x62, 0x2a, 0xc2, 0x32, 0x03, 0x3b, 0x03, 0x3b,
  0xe3, 0x32, 0x03, 0x3b, 0x03, 0x3b, 0x03, 0x33, 0x03, 0x33, 0x03, 0x3b, 0x03, 0x33, 0x03, 0x3b, 0x42, 0x2a, 0x81, 0x19, 0x80, 0x08, 0x00, 0x00,
  0x00, 0x00, 0x00, 0x00, 0x00, 0x00, 0x00, 0x00, 0x00, 0x00, 0x00, 0x00, 0x00, 0x00, 0x00, 0x00, 0x00, 0x00, 0x00, 0x00, 0x00, 0x00, 0x00, 0x00,
  0x00, 0x00, 0x00, 0x00, 0x00, 0x00, 0x00, 0x00, 0x00, 0x00, 0x00, 0x00, 0x00, 0x00, 0x00, 0x00, 0x00, 0x00, 0x20, 0x00, 0x80, 0x00, 0xe1, 0x21,
  0x82, 0x2a, 0x03, 0x3b, 0x23, 0x3b, 0x03, 0x33, 0x03, 0x33, 0x03, 0x3b, 0x03, 0x33, 0x03, 0x33, 0x03, 0x3b, 0x03, 0x3b, 0x02, 0x3b, 0xa2, 0x32,
  0xc1, 0x19, 0xe0, 0x08, 0x00, 0x00, 0x00, 0x00, 0x00, 0x00, 0x00, 0x00, 0x00, 0x00, 0x00, 0x00, 0x00, 0x00, 0x00, 0x00, 0x00, 0x00, 0x00, 0x00,
  0x20, 0x00, 0x60, 0x00, 0xe1, 0x21, 0xa2, 0x2a, 0x23, 0x3b, 0x03, 0x3b, 0x03, 0x33, 0x03, 0x3b, 0x03, 0x33, 0x03, 0x33, 0x03, 0x33, 0x03, 0x33,
  0x03, 0x33, 0x03, 0x33, 0x03, 0x33, 0x03, 0x33, 0x03, 0x33, 0x03, 0x33, 0x03, 0x33, 0x03, 0x3b, 0x03, 0x33, 0x03, 0x3b, 0x03, 0x33, 0x03, 0x33,
  0xe2, 0x32, 0xc3, 0x32, 0x82, 0x32, 0x62, 0x2a, 0x22, 0x2a, 0xe1, 0x21, 0x61, 0x19, 0xe0, 0x10, 0x40, 0x00, 0x20, 0x00, 0x20, 0x00, 0x20, 0x00,
  0x00, 0x00, 0x00, 0x00, 0x80, 0x00, 0x60, 0x00, 0x60, 0x00, 0x00, 0x00, 0x00, 0x00, 0x00, 0x00, 0x00, 0x00, 0x00, 0x00, 0x00, 0x00, 0x00, 0x00,
  0x00, 0x00, 0x00, 0x00, 0x00, 0x00, 0x00, 0x00, 0x00, 0x00, 0x00, 0x00, 0x00, 0x00, 0x00, 0x00, 0x00, 0x00, 0x00, 0x00, 0x00, 0x00, 0x00, 0x00,
  0x00, 0x00, 0x00, 0x00, 0x00, 0x00, 0x00, 0x00, 0x00, 0x00, 0x80, 0x00, 0x40, 0x00, 0x20, 0x00, 0x03, 0x3b, 0x05, 0x5d, 0xc8, 0x86, 0xe8, 0x86,
  0xc8, 0x86, 0xc8, 0x86, 0xc8, 0x86, 0xc8, 0x86, 0xc8, 0x86, 0xc8, 0x86, 0xc8, 0x86, 0xc8, 0x86, 0xc8, 0x86, 0xc8, 0x86, 0xc8, 0x86, 0xc8, 0x86,
  0x88, 0x7e, 0x67, 0x7e, 0x09, 0x32, 0xe9, 0x31, 0x09, 0x32, 0xe9, 0x31, 0x09, 0x32, 0x09, 0x32, 0x09, 0x32, 0xe9, 0x31, 0x09, 0x32, 0x09, 0x32,
  0x09, 0x32, 0xe9, 0x31, 0x09, 0x32, 0x09, 0x32, 0xe9, 0x31, 0xe9, 0x31, 0xe9, 0x31, 0xe9, 0x31, 0x0a, 0x32, 0x09, 0x32, 0xe9, 0x31, 0x09, 0x32,
  0x09, 0x32, 0x09, 0x32, 0x09, 0x32, 0xe9, 0x31, 0x09, 0x32, 0x09, 0x32, 0x09, 0x32, 0x0a, 0x32, 0x09, 0x32, 0x09, 0x32, 0x09, 0x32, 0xe9, 0x31,
  0x09, 0x32, 0x0a, 0x32, 0x09, 0x32, 0x0a, 0x32, 0x09, 0x32, 0xe9, 0x29, 0x0a, 0x32, 0xea, 0x31, 0x0a, 0x32, 0x09, 0x32, 0xea, 0x31, 0x0a, 0x32,
  0x68, 0x52, 0x68, 0x52, 0x68, 0x52, 0x68, 0x52, 0x88, 0x52, 0x88, 0x52, 0x68, 0x52, 0x68, 0x52, 0x88, 0x52, 0x88, 0x52, 0x68, 0x52, 0x68, 0x52,
  0x88, 0x52, 0x68, 0x52, 0x68, 0x52, 0x68, 0x52, 0x68, 0x52, 0x68, 0x52, 0x68, 0x52, 0x68, 0x52, 0x88, 0x52, 0x88, 0x52, 0x68, 0x52, 0x88, 0x52,
  0x88, 0x52, 0x68, 0x52, 0x68, 0x52, 0x68, 0x52, 0x68, 0x52, 0x68, 0x52, 0x68, 0x52, 0x68, 0x52, 0x68, 0x52, 0x88, 0x52, 0x88, 0x52, 0x88, 0x52,
  0x88, 0x52, 0x68, 0x52, 0x68, 0x52, 0x68, 0x52, 0x68, 0x52, 0x68, 0x52, 0x68, 0x52, 0x68, 0x52, 0x68, 0x52, 0x68, 0x52, 0x68, 0x52, 0x68, 0x52,
  0x68, 0x52, 0x68, 0x52, 0x86, 0x64, 0xa7, 0x75, 0xa8, 0x86, 0xe8, 0x86, 0xc8, 0x86, 0xc8, 0x86, 0xa8, 0x86, 0xc7, 0x7e, 0xc8, 0x86, 0xc8, 0x86,
  0xc8, 0x86, 0xc8, 0x86, 0xc8, 0x86, 0xc8, 0x86, 0xc8, 0x86, 0xe8, 0x86, 0x66, 0x65, 0xc3, 0x4b, 0x40, 0x00, 0x00, 0x00, 0x20, 0x00, 0x00, 0x00,
  0x00, 0x00, 0x00, 0x00, 0x00, 0x00, 0x20, 0x00, 0x40, 0x00, 0x00, 0x00, 0xe0, 0x08, 0x02, 0x22, 0x05, 0x65, 0xc7, 0x75, 0x47, 0x7e, 0x47, 0x7e,
  0x47, 0x76, 0x27, 0x76, 0x47, 0x76, 0x47, 0x76, 0x47, 0x76, 0x47, 0x76, 0x47, 0x7e, 0x47, 0x76, 0xe5, 0x5c, 0x03, 0x3b, 0x60, 0x19, 0x00, 0x00,
  0x00, 0x00, 0x40, 0x00, 0x00, 0x00, 0x00, 0x00, 0x00, 0x00, 0x00, 0x00, 0x00, 0x00, 0x00, 0x00, 0x00, 0x00, 0x00, 0x00, 0x00, 0x00, 0x00, 0x00,
  0x00, 0x00, 0x00, 0x00, 0x00, 0x00, 0x00, 0x00, 0x00, 0x00, 0x00, 0x00, 0x00, 0x00, 0x20, 0x00, 0x00, 0x00, 0x60, 0x00, 0x20, 0x11, 0x04, 0x4c,
  0x46, 0x6d, 0x47, 0x7e, 0x47, 0x7e, 0x27, 0x7e, 0x27, 0x76, 0x27, 0x76, 0x47, 0x76, 0x47, 0x76, 0x47, 0x76, 0x47, 0x7e, 0x47, 0x7e, 0x86, 0x6d,
  0xc4, 0x4b, 0xe1, 0x21, 0x20, 0x00, 0x20, 0x00, 0x60, 0x00, 0x00, 0x00, 0x00, 0x00, 0x00, 0x00, 0x00, 0x00, 0x00, 0x00, 0x20, 0x00, 0x00, 0x00,
  0x60, 0x00, 0x00, 0x11, 0x04, 0x4c, 0x46, 0x65, 0x47, 0x7e, 0x47, 0x7e, 0x47, 0x76, 0x27, 0x76, 0x47, 0x76, 0x47, 0x76, 0x47, 0x76, 0x47, 0x76,
  0x47, 0x76, 0x47, 0x76, 0x47, 0x76, 0x47, 0x76, 0x47, 0x76, 0x47, 0x76, 0x47, 0x76, 0x27, 0x76, 0x47, 0x76, 0x47, 0x76, 0x47, 0x76, 0x27, 0x76,
  0x07, 0x76, 0xe7, 0x75, 0xc6, 0x6d, 0xa6, 0x6d, 0x66, 0x65, 0x05, 0x65, 0xa5, 0x5c, 0x44, 0x54, 0x84, 0x43, 0x03, 0x3b, 0xa2, 0x32, 0x01, 0x22,
  0x81, 0x19, 0x00, 0x11, 0x00, 0x00, 0x00, 0x00, 0x00, 0x00, 0x00, 0x00, 0x20, 0x00, 0x60, 0x00, 0x20, 0x00, 0x00, 0x00, 0x00, 0x00, 0x00, 0x00,
  0x00, 0x00, 0x00, 0x00, 0x00, 0x00, 0x00, 0x00, 0x00, 0x00, 0x00, 0x00, 0x00, 0x00, 0x00, 0x00, 0x00, 0x00, 0x00, 0x00, 0x00, 0x00, 0x00, 0x00,
  0x00, 0x00, 0x00, 0x00, 0x00, 0x00, 0x00, 0x00, 0x00, 0x00, 0x80, 0x00, 0x40, 0x00, 0x20, 0x00, 0x03, 0x3b, 0xe5, 0x5c, 0xc8, 0x86, 0xe8, 0x86,
  0xe8, 0x86, 0xc8, 0x7e, 0xc8, 0x7e, 0xc8, 0x7e, 0xc8, 0x86, 0xc8, 0x86, 0xc8, 0x86, 0xc8, 0x86, 0xc8, 0x86, 0xc8, 0x86, 0xc8, 0x86, 0xc8, 0x7e,
  0x87, 0x7e, 0x67, 0x7e, 0x09, 0x32, 0x09, 0x32, 0x09, 0x32, 0xe9, 0x31, 0x09, 0x32, 0xe9, 0x31, 0x09, 0x32, 0x09, 0x32, 0x09, 0x32, 0xe9, 0x31,
  0x09, 0x32, 0xe9, 0x31, 0xe9, 0x31, 0xe9, 0x31, 0x09, 0x32, 0xe9, 0x31, 0x09, 0x32, 0xe9, 0x31, 0xe9, 0x31, 0xe9, 0x31, 0x09, 0x32, 0x09, 0x32,
  0x09, 0x32, 0xe9, 0x31, 0x09, 0x32, 0x09, 0x32, 0x09, 0x32, 0x09, 0x32, 0x0a, 0x32, 0x09, 0x32, 0x09, 0x32, 0x09, 0x32, 0x09, 0x32, 0x09, 0x32,
  0x09, 0x32, 0xea, 0x29, 0x09, 0x32, 0xea, 0x29, 0x09, 0x32, 0x09, 0x32, 0x09, 0x32, 0x09, 0x32, 0x0a, 0x32, 0x0a, 0x32, 0x09, 0x32, 0x0a, 0x32,
  0x88, 0x52, 0x68, 0x52, 0x68, 0x52, 0x68, 0x52, 0x68, 0x52, 0x68, 0x52, 0x68, 0x52, 0x68, 0x52, 0x88, 0x52, 0x88, 0x52, 0x68, 0x52, 0x88, 0x52,
  0x88, 0x52, 0x88, 0x52, 0x88, 0x52, 0x88, 0x52, 0x68, 0x52, 0x68, 0x52, 0x88, 0x52, 0x68, 0x52, 0x88, 0x52, 0x88, 0x52, 0x88, 0x52, 0x68, 0x52,
  0x68, 0x52, 0x88, 0x52, 0x68, 0x52, 0x88, 0x52, 0x88, 0x52, 0x88, 0x52, 0x88, 0x52, 0x88, 0x52, 0x88, 0x52, 0x68, 0x52, 0x68, 0x52, 0x68, 0x52,
  0x68, 0x52, 0x68, 0x52, 0x88, 0x52, 0x68, 0x52, 0x68, 0x52, 0x88, 0x52, 0x68, 0x52, 0x68, 0x52, 0x68, 0x52, 0x68, 0x52, 0x68, 0x52, 0x68, 0x52,
  0x68, 0x52, 0x68, 0x52, 0xa6, 0x64, 0xa7, 0x75, 0xa8, 0x86, 0xe8, 0x86, 0xc8, 0x86, 0xa8, 0x86, 0xc8, 0x86, 0xc8, 0x86, 0xc8, 0x86, 0xc8, 0x86,
  0xc8, 0x86, 0xc8, 0x86, 0xa8, 0x86, 0xc8, 0x86, 0xe8, 0x86, 0xc8, 0x86, 0x66, 0x6d, 0xc4, 0x4b, 0x20, 0x00, 0x00, 0x00, 0x20, 0x00, 0x20, 0x00,
  0x00, 0x00, 0x00, 0x00, 0x00, 0x00, 0x20, 0x00, 0x40, 0x00, 0x00, 0x00, 0xe0, 0x10, 0x41, 0x2a, 0x66, 0x65, 0x27, 0x76, 0xc8, 0x7e, 0xa8, 0x86,
  0xa8, 0x86, 0xa8, 0x86, 0xa8, 0x86, 0xa8, 0x86, 0xa8, 0x7e, 0xa8, 0x86, 0xc8, 0x7e, 0xc8, 0x7e, 0x46, 0x65, 0x63, 0x43, 0x81, 0x19, 0x20, 0x00,
  0x20, 0x00, 0x20, 0x00, 0x00, 0x00, 0x00, 0x00, 0x00, 0x00, 0x00, 0x00, 0x00, 0x00, 0x00, 0x00, 0x00, 0x00, 0x00, 0x00, 0x00, 0x00, 0x00, 0x00,
  0x00, 0x00, 0x00, 0x00, 0x00, 0x00, 0x00, 0x00, 0x00, 0x00, 0x00, 0x00, 0x00, 0x00, 0x20, 0x00, 0x00, 0x00, 0x80, 0x08, 0x41, 0x11, 0x44, 0x54,
  0xa6, 0x6d, 0xc8, 0x86, 0xc8, 0x86, 0xc8, 0x7e, 0xa8, 0x7e, 0xa8, 0x86, 0xc8, 0x7e, 0xa8, 0x7e, 0xa7, 0x7e, 0xa8, 0x86, 0xa8, 0x86, 0xe6, 0x75,
  0x04, 0x4c, 0x01, 0x22, 0x20, 0x00, 0x20, 0x00, 0x60, 0x00, 0x00, 0x00, 0x00, 0x00, 0x00, 0x00, 0x00, 0x00, 0x00, 0x00, 0x20, 0x00, 0x00, 0x00,
  0x60, 0x00, 0x20, 0x11, 0x64, 0x54, 0xc6, 0x6d, 0xc8, 0x86, 0xc8, 0x86, 0xc8, 0x86, 0xa8, 0x7e, 0xa8, 0x86, 0xa8, 0x86, 0xa8, 0x86, 0xa8, 0x86,
  0xa8, 0x86, 0xa8, 0x86, 0xa8, 0x86, 0xa8, 0x86, 0xa8, 0x86, 0xa8, 0x86, 0xa8, 0x86, 0xa8, 0x86, 0xa8, 0x86, 0xc8, 0x86, 0xa8, 0x86, 0xa8, 0x7e,
  0x87, 0x7e, 0x87, 0x7e, 0x67, 0x7e, 0x47, 0x7e, 0x47, 0x7e, 0x07, 0x76, 0xc7, 0x6d, 0x86, 0x6d, 0x46, 0x65, 0xe5, 0x5c, 0xa5, 0x5c, 0x24, 0x4c,
  0x83, 0x43, 0xe3, 0x32, 0xa1, 0x21, 0x61, 0x19, 0x00, 0x11, 0x40, 0x00, 0x20, 0x00, 0x40, 0x00, 0x00, 0x00, 0x20, 0x00, 0x20, 0x00, 0x00, 0x00,
  0x00, 0x00, 0x00, 0x00, 0x00, 0x00, 0x00, 0x00, 0x00, 0x00, 0x00, 0x00, 0x00, 0x00, 0x00, 0x00, 0x00, 0x00, 0x00, 0x00, 0x00, 0x00, 0x00, 0x00,
  0x00, 0x00, 0x00, 0x00, 0x00, 0x00, 0x00, 0x00, 0x00, 0x00, 0x80, 0x00, 0x40, 0x00, 0x20, 0x00, 0x03, 0x3b, 0xe5, 0x5c, 0xa8, 0x86, 0xe8, 0x86,
  0xc8, 0x86, 0xa8, 0x86, 0xc8, 0x86, 0xc8, 0x86, 0xc8, 0x86, 0xc8, 0x86, 0xc8, 0x86, 0xc8, 0x86, 0xa8, 0x86, 0xc8, 0x86, 0xc8, 0x86, 0xa8, 0x86,
  0x87, 0x7e, 0x67, 0x7e, 0xe9, 0x31, 0x09, 0x32, 0xe9, 0x31, 0x09, 0x32, 0x09, 0x32, 0x09, 0x32, 0xe9, 0x31, 0x09, 0x32, 0x09, 0x32, 0x09, 0x32,
  0xe9, 0x31, 0x09, 0x32, 0xe9, 0x31, 0x09, 0x32, 0xe9, 0x31, 0x09, 0x32, 0x09, 0x32, 0xe9, 0x31, 0x09, 0x32, 0x09, 0x32, 0x09, 0x32, 0x09, 0x32,
  0x09, 0x32, 0x09, 0x32, 0x09, 0x32, 0xe9, 0x31, 0x09, 0x32, 0x09, 0x32, 0xe9, 0x31, 0xe9, 0x31, 0x0a, 0x32, 0x0a, 0x32, 0xe9, 0x31, 0x09, 0x2a,
  0x09, 0x32, 0x09, 0x32, 0x09, 0x32, 0x09, 0x32, 0x09, 0x32, 0x09, 0x32, 0x0a, 0x32, 0x09, 0x32, 0x09, 0x32, 0x09, 0x32, 0x0a, 0x32, 0x0a, 0x32,
  0x68, 0x52, 0x68, 0x52, 0x88, 0x52, 0x68, 0x52, 0x88, 0x52, 0x68, 0x52, 0x68, 0x52, 0x68, 0x52, 0x68, 0x52, 0x88, 0x52, 0x68, 0x52, 0x68, 0x52,
  0x68, 0x52, 0x68, 0x52, 0x68, 0x52, 0x68, 0x52, 0x68, 0x52, 0x68, 0x52, 0x68, 0x52, 0x68, 0x52, 0x68, 0x52, 0x88, 0x52, 0x68, 0x52, 0x88, 0x52,
  0x68, 0x52, 0x68, 0x52, 0x88, 0x52, 0x68, 0x52, 0x68, 0x52, 0x68, 0x52, 0x68, 0x52, 0x68, 0x52, 0x68, 0x52, 0x68, 0x52, 0x68, 0x52, 0x88, 0x52,
  0x68, 0x52, 0x68, 0x52, 0x68, 0x52, 0x68, 0x52, 0x68, 0x52, 0x68, 0x52, 0x68, 0x52, 0x68, 0x52, 0x68, 0x52, 0x68, 0x52, 0x88, 0x52, 0x68, 0x52,
  0x68, 0x52, 0x68, 0x52, 0x86, 0x64, 0xa7, 0x75, 0xa8, 0x86, 0xe8, 0x86, 0xc8, 0x86, 0xa8, 0x86, 0xc8, 0x86, 0xc8, 0x86, 0xa8, 0x86, 0xa8, 0x86,
  0xc8, 0x7e, 0xc8, 0x86, 0xa8, 0x7e, 0xc8, 0x86, 0xe8, 0x86, 0xc8, 0x86, 0x66, 0x65, 0xc4, 0x4b, 0x40, 0x00, 0x00, 0x00, 0x20, 0x00, 0x00, 0x00,
  0x00, 0x00, 0x00, 0x00, 0x00, 0x00, 0x20, 0x00, 0x40, 0x00, 0x00, 0x00, 0x00, 0x11, 0x42, 0x2a, 0x86, 0x6d, 0x67, 0x7e, 0xe8, 0x86, 0xe8, 0x86,
  0xe8, 0x86, 0xc8, 0x86, 0xe8, 0x86, 0xe8, 0x86, 0xe8, 0x86, 0xc8, 0x86, 0xe8, 0x86, 0xc8, 0x86, 0x66, 0x65, 0x63, 0x43, 0xa1, 0x19, 0x00, 0x00,
  0x20, 0x00, 0x40, 0x00, 0x00, 0x00, 0x00, 0x00, 0x00, 0x00, 0x00, 0x00, 0x00, 0x00, 0x00, 0x00, 0x00, 0x00, 0x00, 0x00, 0x00, 0x00, 0x00, 0x00,
  0x00, 0x00, 0x00, 0x00, 0x00, 0x00, 0x00, 0x00, 0x00, 0x00, 0x00, 0x00, 0x00, 0x00, 0x20, 0x00, 0x00, 0x00, 0x80, 0x00, 0x20, 0x11, 0x85, 0x54,
  0xe7, 0x75, 0xe8, 0x86, 0xe8, 0x86, 0xe8, 0x86, 0xc8, 0x86, 0xe8, 0x86, 0xc8, 0x86, 0xc8, 0x86, 0xe8, 0x86, 0xe8, 0x86, 0xe8, 0x86, 0x27, 0x76,
  0x24, 0x4c, 0x22, 0x2a, 0x20, 0x00, 0x20, 0x00, 0x60, 0x00, 0x00, 0x00, 0x00, 0x00, 0x00, 0x00, 0x00, 0x00, 0x20, 0x00, 0x20, 0x00, 0x00, 0x00,
  0x60, 0x00, 0x21, 0x11, 0x85, 0x54, 0xc7, 0x75, 0x08, 0x87, 0xe8, 0x86, 0xe8, 0x86, 0xc8, 0x86, 0xe8, 0x86, 0xe8, 0x86, 0xe8, 0x86, 0xe8, 0x86,
  0xe8, 0x86, 0xe8, 0x86, 0xe8, 0x86, 0xe8, 0x86, 0xe8, 0x86, 0xe8, 0x86, 0xe8, 0x86, 0xe8, 0x86, 0xe8, 0x86, 0xe8, 0x86, 0xe8, 0x86, 0xc8, 0x86,
  0xe8, 0x86, 0xe8, 0x86, 0xc8, 0x86, 0xc8, 0x86, 0xc8, 0x86, 0xc8, 0x86, 0xc8, 0x86, 0xc8, 0x86, 0xc8, 0x7e, 0xa8, 0x7e, 0x87, 0x7e, 0xe6, 0x75,
  0x86, 0x6d, 0xc5, 0x5c, 0x83, 0x43, 0x03, 0x3b, 0x62, 0x2a, 0xe0, 0x08, 0x60, 0x08, 0x20, 0x00, 0x20, 0x00, 0x40, 0x00, 0x60, 0x00, 0x00, 0x00,
  0x00, 0x00, 0x00, 0x00, 0x00, 0x00, 0x00, 0x00, 0x00, 0x00, 0x00, 0x00, 0x00, 0x00, 0x00, 0x00, 0x00, 0x00, 0x00, 0x00, 0x00, 0x00, 0x00, 0x00,
  0x00, 0x00, 0x00, 0x00, 0x00, 0x00, 0x00, 0x00, 0x00, 0x00, 0x80, 0x00, 0x40, 0x00, 0x20, 0x00, 0xe2, 0x32, 0xe5, 0x5c, 0xa8, 0x7e, 0xe8, 0x86,
  0xc8, 0x86, 0xa8, 0x86, 0xc8, 0x86, 0xc8, 0x86, 0xa8, 0x86, 0xa8, 0x86, 0xa8, 0x86, 0xa8, 0x86, 0xa8, 0x86, 0xc8, 0x86, 0xc8, 0x86, 0xa8, 0x86,
  0x87, 0x7e, 0x67, 0x7e, 0xe9, 0x31, 0xe9, 0x31, 0xe9, 0x31, 0xe9, 0x31, 0x09, 0x32, 0x09, 0x32, 0x09, 0x32, 0xe9, 0x31, 0x09, 0x32, 0xe9, 0x31,
  0xe9, 0x31, 0xe9, 0x31, 0xe9, 0x31, 0xe9, 0x31, 0xe9, 0x31, 0xe9, 0x31, 0xe9, 0x31, 0x09, 0x32, 0x09, 0x32, 0xe9, 0x31, 0x09, 0x32, 0x09, 0x32,
  0x09, 0x32, 0x09, 0x32, 0x09, 0x32, 0x09, 0x32, 0xe9, 0x31, 0x09, 0x32, 0xe9, 0x31, 0x09, 0x32, 0x09, 0x32, 0xe9, 0x31, 0xe9, 0x31, 0x09, 0x32,
  0xea, 0x29, 0x09, 0x32, 0x09, 0x32, 0x09, 0x32, 0xe9, 0x29, 0xea, 0x29, 0x09, 0x32, 0x0a, 0x32, 0x0a, 0x32, 0x0a, 0x32, 0x0a, 0x32, 0x09, 0x32,
  0x68, 0x52, 0x68, 0x52, 0x68, 0x52, 0x68, 0x52, 0x68, 0x52, 0x68, 0x52, 0x68, 0x52, 0x68, 0x52, 0x68, 0x52, 0x68, 0x52, 0x68, 0x52, 0x88, 0x52,
  0x68, 0x52, 0x68, 0x52, 0x68, 0x52, 0x68, 0x52, 0x68, 0x52, 0x68, 0x52, 0x68, 0x52, 0x68, 0x52, 0x68, 0x52, 0x68, 0x52, 0x68, 0x52, 0x88, 0x52,
  0x68, 0x52, 0x68, 0x52, 0x68, 0x52, 0x68, 0x52, 0x68, 0x52, 0x68, 0x52, 0x68, 0x52, 0x68, 0x52, 0x68, 0x52, 0x68, 0x52, 0x68, 0x52, 0x68, 0x52,
  0x68, 0x52, 0x88, 0x52, 0x68, 0x52, 0x68, 0x52, 0x68, 0x52, 0x68, 0x52, 0x68, 0x52, 0x68, 0x52, 0x68, 0x52, 0x68, 0x52, 0x68, 0x52, 0x68, 0x52,
  0x68, 0x52, 0x68, 0x52, 0x86, 0x64, 0x87, 0x6d, 0xa8, 0x7e, 0xc8, 0x86, 0xc8, 0x7e, 0xa8, 0x86, 0xc8, 0x7e, 0xc8, 0x7e, 0xc8, 0x7e, 0xa8, 0x7e,
  0xc8, 0x7e, 0xc8, 0x7e, 0xa8, 0x7e, 0xc8, 0x86, 0xc8, 0x86, 0xc8, 0x86, 0x66, 0x65, 0xc4, 0x43, 0x40, 0x00, 0x00, 0x00, 0x20, 0x00, 0x00, 0x00,
  0x00, 0x00, 0x00, 0x00, 0x00, 0x00, 0x00, 0x00, 0x40, 0x00, 0x00, 0x00, 0x00, 0x11, 0x41, 0x2a, 0x66, 0x65, 0x27, 0x76, 0xc8, 0x86, 0xc8, 0x86,
  0xc8, 0x7e, 0xa8, 0x7e, 0xa8, 0x7e, 0xa8, 0x7e, 0xa8, 0x7e, 0xc8, 0x86, 0xc8, 0x86, 0xa8, 0x86, 0x46, 0x65, 0x63, 0x3b, 0x81, 0x19, 0x00, 0x00,
  0x20, 0x00, 0x20, 0x00, 0x00, 0x00, 0x00, 0x00, 0x00, 0x00, 0x00, 0x00, 0x00, 0x00, 0x00, 0x00, 0x00, 0x00, 0x00, 0x00, 0x00, 0x00, 0x00, 0x00,
  0x00, 0x00, 0x00, 0x00, 0x00, 0x00, 0x00, 0x00, 0x00, 0x00, 0x00, 0x00, 0x00, 0x00, 0x20, 0x00, 0x00, 0x00, 0x80, 0x08, 0x20, 0x11, 0x65, 0x54,
  0xa6, 0x6d, 0xc8, 0x86, 0xc8, 0x86, 0xa8, 0x86, 0xa8, 0x7e, 0xa8, 0x86, 0xa8, 0x86, 0xa8, 0x7e, 0xa8, 0x86, 0xc8, 0x86, 0xc8, 0x86, 0xe6, 0x75,
  0x04, 0x4c, 0x01, 0x22, 0x20, 0x00, 0x20, 0x00, 0x60, 0x00, 0x00, 0x00, 0x00, 0x00, 0x00, 0x00, 0x00, 0x00, 0x00, 0x00, 0x20, 0x00, 0x00, 0x00,
  0x60, 0x00, 0x21, 0x11, 0x64, 0x54, 0xc6, 0x6d, 0xc8, 0x86, 0xc8, 0x86, 0xa8, 0x86, 0x88, 0x7e, 0xa8, 0x86, 0xa8, 0x86, 0xa8, 0x86, 0xa8, 0x86,
  0xa8, 0x86, 0xa8, 0x86, 0xa8, 0x86, 0xa8, 0x86, 0xa8, 0x86, 0xa8, 0x86, 0xa8, 0x86, 0xa8, 0x86, 0xa8, 0x86, 0xa8, 0x86, 0xa8, 0x86, 0xa8, 0x86,
  0xa8, 0x86, 0xa8, 0x86, 0xc8, 0x86, 0xa8, 0x86, 0xc8, 0x7e, 0xc8, 0x86, 0xc8, 0x86, 0xe8, 0x86, 0xe8, 0x86, 0xe8, 0x86, 0xe8, 0x86, 0xc8, 0x86,
  0xc8, 0x86, 0xa8, 0x86, 0x67, 0x7e, 0x27, 0x76, 0xa6, 0x6d, 0x44, 0x54, 0x43, 0x3b, 0x42, 0x2a, 0x80, 0x08, 0x20, 0x00, 0x00, 0x00, 0x60, 0x00,
  0x40, 0x00, 0x20, 0x00, 0x00, 0x00, 0x00, 0x00, 0x00, 0x00, 0x00, 0x00, 0x00, 0x00, 0x00, 0x00, 0x00, 0x00, 0x00, 0x00, 0x00, 0x00, 0x00, 0x00,
  0x00, 0x00, 0x00, 0x00, 0x00, 0x00, 0x00, 0x00, 0x00, 0x00, 0x80, 0x00, 0x40, 0x00, 0x20, 0x00, 0xe3, 0x32, 0xe5, 0x5c, 0xa8, 0x7e, 0xc8, 0x86,
  0xc8, 0x7e, 0xa8, 0x7e, 0xc8, 0x7e, 0xc8, 0x7e, 0xc8, 0x7e, 0xc8, 0x7e, 0xc8, 0x7e, 0xc8, 0x7e, 0xa8, 0x7e, 0xc8, 0x7e, 0xc8, 0x7e, 0xa8, 0x86,
  0x87, 0x7e, 0x67, 0x7e, 0x09, 0x32, 0x09, 0x32, 0xe9, 0x31, 0xe9, 0x31, 0xe9, 0x31, 0xe9, 0x31, 0xe9, 0x31, 0x09, 0x32, 0xe9, 0x31, 0xe9, 0x31,
  0x09, 0x32, 0xe9, 0x31, 0xe9, 0x31, 0xe9, 0x31, 0xe9, 0x31, 0xe9, 0x31, 0x09, 0x32, 0xe9, 0x31, 0xe9, 0x31, 0x09, 0x32, 0x09, 0x32, 0x09, 0x32,
  0x09, 0x32, 0x09, 0x32, 0x09, 0x32, 0x09, 0x32, 0x09, 0x32, 0x09, 0x32, 0x09, 0x32, 0xe9, 0x31, 0xe9, 0x31, 0x09, 0x32, 0xe9, 0x31, 0x09, 0x32,
  0x09, 0x32, 0x09, 0x32, 0xea, 0x29, 0x09, 0x32, 0xea, 0x29, 0x09, 0x32, 0xea, 0x29, 0xea, 0x29, 0x09, 0x32, 0x0a, 0x32, 0x09, 0x32, 0x0a, 0x32,
  0x68, 0x52, 0x68, 0x52, 0x68, 0x52, 0x68, 0x52, 0x68, 0x52, 0x68, 0x52, 0x68, 0x52, 0x68, 0x52, 0x68, 0x52, 0x68, 0x52, 0x68, 0x52, 0x68, 0x52,
  0x68, 0x52, 0x68, 0x52, 0x68, 0x52, 0x68, 0x52, 0x68, 0x52, 0x68, 0x52, 0x68, 0x52, 0x68, 0x52, 0x68, 0x52, 0x88, 0x52, 0x68, 0x52, 0x68, 0x52,
  0x68, 0x52, 0x68, 0x52, 0x68, 0x52, 0x68, 0x52, 0x68, 0x52, 0x68, 0x52, 0x68, 0x52, 0x68, 0x52, 0x68, 0x52, 0x68, 0x52, 0x68, 0x52, 0x68, 0x52,
  0x68, 0x52, 0x68, 0x52, 0x68, 0x52, 0x68, 0x52, 0x68, 0x52, 0x68, 0x52, 0x68, 0x52, 0x68, 0x52, 0x68, 0x52, 0x68, 0x52, 0x68, 0x52, 0x68, 0x52,
  0x68, 0x52, 0x68, 0x52, 0x86, 0x64, 0x87, 0x6d, 0xa8, 0x7e, 0xc8, 0x86, 0xc8, 0x7e, 0xa8, 0x86, 0xa8, 0x86, 0xa8, 0x86, 0xa8, 0x86, 0xa8, 0x86,
  0xa8, 0x86, 0xa8, 0x86, 0x88, 0x7e, 0xc8, 0x7e, 0xc8, 0x86, 0xc8, 0x86, 0x66, 0x65, 0xc4, 0x4b, 0x20, 0x00, 0x00, 0x00, 0x20, 0x00, 0x00, 0x00,
  0x00, 0x00, 0x00, 0x00, 0x00, 0x00, 0x00, 0x00, 0x40, 0x00, 0x00, 0x00, 0xe0, 0x10, 0x41, 0x2a, 0x66, 0x65, 0x27, 0x76, 0xc8, 0x86, 0xc8, 0x7e,
  0xa8, 0x7e, 0xa8, 0x7e, 0xa8, 0x7e, 0xa8, 0x7e, 0xa8, 0x7e, 0xc8, 0x86, 0xc8, 0x86, 0xa8, 0x7e, 0x46, 0x65, 0x43, 0x3b, 0x80, 0x19, 0x00, 0x00,
  0x20, 0x00, 0x40, 0x00, 0x00, 0x00, 0x00, 0x00, 0x00, 0x00, 0x00, 0x00, 0x00, 0x00, 0x00, 0x00, 0x00, 0x00, 0x00, 0x00, 0x00, 0x00, 0x00, 0x00,
  0x00, 0x00, 0x00, 0x00, 0x00, 0x00, 0x00, 0x00, 0x00, 0x00, 0x00, 0x00, 0x00, 0x00, 0x20, 0x00, 0x00, 0x00, 0x80, 0x08, 0x20, 0x11, 0x65, 0x54,
  0xa7, 0x6d, 0xc8, 0x86, 0xc8, 0x86, 0xc8, 0x7e, 0xa8, 0x86, 0xa8, 0x7e, 0xa8, 0x7e, 0xa8, 0x7e, 0xa8, 0x7e, 0xc8, 0x7e, 0xc8, 0x86, 0xe6, 0x75,
  0x24, 0x4c, 0x01, 0x22, 0x20, 0x00, 0x20, 0x00, 0x60, 0x00, 0x00, 0x00, 0x00, 0x00, 0x00, 0x00, 0x00, 0x00, 0x00, 0x00, 0x20, 0x00, 0x00, 0x00,
  0x60, 0x00, 0x20, 0x11, 0x64, 0x54, 0xa6, 0x6d, 0xc8, 0x86, 0xc8, 0x86, 0xc8, 0x7e, 0xa8, 0x7e, 0xa8, 0x7e, 0xa8, 0x7e, 0xa8, 0x7e, 0xa8, 0x7e,
  0xa8, 0x7e, 0xa8, 0x7e, 0xa7, 0x7e, 0xa8, 0x7e, 0xa8, 0x7e, 0xa8, 0x7e, 0xa8, 0x7e, 0xa8, 0x7e, 0xa8, 0x7e, 0xa8, 0x7e, 0xa8, 0x7e, 0xa8, 0x7e,
  0xa8, 0x86, 0xa8, 0x86, 0xa8, 0x7e, 0xc8, 0x7e, 0xa8, 0x7e, 0xc8, 0x7e, 0xc8, 0x7e, 0xa8, 0x7e, 0xc8, 0x7e, 0xc8, 0x86, 0xc8, 0x86, 0xc8, 0x86,
  0xc8, 0x86, 0xc8, 0x86, 0xc8, 0x7e, 0x88, 0x7e, 0x67, 0x7e, 0xa6, 0x6d, 0x05, 0x5d, 0x44, 0x54, 0x62, 0x2a, 0x81, 0x19, 0xc0, 0x08, 0x40, 0x00,
  0x20, 0x00, 0x20, 0x00, 0x00, 0x00, 0x00, 0x00, 0x00, 0x00, 0x00, 0x00, 0x00, 0x00, 0x00, 0x00, 0x00, 0x00, 0x00, 0x00, 0x00, 0x00, 0x00, 0x00,
  0x00, 0x00, 0x00, 0x00, 0x00, 0x00, 0x00, 0x00, 0x00, 0x00, 0x80, 0x00, 0x40, 0x00, 0x20, 0x00, 0xe3, 0x32, 0xe5, 0x5c, 0x88, 0x7e, 0xc8, 0x86,
  0xc8, 0x7e, 0xa8, 0x7e, 0xa8, 0x86, 0xa8, 0x86, 0xa8, 0x86, 0xa8, 0x86, 0xa8, 0x86, 0xa8, 0x86, 0xa8, 0x86, 0xa8, 0x86, 0xa8, 0x86, 0xa8, 0x7e,
  0x87, 0x7e, 0x67, 0x7e, 0xe9, 0x31, 0x09, 0x32, 0xe9, 0x31, 0x09, 0x32, 0x09, 0x32, 0x09, 0x32, 0xe9, 0x31, 0x09, 0x32, 0x09, 0x32, 0x09, 0x32,
  0xe9, 0x31, 0xe9, 0x31, 0xe9, 0x31, 0x09, 0x32, 0xe9, 0x31, 0xe9, 0x31, 0xe9, 0x31, 0xe9, 0x31, 0x09, 0x32, 0x09, 0x32, 0xe9, 0x31, 0x09, 0x32,
  0x09, 0x32, 0x09, 0x32, 0x09, 0x32, 0x09, 0x32, 0x09, 0x32, 0x09, 0x32, 0x09, 0x32, 0x09, 0x32, 0xe9, 0x31, 0xe9, 0x31, 0xe9, 0x31, 0x09, 0x32,
  0xe9, 0x29, 0x09, 0x32, 0x09, 0x32, 0x09, 0x32, 0x09, 0x32, 0x09, 0x32, 0xea, 0x29, 0x09, 0x32, 0xe9, 0x29, 0x0a, 0x32, 0x0a, 0x32, 0xe9, 0x29,
  0x68, 0x52, 0x68, 0x52, 0x68, 0x52, 0x68, 0x52, 0x68, 0x52, 0x68, 0x52, 0x68, 0x52, 0x68, 0x52, 0x68, 0x52, 0x68, 0x52, 0x88, 0x52, 0x68, 0x52,
  0x68, 0x52, 0x68, 0x52, 0x88, 0x52, 0x68, 0x52, 0x68, 0x52, 0x68, 0x52, 0x88, 0x52, 0x68, 0x52, 0x68, 0x52, 0x88, 0x52, 0x68, 0x52, 0x68, 0x52,
  0x88, 0x52, 0x68, 0x52, 0x68, 0x52, 0x68, 0x52, 0x68, 0x52, 0x68, 0x52, 0x68, 0x52, 0x68, 0x52, 0x68, 0x52, 0x68, 0x52, 0x68, 0x52, 0x68, 0x52,
  0x68, 0x52, 0x88, 0x52, 0x68, 0x52, 0x68, 0x52, 0x68, 0x52, 0x88, 0x52, 0x68, 0x52, 0x68, 0x52, 0x68, 0x52, 0x68, 0x52, 0x68, 0x52, 0x68, 0x52,
  0x68, 0x52, 0x68, 0x52, 0x86, 0x64, 0x87, 0x6d, 0x88, 0x7e, 0xc8, 0x86, 0xc8, 0x7e, 0xa8, 0x7e, 0xa8, 0x7e, 0xa8, 0x7e, 0xa8, 0x7e, 0xa8, 0x86,
  0xa7, 0x7e, 0xa8, 0x7e, 0x88, 0x7e, 0xa8, 0x7e, 0xc8, 0x86, 0xc8, 0x7e, 0x46, 0x65, 0xc3, 0x43, 0x20, 0x00, 0x00, 0x00, 0x20, 0x00, 0x00, 0x00,
  0x00, 0x00, 0x00, 0x00, 0x00, 0x00, 0x00, 0x00, 0x40, 0x00, 0x00, 0x00, 0xe0, 0x10, 0x41, 0x2a, 0x66, 0x65, 0x27, 0x76, 0xc8, 0x86, 0xa8, 0x7e,
  0xa8, 0x86, 0xa8, 0x7e, 0xa8, 0x7e, 0xa8, 0x7e, 0xa8, 0x7e, 0xc8, 0x86, 0xc8, 0x86, 0xa8, 0x7e, 0x26, 0x65, 0x43, 0x3b, 0x81, 0x19, 0x00, 0x00,
  0x20, 0x00, 0x40, 0x00, 0x00, 0x00, 0x00, 0x00, 0x00, 0x00, 0x00, 0x00, 0x00, 0x00, 0x00, 0x00, 0x00, 0x00, 0x00, 0x00, 0x00, 0x00, 0x00, 0x00,
  0x00, 0x00, 0x00, 0x00, 0x00, 0x00, 0x00, 0x00, 0x00, 0x00, 0x00, 0x00, 0x00, 0x00, 0x20, 0x00, 0x00, 0x00, 0x80, 0x08, 0x20, 0x11, 0x65, 0x54,
  0xa6, 0x6d, 0xc8, 0x86, 0xc8, 0x86, 0xc8, 0x7e, 0xa8, 0x7e, 0xa8, 0x7e, 0xa8, 0x7e, 0xa8, 0x7e, 0xa8, 0x7e, 0xc7, 0x7e, 0xc8, 0x7e, 0xe6, 0x75,
  0x04, 0x4c, 0x22, 0x22, 0x00, 0x00, 0x20, 0x00, 0x60, 0x00, 0x00, 0x00, 0x00, 0x00, 0x00, 0x00, 0x00, 0x00, 0x00, 0x00, 0x20, 0x00, 0x00, 0x00,
  0x60, 0x00, 0x20, 0x11, 0x64, 0x54, 0xa6, 0x6d, 0xc8, 0x86, 0xc8, 0x86, 0xc8, 0x7e, 0xa7, 0x7e, 0xa8, 0x7e, 0xa8, 0x7e, 0xa8, 0x7e, 0xa8, 0x7e,
  0xa8, 0x7e, 0xa8, 0x7e, 0xa8, 0x7e, 0xa8, 0x7e, 0xa8, 0x7e, 0x87, 0x7e, 0xa8, 0x7e, 0xa7, 0x7e, 0xa8, 0x7e, 0xa8, 0x7e, 0xa8, 0x7e, 0xa8, 0x7e,
  0xa7, 0x7e, 0xa8, 0x7e, 0xa8, 0x7e, 0xa7, 0x7e, 0xa8, 0x7e, 0xa8, 0x7e, 0xa8, 0x7e, 0xa7, 0x7e, 0xa7, 0x7e, 0xa8, 0x7e, 0xa8, 0x7e, 0xa8, 0x7e,
  0xc8, 0x7e, 0xc8, 0x7e, 0xc8, 0x86, 0xc8, 0x86, 0xc8, 0x86, 0xc8, 0x86, 0x87, 0x7e, 0x07, 0x76, 0x85, 0x54, 0x23, 0x3b, 0xc1, 0x21, 0x40, 0x00,
  0x20, 0x00, 0x20, 0x00, 0x20, 0x00, 0x00, 0x00, 0x00, 0x00, 0x00, 0x00, 0x00, 0x00, 0x00, 0x00, 0x00, 0x00, 0x00, 0x00, 0x00, 0x00, 0x00, 0x00,
  0x00, 0x00, 0x00, 0x00, 0x00, 0x00, 0x00, 0x00, 0x00, 0x00, 0x60, 0x00, 0x40, 0x00, 0x20, 0x00, 0xe3, 0x32, 0xe5, 0x5c, 0x88, 0x7e, 0xc8, 0x86,
  0xc8, 0x7e, 0xa8, 0x7e, 0xa8, 0x7e, 0xa7, 0x7e, 0xa8, 0x7e, 0xa8, 0x7e, 0xa8, 0x7e, 0xa8, 0x7e, 0xa8, 0x7e, 0xa8, 0x7e, 0xa8, 0x7e, 0xa7, 0x7e,
  0x88, 0x7e, 0x47, 0x7e, 0xe9, 0x31, 0xe9, 0x31, 0x09, 0x32, 0xe9, 0x31, 0x09, 0x32, 0x09, 0x32, 0xe9, 0x31, 0x09, 0x32, 0xe9, 0x31, 0xe9, 0x31,
  0xe9, 0x31, 0xe9, 0x31, 0xe9, 0x31, 0xe9, 0x31, 0xe9, 0x31, 0xe9, 0x31, 0xe9, 0x31, 0x09, 0x32, 0xe9, 0x31, 0xe9, 0x31, 0x09, 0x32, 0x09, 0x32,
  0x09, 0x32, 0x09, 0x32, 0x09, 0x32, 0x09, 0x32, 0x09, 0x32, 0x09, 0x32, 0x09, 0x32, 0x09, 0x32, 0xe9, 0x31, 0xe9, 0x31, 0xe9, 0x31, 0xe9, 0x31,
  0x09, 0x32, 0xe9, 0x31, 0x09, 0x32, 0xea, 0x29, 0xe9, 0x29, 0xea, 0x29, 0xea, 0x29, 0xea, 0x31, 0xea, 0x29, 0x09, 0x32, 0x09, 0x32, 0x0a, 0x32,
  0x68, 0x52, 0x68, 0x52, 0x68, 0x52, 0x68, 0x52, 0x68, 0x52, 0x68, 0x52, 0x68, 0x52, 0x68, 0x52, 0x68, 0x52, 0x68, 0x52, 0x68, 0x52, 0x68, 0x52,
  0x68, 0x52, 0x88, 0x52, 0x68, 0x52, 0x68, 0x52, 0x68, 0x52, 0x68, 0x52, 0x68, 0x52, 0x68, 0x52, 0x88, 0x52, 0x68, 0x52, 0x88, 0x52, 0x68, 0x52,
  0x68, 0x52, 0x68, 0x52, 0x68, 0x52, 0x68, 0x52, 0x88, 0x52, 0x68, 0x52, 0x68, 0x52, 0x68, 0x52, 0x88, 0x52, 0x68, 0x52, 0x88, 0x52, 0x88, 0x52,
  0x68, 0x52, 0x68, 0x52, 0x68, 0x52, 0x68, 0x52, 0x68, 0x52, 0x68, 0x52, 0x68, 0x52, 0x68, 0x52, 0x68, 0x52, 0x68, 0x52, 0x68, 0x52, 0x68, 0x52,
  0x68, 0x52, 0x68, 0x52, 0x86, 0x64, 0x87, 0x6d, 0x88, 0x7e, 0xc8, 0x7e, 0xa8, 0x7e, 0xa7, 0x7e, 0xa8, 0x7e, 0x88, 0x7e, 0xa8, 0x7e, 0xa8, 0x7e,
  0xa8, 0x7e, 0xa8, 0x7e, 0xa7, 0x7e, 0xa8, 0x7e, 0xc8, 0x86, 0xc8, 0x7e, 0x46, 0x65, 0xa3, 0x43, 0x40, 0x00, 0x00, 0x00, 0x20, 0x00, 0x00, 0x00,
  0x00, 0x00, 0x00, 0x00, 0x00, 0x00, 0x00, 0x00, 0x40, 0x00, 0x00, 0x00, 0xe0, 0x10, 0x41, 0x2a, 0x46, 0x65, 0x27, 0x76, 0xc8, 0x86, 0xc8, 0x7e,
  0xa8, 0x7e, 0x88, 0x7e, 0xa8, 0x7e, 0x88, 0x7e, 0x88, 0x7e, 0xc8, 0x7e, 0xc8, 0x7e, 0xa8, 0x7e, 0x26, 0x65, 0x43, 0x3b, 0x80, 0x19, 0x00, 0x00,
  0x20, 0x00, 0x40, 0x00, 0x00, 0x00, 0x00, 0x00, 0x00, 0x00, 0x00, 0x00, 0x00, 0x00, 0x00, 0x00, 0x00, 0x00, 0x00, 0x00, 0x00, 0x00, 0x00, 0x00,
  0x00, 0x00, 0x00, 0x00, 0x00, 0x00, 0x00, 0x00, 0x00, 0x00, 0x00, 0x00, 0x00, 0x00, 0x20, 0x00, 0x00, 0x00, 0x80, 0x08, 0x20, 0x11, 0x64, 0x54,
  0xa6, 0x6d, 0xc8, 0x7e, 0xc8, 0x7e, 0xa8, 0x7e, 0xa8, 0x7e, 0xa8, 0x7e, 0xa8, 0x7e, 0xa8, 0x7e, 0xa7, 0x7e, 0xc8, 0x7e, 0xc8, 0x86, 0xe7, 0x75,
  0x04, 0x4c, 0x01, 0x22, 0x20, 0x00, 0x20, 0x00, 0x60, 0x00, 0x00, 0x00, 0x00, 0x00, 0x00, 0x00, 0x00, 0x00, 0x00, 0x00, 0x20, 0x00, 0x00, 0x00,
  0x60, 0x00, 0x00, 0x11, 0x64, 0x54, 0xa7, 0x6d, 0xc8, 0x86, 0xc8, 0x7e, 0xc8, 0x7e, 0x88, 0x7e, 0xa7, 0x7e, 0xa8, 0x7e, 0xa8, 0x7e, 0xa8, 0x7e,
  0x87, 0x7e, 0xa8, 0x7e, 0xa8, 0x7e, 0xa8, 0x7e, 0xc8, 0x7e, 0xc8, 0x86, 0xc7, 0x86, 0xc8, 0x86, 0xc8, 0x86, 0xc8, 0x86, 0xc8, 0x7e, 0xc8, 0x7e,
  0xa8, 0x7e, 0xc8, 0x7e, 0xc8, 0x7e, 0xa8, 0x7e, 0xa8, 0x86, 0x87, 0x7e, 0x88, 0x7e, 0x88, 0x7e, 0xa7, 0x7e, 0xa8, 0x7e, 0xa8, 0x86, 0xa8, 0x7e,
  0x88, 0x7e, 0x88, 0x7e, 0x87, 0x7e, 0xa8, 0x7e, 0xa8, 0x7e, 0xc8, 0x7e, 0xc8, 0x86, 0xc8, 0x86, 0x88, 0x7e, 0xe6, 0x75, 0x25, 0x65, 0xc3, 0x32,
  0x60, 0x11, 0x00, 0x00, 0x40, 0x00, 0x20, 0x00, 0x20, 0x00, 0x00, 0x00, 0x00, 0x00, 0x00, 0x00, 0x00, 0x00, 0x00, 0x00, 0x00, 0x00, 0x00, 0x00,
  0x00, 0x00, 0x00, 0x00, 0x00, 0x00, 0x00, 0x00, 0x00, 0x00, 0x80, 0x00, 0x40, 0x00, 0x20, 0x00, 0xe3, 0x32, 0xc5, 0x5c, 0x87, 0x7e, 0xc8, 0x86,
  0xa8, 0x7e, 0xa8, 0x7e, 0xa8, 0x7e, 0xa8, 0x7e, 0xa8, 0x7e, 0xa8, 0x7e, 0xa8, 0x7e, 0xa8, 0x7e, 0xa8, 0x7e, 0xa8, 0x86, 0xa8, 0x7e, 0xa8, 0x7e,
  0x67, 0x7e, 0x47, 0x7e, 0xe9, 0x31, 0xe9, 0x31, 0xe9, 0x31, 0x09, 0x32, 0xe9, 0x31, 0xe9, 0x31, 0xe9, 0x31, 0xe9, 0x31, 0x09, 0x32, 0xe9, 0x31,
  0xe9, 0x31, 0xe9, 0x31, 0xe9, 0x31, 0xe9, 0x31, 0x09, 0x32, 0xe9, 0x31, 0x09, 0x32, 0xe9, 0x31, 0xe9, 0x31, 0xe9, 0x31, 0xe9, 0x31, 0x09, 0x32,
  0x09, 0x32, 0x09, 0x32, 0x09, 0x32, 0x09, 0x32, 0x09, 0x32, 0x09, 0x32, 0xea, 0x31, 0xe9, 0x31, 0xe9, 0x31, 0xe9, 0x31, 0x0a, 0x32, 0x09, 0x32,
  0xe9, 0x31, 0x09, 0x32, 0xe9, 0x31, 0xe9, 0x31, 0x09, 0x32, 0x09, 0x32, 0x09, 0x32, 0xea, 0x29, 0x09, 0x32, 0xe9, 0x29, 0x09, 0x32, 0xea, 0x29,
  0x88, 0x52, 0x68, 0x52, 0x68, 0x52, 0x68, 0x52, 0x68, 0x52, 0x68, 0x52, 0x68, 0x52, 0x68, 0x52, 0x68, 0x52, 0x68, 0x52, 0x68, 0x52, 0x68, 0x52,
  0x68, 0x52, 0x68, 0x52, 0x68, 0x52, 0x68, 0x52, 0x68, 0x52, 0x68, 0x52, 0x88, 0x52, 0x68, 0x52, 0x68, 0x52, 0x68, 0x52, 0x68, 0x52, 0x68, 0x52,
  0x68, 0x52, 0x68, 0x52, 0x68, 0x52, 0x68, 0x52, 0x68, 0x52, 0x68, 0x52, 0x68, 0x52, 0x68, 0x52, 0x68, 0x52, 0x68, 0x52, 0x68, 0x52, 0x68, 0x52,
  0x68, 0x52, 0x68, 0x52, 0x68, 0x52, 0x68, 0x52, 0x88, 0x52, 0x68, 0x52, 0x68, 0x52, 0x68, 0x52, 0x88, 0x52, 0x68, 0x52, 0x68, 0x52, 0x68, 0x52,
  0x68, 0x52, 0x68, 0x52, 0x87, 0x64, 0x87, 0x6d, 0x88, 0x7e, 0xc7, 0x7e, 0xa8, 0x7e, 0x88, 0x7e, 0xa7, 0x7e, 0xa7, 0x86, 0xa7, 0x7e, 0xa7, 0x86,
  0xa7, 0x7e, 0xa7, 0x7e, 0x87, 0x7e, 0xa7, 0x7e, 0xc7, 0x7e, 0xa8, 0x7e, 0x45, 0x65, 0xa4, 0x43, 0x40, 0x00, 0x00, 0x00, 0x20, 0x00, 0x00, 0x00,
  0x00, 0x00, 0x00, 0x00, 0x00, 0x00, 0x00, 0x00, 0x40, 0x00, 0x00, 0x00, 0xe0, 0x10, 0x41, 0x2a, 0x46, 0x65, 0x27, 0x76, 0xc7, 0x7e, 0xa8, 0x7e,
  0xa7, 0x7e, 0x88, 0x7e, 0xa7, 0x7e, 0x88, 0x7e, 0x88, 0x7e, 0xc8, 0x7e, 0xc8, 0x86, 0xa7, 0x7e, 0x45, 0x65, 0x43, 0x3b, 0x61, 0x19, 0x00, 0x00,
  0x20, 0x00, 0x40, 0x00, 0x00, 0x00, 0x00, 0x00, 0x00, 0x00, 0x00, 0x00, 0x00, 0x00, 0x00, 0x00, 0x00, 0x00, 0x00, 0x00, 0x00, 0x00, 0x00, 0x00,
  0x00, 0x00, 0x00, 0x00, 0x00, 0x00, 0x00, 0x00, 0x00, 0x00, 0x00, 0x00, 0x00, 0x00, 0x20, 0x00, 0x00, 0x00, 0x80, 0x08, 0x20, 0x11, 0x64, 0x54,
  0xa6, 0x6d, 0xc7, 0x7e, 0xa8, 0x86, 0xa8, 0x86, 0x88, 0x7e, 0xa7, 0x7e, 0xa8, 0x7e, 0xa7, 0x7e, 0xa7, 0x7e, 0xa8, 0x7e, 0xa8, 0x86, 0xe6, 0x6d,
  0x04, 0x4c, 0x01, 0x22, 0x20, 0x00, 0x20, 0x00, 0x60, 0x00, 0x00, 0x00, 0x00, 0x00, 0x00, 0x00, 0x00, 0x00, 0x00, 0x00, 0x20, 0x00, 0x00, 0x00,
  0x60, 0x00, 0x20, 0x11, 0x64, 0x54, 0xa6, 0x6d, 0xc7, 0x86, 0xc8, 0x7e, 0xa8, 0x7e, 0x88, 0x7e, 0xa7, 0x7e, 0xa7, 0x86, 0xa7, 0x7e, 0xa7, 0x7e,
  0xa8, 0x86, 0xa8, 0x7e, 0xa8, 0x86, 0xa8, 0x86, 0xa8, 0x7e, 0xc8, 0x7e, 0xa8, 0x86, 0xc8, 0x7e, 0xa8, 0x7e, 0xc8, 0x86, 0xc8, 0x86, 0xc8, 0x7e,
  0xc8, 0x86, 0xc8, 0x7e, 0xa8, 0x86, 0xc8, 0x7e, 0xa8, 0x86, 0xc8, 0x86, 0xa8, 0x86, 0xa8, 0x7e, 0x88, 0x7e, 0x88, 0x7e, 0x87, 0x7e, 0xa8, 0x7e,
  0xa7, 0x7e, 0xa8, 0x86, 0x87, 0x7e, 0xa8, 0x7e, 0xa8, 0x7e, 0xa8, 0x7e, 0xc8, 0x7e, 0xc8, 0x86, 0xc8, 0x86, 0x67, 0x7e, 0x07, 0x76, 0x85, 0x54,
  0x03, 0x3b, 0x81, 0x19, 0x20, 0x00, 0x20, 0x00, 0x00, 0x00, 0x00, 0x00, 0x00, 0x00, 0x00, 0x00, 0x00, 0x00, 0x00, 0x00, 0x00, 0x00, 0x00, 0x00,
  0x00, 0x00, 0x00, 0x00, 0x00, 0x00, 0x00, 0x00, 0x00, 0x00, 0x80, 0x00, 0x40, 0x00, 0x20, 0x00, 0xe3, 0x32, 0xc5, 0x5c, 0x87, 0x7e, 0xc7, 0x86,
  0xa8, 0x7e, 0x88, 0x7e, 0xa7, 0x7e, 0xa7, 0x7e, 0xa7, 0x7e, 0xa7, 0x7e, 0xa7, 0x7e, 0xa7, 0x7e, 0xa7, 0x7e, 0x87, 0x7e, 0xa7, 0x7e, 0xa7, 0x7e,
  0x67, 0x7e, 0x47, 0x76, 0xe9, 0x31, 0xe9, 0x31, 0xe9, 0x31, 0xe9, 0x31, 0xe9, 0x31, 0xe9, 0x31, 0xe9, 0x31, 0xe9, 0x31, 0xe9, 0x31, 0xe9, 0x31,
  0xe9, 0x31, 0xe9, 0x31, 0xe9, 0x31, 0xe9, 0x31, 0xe9, 0x31, 0xe9, 0x31, 0xe9, 0x31, 0xe9, 0x31, 0x09, 0x32, 0xe9, 0x31, 0xe9, 0x31, 0xe9, 0x31,
  0x09, 0x32, 0xe9, 0x31, 0x09, 0x32, 0x09, 0x32, 0x09, 0x32, 0x09, 0x32, 0x09, 0x32, 0xea, 0x31, 0x09, 0x32, 0xe9, 0x31, 0xe9, 0x31, 0xe9, 0x31,
  0xe9, 0x31, 0x09, 0x32, 0xe9, 0x31, 0x09, 0x32, 0x09, 0x2a, 0xea, 0x29, 0xea, 0x29, 0x09, 0x32, 0xe9, 0x29, 0x09, 0x32, 0x0a, 0x32, 0x09, 0x32,
  0x68, 0x52, 0x68, 0x52, 0x88, 0x52, 0x68, 0x52, 0x88, 0x52, 0x68, 0x52, 0x68, 0x52, 0x88, 0x52, 0x68, 0x52, 0x68, 0x52, 0x68, 0x52, 0x68, 0x52,
  0x68, 0x52, 0x68, 0x52, 0x68, 0x52, 0x68, 0x52, 0x68, 0x52, 0x68, 0x52, 0x68, 0x52, 0x68, 0x52, 0x68, 0x52, 0x68, 0x52, 0x68, 0x52, 0x68, 0x52,
  0x68, 0x52, 0x68, 0x52, 0x68, 0x52, 0x68, 0x52, 0x68, 0x52, 0x68, 0x52, 0x68, 0x52, 0x88, 0x52, 0x68, 0x52, 0x68, 0x52, 0x88, 0x52, 0x68, 0x52,
  0x68, 0x52, 0x68, 0x52, 0x68, 0x52, 0x68, 0x52, 0x68, 0x52, 0x68, 0x52, 0x68, 0x52, 0x68, 0x52, 0x68, 0x52, 0x68, 0x52, 0x68, 0x52, 0x68, 0x52,
  0x68, 0x52, 0x68, 0x52, 0x86, 0x64, 0x87, 0x6d, 0x88, 0x7e, 0xc8, 0x7e, 0xa8, 0x7e, 0x88, 0x7e, 0xa8, 0x7e, 0x88, 0x7e, 0xa8, 0x86, 0x88, 0x7e,
  0xa8, 0x7e, 0x88, 0x7e, 0x87, 0x7e, 0xa8, 0x7e, 0xc8, 0x7e, 0xc8, 0x7e, 0x46, 0x65, 0xa4, 0x43, 0x40, 0x00, 0x00, 0x00, 0x20, 0x00, 0x00, 0x00,
  0x00, 0x00, 0x00, 0x00, 0x00, 0x00, 0x00, 0x00, 0x40, 0x00, 0x00, 0x00, 0xe0, 0x10, 0x41, 0x2a, 0x46, 0x65, 0x27, 0x76, 0xc8, 0x86, 0xa8, 0x7e,
  0xa8, 0x7e, 0x88, 0x7e, 0xa8, 0x7e, 0x88, 0x7e, 0x88, 0x7e, 0xc8, 0x7e, 0xc8, 0x7e, 0xa8, 0x7e, 0x26, 0x65, 0x43, 0x3b, 0x81, 0x19, 0x00, 0x00,
  0x20, 0x00, 0x40, 0x00, 0x00, 0x00, 0x00, 0x00, 0x00, 0x00, 0x00, 0x00, 0x00, 0x00, 0x00, 0x00, 0x00, 0x00, 0x00, 0x00, 0x00, 0x00, 0x00, 0x00,
  0x00, 0x00, 0x00, 0x00, 0x00, 0x00, 0x00, 0x00, 0x00, 0x00, 0x00, 0x00, 0x00, 0x00, 0x20, 0x00, 0x00, 0x00, 0x80, 0x08, 0x20, 0x11, 0x64, 0x54,
  0xa6, 0x6d, 0xc8, 0x7e, 0xc8, 0x7e, 0xa8, 0x7e, 0x88, 0x7e, 0xa8, 0x7e, 0xa8, 0x7e, 0xa8, 0x7e, 0xa8, 0x7e, 0xa8, 0x7e, 0xa8, 0x86, 0xe7, 0x6d,
  0x04, 0x4c, 0x01, 0x22, 0x20, 0x00, 0x20, 0x00, 0x60, 0x00, 0x00, 0x00, 0x00, 0x00, 0x00, 0x00, 0x00, 0x00, 0x00, 0x00, 0x20, 0x00, 0x00, 0x00,
  0x60, 0x00, 0x00, 0x11, 0x64, 0x54, 0xa6, 0x6d, 0xc8, 0x86, 0xc8, 0x7e, 0xa8, 0x7e, 0x88, 0x7e, 0xa8, 0x7e, 0xa8, 0x86, 0xa8, 0x7e, 0xa8, 0x7e,
  0xa7, 0x7e, 0xa8, 0x7e, 0x88, 0x7e, 0x88, 0x7e, 0x87, 0x7e, 0x87, 0x7e, 0x87, 0x7e, 0x88, 0x7e, 0x87, 0x7e, 0x87, 0x7e, 0x87, 0x7e, 0x87, 0x7e,
  0x87, 0x7e, 0x87, 0x7e, 0xa8, 0x7e, 0xa8, 0x86, 0xc8, 0x7e, 0xa8, 0x86, 0xc8, 0x7e, 0xa8, 0x86, 0x88, 0x7e, 0x88, 0x7e, 0xa8, 0x7e, 0xa7, 0x7e,
  0xa8, 0x7e, 0xa8, 0x7e, 0xa8, 0x86, 0xa8, 0x7e, 0xa8, 0x7e, 0x88, 0x7e, 0xa8, 0x7e, 0xa8, 0x7e, 0xc8, 0x7e, 0xc8, 0x86, 0xc7, 0x86, 0x27, 0x76,
  0xe5, 0x5c, 0x63, 0x43, 0x60, 0x00, 0x20, 0x00, 0x20, 0x00, 0x20, 0x00, 0x20, 0x00, 0x00, 0x00, 0x00, 0x00, 0x00, 0x00, 0x00, 0x00, 0x00, 0x00,
  0x00, 0x00, 0x00, 0x00, 0x00, 0x00, 0x00, 0x00, 0x00, 0x00, 0x80, 0x00, 0x20, 0x00, 0x20, 0x00, 0xe3, 0x32, 0xc5, 0x5c, 0x87, 0x7e, 0xc8, 0x86,
  0xa8, 0x7e, 0x87, 0x7e, 0xa8, 0x7e, 0xa8, 0x7e, 0xa8, 0x7e, 0xa8, 0x86, 0xa8, 0x7e, 0xa8, 0x7e, 0xa8, 0x7e, 0xa8, 0x86, 0xa8, 0x7e, 0xa8, 0x7e,
  0x67, 0x7e, 0x47, 0x7e, 0xe9, 0x31, 0xe9, 0x31, 0xe9, 0x31, 0xe9, 0x31, 0x09, 0x32, 0xe9, 0x31, 0x09, 0x32, 0xe9, 0x31, 0xe9, 0x31, 0xe9, 0x31,
  0xe9, 0x31, 0xe9, 0x31, 0xe9, 0x31, 0x09, 0x32, 0xe9, 0x31, 0xe9, 0x31, 0xe9, 0x31, 0xe9, 0x31, 0xe9, 0x31, 0x09, 0x32, 0xe9, 0x31, 0x09, 0x32,
  0xe9, 0x31, 0x09, 0x32, 0x09, 0x32, 0x09, 0x32, 0x09, 0x32, 0x09, 0x32, 0xe9, 0x31, 0x09, 0x32, 0xe9, 0x31, 0xe9, 0x31, 0x09, 0x32, 0xe9, 0x31,
  0x0a, 0x32, 0xe9, 0x31, 0x09, 0x32, 0xea, 0x29, 0xe9, 0x31, 0xe9, 0x31, 0xea, 0x29, 0xea, 0x29, 0x09, 0x32, 0xea, 0x29, 0xe9, 0x29, 0xea, 0x29,
  0x88, 0x52, 0x68, 0x52, 0x88, 0x52, 0x68, 0x52, 0x68, 0x52, 0x68, 0x52, 0x68, 0x52, 0x68, 0x52, 0x68, 0x52, 0x68, 0x52, 0x68, 0x52, 0x68, 0x52,
  0x68, 0x52, 0x68, 0x52, 0x68, 0x52, 0x68, 0x52, 0x68, 0x52, 0x68, 0x52, 0x68, 0x52, 0x68, 0x52, 0x68, 0x52, 0x68, 0x52, 0x68, 0x52, 0x68, 0x52,
  0x68, 0x52, 0x68, 0x52, 0x68, 0x52, 0x68, 0x52, 0x68, 0x52, 0x68, 0x52, 0x68, 0x52, 0x68, 0x52, 0x68, 0x52, 0x68, 0x52, 0x68, 0x52, 0x68, 0x52,
  0x68, 0x52, 0x68, 0x52, 0x68, 0x52, 0x68, 0x52, 0x68, 0x52, 0x68, 0x52, 0x68, 0x52, 0x68, 0x52, 0x68, 0x52, 0x68, 0x52, 0x68, 0x52, 0x68, 0x52,
  0x68, 0x52, 0x68, 0x52, 0x86, 0x64, 0x87, 0x6d, 0x88, 0x7e, 0xc8, 0x7e, 0xa8, 0x7e, 0x87, 0x7e, 0x88, 0x7e, 0xa7, 0x7e, 0x87, 0x7e, 0xa8, 0x7e,
  0xa7, 0x7e, 0xa8, 0x7e, 0x87, 0x7e, 0xa8, 0x7e, 0xc8, 0x7e, 0xa8, 0x7e, 0x45, 0x65, 0xa4, 0x43, 0x40, 0x00, 0x00, 0x00, 0x20, 0x00, 0x00, 0x00,
  0x00, 0x00, 0x00, 0x00, 0x00, 0x00, 0x00, 0x00, 0x40, 0x00, 0x00, 0x00, 0xe0, 0x10, 0x41, 0x2a, 0x46, 0x65, 0x27, 0x76, 0xc8, 0x7e, 0xa8, 0x7e,
  0xa7, 0x7e, 0x87, 0x7e, 0xa7, 0x7e, 0xa8, 0x7e, 0x87, 0x7e, 0xa8, 0x7e, 0xa8, 0x7e, 0x88, 0x7e, 0x25, 0x65, 0x43, 0x3b, 0x61, 0x19, 0x00, 0x00,
  0x20, 0x00, 0x20, 0x00, 0x00, 0x00, 0x00, 0x00, 0x00, 0x00, 0x00, 0x00, 0x00, 0x00, 0x00, 0x00, 0x00, 0x00, 0x00, 0x00, 0x00, 0x00, 0x00, 0x00,
  0x00, 0x00, 0x00, 0x00, 0x00, 0x00, 0x00, 0x00, 0x00, 0x00, 0x00, 0x00, 0x00, 0x00, 0x20, 0x00, 0x00, 0x00, 0x80, 0x08, 0x20, 0x11, 0x64, 0x54,
  0xa6, 0x6d, 0xa7, 0x7e, 0xa8, 0x7e, 0xa8, 0x7e, 0x87, 0x7e, 0xa7, 0x7e, 0x88, 0x7e, 0x87, 0x7e, 0x88, 0x7e, 0xa8, 0x7e, 0xa8, 0x7e, 0xe7, 0x6d,
  0x04, 0x4c, 0x22, 0x22, 0x20, 0x00, 0x20, 0x00, 0x60, 0x00, 0x00, 0x00, 0x00, 0x00, 0x00, 0x00, 0x00, 0x00, 0x00, 0x00, 0x20, 0x00, 0x00, 0x00,
  0x60, 0x00, 0x00, 0x11, 0x64, 0x54, 0xa6, 0x6d, 0xc8, 0x7e, 0xa8, 0x7e, 0xa8, 0x7e, 0x87, 0x7e, 0xa7, 0x7e, 0x88, 0x7e, 0x88, 0x7e, 0xa7, 0x7e,
  0xa8, 0x7e, 0xa8, 0x7e, 0x47, 0x7e, 0x66, 0x65, 0x85, 0x54, 0x44, 0x54, 0x65, 0x54, 0x44, 0x54, 0x45, 0x4c, 0x44, 0x54, 0x64, 0x54, 0x84, 0x54,
  0xa5, 0x5c, 0xe5, 0x5c, 0x46, 0x65, 0xc7, 0x6d, 0x27, 0x76, 0x87, 0x7e, 0xa8, 0x7e, 0xc8, 0x7e, 0xc8, 0x86, 0xc8, 0x7e, 0xa8, 0x7e, 0xa7, 0x7e,
  0x87, 0x7e, 0x87, 0x7e, 0x87, 0x7e, 0x88, 0x7e, 0x88, 0x7e, 0x88, 0x7e, 0x88, 0x7e, 0x88, 0x7e, 0x87, 0x7e, 0xa8, 0x7e, 0xa8, 0x7e, 0xc8, 0x7e,
  0x68, 0x7e, 0xe7, 0x75, 0x23, 0x3b, 0x81, 0x19, 0x00, 0x00, 0x40, 0x00, 0x20, 0x00, 0x00, 0x00, 0x00, 0x00, 0x00, 0x00, 0x00, 0x00, 0x00, 0x00,
  0x00, 0x00, 0x00, 0x00, 0x00, 0x00, 0x00, 0x00, 0x00, 0x00, 0x80, 0x00, 0x40, 0x00, 0x20, 0x00, 0xe3, 0x32, 0xc5, 0x5c, 0x87, 0x7e, 0xc8, 0x7e,
  0xa8, 0x7e, 0x87, 0x7e, 0xa7, 0x7e, 0xa7, 0x7e, 0x87, 0x7e, 0xa7, 0x7e, 0xa7, 0x7e, 0xa7, 0x7e, 0x87, 0x7e, 0xa7, 0x7e, 0xa8, 0x7e, 0xa7, 0x7e,
  0x67, 0x7e, 0x47, 0x76, 0xe9, 0x31, 0xe9, 0x31, 0xe9, 0x31, 0xe9, 0x31, 0xe9, 0x31, 0xe9, 0x31, 0xe9, 0x31, 0xe9, 0x31, 0xe9, 0x31, 0xe9, 0x31,
  0xe9, 0x31, 0xe9, 0x31, 0xe9, 0x31, 0xe9, 0x31, 0xe9, 0x31, 0xe9, 0x31, 0xe9, 0x31, 0xe9, 0x31, 0xe9, 0x31, 0xe9, 0x31, 0x09, 0x32, 0x09, 0x32,
  0x09, 0x32, 0x09, 0x32, 0x09, 0x32, 0x09, 0x32, 0x09, 0x32, 0x09, 0x32, 0x09, 0x32, 0xe9, 0x31, 0x09, 0x32, 0xe9, 0x31, 0xe9, 0x31, 0xe9, 0x31,
  0xe9, 0x31, 0xe9, 0x31, 0x09, 0x32, 0xe9, 0x31, 0x09, 0x32, 0x09, 0x32, 0xea, 0x31, 0xe9, 0x31, 0xea, 0x29, 0xe9, 0x29, 0xea, 0x29, 0xe9, 0x29,
  0x68, 0x52, 0x88, 0x52, 0x68, 0x52, 0x68, 0x52, 0x68, 0x52, 0x68, 0x52, 0x68, 0x52, 0x68, 0x52, 0x68, 0x52, 0x68, 0x52, 0x68, 0x52, 0x68, 0x52,
  0x68, 0x52, 0x68, 0x52, 0x68, 0x52, 0x68, 0x52, 0x68, 0x52, 0x88, 0x52, 0x68, 0x52, 0x68, 0x52, 0x68, 0x52, 0x68, 0x52, 0x88, 0x52, 0x88, 0x52,
  0x68, 0x52, 0x68, 0x52, 0x68, 0x52, 0x68, 0x52, 0x88, 0x52, 0x68, 0x52, 0x68, 0x52, 0x68, 0x52, 0x68, 0x52, 0x68, 0x52, 0x68, 0x52, 0x68, 0x52,
  0x68, 0x52, 0x68, 0x52, 0x68, 0x52, 0x68, 0x52, 0x68, 0x52, 0x68, 0x52, 0x68, 0x52, 0x68, 0x52, 0x68, 0x52, 0x68, 0x52, 0x68, 0x52, 0x68, 0x52,
  0x68, 0x52, 0x68, 0x52, 0x86, 0x64, 0x87, 0x6d, 0x87, 0x7e, 0xc8, 0x7e, 0xa8, 0x7e, 0x87, 0x7e, 0xa8, 0x7e, 0xa8, 0x7e, 0x87, 0x7e, 0xa8, 0x7e,
  0x88, 0x7e, 0xa8, 0x7e, 0x87, 0x7e, 0xa8, 0x7e, 0xa8, 0x86, 0xa8, 0x7e, 0x46, 0x65, 0xa4, 0x43, 0x40, 0x00, 0x00, 0x00, 0x20, 0x00, 0x00, 0x00,
  0x00, 0x00, 0x00, 0x00, 0x00, 0x00, 0x00, 0x00, 0x40, 0x00, 0x00, 0x00, 0xe0, 0x10, 0x41, 0x2a, 0x46, 0x65, 0x07, 0x76, 0xa8, 0x7e, 0xa8, 0x7e,
  0x87, 0x7e, 0x87, 0x7e, 0xa8, 0x7e, 0x87, 0x7e, 0x87, 0x7e, 0xa8, 0x7e, 0xa8, 0x7e, 0x87, 0x7e, 0x26, 0x65, 0x43, 0x3b, 0x80, 0x19, 0x00, 0x00,
  0x00, 0x00, 0x20, 0x00, 0x00, 0x00, 0x00, 0x00, 0x00, 0x00, 0x00, 0x00, 0x00, 0x00, 0x00, 0x00, 0x00, 0x00, 0x00, 0x00, 0x00, 0x00, 0x00, 0x00,
  0x00, 0x00, 0x00, 0x00, 0x00, 0x00, 0x00, 0x00, 0x00, 0x00, 0x00, 0x00, 0x00, 0x00, 0x20, 0x00, 0x00, 0x00, 0x80, 0x08, 0x20, 0x11, 0x64, 0x54,
  0x86, 0x6d, 0xa8, 0x7e, 0xa8, 0x86, 0x88, 0x7e, 0x87, 0x7e, 0xa8, 0x7e, 0x87, 0x7e, 0x87, 0x7e, 0xa8, 0x7e, 0xa8, 0x7e, 0xa8, 0x7e, 0xc7, 0x75,
  0x04, 0x4c, 0x01, 0x22, 0x20, 0x00, 0x40, 0x00, 0x60, 0x00, 0x00, 0x00, 0x00, 0x00, 0x00, 0x00, 0x00, 0x00, 0x00, 0x00, 0x20, 0x00, 0x00, 0x00,
  0x60, 0x00, 0x00, 0x11, 0x44, 0x54, 0xa6, 0x6d, 0xa8, 0x7e, 0xa8, 0x7e, 0xa8, 0x7e, 0x87, 0x7e, 0x87, 0x7e, 0xa8, 0x7e, 0x88, 0x7e, 0x88, 0x7e,
  0xa8, 0x7e, 0xa8, 0x7e, 0x07, 0x76, 0xa5, 0x5c, 0x23, 0x3b, 0x21, 0x22, 0x21, 0x2a, 0x62, 0x2a, 0x01, 0x2a, 0x21, 0x22, 0x21, 0x2a, 0x82, 0x2a,
  0xc2, 0x32, 0x03, 0x3b, 0x84, 0x43, 0xe4, 0x4b, 0x44, 0x4c, 0xc5, 0x5c, 0x45, 0x65, 0xc6, 0x6d, 0x47, 0x7e, 0x87, 0x7e, 0xa8, 0x7e, 0xa7, 0x7e,
  0xa8, 0x7e, 0x87, 0x7e, 0x87, 0x7e, 0x87, 0x7e, 0xa8, 0x7e, 0xa7, 0x7e, 0xa8, 0x7e, 0x87, 0x7e, 0x87, 0x7e, 0x87, 0x7e, 0x87, 0x7e, 0xa8, 0x7e,
  0xa8, 0x7e, 0x67, 0x7e, 0xc5, 0x5c, 0x03, 0x3b, 0x40, 0x19, 0x40, 0x00, 0x20, 0x00, 0x20, 0x00, 0x00, 0x00, 0x00, 0x00, 0x00, 0x00, 0x00, 0x00,
  0x00, 0x00, 0x00, 0x00, 0x00, 0x00, 0x00, 0x00, 0x00, 0x00, 0x80, 0x00, 0x20, 0x00, 0x20, 0x00, 0xe3, 0x32, 0xc5, 0x5c, 0x87, 0x7e, 0xc8, 0x7e,
  0xa8, 0x7e, 0x87, 0x7e, 0x88, 0x7e, 0xa8, 0x7e, 0xa8, 0x7e, 0xa8, 0x7e, 0xa8, 0x7e, 0xa8, 0x7e, 0x88, 0x7e, 0x88, 0x7e, 0xa8, 0x7e, 0x87, 0x7e,
  0x67, 0x7e, 0x47, 0x7e, 0x09, 0x32, 0xe9, 0x31, 0xe9, 0x31, 0xe9, 0x31, 0xe9, 0x31, 0xe9, 0x31, 0xe9, 0x31, 0xe9, 0x31, 0xe9, 0x31, 0xe9, 0x31,
  0xe9, 0x31, 0xe9, 0x31, 0xe9, 0x31, 0xe9, 0x31, 0xe9, 0x31, 0xe9, 0x31, 0xe9, 0x31, 0xe9, 0x31, 0xe9, 0x31, 0xe9, 0x31, 0xe9, 0x31, 0xe9, 0x31,
  0x09, 0x32, 0x09, 0x32, 0x09, 0x32, 0x09, 0x32, 0x09, 0x32, 0x09, 0x32, 0x09, 0x32, 0x09, 0x32, 0x09, 0x32, 0x09, 0x32, 0x09, 0x32, 0xea, 0x31,
  0xe9, 0x31, 0xe9, 0x31, 0xe9, 0x31, 0xe9, 0x31, 0xea, 0x31, 0xe9, 0x31, 0x0a, 0x32, 0xe9, 0x31, 0xea, 0x29, 0xea, 0x29, 0xe9, 0x29, 0x0a, 0x32,
  0x68, 0x52, 0x88, 0x52, 0x68, 0x52, 0x88, 0x52, 0x68, 0x52, 0x68, 0x52, 0x88, 0x52, 0x68, 0x52, 0x68, 0x52, 0x68, 0x52, 0x68, 0x52, 0x68, 0x52,
  0x68, 0x52, 0x68, 0x52, 0x68, 0x52, 0x68, 0x52, 0x68, 0x52, 0x68, 0x52, 0x68, 0x52, 0x68, 0x52, 0x68, 0x52, 0x68, 0x52, 0x68, 0x52, 0x68, 0x52,
  0x68, 0x52, 0x68, 0x52, 0x68, 0x52, 0x68, 0x52, 0x68, 0x52, 0x68, 0x52, 0x68, 0x52, 0x68, 0x52, 0x68, 0x52, 0x68, 0x52, 0x68, 0x52, 0x68, 0x52,
  0x68, 0x52, 0x68, 0x52, 0x68, 0x52, 0x68, 0x52, 0x68, 0x52, 0x68, 0x52, 0x68, 0x52, 0x68, 0x52, 0x68, 0x52, 0x68, 0x52, 0x68, 0x52, 0x68, 0x52,
  0x68, 0x52, 0x68, 0x52, 0x66, 0x64, 0x87, 0x6d, 0x87, 0x7e, 0xc8, 0x7e, 0xa8, 0x7e, 0x88, 0x7e, 0x87, 0x7e, 0x87, 0x7e, 0x87, 0x7e, 0x87, 0x7e,
  0x88, 0x7e, 0x87, 0x7e, 0x87, 0x7e, 0xa7, 0x7e, 0xa8, 0x7e, 0xa8, 0x7e, 0x46, 0x65, 0xa4, 0x43, 0x20, 0x00, 0x00, 0x00, 0x20, 0x00, 0x00, 0x00,
  0x00, 0x00, 0x00, 0x00, 0x00, 0x00, 0x00, 0x00, 0x40, 0x00, 0x00, 0x00, 0xe0, 0x10, 0x41, 0x2a, 0x46, 0x65, 0x07, 0x76, 0xa8, 0x7e, 0x87, 0x7e,
  0x87, 0x7e, 0x87, 0x7e, 0x87, 0x7e, 0x87, 0x7e, 0x87, 0x7e, 0xa8, 0x7e, 0xa8, 0x7e, 0x87, 0x7e, 0x26, 0x65, 0x43, 0x3b, 0x81, 0x19, 0x00, 0x00,
  0x00, 0x00, 0x20, 0x00, 0x00, 0x00, 0x00, 0x00, 0x00, 0x00, 0x00, 0x00, 0x00, 0x00, 0x00, 0x00, 0x00, 0x00, 0x00, 0x00, 0x00, 0x00, 0x00, 0x00,
  0x00, 0x00, 0x00, 0x00, 0x00, 0x00, 0x00, 0x00, 0x00, 0x00, 0x00, 0x00, 0x00, 0x00, 0x20, 0x00, 0x00, 0x00, 0x80, 0x08, 0x20, 0x11, 0x44, 0x54,
  0xa6, 0x6d, 0xa8, 0x7e, 0xa8, 0x7e, 0xa8, 0x7e, 0x87, 0x7e, 0x87, 0x7e, 0x87, 0x7e, 0x87, 0x7e, 0x87, 0x7e, 0xa8, 0x7e, 0xa8, 0x7e, 0xe7, 0x6d,
  0xe4, 0x4b, 0x01, 0x22, 0x20, 0x00, 0x20, 0x00, 0x60, 0x00, 0x00, 0x00, 0x00, 0x00, 0x00, 0x00, 0x00, 0x00, 0x00, 0x00, 0x20, 0x00, 0x00, 0x00,
  0x60, 0x00, 0x00, 0x11, 0x44, 0x54, 0xa6, 0x6d, 0xa8, 0x7e, 0xa8, 0x7e, 0xa8, 0x7e, 0x87, 0x7e, 0x87, 0x7e, 0x87, 0x7e, 0x87, 0x7e, 0x87, 0x7e,
  0xa8, 0x7e, 0xa8, 0x7e, 0xe7, 0x75, 0xe4, 0x4b, 0xe1, 0x21, 0x20, 0x00, 0x40, 0x00, 0x60, 0x08, 0x00, 0x00, 0x00, 0x00, 0x40, 0x00, 0xa0, 0x08,
  0xc0, 0x08, 0x00, 0x11, 0xc1, 0x19, 0x01, 0x22, 0x42, 0x2a, 0xe2, 0x32, 0xc4, 0x43, 0xa5, 0x54, 0xc6, 0x6d, 0x47, 0x76, 0x87, 0x7e, 0xa8, 0x7e,
  0xa8, 0x7e, 0x87, 0x7e, 0x87, 0x7e, 0x87, 0x7e, 0x87, 0x7e, 0x87, 0x7e, 0x87, 0x7e, 0x88, 0x7e, 0x87, 0x7e, 0x87, 0x7e, 0x87, 0x7e, 0x88, 0x7e,
  0xa8, 0x7e, 0xc8, 0x86, 0x07, 0x76, 0x85, 0x54, 0xc3, 0x32, 0x40, 0x00, 0x40, 0x00, 0x60, 0x00, 0x00, 0x00, 0x00, 0x00, 0x00, 0x00, 0x00, 0x00,
  0x00, 0x00, 0x00, 0x00, 0x00, 0x00, 0x00, 0x00, 0x00, 0x00, 0x80, 0x00, 0x40, 0x00, 0x20, 0x00, 0xe2, 0x32, 0xc5, 0x5c, 0x87, 0x7e, 0xa8, 0x7e,
  0xa8, 0x7e, 0x88, 0x7e, 0x87, 0x7e, 0x87, 0x7e, 0x87, 0x7e, 0x87, 0x7e, 0x87, 0x7e, 0x87, 0x7e, 0x87, 0x7e, 0x87, 0x7e, 0x87, 0x7e, 0x87, 0x7e,
  0x67, 0x7e, 0x47, 0x76, 0xe9, 0x31, 0xe9, 0x31, 0x09, 0x32, 0xe9, 0x31, 0xe9, 0x31, 0xe9, 0x31, 0xe9, 0x31, 0x09, 0x32, 0xe9, 0x31, 0xe9, 0x31,
  0xe9, 0x31, 0xe9, 0x31, 0xe9, 0x31, 0xe9, 0x31, 0xe9, 0x31, 0xe9, 0x31, 0xe9, 0x31, 0xe9, 0x31, 0xe9, 0x31, 0x09, 0x32, 0xe9, 0x31, 0x09, 0x32,
  0xe9, 0x31, 0xe9, 0x31, 0x09, 0x32, 0x09, 0x32, 0x09, 0x32, 0x09, 0x32, 0x09, 0x32, 0x09, 0x32, 0xe9, 0x31, 0xe9, 0x31, 0xe9, 0x31, 0xe9, 0x31,
  0xe9, 0x31, 0xe9, 0x31, 0xe9, 0x31, 0xe9, 0x31, 0xe9, 0x31, 0xea, 0x31, 0xe9, 0x31, 0xea, 0x29, 0x09, 0x32, 0xea, 0x29, 0xea, 0x29, 0xea, 0x29,
  0x68, 0x52, 0x68, 0x52, 0x68, 0x52, 0x68, 0x52, 0x68, 0x52, 0x68, 0x52, 0x68, 0x52, 0x68, 0x52, 0x68, 0x52, 0x68, 0x52, 0x68, 0x52, 0x68, 0x52,
  0x68, 0x52, 0x68, 0x52, 0x68, 0x52, 0x68, 0x52, 0x68, 0x52, 0x68, 0x52, 0x68, 0x52, 0x68, 0x52, 0x68, 0x52, 0x68, 0x52, 0x68, 0x52, 0x68, 0x52,
  0x68, 0x52, 0x68, 0x52, 0x68, 0x52, 0x68, 0x52, 0x68, 0x52, 0x68, 0x52, 0x68, 0x52, 0x68, 0x52, 0x68, 0x52, 0x68, 0x52, 0x68, 0x52, 0x88, 0x52,
  0x68, 0x52, 0x68, 0x52, 0x68, 0x52, 0x68, 0x52, 0x68, 0x52, 0x68, 0x52, 0x68, 0x52, 0x68, 0x52, 0x68, 0x52, 0x68, 0x52, 0x68, 0x52, 0x68, 0x52,
  0x68, 0x52, 0x68, 0x52, 0x86, 0x5c, 0x87, 0x6d, 0x68, 0x7e, 0xa8, 0x7e, 0x87, 0x7e, 0x87, 0x7e, 0x87, 0x7e, 0x87, 0x7e, 0x87, 0x7e, 0x87, 0x7e,
  0x87, 0x7e, 0x87, 0x7e, 0x87, 0x7e, 0x87, 0x7e, 0xa8, 0x7e, 0xa8, 0x7e, 0x46, 0x65, 0xa4, 0x43, 0x40, 0x00, 0x00, 0x00, 0x20, 0x00, 0x00, 0x00,
  0x00, 0x00, 0x00, 0x00, 0x00, 0x00, 0x20, 0x00, 0x40, 0x00, 0x00, 0x00, 0xe0, 0x10, 0x21, 0x22, 0x46, 0x65, 0x07, 0x76, 0xa8, 0x7e, 0x87, 0x7e,
  0x87, 0x7e, 0x87, 0x7e, 0x87, 0x7e, 0x87, 0x7e, 0x87, 0x7e, 0xa8, 0x7e, 0x88, 0x7e, 0x87, 0x7e, 0x05, 0x65, 0x43, 0x3b, 0x61, 0x19, 0x00, 0x00,
  0x00, 0x00, 0x20, 0x00, 0x00, 0x00, 0x00, 0x00, 0x00, 0x00, 0x00, 0x00, 0x00, 0x00, 0x00, 0x00, 0x00, 0x00, 0x00, 0x00, 0x00, 0x00, 0x00, 0x00,
  0x00, 0x00, 0x00, 0x00, 0x00, 0x00, 0x00, 0x00, 0x00, 0x00, 0x00, 0x00, 0x00, 0x00, 0x20, 0x00, 0x00, 0x00, 0x60, 0x00, 0x20, 0x11, 0x44, 0x54,
  0xa6, 0x6d, 0xa8, 0x7e, 0xa7, 0x7e, 0x87, 0x7e, 0x87, 0x7e, 0x87, 0x7e, 0x87, 0x7e, 0x87, 0x7e, 0x88, 0x7e, 0xa8, 0x7e, 0xa8, 0x7e, 0xc6, 0x6d,
  0xe4, 0x4b, 0x02, 0x22, 0x20, 0x00, 0x20, 0x00, 0x60, 0x00, 0x00, 0x00, 0x00, 0x00, 0x00, 0x00, 0x00, 0x00, 0x00, 0x00, 0x20, 0x00, 0x00, 0x00,
  0x60, 0x00, 0x00, 0x11, 0x45, 0x54, 0x86, 0x6d, 0xa8, 0x7e, 0xa8, 0x7e, 0x87, 0x7e, 0x87, 0x7e, 0x87, 0x7e, 0x87, 0x7e, 0x87, 0x7e, 0x87, 0x7e,
  0xa8, 0x7e, 0xa8, 0x7e, 0xc6, 0x6d, 0xe4, 0x4b, 0x01, 0x22, 0x20, 0x00, 0x40, 0x00, 0x80, 0x00, 0x00, 0x00, 0x00, 0x00, 0x00, 0x00, 0x00, 0x00,
  0x00, 0x00, 0x00, 0x00, 0x20, 0x00, 0x20, 0x00, 0x20, 0x00, 0x20, 0x00, 0x80, 0x08, 0xe0, 0x10, 0x82, 0x2a, 0xc4, 0x43, 0x05, 0x5d, 0x47, 0x76,
  0x87, 0x7e, 0xc8, 0x7e, 0x87, 0x7e, 0x87, 0x7e, 0x87, 0x7e, 0x87, 0x7e, 0x87, 0x7e, 0x87, 0x7e, 0x87, 0x7e, 0x87, 0x7e, 0x87, 0x7e, 0x87, 0x7e,
  0x87, 0x7e, 0x87, 0x7e, 0xa8, 0x7e, 0xe7, 0x6d, 0x05, 0x5d, 0xc1, 0x21, 0xc0, 0x08, 0x00, 0x00, 0x60, 0x00, 0x20, 0x00, 0x00, 0x00, 0x00, 0x00,
  0x00, 0x00, 0x00, 0x00, 0x00, 0x00, 0x00, 0x00, 0x00, 0x00, 0x80, 0x00, 0x40, 0x00, 0x20, 0x00, 0xe2, 0x32, 0xc5, 0x5c, 0x87, 0x7e, 0xa8, 0x7e,
  0xa7, 0x7e, 0x87, 0x7e, 0x87, 0x7e, 0x87, 0x7e, 0x87, 0x7e, 0x87, 0x7e, 0x87, 0x7e, 0x87, 0x7e, 0x87, 0x7e, 0x87, 0x7e, 0x87, 0x7e, 0x87, 0x7e,
  0x67, 0x7e, 0x47, 0x76, 0x09, 0x32, 0xe9, 0x31, 0xe9, 0x31, 0xe9, 0x31, 0xe9, 0x31, 0xe9, 0x31, 0xe9, 0x31, 0xe9, 0x31, 0xe9, 0x31, 0xe9, 0x31,
  0xe9, 0x31, 0xe9, 0x31, 0xe9, 0x31, 0xe9, 0x31, 0xe9, 0x31, 0xe9, 0x31, 0xe9, 0x31, 0xe9, 0x31, 0xe9, 0x31, 0xe9, 0x31, 0xe9, 0x31, 0x09, 0x32,
  0x09, 0x32, 0x09, 0x32, 0x09, 0x32, 0x09, 0x32, 0x09, 0x32, 0x09, 0x32, 0x09, 0x32, 0x09, 0x32, 0x09, 0x32, 0x09, 0x32, 0xe9, 0x31, 0xe9, 0x31,
  0xe9, 0x31, 0xe9, 0x31, 0xe9, 0x31, 0xe9, 0x31, 0xe9, 0x31, 0xe9, 0x31, 0xe9, 0x31, 0xe9, 0x31, 0xea, 0x29, 0xea, 0x29, 0xea, 0x29, 0xea, 0x29,
  0x88, 0x52, 0x68, 0x52, 0x68, 0x52, 0x68, 0x52, 0x68, 0x52, 0x68, 0x52, 0x68, 0x52, 0x68, 0x52, 0x68, 0x52, 0x68, 0x52, 0x68, 0x52, 0x68, 0x52,
  0x68, 0x52, 0x68, 0x52, 0x68, 0x52, 0x68, 0x52, 0x68, 0x52, 0x68, 0x52, 0x68, 0x52, 0x68, 0x52, 0x68, 0x52, 0x68, 0x52, 0x68, 0x52, 0x68, 0x52,
  0x68, 0x52, 0x68, 0x52, 0x68, 0x52, 0x68, 0x52, 0x68, 0x52, 0x68, 0x52, 0x68, 0x52, 0x68, 0x52, 0x68, 0x52, 0x68, 0x52, 0x68, 0x52, 0x68, 0x52,
  0x68, 0x52, 0x68, 0x52, 0x68, 0x52, 0x68, 0x52, 0x68, 0x52, 0x68, 0x52, 0x68, 0x52, 0x68, 0x52, 0x68, 0x52, 0x68, 0x52, 0x68, 0x52, 0x68, 0x52,
  0x68, 0x52, 0x68, 0x52, 0x67, 0x5c, 0x67, 0x6d, 0x67, 0x7e, 0xa8, 0x7e, 0x87, 0x7e, 0x88, 0x7e, 0x87, 0x7e, 0x87, 0x7e, 0x87, 0x7e, 0x87, 0x7e,
  0x88, 0x7e, 0x87, 0x7e, 0x87, 0x7e, 0x87, 0x7e, 0xa8, 0x7e, 0xa8, 0x7e, 0x26, 0x65, 0xc4, 0x43, 0x20, 0x00, 0x00, 0x00, 0x20, 0x00, 0x00, 0x00,
  0x00, 0x00, 0x00, 0x00, 0x00, 0x00, 0x20, 0x00, 0x40, 0x00, 0x00, 0x00, 0xe0, 0x10, 0x21, 0x22, 0x26, 0x65, 0x07, 0x76, 0xa8, 0x7e, 0x88, 0x7e,
  0x87, 0x7e, 0x87, 0x7e, 0x87, 0x7e, 0x87, 0x7e, 0x87, 0x7e, 0x87, 0x7e, 0x87, 0x7e, 0x87, 0x7e, 0x05, 0x5d, 0x43, 0x3b, 0x81, 0x11, 0x00, 0x00,
  0x00, 0x00, 0x20, 0x00, 0x00, 0x00, 0x00, 0x00, 0x00, 0x00, 0x00, 0x00, 0x00, 0x00, 0x00, 0x00, 0x00, 0x00, 0x00, 0x00, 0x00, 0x00, 0x00, 0x00,
  0x00, 0x00, 0x00, 0x00, 0x00, 0x00, 0x00, 0x00, 0x00, 0x00, 0x00, 0x00, 0x00, 0x00, 0x20, 0x00, 0x00, 0x00, 0x60, 0x00, 0x20, 0x11, 0x44, 0x54,
  0x86, 0x6d, 0x88, 0x7e, 0xa8, 0x7e, 0x87, 0x7e, 0x87, 0x7e, 0x87, 0x7e, 0x87, 0x7e, 0x87, 0x7e, 0x87, 0x7e, 0xa7, 0x7e, 0x87, 0x7e, 0xc6, 0x6d,
  0xe4, 0x4b, 0x01, 0x22, 0x20, 0x00, 0x20, 0x00, 0x60, 0x00, 0x00, 0x00, 0x00, 0x00, 0x00, 0x00, 0x00, 0x00, 0x00, 0x00, 0x20, 0x00, 0x00, 0x00,
  0x60, 0x00, 0x00, 0x11, 0x44, 0x54, 0xa6, 0x65, 0x88, 0x7e, 0xa8, 0x7e, 0x87, 0x7e, 0x87, 0x7e, 0x87, 0x7e, 0x87, 0x7e, 0x87, 0x7e, 0x87, 0x7e,
  0x87, 0x7e, 0x87, 0x7e, 0xc6, 0x6d, 0xe4, 0x4b, 0x01, 0x22, 0x20, 0x00, 0x40, 0x00, 0x80, 0x08, 0x00, 0x00, 0x00, 0x00, 0x00, 0x00, 0x00, 0x00,
  0x00, 0x00, 0x00, 0x00, 0x00, 0x00, 0x20, 0x00, 0x20, 0x00, 0x40, 0x00, 0x40, 0x00, 0x60, 0x00, 0x20, 0x11, 0x01, 0x22, 0x03, 0x33, 0xe5, 0x5c,
  0xa6, 0x6d, 0x67, 0x76, 0xa8, 0x7e, 0x87, 0x7e, 0x87, 0x7e, 0x87, 0x7e, 0x88, 0x7e, 0x87, 0x7e, 0x88, 0x7e, 0x87, 0x7e, 0x87, 0x7e, 0x87, 0x7e,
  0x87, 0x7e, 0x87, 0x7e, 0xa8, 0x7e, 0x47, 0x76, 0xa6, 0x6d, 0x03, 0x3b, 0x61, 0x19, 0x00, 0x00, 0x40, 0x00, 0x20, 0x00, 0x00, 0x00, 0x00, 0x00,
  0x00, 0x00, 0x00, 0x00, 0x00, 0x00, 0x00, 0x00, 0x00, 0x00, 0x80, 0x00, 0x40, 0x00, 0x20, 0x00, 0xe2, 0x32, 0xc5, 0x5c, 0x67, 0x7e, 0xa8, 0x7e,
  0x87, 0x7e, 0x67, 0x7e, 0x87, 0x7e, 0x87, 0x7e, 0x87, 0x7e, 0x88, 0x7e, 0x87, 0x7e, 0x87, 0x7e, 0x87, 0x7e, 0x87, 0x7e, 0x87, 0x7e, 0x87, 0x7e,
  0x67, 0x7e, 0x47, 0x76, 0xe9, 0x31, 0xe9, 0x31, 0xe9, 0x31, 0xe9, 0x31, 0xe9, 0x31, 0xe9, 0x31, 0xe9, 0x31, 0xe9, 0x31, 0xe9, 0x31, 0xe9, 0x31,
  0xe9, 0x31, 0xe9, 0x31, 0x09, 0x32, 0xe9, 0x31, 0x09, 0x32, 0xe9, 0x31, 0xe9, 0x31, 0xe9, 0x31, 0xe9, 0x31, 0x09, 0x32, 0xe9, 0x31, 0x09, 0x32,
  0x09, 0x32, 0x09, 0x32, 0xe9, 0x31, 0x09, 0x32, 0x09, 0x32, 0x09, 0x32, 0xe9, 0x31, 0xe9, 0x31, 0xe9, 0x31, 0x09, 0x32, 0xe9, 0x31, 0x09, 0x32,
  0xe9, 0x31, 0xe9, 0x31, 0xe9, 0x31, 0xe9, 0x31, 0xe9, 0x31, 0xe9, 0x31, 0xe9, 0x31, 0x0a, 0x32, 0xea, 0x29, 0xea, 0x31, 0x09, 0x32, 0xea, 0x29,
  0x68, 0x52, 0x68, 0x52, 0x68, 0x52, 0x68, 0x52, 0x68, 0x52, 0x68, 0x52, 0x68, 0x52, 0x68, 0x52, 0x68, 0x52, 0x88, 0x52, 0x68, 0x52, 0x68, 0x52,
  0x68, 0x52, 0x68, 0x52, 0x68, 0x52, 0x68, 0x52, 0x68, 0x52, 0x88, 0x52, 0x68, 0x52, 0x68, 0x52, 0x68, 0x52, 0x68, 0x52, 0x68, 0x52, 0x68, 0x52,
  0x68, 0x52, 0x68, 0x52, 0x88, 0x52, 0x68, 0x52, 0x68, 0x52, 0x88, 0x52, 0x68, 0x52, 0x68, 0x52, 0x68, 0x52, 0x68, 0x52, 0x68, 0x52, 0x68, 0x52,
  0x68, 0x52, 0x68, 0x52, 0x68, 0x52, 0x68, 0x52, 0x68, 0x52, 0x68, 0x52, 0x68, 0x52, 0x68, 0x52, 0x67, 0x52, 0x68, 0x52, 0x68, 0x52, 0x68, 0x52,
  0x68, 0x52, 0x68, 0x52, 0x86, 0x5c, 0x66, 0x6d, 0x67, 0x7e, 0xa7, 0x7e, 0xa7, 0x7e, 0x67, 0x7e, 0x87, 0x7e, 0x87, 0x7e, 0x67, 0x7e, 0x87, 0x7e,
  0x87, 0x7e, 0x88, 0x7e, 0x68, 0x7e, 0x87, 0x7e, 0xa8, 0x7e, 0x87, 0x7e, 0x26, 0x65, 0xa3, 0x43, 0x40, 0x00, 0x00, 0x00, 0x20, 0x00, 0x00, 0x00,
  0x00, 0x00, 0x00, 0x00, 0x00, 0x00, 0x20, 0x00, 0x40, 0x00, 0x00, 0x00, 0xe0, 0x10, 0x21, 0x22, 0x26, 0x65, 0x07, 0x76, 0xa8, 0x7e, 0x87, 0x7e,
  0x87, 0x7e, 0x68, 0x7e, 0x87, 0x7e, 0x87, 0x7e, 0x67, 0x7e, 0x87, 0x7e, 0x87, 0x7e, 0x87, 0x7e, 0x05, 0x5d, 0x43, 0x3b, 0x61, 0x19, 0x00, 0x00,
  0x00, 0x00, 0x20, 0x00, 0x00, 0x00, 0x00, 0x00, 0x00, 0x00, 0x00, 0x00, 0x00, 0x00, 0x00, 0x00, 0x00, 0x00, 0x00, 0x00, 0x00, 0x00, 0x00, 0x00,
  0x00, 0x00, 0x00, 0x00, 0x00, 0x00, 0x00, 0x00, 0x00, 0x00, 0x00, 0x00, 0x00, 0x00, 0x20, 0x00, 0x00, 0x00, 0x60, 0x00, 0x20, 0x11, 0x45, 0x54,
  0x86, 0x6d, 0x87, 0x7e, 0x87, 0x7e, 0x87, 0x7e, 0x67, 0x7e, 0x87, 0x7e, 0x87, 0x7e, 0x88, 0x7e, 0x87, 0x7e, 0x87, 0x7e, 0x88, 0x7e, 0xc6, 0x6d,
  0xe4, 0x4b, 0x01, 0x22, 0x20, 0x00, 0x20, 0x00, 0x60, 0x00, 0x00, 0x00, 0x00, 0x00, 0x00, 0x00, 0x00, 0x00, 0x00, 0x00, 0x20, 0x00, 0x00, 0x00,
  0x60, 0x00, 0x00, 0x11, 0x44, 0x54, 0x86, 0x6d, 0xa8, 0x7e, 0xa8, 0x7e, 0x87, 0x7e, 0x67, 0x7e, 0x87, 0x7e, 0x67, 0x7e, 0x87, 0x7e, 0x87, 0x7e,
  0x88, 0x7e, 0x87, 0x7e, 0xc6, 0x6d, 0xe4, 0x4b, 0x01, 0x22, 0x20, 0x00, 0x20, 0x00, 0x60, 0x00, 0x00, 0x00, 0x20, 0x00, 0x00, 0x00, 0x00, 0x00,
  0x20, 0x00, 0x20, 0x00, 0x40, 0x00, 0x60, 0x00, 0x80, 0x00, 0x60, 0x00, 0x40, 0x00, 0x00, 0x00, 0x00, 0x00, 0x80, 0x08, 0x00, 0x11, 0x23, 0x3b,
  0x85, 0x54, 0xe7, 0x75, 0x87, 0x7e, 0x87, 0x7e, 0x87, 0x7e, 0x68, 0x7e, 0x67, 0x7e, 0x87, 0x7e, 0x87, 0x7e, 0x88, 0x7e, 0x87, 0x7e, 0x87, 0x7e,
  0x87, 0x7e, 0x67, 0x76, 0xa8, 0x7e, 0x87, 0x7e, 0x67, 0x7e, 0x24, 0x4c, 0x01, 0x22, 0x20, 0x00, 0x20, 0x00, 0x20, 0x00, 0x00, 0x00, 0x00, 0x00,
  0x00, 0x00, 0x00, 0x00, 0x00, 0x00, 0x00, 0x00, 0x00, 0x00, 0x80, 0x00, 0x40, 0x00, 0x20, 0x00, 0xc3, 0x32, 0xa5, 0x5c, 0x67, 0x7e, 0xa8, 0x7e,
  0x87, 0x7e, 0x67, 0x7e, 0x87, 0x7e, 0x87, 0x7e, 0x87, 0x7e, 0x87, 0x7e, 0x87, 0x7e, 0x87, 0x7e, 0x87, 0x7e, 0x87, 0x7e, 0x87, 0x7e, 0x87, 0x7e,
  0x47, 0x7e, 0x27, 0x76, 0xe9, 0x31, 0xe9, 0x31, 0xe9, 0x31, 0xe9, 0x31, 0xe9, 0x31, 0xe9, 0x31, 0xe9, 0x31, 0xe9, 0x31, 0xe9, 0x31, 0xe9, 0x31,
  0xe9, 0x31, 0x09, 0x32, 0xe9, 0x31, 0x09, 0x32, 0xe9, 0x31, 0xe9, 0x31, 0xe9, 0x31, 0xe9, 0x31, 0xe9, 0x31, 0xe9, 0x31, 0xe9, 0x31, 0x09, 0x32,
  0xe9, 0x31, 0xe9, 0x31, 0x09, 0x32, 0x09, 0x32, 0x09, 0x32, 0x09, 0x32, 0x09, 0x32, 0x09, 0x32, 0x09, 0x32, 0xe9, 0x31, 0x09, 0x32, 0x09, 0x32,
  0xe9, 0x31, 0xe9, 0x31, 0xe9, 0x31, 0x0a, 0x32, 0xe9, 0x31, 0xe9, 0x31, 0xe9, 0x31, 0xe9, 0x31, 0x0a, 0x32, 0xea, 0x29, 0xea, 0x29, 0xea, 0x29,
  0x68, 0x52, 0x68, 0x52, 0x68, 0x52, 0x68, 0x52, 0x68, 0x52, 0x68, 0x52, 0x68, 0x52, 0x68, 0x52, 0x68, 0x52, 0x68, 0x52, 0x68, 0x52, 0x88, 0x52,
  0x68, 0x52, 0x68, 0x52, 0x68, 0x52, 0x68, 0x52, 0x68, 0x52, 0x68, 0x52, 0x68, 0x52, 0x68, 0x52, 0x68, 0x52, 0x68, 0x52, 0x68, 0x52, 0x68, 0x52,
  0x68, 0x52, 0x68, 0x52, 0x68, 0x52, 0x68, 0x52, 0x68, 0x52, 0x68, 0x52, 0x68, 0x52, 0x68, 0x52, 0x68, 0x52, 0x68, 0x52, 0x68, 0x52, 0x68, 0x52,
  0x68, 0x52, 0x68, 0x52, 0x68, 0x52, 0x68, 0x52, 0x68, 0x52, 0x68, 0x52, 0x68, 0x52, 0x68, 0x52, 0x68, 0x52, 0x68, 0x52, 0x68, 0x52, 0x68, 0x52,
  0x68, 0x52, 0x68, 0x52, 0x66, 0x5c, 0x66, 0x6d, 0x67, 0x7e, 0xa8, 0x7e, 0x87, 0x7e, 0x67, 0x7e, 0x88, 0x7e, 0x87, 0x7e, 0x87, 0x7e, 0x87, 0x7e,
  0x87, 0x7e, 0x87, 0x7e, 0x67, 0x7e, 0x87, 0x7e, 0xa8, 0x7e, 0x87, 0x7e, 0x26, 0x65, 0xa4, 0x43, 0x20, 0x00, 0x00, 0x00, 0x20, 0x00, 0x00, 0x00,
  0x00, 0x00, 0x00, 0x00, 0x00, 0x00, 0x20, 0x00, 0x40, 0x00, 0x00, 0x00, 0xe0, 0x10, 0x21, 0x22, 0x45, 0x65, 0x07, 0x76, 0x88, 0x7e, 0x87, 0x7e,
  0x87, 0x7e, 0x67, 0x76, 0x87, 0x7e, 0x87, 0x7e, 0x67, 0x7e, 0x87, 0x7e, 0xa7, 0x7e, 0x87, 0x7e, 0x05, 0x5d, 0x43, 0x3b, 0x61, 0x19, 0x20, 0x00,
  0x00, 0x00, 0x20, 0x00, 0x00, 0x00, 0x00, 0x00, 0x00, 0x00, 0x00, 0x00, 0x00, 0x00, 0x00, 0x00, 0x00, 0x00, 0x00, 0x00, 0x00, 0x00, 0x00, 0x00,
  0x00, 0x00, 0x00, 0x00, 0x00, 0x00, 0x00, 0x00, 0x00, 0x00, 0x00, 0x00, 0x00, 0x00, 0x20, 0x00, 0x00, 0x00, 0x60, 0x00, 0x20, 0x11, 0x44, 0x4c,
  0x86, 0x65, 0x87, 0x7e, 0x87, 0x7e, 0x87, 0x7e, 0x87, 0x7e, 0x87, 0x7e, 0x87, 0x7e, 0x87, 0x7e, 0x87, 0x7e, 0x87, 0x7e, 0x87, 0x7e, 0xc6, 0x6d,
  0xe4, 0x4b, 0x01, 0x22, 0x20, 0x00, 0x20, 0x00, 0x60, 0x00, 0x00, 0x00, 0x00, 0x00, 0x00, 0x00, 0x00, 0x00, 0x00, 0x00, 0x20, 0x00, 0x00, 0x00,
  0x60, 0x00, 0x00, 0x11, 0x44, 0x54, 0x86, 0x6d, 0xa8, 0x7e, 0x87, 0x7e, 0x87, 0x7e, 0x67, 0x7e, 0x67, 0x7e, 0x87, 0x7e, 0x87, 0x7e, 0x87, 0x7e,
  0x87, 0x7e, 0x87, 0x7e, 0xc6, 0x6d, 0xe3, 0x43, 0x01, 0x22, 0x20, 0x00, 0x40, 0x00, 0x60, 0x00, 0x00, 0x00, 0x00, 0x00, 0x00, 0x00, 0x00, 0x00,
  0x00, 0x00, 0x00, 0x00, 0x00, 0x00, 0x00, 0x00, 0x00, 0x00, 0x00, 0x00, 0x20, 0x00, 0x20, 0x00, 0x60, 0x08, 0x20, 0x00, 0x00, 0x00, 0x20, 0x00,
  0xa1, 0x21, 0x43, 0x3b, 0xa6, 0x6d, 0x47, 0x76, 0xa7, 0x7e, 0x67, 0x7e, 0x87, 0x7e, 0x68, 0x7e, 0x88, 0x7e, 0x67, 0x7e, 0x87, 0x7e, 0x88, 0x7e,
  0x87, 0x7e, 0x88, 0x7e, 0x88, 0x7e, 0x87, 0x7e, 0xa8, 0x7e, 0xc6, 0x6d, 0xe4, 0x4b, 0xc1, 0x21, 0x00, 0x00, 0x20, 0x00, 0x80, 0x08, 0x00, 0x00,
  0x00, 0x00, 0x00, 0x00, 0x00, 0x00, 0x00, 0x00, 0x00, 0x00, 0x60, 0x00, 0x40, 0x00, 0x20, 0x00, 0xe2, 0x32, 0xc5, 0x5c, 0x67, 0x7e, 0x87, 0x7e,
  0x87, 0x7e, 0x67, 0x7e, 0x87, 0x7e, 0x87, 0x7e, 0x87, 0x7e, 0x87, 0x7e, 0x87, 0x7e, 0x87, 0x7e, 0x67, 0x7e, 0x87, 0x7e, 0x87, 0x7e, 0x87, 0x7e,
  0x47, 0x76, 0x27, 0x76, 0xe9, 0x31, 0xe9, 0x31, 0xe9, 0x31, 0xe9, 0x31, 0xe9, 0x31, 0xe9, 0x31, 0xe9, 0x31, 0xe9, 0x31, 0xe9, 0x31, 0xe9, 0x31,
  0xe9, 0x31, 0xe9, 0x31, 0x09, 0x32, 0xe9, 0x31, 0xe9, 0x31, 0xe9, 0x31, 0x09, 0x32, 0xe9, 0x31, 0x09, 0x32, 0xe9, 0x31, 0xe9, 0x31, 0xe9, 0x31,
  0xe9, 0x31, 0xe9, 0x31, 0xe9, 0x31, 0x09, 0x32, 0x09, 0x32, 0x09, 0x32, 0x09, 0x32, 0x09, 0x32, 0xe9, 0x31, 0x09, 0x32, 0xe9, 0x31, 0xe9, 0x31,
  0x09, 0x32, 0xe9, 0x31, 0xe9, 0x31, 0xe9, 0x31, 0xe9, 0x31, 0xe9, 0x31, 0xe9, 0x31, 0xe9, 0x31, 0xe9, 0x31, 0xe9, 0x31, 0xea, 0x31, 0xea, 0x29,
  0x68, 0x52, 0x68, 0x52, 0x68, 0x52, 0x68, 0x52, 0x68, 0x52, 0x68, 0x52, 0x68, 0x52, 0x68, 0x52, 0x68, 0x52, 0x68, 0x52, 0x68, 0x52, 0x68, 0x52,
  0x68, 0x52, 0x68, 0x52, 0x68, 0x52, 0x68, 0x52, 0x68, 0x52, 0x68, 0x52, 0x68, 0x52, 0x68, 0x52, 0x68, 0x52, 0x68, 0x52, 0x68, 0x52, 0x68, 0x52,
  0x68, 0x52, 0x68, 0x52, 0x68, 0x52, 0x68, 0x52, 0x68, 0x52, 0x88, 0x52, 0x68, 0x52, 0x68, 0x52, 0x68, 0x52, 0x68, 0x52, 0x68, 0x52, 0x68, 0x52,
  0x68, 0x52, 0x68, 0x52, 0x68, 0x52, 0x68, 0x52, 0x68, 0x52, 0x68, 0x52, 0x68, 0x52, 0x68, 0x52, 0x68, 0x52, 0x68, 0x52, 0x68, 0x52, 0x68, 0x52,
  0x68, 0x52, 0x67, 0x52, 0x66, 0x5c, 0x67, 0x6d, 0x67, 0x7e, 0x87, 0x7e, 0x88, 0x7e, 0x67, 0x7e, 0x87, 0x7e, 0x87, 0x7e, 0x87, 0x7e, 0x67, 0x7e,
  0x87, 0x7e, 0x88, 0x7e, 0x68, 0x7e, 0x87, 0x7e, 0x87, 0x7e, 0x87, 0x7e, 0x46, 0x65, 0xa3, 0x43, 0x20, 0x00, 0x00, 0x00, 0x20, 0x00, 0x00, 0x00,
  0x00, 0x00, 0x00, 0x00, 0x00, 0x00, 0x20, 0x00, 0x40, 0x00, 0x00, 0x00, 0xe0, 0x10, 0x21, 0x22, 0x26, 0x65, 0x07, 0x76, 0x87, 0x7e, 0x87, 0x7e,
  0x88, 0x7e, 0x68, 0x7e, 0x67, 0x7e, 0x67, 0x7e, 0x68, 0x7e, 0x88, 0x7e, 0x88, 0x7e, 0x67, 0x7e, 0x26, 0x5d, 0x43, 0x3b, 0x61, 0x19, 0x00, 0x00,
  0x00, 0x00, 0x20, 0x00, 0x00, 0x00, 0x00, 0x00, 0x00, 0x00, 0x00, 0x00, 0x00, 0x00, 0x00, 0x00, 0x00, 0x00, 0x00, 0x00, 0x00, 0x00, 0x00, 0x00,
  0x00, 0x00, 0x00, 0x00, 0x00, 0x00, 0x00, 0x00, 0x00, 0x00, 0x00, 0x00, 0x00, 0x00, 0x20, 0x00, 0x00, 0x00, 0x60, 0x00, 0x20, 0x11, 0x44, 0x4c,
  0x86, 0x6d, 0x87, 0x7e, 0x87, 0x7e, 0x87, 0x7e, 0x68, 0x7e, 0x67, 0x7e, 0x67, 0x7e, 0x68, 0x7e, 0x67, 0x7e, 0x88, 0x7e, 0x88, 0x7e, 0xc6, 0x6d,
  0xe4, 0x4b, 0x01, 0x22, 0x20, 0x00, 0x20, 0x00, 0x60, 0x00, 0x00, 0x00, 0x00, 0x00, 0x00, 0x00, 0x00, 0x00, 0x00, 0x00, 0x20, 0x00, 0x00, 0x00,
  0x60, 0x00, 0x00, 0x11, 0x45, 0x54, 0x86, 0x6d, 0x87, 0x7e, 0x87, 0x7e, 0x67, 0x7e, 0x67, 0x7e, 0x87, 0x7e, 0x67, 0x7e, 0x68, 0x7e, 0x87, 0x7e,
  0x88, 0x7e, 0x88, 0x7e, 0xc7, 0x6d, 0xe4, 0x4b, 0xe1, 0x21, 0x20, 0x00, 0x20, 0x00, 0x60, 0x00, 0x00, 0x00, 0x00, 0x00, 0x00, 0x00, 0x00, 0x00,
  0x00, 0x00, 0x00, 0x00, 0x00, 0x00, 0x00, 0x00, 0x00, 0x00, 0x00, 0x00, 0x00, 0x00, 0x20, 0x00, 0x40, 0x00, 0x20, 0x00, 0x20, 0x00, 0x20, 0x00,
  0xc0, 0x08, 0xa1, 0x19, 0x44, 0x4c, 0x66, 0x65, 0x67, 0x76, 0x87, 0x7e, 0x67, 0x7e, 0x67, 0x7e, 0x67, 0x7e, 0x88, 0x7e, 0x87, 0x7e, 0x67, 0x7e,
  0x87, 0x7e, 0x87, 0x7e, 0x67, 0x7e, 0x87, 0x7e, 0x88, 0x7e, 0x27, 0x76, 0x85, 0x54, 0xc2, 0x32, 0x20, 0x00, 0x20, 0x00, 0x40, 0x00, 0x00, 0x00,
  0x00, 0x00, 0x00, 0x00, 0x00, 0x00, 0x00, 0x00, 0x00, 0x00, 0x80, 0x00, 0x40, 0x00, 0x20, 0x00, 0xc3, 0x32, 0xa5, 0x5c, 0x68, 0x7e, 0xa8, 0x7e,
  0x87, 0x7e, 0x67, 0x7e, 0x87, 0x7e, 0x87, 0x7e, 0x87, 0x7e, 0x87, 0x7e, 0x67, 0x7e, 0x87, 0x7e, 0x87, 0x7e, 0x87, 0x7e, 0x87, 0x7e, 0x87, 0x7e,
  0x47, 0x76, 0x27, 0x76, 0xe9, 0x31, 0xe9, 0x31, 0xe9, 0x31, 0xe9, 0x31, 0xe9, 0x31, 0xe9, 0x31, 0xe9, 0x31, 0xe9, 0x31, 0x09, 0x32, 0x09, 0x32,
  0xe9, 0x31, 0xe9, 0x31, 0xe9, 0x31, 0xe9, 0x31, 0xe9, 0x31, 0xe9, 0x31, 0xe9, 0x31, 0xe9, 0x31, 0xe9, 0x31, 0xe9, 0x31, 0xe9, 0x31, 0xe9, 0x31,
  0xe9, 0x31, 0x09, 0x32, 0x09, 0x32, 0x09, 0x32, 0x09, 0x32, 0x09, 0x32, 0x09, 0x32, 0xe9, 0x31, 0x09, 0x32, 0xe9, 0x31, 0x09, 0x32, 0xe9, 0x31,
  0xea, 0x31, 0xe9, 0x31, 0xe9, 0x31, 0xe9, 0x31, 0x09, 0x32, 0xe9, 0x31, 0xe9, 0x31, 0xe9, 0x31, 0xea, 0x29, 0x09, 0x32, 0xea, 0x29, 0xea, 0x29,
  0x68, 0x52, 0x68, 0x52, 0x68, 0x52, 0x68, 0x52, 0x68, 0x52, 0x68, 0x52, 0x68, 0x52, 0x68, 0x52, 0x68, 0x52, 0x68, 0x52, 0x68, 0x52, 0x68, 0x52,
  0x68, 0x52, 0x68, 0x52, 0x68, 0x52, 0x68, 0x52, 0x68, 0x52, 0x68, 0x52, 0x68, 0x52, 0x68, 0x52, 0x68, 0x52, 0x68, 0x52, 0x68, 0x52, 0x68, 0x52,
  0x68, 0x52, 0x68, 0x52, 0x68, 0x52, 0x68, 0x52, 0x68, 0x52, 0x68, 0x52, 0x68, 0x52, 0x68, 0x52, 0x68, 0x52, 0x68, 0x52, 0x68, 0x52, 0x68, 0x52,
  0x68, 0x52, 0x68, 0x52, 0x68, 0x52, 0x68, 0x52, 0x68, 0x52, 0x68, 0x52, 0x68, 0x52, 0x68, 0x52, 0x68, 0x52, 0x68, 0x52, 0x68, 0x52, 0x68, 0x52,
  0x68, 0x52, 0x68, 0x52, 0x66, 0x5c, 0x67, 0x6d, 0x67, 0x7e, 0x87, 0x7e, 0x67, 0x76, 0x67, 0x7e, 0x67, 0x7e, 0x67, 0x7e, 0x67, 0x7e, 0x67, 0x7e,
  0x67, 0x7e, 0x68, 0x7e, 0x67, 0x7e, 0x87, 0x7e, 0x87, 0x7e, 0x87, 0x7e, 0x26, 0x65, 0xa3, 0x43, 0x20, 0x00, 0x00, 0x00, 0x20, 0x00, 0x00, 0x00,
  0x00, 0x00, 0x00, 0x00, 0x00, 0x00, 0x20, 0x00, 0x40, 0x00, 0x00, 0x00, 0xe0, 0x10, 0x21, 0x22, 0x25, 0x65, 0x07, 0x76, 0x87, 0x7e, 0x87, 0x7e,
  0x67, 0x7e, 0x67, 0x7e, 0x67, 0x7e, 0x67, 0x7e, 0x67, 0x7e, 0x87, 0x7e, 0x87, 0x7e, 0x67, 0x7e, 0x05, 0x5d, 0x43, 0x3b, 0x61, 0x19, 0x00, 0x00,
  0x00, 0x00, 0x20, 0x00, 0x00, 0x00, 0x00, 0x00, 0x00, 0x00, 0x00, 0x00, 0x00, 0x00, 0x00, 0x00, 0x00, 0x00, 0x00, 0x00, 0x00, 0x00, 0x00, 0x00,
  0x00, 0x00, 0x00, 0x00, 0x00, 0x00, 0x00, 0x00, 0x00, 0x00, 0x00, 0x00, 0x00, 0x00, 0x20, 0x00, 0x00, 0x00, 0x60, 0x00, 0x20, 0x11, 0x24, 0x4c,
  0x66, 0x65, 0x87, 0x7e, 0x87, 0x7e, 0x87, 0x7e, 0x67, 0x7e, 0x67, 0x7e, 0x67, 0x7e, 0x67, 0x7e, 0x67, 0x7e, 0x87, 0x7e, 0x87, 0x7e, 0xc6, 0x6d,
  0xe4, 0x43, 0x01, 0x22, 0x20, 0x00, 0x20, 0x00, 0x60, 0x00, 0x00, 0x00, 0x00, 0x00, 0x00, 0x00, 0x00, 0x00, 0x00, 0x00, 0x20, 0x00, 0x00, 0x00,
  0x60, 0x00, 0x00, 0x11, 0x44, 0x4c, 0x86, 0x65, 0x87, 0x7e, 0x87, 0x7e, 0x87, 0x7e, 0x67, 0x7e, 0x67, 0x7e, 0x67, 0x7e, 0x67, 0x7e, 0x67, 0x7e,
  0x87, 0x7e, 0x87, 0x7e, 0xc6, 0x6d, 0xe4, 0x43, 0x01, 0x22, 0x00, 0x00, 0x40, 0x00, 0x60, 0x00, 0x00, 0x00, 0x00, 0x00, 0x00, 0x00, 0x00, 0x00,
  0x00, 0x00, 0x00, 0x00, 0x00, 0x00, 0x00, 0x00, 0x00, 0x00, 0x00, 0x00, 0x00, 0x00, 0x00, 0x00, 0x00, 0x00, 0x00, 0x00, 0x40, 0x00, 0x40, 0x00,
  0x20, 0x00, 0x00, 0x00, 0xc2, 0x32, 0x65, 0x54, 0xe7, 0x6d, 0x87, 0x7e, 0x87, 0x7e, 0x67, 0x7e, 0x67, 0x7e, 0x67, 0x7e, 0x67, 0x7e, 0x68, 0x7e,
  0x67, 0x7e, 0x67, 0x7e, 0x67, 0x7e, 0x87, 0x7e, 0x87, 0x7e, 0x87, 0x7e, 0x26, 0x65, 0xa3, 0x43, 0x40, 0x08, 0x20, 0x00, 0x40, 0x00, 0x00, 0x00,
  0x00, 0x00, 0x00, 0x00, 0x00, 0x00, 0x00, 0x00, 0x00, 0x00, 0x80, 0x00, 0x40, 0x00, 0x20, 0x00, 0xc3, 0x32, 0xa5, 0x54, 0x67, 0x7e, 0x87, 0x7e,
  0x67, 0x76, 0x67, 0x7e, 0x68, 0x7e, 0x67, 0x7e, 0x67, 0x7e, 0x67, 0x7e, 0x67, 0x7e, 0x67, 0x7e, 0x67, 0x7e, 0x67, 0x7e, 0x67, 0x7e, 0x67, 0x7e,
  0x47, 0x76, 0x27, 0x76, 0xe9, 0x31, 0xe9, 0x31, 0xe9, 0x31, 0xe9, 0x31, 0xe9, 0x31, 0xe9, 0x31, 0xe9, 0x31, 0xe9, 0x31, 0xe9, 0x31, 0xe9, 0x31,
  0xe9, 0x31, 0xe9, 0x31, 0x09, 0x32, 0xe9, 0x31, 0xe9, 0x31, 0xe9, 0x31, 0xe9, 0x31, 0xe9, 0x31, 0xe9, 0x31, 0xe9, 0x31, 0x09, 0x32, 0xe9, 0x31,
  0xe9, 0x31, 0xe9, 0x31, 0x09, 0x32, 0x09, 0x32, 0x09, 0x32, 0x09, 0x32, 0x09, 0x32, 0x09, 0x32, 0x09, 0x32, 0x09, 0x32, 0x09, 0x32, 0xe9, 0x31,
  0x09, 0x32, 0xe9, 0x31, 0xe9, 0x31, 0xe9, 0x31, 0xea, 0x31, 0xe9, 0x31, 0xe9, 0x31, 0xe9, 0x31, 0xe9, 0x31, 0xe9, 0x31, 0xe9, 0x31, 0xea, 0x29,
  0x68, 0x52, 0x68, 0x52, 0x68, 0x52, 0x68, 0x52, 0x68, 0x52, 0x68, 0x52, 0x68, 0x52, 0x68, 0x52, 0x68, 0x52, 0x68, 0x52, 0x68, 0x52, 0x68, 0x52,
  0x68, 0x52, 0x68, 0x52, 0x68, 0x52, 0x68, 0x52, 0x68, 0x52, 0x68, 0x52, 0x68, 0x52, 0x68, 0x52, 0x68, 0x52, 0x68, 0x52, 0x68, 0x52, 0x68, 0x52,
  0x68, 0x52, 0x68, 0x52, 0x68, 0x52, 0x68, 0x52, 0x68, 0x52, 0x68, 0x52, 0x68, 0x52, 0x68, 0x52, 0x68, 0x52, 0x68, 0x52, 0x68, 0x52, 0x68, 0x52,
  0x68, 0x52, 0x68, 0x52, 0x68, 0x52, 0x68, 0x52, 0x68, 0x52, 0x68, 0x52, 0x68, 0x52, 0x68, 0x52, 0x68, 0x52, 0x68, 0x52, 0x68, 0x52, 0x68, 0x52,
  0x68, 0x52, 0x68, 0x52, 0x66, 0x5c, 0x67, 0x6d, 0x68, 0x7e, 0x67, 0x7e, 0x67, 0x76, 0x67, 0x7e, 0x67, 0x7e, 0x67, 0x7e, 0x67, 0x7e, 0x67, 0x7e,
  0x67, 0x7e, 0x67, 0x7e, 0x68, 0x7e, 0x67, 0x76, 0x87, 0x7e, 0x87, 0x7e, 0x26, 0x65, 0x83, 0x43, 0x20, 0x00, 0x00, 0x00, 0x20, 0x00, 0x00, 0x00,
  0x00, 0x00, 0x00, 0x00, 0x00, 0x00, 0x20, 0x00, 0x40, 0x00, 0x00, 0x00, 0xe0, 0x10, 0x21, 0x22, 0x26, 0x65, 0xe7, 0x6d, 0x87, 0x7e, 0x87, 0x76,
  0x67, 0x7e, 0x67, 0x7e, 0x67, 0x7e, 0x67, 0x7e, 0x67, 0x7e, 0x88, 0x7e, 0x87, 0x7e, 0x67, 0x7e, 0x05, 0x5d, 0x23, 0x3b, 0x61, 0x19, 0x00, 0x00,
  0x00, 0x00, 0x20, 0x00, 0x00, 0x00, 0x00, 0x00, 0x00, 0x00, 0x00, 0x00, 0x00, 0x00, 0x00, 0x00, 0x00, 0x00, 0x00, 0x00, 0x00, 0x00, 0x00, 0x00,
  0x00, 0x00, 0x00, 0x00, 0x00, 0x00, 0x00, 0x00, 0x00, 0x00, 0x00, 0x00, 0x00, 0x00, 0x20, 0x00, 0x00, 0x00, 0x60, 0x00, 0x20, 0x11, 0x25, 0x4c,
  0x86, 0x65, 0x87, 0x7e, 0x87, 0x7e, 0x67, 0x76, 0x47, 0x76, 0x67, 0x7e, 0x67, 0x7e, 0x67, 0x7e, 0x67, 0x7e, 0x87, 0x7e, 0x87, 0x7e, 0xa6, 0x6d,
  0xe4, 0x43, 0x01, 0x22, 0x20, 0x00, 0x20, 0x00, 0x60, 0x00, 0x00, 0x00, 0x00, 0x00, 0x00, 0x00, 0x00, 0x00, 0x00, 0x00, 0x20, 0x00, 0x00, 0x00,
  0x60, 0x00, 0x00, 0x11, 0x44, 0x4c, 0x86, 0x6d, 0x87, 0x7e, 0x87, 0x7e, 0x67, 0x76, 0x67, 0x7e, 0x67, 0x7e, 0x67, 0x7e, 0x68, 0x7e, 0x67, 0x7e,
  0x87, 0x7e, 0x87, 0x7e, 0xc6, 0x6d, 0xe4, 0x43, 0x01, 0x22, 0x20, 0x00, 0x20, 0x00, 0x60, 0x00, 0x00, 0x00, 0x00, 0x00, 0x00, 0x00, 0x00, 0x00,
  0x00, 0x00, 0x00, 0x00, 0x00, 0x00, 0x00, 0x00, 0x00, 0x00, 0x00, 0x00, 0x00, 0x00, 0x00, 0x00, 0x00, 0x00, 0x00, 0x00, 0x00, 0x00, 0x40, 0x00,
  0x40, 0x00, 0x60, 0x00, 0x20, 0x00, 0xe1, 0x21, 0xe4, 0x4b, 0x27, 0x76, 0x87, 0x7e, 0x87, 0x7e, 0x67, 0x7e, 0x67, 0x7e, 0x67, 0x7e, 0x67, 0x7e,
  0x68, 0x7e, 0x67, 0x7e, 0x67, 0x76, 0x67, 0x7e, 0x68, 0x7e, 0x87, 0x7e, 0xe7, 0x6d, 0x05, 0x5d, 0x01, 0x22, 0xe0, 0x10, 0x00, 0x00, 0x40, 0x00,
  0x00, 0x00, 0x00, 0x00, 0x00, 0x00, 0x00, 0x00, 0x00, 0x00, 0x80, 0x00, 0x40, 0x00, 0x20, 0x00, 0xc2, 0x32, 0xa5, 0x5c, 0x67, 0x7e, 0x87, 0x7e,
  0x87, 0x7e, 0x67, 0x7e, 0x67, 0x7e, 0x67, 0x7e, 0x68, 0x7e, 0x67, 0x7e, 0x67, 0x7e, 0x67, 0x7e, 0x67, 0x7e, 0x67, 0x7e, 0x67, 0x7e, 0x68, 0x7e,
  0x47, 0x76, 0x27, 0x76, 0xe9, 0x31, 0xe9, 0x31, 0xe9, 0x31, 0xe9, 0x31, 0xe9, 0x31, 0xe9, 0x31, 0xe9, 0x31, 0xe9, 0x31, 0x09, 0x32, 0x09, 0x32,
  0xe9, 0x31, 0xe9, 0x31, 0xe9, 0x31, 0xe9, 0x31, 0xe9, 0x31, 0xe9, 0x31, 0xe9, 0x31, 0xe9, 0x31, 0xe9, 0x31, 0xe9, 0x31, 0xe9, 0x31, 0xe9, 0x31,
  0xe9, 0x31, 0xe9, 0x31, 0xe9, 0x31, 0xe9, 0x31, 0x09, 0x32, 0x09, 0x32, 0x09, 0x32, 0xe9, 0x31, 0x09, 0x32, 0xea, 0x31, 0xe9, 0x31, 0xe9, 0x31,
  0xe9, 0x31, 0xe9, 0x31, 0xe9, 0x31, 0xe9, 0x31, 0x0a, 0x32, 0xe9, 0x31, 0xe9, 0x31, 0xe9, 0x31, 0x09, 0x32, 0xea, 0x29, 0xea, 0x29, 0xea, 0x29,
  0x68, 0x52, 0x68, 0x52, 0x68, 0x52, 0x68, 0x52, 0x68, 0x52, 0x68, 0x52, 0x68, 0x52, 0x68, 0x52, 0x68, 0x52, 0x68, 0x52, 0x68, 0x52, 0x68, 0x52,
  0x68, 0x52, 0x68, 0x52, 0x68, 0x52, 0x68, 0x52, 0x68, 0x52, 0x68, 0x52, 0x68, 0x52, 0x68, 0x52, 0x68, 0x52, 0x68, 0x52, 0x68, 0x52, 0x68, 0x52,
  0x68, 0x52, 0x68, 0x52, 0x68, 0x52, 0x68, 0x52, 0x68, 0x52, 0x68, 0x52, 0x68, 0x52, 0x68, 0x52, 0x68, 0x52, 0x68, 0x52, 0x68, 0x52, 0x68, 0x52,
  0x68, 0x52, 0x68, 0x52, 0x68, 0x52, 0x68, 0x52, 0x68, 0x52, 0x68, 0x52, 0x68, 0x52, 0x68, 0x52, 0x68, 0x52, 0x68, 0x52, 0x68, 0x52, 0x68, 0x52,
  0x68, 0x52, 0x68, 0x52, 0x66, 0x5c, 0x67, 0x6d, 0x68, 0x7e, 0x87, 0x7e, 0x67, 0x7e, 0x67, 0x7e, 0x67, 0x7e, 0x67, 0x7e, 0x67, 0x7e, 0x67, 0x7e,
  0x67, 0x7e, 0x67, 0x76, 0x67, 0x7e, 0x67, 0x76, 0x87, 0x7e, 0x87, 0x7e, 0x26, 0x65, 0x83, 0x43, 0x20, 0x00, 0x00, 0x00, 0x20, 0x00, 0x00, 0x00,
  0x00, 0x00, 0x00, 0x00, 0x00, 0x00, 0x20, 0x00, 0x40, 0x00, 0x00, 0x00, 0xe0, 0x10, 0x21, 0x22, 0x26, 0x65, 0xe7, 0x6d, 0x87, 0x7e, 0x67, 0x7e,
  0x67, 0x7e, 0x67, 0x7e, 0x67, 0x7e, 0x67, 0x7e, 0x67, 0x7e, 0x67, 0x7e, 0x87, 0x7e, 0x67, 0x7e, 0x05, 0x5d, 0x23, 0x3b, 0x61, 0x11, 0x00, 0x00,
  0x00, 0x00, 0x20, 0x00, 0x00, 0x00, 0x00, 0x00, 0x00, 0x00, 0x00, 0x00, 0x00, 0x00, 0x00, 0x00, 0x00, 0x00, 0x00, 0x00, 0x00, 0x00, 0x00, 0x00,
  0x00, 0x00, 0x00, 0x00, 0x00, 0x00, 0x00, 0x00, 0x00, 0x00, 0x00, 0x00, 0x00, 0x00, 0x20, 0x00, 0x00, 0x00, 0x60, 0x00, 0x20, 0x11, 0x24, 0x4c,
  0x66, 0x65, 0x87, 0x7e, 0x87, 0x7e, 0x67, 0x7e, 0x67, 0x7e, 0x67, 0x7e, 0x67, 0x7e, 0x67, 0x7e, 0x67, 0x7e, 0x87, 0x7e, 0x87, 0x7e, 0xc6, 0x6d,
  0xe4, 0x43, 0x01, 0x22, 0x20, 0x00, 0x20, 0x00, 0x60, 0x00, 0x00, 0x00, 0x00, 0x00, 0x00, 0x00, 0x00, 0x00, 0x00, 0x00, 0x20, 0x00, 0x00, 0x00,
  0x60, 0x00, 0x00, 0x11, 0x24, 0x4c, 0x86, 0x6d, 0x87, 0x7e, 0x87, 0x7e, 0x67, 0x7e, 0x67, 0x7e, 0x67, 0x7e, 0x67, 0x7e, 0x67, 0x7e, 0x67, 0x7e,
  0x87, 0x7e, 0x87, 0x7e, 0xc6, 0x6d, 0xe4, 0x43, 0x01, 0x22, 0x20, 0x00, 0x20, 0x00, 0x60, 0x00, 0x00, 0x00, 0x00, 0x00, 0x00, 0x00, 0x00, 0x00,
  0x00, 0x00, 0x00, 0x00, 0x00, 0x00, 0x00, 0x00, 0x00, 0x00, 0x00, 0x00, 0x00, 0x00, 0x00, 0x00, 0x00, 0x00, 0x00, 0x00, 0x00, 0x00, 0x00, 0x00,
  0x40, 0x00, 0x60, 0x00, 0x00, 0x00, 0x00, 0x11, 0x62, 0x2a, 0x66, 0x65, 0x07, 0x76, 0x87, 0x7e, 0x67, 0x76, 0x67, 0x76, 0x67, 0x7e, 0x67, 0x7e,
  0x67, 0x7e, 0x67, 0x7e, 0x67, 0x7e, 0x67, 0x7e, 0x67, 0x7e, 0x87, 0x7e, 0x27, 0x76, 0x86, 0x65, 0x82, 0x32, 0x20, 0x11, 0x00, 0x00, 0x40, 0x00,
  0x20, 0x00, 0x00, 0x00, 0x00, 0x00, 0x00, 0x00, 0x00, 0x00, 0x80, 0x00, 0x40, 0x00, 0x20, 0x00, 0xc3, 0x32, 0xa5, 0x54, 0x67, 0x7e, 0x87, 0x7e,
  0x67, 0x76, 0x67, 0x7e, 0x67, 0x7e, 0x67, 0x7e, 0x67, 0x7e, 0x67, 0x7e, 0x67, 0x7e, 0x67, 0x7e, 0x67, 0x7e, 0x67, 0x7e, 0x67, 0x7e, 0x67, 0x76,
  0x47, 0x76, 0x27, 0x76, 0xe9, 0x31, 0xe9, 0x31, 0xe9, 0x31, 0xe9, 0x31, 0xe9, 0x31, 0xe9, 0x31, 0xe9, 0x31, 0xe9, 0x31, 0xe9, 0x31, 0xe9, 0x31,
  0xe9, 0x31, 0xe9, 0x31, 0xe9, 0x31, 0xe9, 0x31, 0xe9, 0x31, 0xe9, 0x31, 0xe9, 0x31, 0x09, 0x32, 0xe9, 0x31, 0xe9, 0x31, 0xe9, 0x31, 0xe9, 0x31,
  0xe9, 0x31, 0xe9, 0x31, 0xe9, 0x31, 0xe9, 0x31, 0x09, 0x32, 0x09, 0x32, 0x09, 0x32, 0x09, 0x32, 0x09, 0x32, 0xe9, 0x31, 0x09, 0x32, 0x09, 0x32,
  0xe9, 0x31, 0xe9, 0x31, 0xe9, 0x31, 0xe9, 0x31, 0xe9, 0x31, 0xe9, 0x31, 0xe9, 0x31, 0xe9, 0x31, 0xe9, 0x31, 0xe9, 0x31, 0xe9, 0x31, 0xea, 0x29,
  0x68, 0x52, 0x68, 0x52, 0x68, 0x52, 0x68, 0x52, 0x68, 0x52, 0x68, 0x52, 0x68, 0x52, 0x68, 0x52, 0x68, 0x52, 0x68, 0x52, 0x68, 0x52, 0x68, 0x52,
  0x68, 0x52, 0x68, 0x52, 0x68, 0x52, 0x68, 0x52, 0x68, 0x52, 0x68, 0x52, 0x68, 0x52, 0x68, 0x52, 0x68, 0x52, 0x68, 0x52, 0x68, 0x52, 0x68, 0x52,
  0x68, 0x52, 0x68, 0x52, 0x68, 0x52, 0x68, 0x52, 0x68, 0x52, 0x68, 0x52, 0x68, 0x52, 0x68, 0x52, 0x68, 0x52, 0x68, 0x52, 0x68, 0x52, 0x68, 0x52,
  0x68, 0x52, 0x68, 0x52, 0x68, 0x52, 0x68, 0x52, 0x68, 0x52, 0x68, 0x52, 0x68, 0x52, 0x68, 0x52, 0x68, 0x52, 0x68, 0x52, 0x68, 0x52, 0x68, 0x52,
  0x68, 0x52, 0x68, 0x52, 0x66, 0x5c, 0x67, 0x6d, 0x47, 0x76, 0x87, 0x7e, 0x67, 0x76, 0x67, 0x76, 0x67, 0x76, 0x67, 0x76, 0x67, 0x76, 0x67, 0x76,
  0x67, 0x76, 0x67, 0x76, 0x67, 0x76, 0x67, 0x7e, 0x87, 0x7e, 0x67, 0x76, 0x26, 0x65, 0xa3, 0x43, 0x20, 0x00, 0x00, 0x00, 0x20, 0x00, 0x00, 0x00,
  0x00, 0x00, 0x00, 0x00, 0x00, 0x00, 0x20, 0x00, 0x40, 0x00, 0x00, 0x00, 0xe0, 0x10, 0x21, 0x22, 0x26, 0x65, 0xe7, 0x6d, 0x87, 0x7e, 0x67, 0x7e,
  0x68, 0x7e, 0x67, 0x76, 0x67, 0x76, 0x47, 0x76, 0x67, 0x7e, 0x67, 0x7e, 0x68, 0x7e, 0x67, 0x7e, 0x05, 0x5d, 0x23, 0x3b, 0x61, 0x19, 0x00, 0x00,
  0x00, 0x00, 0x20, 0x00, 0x00, 0x00, 0x00, 0x00, 0x00, 0x00, 0x00, 0x00, 0x00, 0x00, 0x00, 0x00, 0x00, 0x00, 0x00, 0x00, 0x00, 0x00, 0x00, 0x00,
  0x00, 0x00, 0x00, 0x00, 0x00, 0x00, 0x00, 0x00, 0x00, 0x00, 0x00, 0x00, 0x00, 0x00, 0x20, 0x00, 0x00, 0x00, 0x80, 0x08, 0x20, 0x11, 0x24, 0x4c,
  0x66, 0x65, 0x87, 0x7e, 0x87, 0x7e, 0x67, 0x7e, 0x47, 0x76, 0x67, 0x76, 0x47, 0x76, 0x67, 0x76, 0x67, 0x76, 0x67, 0x76, 0x67, 0x76, 0xa6, 0x6d,
  0xe4, 0x43, 0xe1, 0x21, 0x20, 0x00, 0x20, 0x00, 0x60, 0x00, 0x00, 0x00, 0x00, 0x00, 0x00, 0x00, 0x00, 0x00, 0x00, 0x00, 0x20, 0x00, 0x00, 0x00,
  0x60, 0x00, 0x00, 0x11, 0x24, 0x4c, 0x66, 0x65, 0x87, 0x7e, 0x87, 0x7e, 0x67, 0x76, 0x67, 0x76, 0x67, 0x76, 0x67, 0x76, 0x67, 0x76, 0x67, 0x76,
  0x67, 0x76, 0x67, 0x76, 0xc6, 0x6d, 0xe4, 0x43, 0x01, 0x22, 0x20, 0x00, 0x20, 0x00, 0x60, 0x00, 0x00, 0x00, 0x00, 0x00, 0x00, 0x00, 0x00, 0x00,
  0x00, 0x00, 0x00, 0x00, 0x00, 0x00, 0x00, 0x00, 0x00, 0x00, 0x00, 0x00, 0x00, 0x00, 0x00, 0x00, 0x00, 0x00, 0x00, 0x00, 0x00, 0x00, 0x00, 0x00,
  0x20, 0x00, 0x60, 0x00, 0x00, 0x00, 0x60, 0x00, 0xe0, 0x10, 0x85, 0x54, 0xa6, 0x6d, 0x87, 0x7e, 0x67, 0x76, 0x67, 0x7e, 0x67, 0x76, 0x67, 0x76,
  0x67, 0x76, 0x67, 0x76, 0x67, 0x76, 0x47, 0x76, 0x67, 0x7e, 0x88, 0x7e, 0x67, 0x7e, 0x07, 0x76, 0x03, 0x33, 0x61, 0x19, 0x00, 0x00, 0x60, 0x00,
  0x20, 0x00, 0x00, 0x00, 0x00, 0x00, 0x00, 0x00, 0x00, 0x00, 0x80, 0x00, 0x40, 0x00, 0x20, 0x00, 0xc3, 0x32, 0xa5, 0x54, 0x67, 0x76, 0x87, 0x7e,
  0x67, 0x7e, 0x47, 0x76, 0x67, 0x76, 0x67, 0x76, 0x67, 0x76, 0x67, 0x76, 0x67, 0x76, 0x67, 0x76, 0x67, 0x76, 0x67, 0x76, 0x67, 0x76, 0x67, 0x76,
  0x47, 0x76, 0x07, 0x76, 0xe9, 0x31, 0xe9, 0x31, 0xe9, 0x31, 0xe9, 0x31, 0xe9, 0x31, 0xe9, 0x31, 0xe9, 0x31, 0xe9, 0x31, 0xe9, 0x31, 0xe9, 0x31,
  0xe9, 0x31, 0xe9, 0x31, 0xe9, 0x31, 0xe9, 0x31, 0xe9, 0x31, 0xe9, 0x31, 0xe9, 0x31, 0xe9, 0x31, 0xe9, 0x31, 0xe9, 0x31, 0xe9, 0x31, 0xe9, 0x31,
  0xe9, 0x31, 0xe9, 0x31, 0xe9, 0x31, 0xe9, 0x31, 0xe9, 0x31, 0x09, 0x32, 0x09, 0x32, 0x09, 0x32, 0x09, 0x32, 0x09, 0x32, 0x09, 0x32, 0xe9, 0x31,
  0xe9, 0x31, 0xe9, 0x31, 0xe9, 0x31, 0x09, 0x32, 0xe9, 0x31, 0xe9, 0x31, 0xe9, 0x31, 0xe9, 0x31, 0xea, 0x31, 0xea, 0x31, 0xea, 0x31, 0xe9, 0x31,
  0x68, 0x52, 0x68, 0x52, 0x68, 0x52, 0x68, 0x52, 0x68, 0x52, 0x68, 0x52, 0x68, 0x52, 0x68, 0x52, 0x68, 0x52, 0x68, 0x52, 0x68, 0x52, 0x68, 0x52,
  0x68, 0x52, 0x68, 0x52, 0x68, 0x52, 0x68, 0x52, 0x68, 0x52, 0x68, 0x52, 0x68, 0x52, 0x68, 0x52, 0x68, 0x52, 0x68, 0x52, 0x68, 0x52, 0x68, 0x52,
  0x68, 0x52, 0x68, 0x52, 0x68, 0x52, 0x68, 0x52, 0x68, 0x52, 0x68, 0x52, 0x68, 0x52, 0x68, 0x52, 0x68, 0x52, 0x68, 0x52, 0x68, 0x52, 0x68, 0x52,
  0x68, 0x52, 0x68, 0x52, 0x68, 0x52, 0x68, 0x52, 0x68, 0x52, 0x68, 0x52, 0x68, 0x52, 0x68, 0x52, 0x68, 0x52, 0x68, 0x52, 0x68, 0x52, 0x68, 0x52,
  0x68, 0x52, 0x68, 0x52, 0x66, 0x5c, 0x66, 0x65, 0x47, 0x76, 0x67, 0x76, 0x67, 0x76, 0x47, 0x76, 0x67, 0x76, 0x67, 0x76, 0x67, 0x7e, 0x67, 0x76,
  0x67, 0x7e, 0x67, 0x76, 0x47, 0x76, 0x67, 0x7e, 0x87, 0x7e, 0x67, 0x76, 0x25, 0x5d, 0x83, 0x43, 0x20, 0x00, 0x00, 0x00, 0x20, 0x00, 0x00, 0x00,
  0x00, 0x00, 0x00, 0x00, 0x00, 0x00, 0x20, 0x00, 0x40, 0x00, 0x00, 0x00, 0xe0, 0x10, 0x21, 0x22, 0x25, 0x5d, 0xe7, 0x6d, 0x67, 0x7e, 0x67, 0x76,
  0x67, 0x76, 0x67, 0x76, 0x67, 0x76, 0x67, 0x76, 0x67, 0x76, 0x67, 0x7e, 0x67, 0x76, 0x67, 0x7e, 0x05, 0x5d, 0x23, 0x3b, 0x61, 0x19, 0x20, 0x00,
  0x20, 0x00, 0x40, 0x00, 0x00, 0x00, 0x00, 0x00, 0x00, 0x00, 0x00, 0x00, 0x00, 0x00, 0x00, 0x00, 0x00, 0x00, 0x00, 0x00, 0x00, 0x00, 0x00, 0x00,
  0x00, 0x00, 0x00, 0x00, 0x00, 0x00, 0x00, 0x00, 0x00, 0x00, 0x20, 0x00, 0x20, 0x00, 0x40, 0x00, 0x00, 0x00, 0x60, 0x00, 0x20, 0x11, 0x24, 0x4c,
  0x66, 0x65, 0x87, 0x76, 0x67, 0x76, 0x67, 0x76, 0x67, 0x76, 0x67, 0x76, 0x47, 0x76, 0x67, 0x76, 0x47, 0x7e, 0x67, 0x76, 0x67, 0x76, 0xa6, 0x6d,
  0xc4, 0x43, 0xe1, 0x21, 0x20, 0x00, 0x20, 0x00, 0x60, 0x00, 0x00, 0x00, 0x00, 0x00, 0x00, 0x00, 0x00, 0x00, 0x00, 0x00, 0x20, 0x00, 0x00, 0x00,
  0x60, 0x00, 0x00, 0x11, 0x24, 0x4c, 0x66, 0x65, 0x87, 0x7e, 0x67, 0x76, 0x67, 0x76, 0x47, 0x76, 0x67, 0x76, 0x67, 0x76, 0x67, 0x76, 0x67, 0x76,
  0x67, 0x76, 0x67, 0x76, 0xc6, 0x6d, 0xe4, 0x43, 0x01, 0x22, 0x20, 0x00, 0x20, 0x00, 0x60, 0x00, 0x00, 0x00, 0x00, 0x00, 0x00, 0x00, 0x00, 0x00,
  0x00, 0x00, 0x00, 0x00, 0x00, 0x00, 0x00, 0x00, 0x00, 0x00, 0x00, 0x00, 0x00, 0x00, 0x00, 0x00, 0x00, 0x00, 0x00, 0x00, 0x00, 0x00, 0x00, 0x00,
  0x00, 0x00, 0x00, 0x00, 0x80, 0x00, 0x40, 0x00, 0x20, 0x00, 0xc2, 0x32, 0xa5, 0x54, 0x47, 0x76, 0x67, 0x7e, 0x67, 0x7e, 0x47, 0x76, 0x67, 0x76,
  0x67, 0x76, 0x67, 0x76, 0x67, 0x76, 0x47, 0x76, 0x47, 0x76, 0x67, 0x76, 0x68, 0x7e, 0x27, 0x76, 0xc4, 0x43, 0xc1, 0x21, 0x00, 0x00, 0x20, 0x00,
  0x20, 0x00, 0x00, 0x00, 0x00, 0x00, 0x00, 0x00, 0x00, 0x00, 0x80, 0x00, 0x40, 0x00, 0x20, 0x00, 0xc2, 0x32, 0xa5, 0x54, 0x47, 0x76, 0x67, 0x76,
  0x67, 0x7e, 0x47, 0x76, 0x67, 0x76, 0x67, 0x76, 0x67, 0x76, 0x67, 0x76, 0x67, 0x76, 0x67, 0x76, 0x67, 0x7e, 0x67, 0x76, 0x67, 0x76, 0x67, 0x7e,
  0x27, 0x76, 0x07, 0x76, 0xe9, 0x31, 0xe9, 0x31, 0xe9, 0x31, 0xe9, 0x31, 0xe9, 0x31, 0xe9, 0x31, 0xe9, 0x31, 0xe9, 0x31, 0xe9, 0x31, 0xe9, 0x31,
  0xe9, 0x31, 0xe9, 0x31, 0xe9, 0x31, 0xe9, 0x31, 0xe9, 0x31, 0x09, 0x32, 0xe9, 0x31, 0xe9, 0x31, 0xe9, 0x31, 0xe9, 0x31, 0xe9, 0x31, 0x09, 0x32,
  0xe9, 0x31, 0xe9, 0x31, 0xe9, 0x31, 0xe9, 0x31, 0xe9, 0x31, 0xe9, 0x31, 0x09, 0x32, 0x09, 0x32, 0x09, 0x32, 0xe9, 0x31, 0xe9, 0x31, 0x09, 0x32,
  0x09, 0x32, 0xe9, 0x31, 0xe9, 0x31, 0xe9, 0x31, 0xe9, 0x31, 0xe9, 0x31, 0xe9, 0x31, 0xe9, 0x31, 0xe9, 0x31, 0xe9, 0x31, 0x0a, 0x32, 0xe9, 0x31,
  0x68, 0x52, 0x68, 0x52, 0x68, 0x52, 0x68, 0x52, 0x68, 0x52, 0x68, 0x52, 0x68, 0x52, 0x68, 0x52, 0x68, 0x52, 0x68, 0x52, 0x68, 0x52, 0x68, 0x52,
  0x68, 0x52, 0x68, 0x52, 0x68, 0x52, 0x68, 0x52, 0x68, 0x52, 0x68, 0x52, 0x68, 0x52, 0x68, 0x52, 0x68, 0x52, 0x68, 0x52, 0x68, 0x52, 0x68, 0x52,
  0x68, 0x52, 0x68, 0x52, 0x48, 0x52, 0x68, 0x52, 0x68, 0x52, 0x68, 0x52, 0x68, 0x52, 0x68, 0x52, 0x68, 0x52, 0x68, 0x52, 0x68, 0x52, 0x68, 0x52,
  0x68, 0x52, 0x68, 0x52, 0x68, 0x52, 0x68, 0x52, 0x68, 0x52, 0x68, 0x52, 0x68, 0x52, 0x68, 0x52, 0x68, 0x52, 0x68, 0x52, 0x68, 0x52, 0x68, 0x52,
  0x68, 0x52, 0x68, 0x52, 0x46, 0x5c, 0x46, 0x6d, 0x47, 0x76, 0x67, 0x76, 0x67, 0x76, 0x47, 0x76, 0x67, 0x76, 0x67, 0x7e, 0x47, 0x76, 0x47, 0x76,
  0x47, 0x76, 0x47, 0x76, 0x47, 0x76, 0x67, 0x7e, 0x68, 0x7e, 0x67, 0x76, 0x25, 0x5d, 0x83, 0x43, 0x20, 0x00, 0x00, 0x00, 0x20, 0x00, 0x00, 0x00,
  0x00, 0x00, 0x00, 0x00, 0x00, 0x00, 0x20, 0x00, 0x40, 0x00, 0x00, 0x00, 0xe0, 0x08, 0x22, 0x22, 0x26, 0x5d, 0xe6, 0x6d, 0x67, 0x7e, 0x67, 0x76,
  0x47, 0x76, 0x47, 0x76, 0x67, 0x76, 0x47, 0x76, 0x47, 0x76, 0x67, 0x7e, 0x67, 0x7e, 0x47, 0x76, 0x05, 0x5d, 0x22, 0x3b, 0x61, 0x19, 0x00, 0x00,
  0x20, 0x00, 0x40, 0x00, 0x00, 0x00, 0x00, 0x00, 0x00, 0x00, 0x00, 0x00, 0x00, 0x00, 0x00, 0x00, 0x00, 0x00, 0x00, 0x00, 0x00, 0x00, 0x00, 0x00,
  0x00, 0x00, 0x00, 0x00, 0x00, 0x00, 0x00, 0x00, 0x00, 0x00, 0x00, 0x00, 0x20, 0x00, 0x20, 0x00, 0x00, 0x00, 0x60, 0x00, 0x00, 0x11, 0x24, 0x4c,
  0x66, 0x65, 0x67, 0x76, 0x67, 0x76, 0x67, 0x7e, 0x47, 0x76, 0x67, 0x76, 0x47, 0x76, 0x47, 0x76, 0x47, 0x76, 0x67, 0x76, 0x67, 0x76, 0xa6, 0x6d,
  0xc3, 0x4b, 0x01, 0x22, 0x20, 0x00, 0x20, 0x00, 0x60, 0x00, 0x00, 0x00, 0x00, 0x00, 0x00, 0x00, 0x00, 0x00, 0x00, 0x00, 0x20, 0x00, 0x00, 0x00,
  0x60, 0x00, 0x00, 0x11, 0x24, 0x4c, 0x66, 0x65, 0x68, 0x7e, 0x67, 0x76, 0x67, 0x76, 0x47, 0x76, 0x67, 0x76, 0x67, 0x7e, 0x47, 0x76, 0x67, 0x76,
  0x67, 0x7e, 0x47, 0x76, 0xa6, 0x6d, 0xe4, 0x43, 0x01, 0x22, 0x20, 0x00, 0x20, 0x00, 0x60, 0x00, 0x00, 0x00, 0x00, 0x00, 0x00, 0x00, 0x00, 0x00,
  0x00, 0x00, 0x00, 0x00, 0x00, 0x00, 0x00, 0x00, 0x00, 0x00, 0x00, 0x00, 0x00, 0x00, 0x00, 0x00, 0x00, 0x00, 0x00, 0x00, 0x00, 0x00, 0x00, 0x00,
  0x00, 0x00, 0x00, 0x00, 0x40, 0x00, 0x20, 0x00, 0x20, 0x00, 0x02, 0x22, 0xe3, 0x43, 0xa6, 0x6d, 0x67, 0x76, 0x67, 0x76, 0x47, 0x76, 0x47, 0x76,
  0x47, 0x76, 0x67, 0x76, 0x47, 0x76, 0x47, 0x76, 0x47, 0x76, 0x67, 0x7e, 0x68, 0x7e, 0x47, 0x76, 0x44, 0x54, 0x62, 0x2a, 0x80, 0x00, 0x20, 0x00,
  0x20, 0x00, 0x00, 0x00, 0x00, 0x00, 0x00, 0x00, 0x00, 0x00, 0x80, 0x00, 0x40, 0x00, 0x20, 0x00, 0xc3, 0x32, 0xa5, 0x54, 0x47, 0x76, 0x67, 0x76,
  0x67, 0x7e, 0x47, 0x76, 0x47, 0x76, 0x47, 0x76, 0x47, 0x76, 0x47, 0x76, 0x47, 0x76, 0x47, 0x76, 0x47, 0x76, 0x47, 0x76, 0x67, 0x76, 0x47, 0x76,
  0x27, 0x76, 0x07, 0x76, 0xe9, 0x31, 0xe9, 0x31, 0xe9, 0x31, 0xe9, 0x31, 0xe9, 0x31, 0xe9, 0x31, 0xe9, 0x31, 0xe9, 0x31, 0xe9, 0x31, 0xe9, 0x31,
  0xe9, 0x31, 0xe9, 0x31, 0xe9, 0x31, 0xe9, 0x31, 0xe9, 0x31, 0xe9, 0x31, 0xe9, 0x31, 0xe9, 0x31, 0xe9, 0x31, 0xe9, 0x31, 0xe9, 0x31, 0xe9, 0x31,
  0xe9, 0x31, 0xe9, 0x31, 0xe9, 0x31, 0xe9, 0x31, 0x09, 0x32, 0xe9, 0x31, 0x09, 0x32, 0x09, 0x32, 0xe9, 0x31, 0x09, 0x32, 0x09, 0x32, 0xe9, 0x31,
  0xe9, 0x31, 0xe9, 0x31, 0x09, 0x32, 0xe9, 0x31, 0xe9, 0x31, 0xe9, 0x31, 0xe9, 0x31, 0xe9, 0x31, 0xe9, 0x31, 0xe9, 0x31, 0xe9, 0x31, 0x0a, 0x32,
  0x68, 0x52, 0x68, 0x52, 0x68, 0x52, 0x68, 0x52, 0x68, 0x52, 0x68, 0x52, 0x68, 0x52, 0x68, 0x52, 0x68, 0x52, 0x68, 0x52, 0x68, 0x52, 0x68, 0x52,
  0x68, 0x52, 0x68, 0x52, 0x68, 0x52, 0x68, 0x52, 0x68, 0x52, 0x68, 0x52, 0x68, 0x52, 0x68, 0x52, 0x68, 0x52, 0x68, 0x52, 0x68, 0x52, 0x68, 0x52,
  0x68, 0x52, 0x68, 0x52, 0x88, 0x52, 0x68, 0x52, 0x68, 0x52, 0x68, 0x52, 0x68, 0x52, 0x68, 0x52, 0x68, 0x52, 0x68, 0x52, 0x68, 0x52, 0x68, 0x52,
  0x68, 0x52, 0x68, 0x52, 0x68, 0x52, 0x68, 0x52, 0x68, 0x52, 0x68, 0x52, 0x68, 0x52, 0x68, 0x52, 0x68, 0x52, 0x68, 0x52, 0x68, 0x52, 0x68, 0x52,
  0x68, 0x52, 0x68, 0x52, 0x66, 0x5c, 0x46, 0x65, 0x47, 0x76, 0x68, 0x7e, 0x67, 0x76, 0x47, 0x76, 0x47, 0x76, 0x47, 0x76, 0x67, 0x76, 0x67, 0x76,
  0x47, 0x76, 0x47, 0x76, 0x47, 0x76, 0x67, 0x76, 0x67, 0x7e, 0x67, 0x7e, 0x05, 0x5d, 0x83, 0x43, 0x20, 0x00, 0x00, 0x00, 0x20, 0x00, 0x00, 0x00,
  0x00, 0x00, 0x00, 0x00, 0x00, 0x00, 0x20, 0x00, 0x40, 0x00, 0x00, 0x00, 0xe0, 0x10, 0x21, 0x22, 0x05, 0x5d, 0xe6, 0x6d, 0x67, 0x76, 0x67, 0x76,
  0x47, 0x76, 0x47, 0x76, 0x47, 0x76, 0x47, 0x76, 0x47, 0x76, 0x67, 0x76, 0x67, 0x76, 0x47, 0x76, 0x05, 0x5d, 0x03, 0x3b, 0x60, 0x19, 0x00, 0x00,
  0x20, 0x00, 0x40, 0x00, 0x00, 0x00, 0x00, 0x00, 0x00, 0x00, 0x00, 0x00, 0x00, 0x00, 0x00, 0x00, 0x00, 0x00, 0x00, 0x00, 0x00, 0x00, 0x00, 0x00,
  0x00, 0x00, 0x00, 0x00, 0x00, 0x00, 0x00, 0x00, 0x00, 0x00, 0x00, 0x00, 0x00, 0x00, 0x20, 0x00, 0x00, 0x00, 0x60, 0x00, 0x00, 0x11, 0x24, 0x4c,
  0x66, 0x65, 0x67, 0x76, 0x67, 0x76, 0x47, 0x76, 0x47, 0x76, 0x67, 0x76, 0x47, 0x76, 0x47, 0x76, 0x47, 0x76, 0x67, 0x76, 0x67, 0x76, 0xa6, 0x6d,
  0xc4, 0x43, 0xe1, 0x21, 0x20, 0x00, 0x20, 0x00, 0x60, 0x00, 0x00, 0x00, 0x00, 0x00, 0x00, 0x00, 0x00, 0x00, 0x00, 0x00, 0x20, 0x00, 0x00, 0x00,
  0x60, 0x00, 0x00, 0x11, 0x24, 0x4c, 0x65, 0x65, 0x67, 0x76, 0x67, 0x7e, 0x47, 0x76, 0x47, 0x76, 0x47, 0x76, 0x47, 0x76, 0x47, 0x76, 0x47, 0x76,
  0x47, 0x76, 0x67, 0x76, 0xa6, 0x65, 0xe4, 0x43, 0x01, 0x22, 0x20, 0x00, 0x20, 0x00, 0x60, 0x00, 0x00, 0x00, 0x00, 0x00, 0x00, 0x00, 0x00, 0x00,
  0x00, 0x00, 0x00, 0x00, 0x00, 0x00, 0x00, 0x00, 0x00, 0x00, 0x00, 0x00, 0x00, 0x00, 0x00, 0x00, 0x00, 0x00, 0x00, 0x00, 0x00, 0x00, 0x00, 0x00,
  0x00, 0x00, 0x00, 0x00, 0x20, 0x00, 0x00, 0x00, 0x00, 0x00, 0x40, 0x19, 0x23, 0x3b, 0xe5, 0x5c, 0x47, 0x76, 0x67, 0x76, 0x67, 0x7e, 0x47, 0x76,
  0x67, 0x76, 0x47, 0x76, 0x47, 0x76, 0x47, 0x76, 0x47, 0x76, 0x67, 0x7e, 0x67, 0x76, 0x47, 0x76, 0xe5, 0x5c, 0x02, 0x33, 0x41, 0x11, 0x00, 0x00,
  0x00, 0x00, 0x20, 0x00, 0x00, 0x00, 0x00, 0x00, 0x00, 0x00, 0x80, 0x00, 0x40, 0x00, 0x20, 0x00, 0xc2, 0x32, 0xa5, 0x54, 0x47, 0x76, 0x67, 0x76,
  0x67, 0x76, 0x47, 0x76, 0x47, 0x76, 0x47, 0x76, 0x47, 0x76, 0x67, 0x76, 0x47, 0x76, 0x47, 0x76, 0x47, 0x76, 0x47, 0x76, 0x47, 0x76, 0x47, 0x76,
  0x27, 0x76, 0x06, 0x6e, 0xe9, 0x31, 0xe9, 0x31, 0xe9, 0x31, 0xe9, 0x31, 0xe9, 0x31, 0xe9, 0x31, 0xe9, 0x31, 0xe9, 0x31, 0xe9, 0x31, 0xe9, 0x31,
  0x09, 0x32, 0xe9, 0x31, 0xe9, 0x31, 0xe9, 0x31, 0xe9, 0x31, 0x09, 0x32, 0xe9, 0x31, 0x0a, 0x32, 0xe9, 0x31, 0xe9, 0x31, 0xe9, 0x31, 0xe9, 0x31,
  0xe9, 0x31, 0xe9, 0x31, 0xe9, 0x31, 0xe9, 0x31, 0xe9, 0x31, 0xe9, 0x31, 0xe9, 0x31, 0x09, 0x32, 0xe9, 0x31, 0xe9, 0x31, 0x09, 0x32, 0x09, 0x32,
  0xea, 0x31, 0xe9, 0x31, 0x09, 0x32, 0xe9, 0x31, 0xe9, 0x29, 0x09, 0x32, 0x0a, 0x32, 0xe9, 0x31, 0xe9, 0x31, 0x0a, 0x32, 0xea, 0x31, 0xe9, 0x31,
  0x68, 0x52, 0x68, 0x52, 0x68, 0x52, 0x68, 0x52, 0x68, 0x52, 0x68, 0x52, 0x68, 0x52, 0x68, 0x52, 0x68, 0x52, 0x68, 0x52, 0x68, 0x52, 0x68, 0x52,
  0x68, 0x52, 0x68, 0x52, 0x68, 0x52, 0x68, 0x52, 0x68, 0x52, 0x68, 0x52, 0x68, 0x52, 0x68, 0x52, 0x68, 0x52, 0x68, 0x52, 0x68, 0x52, 0x68, 0x52,
  0x68, 0x52, 0x68, 0x52, 0x68, 0x52, 0x68, 0x52, 0x68, 0x52, 0x68, 0x52, 0x68, 0x52, 0x68, 0x52, 0x68, 0x52, 0x68, 0x52, 0x68, 0x52, 0x68, 0x52,
  0x68, 0x52, 0x68, 0x52, 0x68, 0x52, 0x68, 0x52, 0x68, 0x52, 0x68, 0x52, 0x68, 0x52, 0x68, 0x52, 0x68, 0x52, 0x68, 0x52, 0x68, 0x52, 0x68, 0x52,
  0x68, 0x52, 0x68, 0x52, 0x46, 0x5c, 0x47, 0x65, 0x27, 0x76, 0x67, 0x76, 0x67, 0x76, 0x47, 0x76, 0x47, 0x76, 0x47, 0x76, 0x47, 0x76, 0x47, 0x76,
  0x47, 0x76, 0x47, 0x76, 0x47, 0x76, 0x67, 0x76, 0x68, 0x7e, 0x68, 0x76, 0x05, 0x5d, 0x84, 0x43, 0x20, 0x00, 0x00, 0x00, 0x20, 0x00, 0x00, 0x00,
  0x00, 0x00, 0x00, 0x00, 0x00, 0x00, 0x20, 0x00, 0x40, 0x00, 0x00, 0x00, 0xe0, 0x08, 0x02, 0x22, 0x06, 0x5d, 0xc6, 0x6d, 0x67, 0x7e, 0x67, 0x76,
  0x47, 0x76, 0x47, 0x76, 0x47, 0x76, 0x47, 0x76, 0x47, 0x76, 0x67, 0x7e, 0x67, 0x7e, 0x47, 0x76, 0xe5, 0x5c, 0x03, 0x3b, 0x20, 0x11, 0x00, 0x00,
  0x00, 0x00, 0x00, 0x00, 0x00, 0x00, 0x00, 0x00, 0x00, 0x00, 0x00, 0x00, 0x00, 0x00, 0x00, 0x00, 0x00, 0x00, 0x00, 0x00, 0x00, 0x00, 0x00, 0x00,
  0x00, 0x00, 0x00, 0x00, 0x00, 0x00, 0x00, 0x00, 0x00, 0x00, 0x00, 0x00, 0x00, 0x00, 0x00, 0x00, 0x00, 0x00, 0x20, 0x00, 0xa0, 0x08, 0x04, 0x4c,
  0x65, 0x65, 0x67, 0x7e, 0x67, 0x76, 0x47, 0x7e, 0x47, 0x76, 0x47, 0x76, 0x47, 0x76, 0x47, 0x76, 0x47, 0x76, 0x68, 0x7e, 0x67, 0x76, 0xa6, 0x65,
  0xc3, 0x4b, 0xe1, 0x21, 0x20, 0x00, 0x20, 0x00, 0x60, 0x00, 0x00, 0x00, 0x00, 0x00, 0x00, 0x00, 0x00, 0x00, 0x00, 0x00, 0x20, 0x00, 0x00, 0x00,
  0x60, 0x00, 0x00, 0x11, 0x24, 0x4c, 0x66, 0x65, 0x68, 0x7e, 0x67, 0x76, 0x47, 0x76, 0x47, 0x76, 0x47, 0x76, 0x47, 0x76, 0x47, 0x76, 0x47, 0x76,
  0x67, 0x76, 0x47, 0x76, 0x86, 0x6d, 0xe4, 0x43, 0xe1, 0x21, 0x20, 0x00, 0x20, 0x00, 0x60, 0x00, 0x00, 0x00, 0x00, 0x00, 0x00, 0x00, 0x00, 0x00,
  0x00, 0x00, 0x00, 0x00, 0x00, 0x00, 0x00, 0x00, 0x00, 0x00, 0x00, 0x00, 0x00, 0x00, 0x00, 0x00, 0x00, 0x00, 0x00, 0x00, 0x00, 0x00, 0x00, 0x00,
  0x00, 0x00, 0x00, 0x00, 0x00, 0x00, 0x20, 0x00, 0x20, 0x00, 0x20, 0x00, 0xc1, 0x21, 0xc4, 0x43, 0x27, 0x76, 0x68, 0x76, 0x47, 0x76, 0x47, 0x76,
  0x47, 0x76, 0x47, 0x76, 0x47, 0x76, 0x47, 0x76, 0x47, 0x76, 0x47, 0x76, 0x67, 0x76, 0x47, 0x76, 0x66, 0x65, 0x83, 0x43, 0xc1, 0x19, 0x00, 0x00,
  0x20, 0x00, 0x60, 0x00, 0x00, 0x00, 0x00, 0x00, 0x00, 0x00, 0x80, 0x00, 0x40, 0x00, 0x20, 0x00, 0xc3, 0x32, 0x85, 0x54, 0x47, 0x76, 0x67, 0x76,
  0x67, 0x7e, 0x47, 0x76, 0x47, 0x76, 0x47, 0x76, 0x47, 0x76, 0x47, 0x76, 0x47, 0x76, 0x47, 0x76, 0x47, 0x76, 0x47, 0x76, 0x47, 0x76, 0x47, 0x76,
  0x27, 0x76, 0x07, 0x76, 0xe9, 0x31, 0xe9, 0x31, 0xe9, 0x31, 0xe9, 0x31, 0xe9, 0x31, 0xe9, 0x31, 0xe9, 0x31, 0xe9, 0x31, 0xe9, 0x31, 0xe9, 0x31,
  0xe9, 0x31, 0xe9, 0x31, 0xe9, 0x31, 0xe9, 0x31, 0xe9, 0x31, 0xe9, 0x31, 0xe9, 0x31, 0xe9, 0x31, 0xe9, 0x31, 0xe9, 0x31, 0xe9, 0x31, 0xe9, 0x31,
  0xe9, 0x31, 0xe9, 0x31, 0xe9, 0x31, 0xe9, 0x31, 0xe9, 0x31, 0xe9, 0x31, 0xe9, 0x31, 0xe9, 0x31, 0x09, 0x32, 0xe9, 0x31, 0x09, 0x32, 0xe9, 0x31,
  0x09, 0x32, 0xe9, 0x31, 0xe9, 0x31, 0xe9, 0x31, 0x0a, 0x32, 0xe9, 0x31, 0xe9, 0x31, 0xe9, 0x31, 0xe9, 0x31, 0xe9, 0x31, 0x09, 0x32, 0x0a, 0x32,
  0x68, 0x52, 0x68, 0x52, 0x68, 0x52, 0x68, 0x52, 0x68, 0x52, 0x68, 0x52, 0x68, 0x52, 0x68, 0x52, 0x68, 0x52, 0x68, 0x52, 0x68, 0x52, 0x68, 0x52,
  0x68, 0x52, 0x68, 0x52, 0x68, 0x52, 0x68, 0x52, 0x68, 0x52, 0x68, 0x52, 0x68, 0x52, 0x68, 0x52, 0x68, 0x52, 0x68, 0x52, 0x68, 0x52, 0x68, 0x52,
  0x68, 0x52, 0x68, 0x4a, 0x68, 0x52, 0x68, 0x52, 0x68, 0x52, 0x68, 0x52, 0x68, 0x52, 0x68, 0x52, 0x68, 0x52, 0x68, 0x52, 0x68, 0x52, 0x68, 0x52,
  0x68, 0x52, 0x68, 0x52, 0x68, 0x52, 0x68, 0x52, 0x68, 0x52, 0x68, 0x52, 0x68, 0x52, 0x68, 0x52, 0x68, 0x52, 0x68, 0x52, 0x68, 0x52, 0x68, 0x52,
  0x68, 0x52, 0x48, 0x52, 0x66, 0x5c, 0x46, 0x65, 0x27, 0x76, 0x67, 0x76, 0x47, 0x76, 0x27, 0x76, 0x47, 0x76, 0x47, 0x76, 0x47, 0x76, 0x47, 0x76,
  0x47, 0x76, 0x47, 0x76, 0x47, 0x76, 0x47, 0x76, 0x67, 0x76, 0x67, 0x76, 0x05, 0x5d, 0x83, 0x43, 0x20, 0x00, 0x00, 0x00, 0x20, 0x00, 0x00, 0x00,
  0x00, 0x00, 0x00, 0x00, 0x00, 0x00, 0x20, 0x00, 0x40, 0x00, 0x00, 0x00, 0xe0, 0x10, 0x22, 0x22, 0x05, 0x5d, 0xc6, 0x6d, 0x67, 0x76, 0x47, 0x76,
  0x47, 0x76, 0x47, 0x76, 0x47, 0x76, 0x47, 0x76, 0x47, 0x76, 0x47, 0x76, 0x47, 0x76, 0x47, 0x76, 0x46, 0x65, 0xc4, 0x43, 0x82, 0x2a, 0xe1, 0x21,
  0xe1, 0x21, 0xe2, 0x21, 0xe1, 0x21, 0xe1, 0x21, 0xe1, 0x21, 0xe1, 0x21, 0xe1, 0x21, 0xe1, 0x21, 0xe1, 0x21, 0xe1, 0x21, 0xe1, 0x21, 0xe1, 0x21,
  0xe1, 0x21, 0xe1, 0x21, 0xe1, 0x21, 0xe1, 0x21, 0xe1, 0x21, 0xe1, 0x21, 0xe1, 0x21, 0xe1, 0x21, 0xe1, 0x21, 0x01, 0x22, 0x42, 0x2a, 0xc5, 0x54,
  0xa6, 0x65, 0x47, 0x76, 0x67, 0x76, 0x27, 0x76, 0x47, 0x76, 0x47, 0x76, 0x47, 0x76, 0x47, 0x76, 0x47, 0x76, 0x47, 0x76, 0x67, 0x76, 0x86, 0x6d,
  0xc4, 0x43, 0xe1, 0x21, 0x20, 0x00, 0x20, 0x00, 0x60, 0x00, 0x00, 0x00, 0x00, 0x00, 0x00, 0x00, 0x00, 0x00, 0x00, 0x00, 0x20, 0x00, 0x00, 0x00,
  0x60, 0x00, 0x00, 0x11, 0x24, 0x4c, 0x66, 0x65, 0x47, 0x76, 0x67, 0x76, 0x47, 0x76, 0x47, 0x76, 0x47, 0x76, 0x47, 0x76, 0x47, 0x76, 0x47, 0x76,
  0x47, 0x76, 0x47, 0x76, 0xa6, 0x65, 0xc4, 0x43, 0xe1, 0x21, 0x20, 0x00, 0x20, 0x00, 0x60, 0x00, 0x00, 0x00, 0x00, 0x00, 0x00, 0x00, 0x00, 0x00,
  0x00, 0x00, 0x00, 0x00, 0x00, 0x00, 0x00, 0x00, 0x00, 0x00, 0x00, 0x00, 0x00, 0x00, 0x00, 0x00, 0x00, 0x00, 0x00, 0x00, 0x00, 0x00, 0x00, 0x00,
  0x00, 0x00, 0x00, 0x00, 0x00, 0x00, 0x40, 0x00, 0x60, 0x00, 0x00, 0x00, 0x61, 0x19, 0x23, 0x3b, 0xe6, 0x6d, 0x47, 0x76, 0x67, 0x76, 0x47, 0x76,
  0x47, 0x76, 0x47, 0x76, 0x47, 0x76, 0x47, 0x76, 0x47, 0x76, 0x47, 0x76, 0x47, 0x76, 0x67, 0x76, 0xa6, 0x65, 0xe4, 0x43, 0xe1, 0x21, 0x20, 0x00,
  0x20, 0x00, 0x60, 0x00, 0x00, 0x00, 0x00, 0x00, 0x00, 0x00, 0x80, 0x00, 0x40, 0x00, 0x20, 0x00, 0xc2, 0x32, 0x85, 0x54, 0x47, 0x76, 0x67, 0x76,
  0x47, 0x76, 0x47, 0x76, 0x47, 0x76, 0x47, 0x76, 0x47, 0x76, 0x47, 0x76, 0x47, 0x76, 0x47, 0x76, 0x47, 0x76, 0x47, 0x76, 0x47, 0x76, 0x47, 0x76,
  0x07, 0x76, 0xe6, 0x6d, 0xe9, 0x31, 0xe9, 0x31, 0xe9, 0x31, 0xe9, 0x31, 0xe9, 0x31, 0xe9, 0x31, 0xe9, 0x31, 0xe9, 0x31, 0xe9, 0x31, 0xe9, 0x31,
  0xe9, 0x31, 0xe9, 0x31, 0xe9, 0x31, 0xe9, 0x31, 0xe9, 0x31, 0xe9, 0x31, 0xe9, 0x31, 0xe9, 0x31, 0xe9, 0x31, 0xe9, 0x31, 0xe9, 0x31, 0xe9, 0x31,
  0xe9, 0x31, 0xe9, 0x31, 0xe9, 0x31, 0xe9, 0x31, 0xe9, 0x31, 0xe9, 0x31, 0xe9, 0x31, 0x09, 0x32, 0xe9, 0x31, 0xe9, 0x31, 0xe9, 0x31, 0xe9, 0x31,
  0xe9, 0x31, 0xe9, 0x31, 0xe9, 0x31, 0xe9, 0x31, 0xe9, 0x31, 0xe9, 0x31, 0xe9, 0x31, 0xe9, 0x31, 0x09, 0x32, 0xe9, 0x31, 0xe9, 0x31, 0xe9, 0x31,
  0x68, 0x52, 0x68, 0x52, 0x68, 0x52, 0x68, 0x52, 0x68, 0x52, 0x68, 0x52, 0x68, 0x52, 0x68, 0x52, 0x68, 0x52, 0x68, 0x52, 0x68, 0x52, 0x68, 0x52,
  0x68, 0x52, 0x68, 0x52, 0x68, 0x52, 0x68, 0x52, 0x68, 0x52, 0x68, 0x52, 0x68, 0x52, 0x68, 0x52, 0x68, 0x52, 0x68, 0x52, 0x68, 0x52, 0x68, 0x52,
  0x68, 0x52, 0x68, 0x52, 0x68, 0x52, 0x68, 0x52, 0x68, 0x52, 0x68, 0x52, 0x68, 0x52, 0x68, 0x52, 0x68, 0x52, 0x68, 0x52, 0x68, 0x52, 0x68, 0x52,
  0x68, 0x52, 0x68, 0x52, 0x68, 0x52, 0x68, 0x52, 0x68, 0x52, 0x68, 0x52, 0x68, 0x52, 0x68, 0x52, 0x68, 0x52, 0x68, 0x52, 0x68, 0x52, 0x68, 0x52,
  0x68, 0x52, 0x68, 0x52, 0x46, 0x5c, 0x46, 0x6d, 0x27, 0x76, 0x67, 0x76, 0x47, 0x76, 0x27, 0x76, 0x47, 0x76, 0x47, 0x76, 0x47, 0x76, 0x47, 0x76,
  0x47, 0x76, 0x47, 0x76, 0x47, 0x76, 0x47, 0x76, 0x67, 0x76, 0x67, 0x76, 0x05, 0x5d, 0x83, 0x43, 0x20, 0x00, 0x00, 0x00, 0x20, 0x00, 0x00, 0x00,
  0x00, 0x00, 0x00, 0x00, 0x00, 0x00, 0x20, 0x00, 0x40, 0x00, 0x00, 0x00, 0xe0, 0x08, 0x02, 0x22, 0x05, 0x5d, 0xc6, 0x6d, 0x67, 0x76, 0x47, 0x76,
  0x47, 0x76, 0x47, 0x76, 0x47, 0x76, 0x47, 0x76, 0x47, 0x76, 0x47, 0x76, 0x47, 0x76, 0x47, 0x76, 0xa6, 0x6d, 0xe5, 0x5c, 0x04, 0x4c, 0xe4, 0x43,
  0xe4, 0x43, 0x04, 0x4c, 0xe4, 0x4b, 0xe4, 0x4b, 0xe4, 0x4b, 0xe4, 0x4b, 0xe4, 0x4b, 0xe4, 0x4b, 0xe4, 0x4b, 0xe4, 0x4b, 0xe4, 0x4b, 0xe4, 0x4b,
  0xe4, 0x4b, 0xe4, 0x4b, 0xe4, 0x4b, 0xe4, 0x4b, 0xe4, 0x4b, 0xe4, 0x4b, 0x04, 0x4c, 0xe4, 0x4b, 0xe4, 0x43, 0xe4, 0x4b, 0x24, 0x4c, 0x46, 0x65,
  0xe7, 0x6d, 0x47, 0x76, 0x47, 0x76, 0x47, 0x76, 0x47, 0x76, 0x47, 0x76, 0x47, 0x76, 0x47, 0x76, 0x47, 0x76, 0x47, 0x76, 0x47, 0x76, 0x86, 0x6d,
  0xc3, 0x43, 0x01, 0x22, 0x20, 0x00, 0x20, 0x00, 0x60, 0x00, 0x00, 0x00, 0x00, 0x00, 0x00, 0x00, 0x00, 0x00, 0x00, 0x00, 0x20, 0x00, 0x00, 0x00,
  0x60, 0x00, 0x00, 0x11, 0x24, 0x4c, 0x66, 0x65, 0x47, 0x7e, 0x67, 0x76, 0x47, 0x76, 0x27, 0x76, 0x47, 0x76, 0x47, 0x76, 0x47, 0x76, 0x47, 0x76,
  0x47, 0x76, 0x47, 0x76, 0x86, 0x65, 0xc3, 0x43, 0xe1, 0x21, 0x20, 0x00, 0x20, 0x00, 0x60, 0x00, 0x00, 0x00, 0x00, 0x00, 0x00, 0x00, 0x00, 0x00,
  0x00, 0x00, 0x00, 0x00, 0x00, 0x00, 0x00, 0x00, 0x00, 0x00, 0x00, 0x00, 0x00, 0x00, 0x00, 0x00, 0x00, 0x00, 0x00, 0x00, 0x00, 0x00, 0x00, 0x00,
  0x00, 0x00, 0x00, 0x00, 0x00, 0x00, 0x20, 0x00, 0x60, 0x00, 0x00, 0x00, 0x20, 0x11, 0xa2, 0x2a, 0xa6, 0x6d, 0x27, 0x76, 0x67, 0x76, 0x47, 0x76,
  0x47, 0x76, 0x47, 0x76, 0x47, 0x76, 0x47, 0x76, 0x47, 0x76, 0x47, 0x76, 0x47, 0x76, 0x47, 0x76, 0xc6, 0x6d, 0x04, 0x4c, 0x21, 0x22, 0x00, 0x00,
  0x40, 0x00, 0x60, 0x00, 0x00, 0x00, 0x00, 0x00, 0x00, 0x00, 0x80, 0x00, 0x40, 0x00, 0x20, 0x00, 0xc2, 0x32, 0x85, 0x54, 0x27, 0x76, 0x47, 0x76,
  0x47, 0x76, 0x27, 0x76, 0x47, 0x76, 0x47, 0x76, 0x47, 0x76, 0x47, 0x76, 0x47, 0x76, 0x27, 0x76, 0x47, 0x76, 0x47, 0x76, 0x47, 0x76, 0x47, 0x76,
  0x07, 0x76, 0x07, 0x6e, 0xe9, 0x31, 0xe9, 0x31, 0xe9, 0x31, 0xe9, 0x31, 0xe9, 0x31, 0xe9, 0x31, 0xe9, 0x31, 0xe9, 0x31, 0xe9, 0x31, 0xe9, 0x31,
  0xe9, 0x31, 0x09, 0x32, 0xe9, 0x31, 0xe9, 0x31, 0xe9, 0x31, 0xe9, 0x31, 0xe9, 0x31, 0xe9, 0x31, 0xe9, 0x31, 0xe9, 0x31, 0xe9, 0x31, 0xe9, 0x31,
  0xe9, 0x31, 0xe9, 0x31, 0xe9, 0x31, 0xe9, 0x31, 0xe9, 0x31, 0xe9, 0x31, 0xe9, 0x31, 0xe9, 0x31, 0xe9, 0x31, 0x09, 0x32, 0xe9, 0x31, 0xe9, 0x31,
  0xe9, 0x31, 0x09, 0x32, 0xe9, 0x31, 0x0a, 0x32, 0xe9, 0x31, 0xe9, 0x31, 0xe9, 0x31, 0xe9, 0x31, 0xe9, 0x31, 0xea, 0x31, 0xea, 0x31, 0xe9, 0x31,
  0x68, 0x52, 0x68, 0x52, 0x68, 0x52, 0x68, 0x52, 0x68, 0x52, 0x68, 0x52, 0x68, 0x52, 0x68, 0x52, 0x68, 0x52, 0x68, 0x52, 0x68, 0x52, 0x68, 0x52,
  0x68, 0x52, 0x68, 0x52, 0x68, 0x52, 0x68, 0x52, 0x68, 0x52, 0x68, 0x52, 0x68, 0x52, 0x68, 0x52, 0x68, 0x52, 0x68, 0x52, 0x68, 0x52, 0x68, 0x52,
  0x68, 0x52, 0x68, 0x52, 0x68, 0x52, 0x68, 0x52, 0x68, 0x52, 0x68, 0x52, 0x68, 0x52, 0x68, 0x52, 0x68, 0x52, 0x68, 0x52, 0x68, 0x52, 0x68, 0x52,
  0x68, 0x52, 0x68, 0x52, 0x68, 0x52, 0x68, 0x52, 0x68, 0x52, 0x68, 0x52, 0x68, 0x52, 0x68, 0x52, 0x68, 0x52, 0x68, 0x52, 0x68, 0x52, 0x68, 0x52,
  0x68, 0x52, 0x68, 0x52, 0x66, 0x5c, 0x47, 0x65, 0x27, 0x76, 0x47, 0x76, 0x47, 0x76, 0x27, 0x76, 0x47, 0x76, 0x27, 0x76, 0x47, 0x76, 0x47, 0x76,
  0x47, 0x76, 0x47, 0x76, 0x27, 0x76, 0x47, 0x76, 0x67, 0x76, 0x47, 0x76, 0x05, 0x5d, 0x83, 0x43, 0x20, 0x00, 0x00, 0x00, 0x20, 0x00, 0x00, 0x00,
  0x00, 0x00, 0x00, 0x00, 0x00, 0x00, 0x20, 0x00, 0x40, 0x00, 0x00, 0x00, 0xe0, 0x08, 0x01, 0x22, 0x05, 0x5d, 0xc6, 0x6d, 0x47, 0x76, 0x47, 0x76,
  0x47, 0x76, 0x47, 0x76, 0x47, 0x76, 0x47, 0x76, 0x47, 0x76, 0x47, 0x76, 0x47, 0x76, 0x47, 0x76, 0x47, 0x76, 0x27, 0x76, 0x27, 0x76, 0x27, 0x76,
  0x27, 0x76, 0x27, 0x76, 0x27, 0x76, 0x27, 0x76, 0x27, 0x76, 0x27, 0x76, 0x27, 0x76, 0x27, 0x76, 0x27, 0x76, 0x27, 0x76, 0x27, 0x76, 0x27, 0x76,
  0x27, 0x76, 0x27, 0x76, 0x27, 0x76, 0x27, 0x76, 0x27, 0x76, 0x27, 0x76, 0x27, 0x76, 0x27, 0x76, 0x27, 0x76, 0x27, 0x76, 0x27, 0x76, 0x47, 0x76,
  0x47, 0x76, 0x47, 0x76, 0x47, 0x76, 0x47, 0x76, 0x47, 0x76, 0x47, 0x76, 0x47, 0x76, 0x47, 0x76, 0x47, 0x76, 0x47, 0x76, 0x47, 0x76, 0x86, 0x65,
  0xc3, 0x43, 0xe1, 0x21, 0x20, 0x00, 0x20, 0x00, 0x60, 0x00, 0x00, 0x00, 0x00, 0x00, 0x00, 0x00, 0x00, 0x00, 0x00, 0x00, 0x20, 0x00, 0x00, 0x00,
  0x60, 0x00, 0x00, 0x11, 0x04, 0x4c, 0x46, 0x65, 0x47, 0x76, 0x47, 0x76, 0x47, 0x76, 0x27, 0x76, 0x47, 0x76, 0x47, 0x76, 0x47, 0x76, 0x47, 0x76,
  0x47, 0x76, 0x47, 0x76, 0x86, 0x65, 0xc4, 0x43, 0xe1, 0x21, 0x20, 0x00, 0x20, 0x00, 0x60, 0x00, 0x00, 0x00, 0x00, 0x00, 0x00, 0x00, 0x00, 0x00,
  0x00, 0x00, 0x00, 0x00, 0x00, 0x00, 0x00, 0x00, 0x00, 0x00, 0x00, 0x00, 0x00, 0x00, 0x00, 0x00, 0x00, 0x00, 0x00, 0x00, 0x00, 0x00, 0x00, 0x00,
  0x00, 0x00, 0x00, 0x00, 0x00, 0x00, 0x20, 0x00, 0x40, 0x00, 0x00, 0x00, 0xe0, 0x10, 0x22, 0x22, 0x46, 0x65, 0xe7, 0x6d, 0x67, 0x76, 0x47, 0x76,
  0x47, 0x76, 0x47, 0x76, 0x47, 0x76, 0x47, 0x76, 0x47, 0x76, 0x47, 0x76, 0x47, 0x76, 0x47, 0x76, 0xe7, 0x6d, 0x24, 0x4c, 0x42, 0x2a, 0x00, 0x00,
  0x40, 0x00, 0x80, 0x00, 0x00, 0x00, 0x00, 0x00, 0x00, 0x00, 0x80, 0x00, 0x40, 0x00, 0x20, 0x00, 0xc2, 0x32, 0x85, 0x54, 0x27, 0x76, 0x67, 0x76,
  0x47, 0x76, 0x27, 0x76, 0x47, 0x76, 0x47, 0x76, 0x47, 0x76, 0x47, 0x76, 0x47, 0x76, 0x47, 0x76, 0x47, 0x76, 0x47, 0x76, 0x47, 0x76, 0x47, 0x76,
  0x07, 0x76, 0xe7, 0x6d, 0xe9, 0x31, 0x09, 0x32, 0xe9, 0x31, 0xe9, 0x31, 0xe9, 0x31, 0xe9, 0x31, 0xe9, 0x31, 0xe9, 0x31, 0xe9, 0x31, 0xe9, 0x31,
  0xe9, 0x31, 0xe9, 0x31, 0xe9, 0x31, 0xe9, 0x31, 0xe9, 0x31, 0xe9, 0x31, 0xe9, 0x31, 0xe9, 0x31, 0xe9, 0x31, 0xe9, 0x31, 0xe9, 0x31, 0xe9, 0x31,
  0xe9, 0x31, 0xe9, 0x31, 0xe9, 0x31, 0xe9, 0x31, 0xe9, 0x31, 0xe9, 0x31, 0xe9, 0x31, 0xe9, 0x31, 0xe9, 0x31, 0xe9, 0x31, 0x09, 0x32, 0xe9, 0x31,
  0xe9, 0x31, 0x09, 0x32, 0xe9, 0x31, 0xe9, 0x31, 0x09, 0x32, 0xe9, 0x31, 0xe9, 0x31, 0xe9, 0x31, 0xe9, 0x31, 0xe9, 0x31, 0xe9, 0x31, 0xe9, 0x31,
  0x68, 0x52, 0x68, 0x52, 0x68, 0x52, 0x68, 0x52, 0x68, 0x52, 0x68, 0x52, 0x68, 0x52, 0x68, 0x52, 0x68, 0x52, 0x68, 0x52, 0x68, 0x52, 0x68, 0x52,
  0x68, 0x52, 0x68, 0x52, 0x68, 0x52, 0x68, 0x52, 0x68, 0x52, 0x68, 0x52, 0x68, 0x52, 0x68, 0x52, 0x68, 0x52, 0x68, 0x52, 0x68, 0x52, 0x68, 0x52,
  0x68, 0x52, 0x68, 0x52, 0x68, 0x52, 0x68, 0x52, 0x68, 0x52, 0x68, 0x52, 0x68, 0x52, 0x68, 0x52, 0x68, 0x52, 0x68, 0x52, 0x68, 0x52, 0x68, 0x52,
  0x68, 0x52, 0x68, 0x52, 0x68, 0x52, 0x68, 0x52, 0x68, 0x52, 0x68, 0x52, 0x68, 0x52, 0x68, 0x52, 0x68, 0x52, 0x68, 0x52, 0x68, 0x52, 0x68, 0x52,
  0x68, 0x52, 0x68, 0x52, 0x46, 0x5c, 0x46, 0x65, 0x27, 0x76, 0x47, 0x76, 0x47, 0x76, 0x27, 0x76, 0x47, 0x76, 0x47, 0x76, 0x27, 0x76, 0x47, 0x76,
  0x27, 0x76, 0x47, 0x76, 0x27, 0x76, 0x47, 0x76, 0x47, 0x76, 0x47, 0x76, 0x05, 0x5d, 0x63, 0x43, 0x20, 0x00, 0x00, 0x00, 0x20, 0x00, 0x00, 0x00,
  0x00, 0x00, 0x00, 0x00, 0x00, 0x00, 0x20, 0x00, 0x40, 0x00, 0x00, 0x00, 0xe0, 0x08, 0x01, 0x22, 0x05, 0x5d, 0xc6, 0x6d, 0x47, 0x76, 0x47, 0x76,
  0x47, 0x76, 0x27, 0x76, 0x27, 0x76, 0x27, 0x76, 0x47, 0x76, 0x27, 0x76, 0x27, 0x76, 0x47, 0x76, 0x47, 0x76, 0x47, 0x76, 0x47, 0x76, 0x47, 0x76,
  0x47, 0x76, 0x47, 0x76, 0x47, 0x76, 0x47, 0x76, 0x47, 0x76, 0x47, 0x76, 0x47, 0x76, 0x47, 0x76, 0x47, 0x76, 0x47, 0x76, 0x47, 0x76, 0x47, 0x76,
  0x47, 0x76, 0x47, 0x76, 0x47, 0x76, 0x47, 0x76, 0x47, 0x76, 0x47, 0x76, 0x47, 0x76, 0x47, 0x76, 0x47, 0x76, 0x47, 0x76, 0x47, 0x76, 0x47, 0x76,
  0x27, 0x76, 0x27, 0x76, 0x27, 0x76, 0x27, 0x76, 0x47, 0x76, 0x47, 0x76, 0x47, 0x76, 0x27, 0x76, 0x47, 0x76, 0x47, 0x76, 0x47, 0x76, 0x66, 0x65,
  0xc4, 0x43, 0xe1, 0x21, 0x20, 0x00, 0x20, 0x00, 0x60, 0x00, 0x00, 0x00, 0x00, 0x00, 0x00, 0x00, 0x00, 0x00, 0x00, 0x00, 0x20, 0x00, 0x00, 0x00,
  0x60, 0x00, 0x00, 0x11, 0x04, 0x4c, 0x46, 0x65, 0x47, 0x76, 0x47, 0x76, 0x47, 0x76, 0x27, 0x76, 0x47, 0x76, 0x47, 0x76, 0x27, 0x76, 0x47, 0x76,
  0x47, 0x76, 0x47, 0x76, 0x86, 0x65, 0xc3, 0x43, 0xe1, 0x21, 0x20, 0x00, 0x20, 0x00, 0x60, 0x00, 0x00, 0x00, 0x00, 0x00, 0x00, 0x00, 0x00, 0x00,
  0x00, 0x00, 0x00, 0x00, 0x00, 0x00, 0x00, 0x00, 0x00, 0x00, 0x00, 0x00, 0x00, 0x00, 0x00, 0x00, 0x00, 0x00, 0x00, 0x00, 0x00, 0x00, 0x00, 0x00,
  0x00, 0x00, 0x00, 0x00, 0x00, 0x00, 0x00, 0x00, 0x40, 0x00, 0x00, 0x00, 0xe0, 0x08, 0xe1, 0x21, 0xe6, 0x5c, 0xc6, 0x6d, 0x67, 0x76, 0x47, 0x76,
  0x47, 0x76, 0x27, 0x76, 0x47, 0x76, 0x47, 0x76, 0x47, 0x76, 0x27, 0x76, 0x47, 0x76, 0x47, 0x76, 0x07, 0x6e, 0x45, 0x4c, 0x62, 0x2a, 0x20, 0x00,
  0x40, 0x00, 0x80, 0x00, 0x00, 0x00, 0x00, 0x00, 0x00, 0x00, 0x80, 0x00, 0x40, 0x00, 0x20, 0x00, 0xc2, 0x32, 0x85, 0x54, 0x27, 0x76, 0x47, 0x76,
  0x47, 0x76, 0x27, 0x76, 0x27, 0x76, 0x27, 0x76, 0x27, 0x76, 0x27, 0x76, 0x47, 0x76, 0x47, 0x76, 0x27, 0x76, 0x27, 0x76, 0x47, 0x76, 0x47, 0x76,
  0x07, 0x76, 0xe7, 0x6d, 0xe9, 0x31, 0x09, 0x32, 0xe9, 0x31, 0xe9, 0x31, 0xe9, 0x31, 0xe9, 0x31, 0xe9, 0x31, 0xe9, 0x31, 0xe9, 0x31, 0xe9, 0x31,
  0xe9, 0x31, 0xe9, 0x31, 0xe9, 0x31, 0xe9, 0x31, 0xe9, 0x31, 0xe9, 0x31, 0xe9, 0x31, 0xe9, 0x31, 0xe9, 0x31, 0xe9, 0x31, 0xe9, 0x31, 0xe9, 0x31,
  0xe9, 0x31, 0xe9, 0x31, 0xe9, 0x31, 0xe9, 0x31, 0xe9, 0x31, 0xe9, 0x31, 0xe9, 0x31, 0xe9, 0x31, 0xe9, 0x31, 0xe9, 0x31, 0xe9, 0x31, 0x09, 0x32,
  0xe9, 0x31, 0xe9, 0x31, 0xe9, 0x31, 0xe9, 0x31, 0xe9, 0x31, 0xe9, 0x31, 0xe9, 0x31, 0xe9, 0x31, 0xe9, 0x31, 0xe9, 0x31, 0xe9, 0x31, 0xe9, 0x31,
  0x68, 0x52, 0x68, 0x52, 0x68, 0x52, 0x68, 0x52, 0x48, 0x4a, 0x68, 0x4a, 0x68, 0x52, 0x68, 0x52, 0x68, 0x52, 0x68, 0x52, 0x68, 0x52, 0x68, 0x52,
  0x68, 0x52, 0x68, 0x52, 0x68, 0x52, 0x68, 0x52, 0x68, 0x52, 0x68, 0x52, 0x68, 0x52, 0x68, 0x52, 0x68, 0x52, 0x68, 0x52, 0x68, 0x52, 0x68, 0x52,
  0x48, 0x52, 0x68, 0x52, 0x68, 0x52, 0x48, 0x52, 0x68, 0x52, 0x68, 0x52, 0x68, 0x52, 0x68, 0x52, 0x68, 0x52, 0x68, 0x52, 0x68, 0x52, 0x68, 0x52,
  0x68, 0x52, 0x68, 0x52, 0x68, 0x52, 0x68, 0x52, 0x68, 0x52, 0x68, 0x52, 0x68, 0x52, 0x48, 0x52, 0x68, 0x52, 0x68, 0x52, 0x68, 0x52, 0x68, 0x52,
  0x68, 0x52, 0x48, 0x52, 0x46, 0x5c, 0x46, 0x65, 0x27, 0x76, 0x47, 0x76, 0x47, 0x76, 0x27, 0x76, 0x27, 0x76, 0x27, 0x76, 0x27, 0x76, 0x27, 0x76,
  0x47, 0x76, 0x27, 0x76, 0x27, 0x76, 0x47, 0x76, 0x47, 0x76, 0x47, 0x76, 0x05, 0x5d, 0x83, 0x3b, 0x20, 0x00, 0x00, 0x00, 0x20, 0x00, 0x00, 0x00,
  0x00, 0x00, 0x00, 0x00, 0x00, 0x00, 0x20, 0x00, 0x40, 0x00, 0x00, 0x00, 0xe0, 0x08, 0x01, 0x22, 0xe5, 0x5c, 0xc6, 0x6d, 0x47, 0x76, 0x47, 0x76,
  0x27, 0x76, 0x27, 0x76, 0x27, 0x76, 0x27, 0x76, 0x27, 0x76, 0x27, 0x76, 0x27, 0x76, 0x27, 0x76, 0x27, 0x76, 0x47, 0x76, 0x47, 0x76, 0x47, 0x76,
  0x47, 0x76, 0x47, 0x76, 0x47, 0x76, 0x47, 0x76, 0x47, 0x76, 0x47, 0x76, 0x47, 0x76, 0x47, 0x76, 0x47, 0x76, 0x47, 0x76, 0x47, 0x76, 0x47, 0x76,
  0x47, 0x76, 0x47, 0x76, 0x47, 0x76, 0x47, 0x76, 0x47, 0x76, 0x47, 0x76, 0x47, 0x76, 0x47, 0x76, 0x47, 0x76, 0x47, 0x76, 0x47, 0x76, 0x47, 0x76,
  0x27, 0x76, 0x27, 0x76, 0x27, 0x76, 0x27, 0x76, 0x27, 0x76, 0x27, 0x76, 0x27, 0x76, 0x27, 0x76, 0x47, 0x76, 0x47, 0x76, 0x47, 0x76, 0x66, 0x65,
  0xc3, 0x43, 0xe1, 0x21, 0x20, 0x00, 0x20, 0x00, 0x60, 0x00, 0x00, 0x00, 0x00, 0x00, 0x00, 0x00, 0x00, 0x00, 0x00, 0x00, 0x20, 0x00, 0x00, 0x00,
  0x60, 0x00, 0x00, 0x11, 0x04, 0x4c, 0x46, 0x65, 0x47, 0x76, 0x47, 0x76, 0x47, 0x76, 0x27, 0x76, 0x47, 0x76, 0x27, 0x76, 0x27, 0x76, 0x47, 0x76,
  0x47, 0x76, 0x47, 0x76, 0x86, 0x65, 0xc3, 0x43, 0xe1, 0x21, 0x20, 0x00, 0x20, 0x00, 0x60, 0x00, 0x00, 0x00, 0x00, 0x00, 0x00, 0x00, 0x00, 0x00,
  0x00, 0x00, 0x00, 0x00, 0x00, 0x00, 0x00, 0x00, 0x00, 0x00, 0x00, 0x00, 0x00, 0x00, 0x00, 0x00, 0x00, 0x00, 0x00, 0x00, 0x00, 0x00, 0x00, 0x00,
  0x00, 0x00, 0x00, 0x00, 0x00, 0x00, 0x00, 0x00, 0x40, 0x00, 0x00, 0x00, 0xa0, 0x08, 0xa1, 0x19, 0xa5, 0x54, 0xa6, 0x6d, 0x47, 0x76, 0x47, 0x76,
  0x27, 0x76, 0x27, 0x76, 0x27, 0x76, 0x27, 0x76, 0x27, 0x76, 0x27, 0x76, 0x27, 0x76, 0x47, 0x76, 0x07, 0x76, 0x44, 0x4c, 0x62, 0x2a, 0x20, 0x00,
  0x40, 0x00, 0x80, 0x00, 0x00, 0x00, 0x00, 0x00, 0x00, 0x00, 0x80, 0x00, 0x40, 0x00, 0x20, 0x00, 0xc2, 0x32, 0x85, 0x54, 0x27, 0x76, 0x47, 0x76,
  0x47, 0x76, 0x27, 0x76, 0x27, 0x76, 0x27, 0x76, 0x27, 0x76, 0x27, 0x76, 0x27, 0x76, 0x47, 0x76, 0x27, 0x76, 0x27, 0x76, 0x27, 0x76, 0x27, 0x76,
  0x07, 0x6e, 0xc6, 0x6d, 0xe9, 0x31, 0xe9, 0x31, 0xe9, 0x31, 0xe9, 0x31, 0xe9, 0x31, 0xe9, 0x31, 0xe9, 0x31, 0xe9, 0x31, 0xe9, 0x31, 0xe9, 0x31,
  0x09, 0x32, 0xe9, 0x31, 0xe9, 0x31, 0xe9, 0x31, 0xe9, 0x31, 0xe9, 0x31, 0xe9, 0x31, 0xe9, 0x31, 0xe9, 0x31, 0xe9, 0x31, 0xe9, 0x31, 0xe9, 0x31,
  0xe9, 0x31, 0xe9, 0x31, 0xe9, 0x31, 0xe9, 0x31, 0xe9, 0x31, 0xe9, 0x31, 0xe9, 0x31, 0xe9, 0x31, 0xe9, 0x31, 0xe9, 0x31, 0xe9, 0x31, 0xe9, 0x31,
  0x09, 0x32, 0xe9, 0x31, 0xe9, 0x31, 0xe9, 0x31, 0xea, 0x31, 0xe9, 0x31, 0xe9, 0x29, 0xe9, 0x31, 0xe9, 0x31, 0xe9, 0x31, 0xe9, 0x31, 0xe9, 0x31,
  0x68, 0x52, 0x68, 0x52, 0x68, 0x52, 0x68, 0x52, 0x68, 0x52, 0x68, 0x52, 0x68, 0x52, 0x68, 0x52, 0x68, 0x52, 0x68, 0x52, 0x68, 0x52, 0x68, 0x52,
  0x68, 0x52, 0x68, 0x52, 0x68, 0x52, 0x68, 0x52, 0x68, 0x4a, 0x68, 0x52, 0x68, 0x52, 0x68, 0x52, 0x48, 0x52, 0x68, 0x52, 0x68, 0x52, 0x48, 0x52,
  0x68, 0x52, 0x68, 0x52, 0x68, 0x52, 0x68, 0x52, 0x68, 0x52, 0x68, 0x52, 0x68, 0x52, 0x68, 0x52, 0x68, 0x52, 0x68, 0x52, 0x68, 0x52, 0x48, 0x52,
  0x68, 0x52, 0x48, 0x52, 0x68, 0x52, 0x68, 0x52, 0x68, 0x52, 0x68, 0x52, 0x68, 0x52, 0x68, 0x52, 0x48, 0x52, 0x48, 0x52, 0x48, 0x52, 0x68, 0x52,
  0x68, 0x52, 0x68, 0x52, 0x46, 0x5c, 0x26, 0x65, 0x07, 0x76, 0x47, 0x76, 0x27, 0x76, 0x27, 0x76, 0x27, 0x76, 0x27, 0x76, 0x27, 0x76, 0x27, 0x76,
  0x27, 0x76, 0x27, 0x76, 0x27, 0x76, 0x47, 0x76, 0x47, 0x76, 0x47, 0x76, 0x05, 0x5d, 0x63, 0x43, 0x40, 0x00, 0x00, 0x00, 0x20, 0x00, 0x00, 0x00,
  0x00, 0x00, 0x00, 0x00, 0x00, 0x00, 0x20, 0x00, 0x40, 0x00, 0x00, 0x00, 0xe0, 0x08, 0x01, 0x22, 0xe5, 0x5c, 0xc6, 0x6d, 0x47, 0x76, 0x27, 0x76,
  0x47, 0x76, 0x27, 0x76, 0x27, 0x76, 0x27, 0x76, 0x27, 0x76, 0x27, 0x76, 0x27, 0x76, 0x27, 0x76, 0x27, 0x76, 0x27, 0x76, 0x27, 0x76, 0x27, 0x76,
  0x27, 0x76, 0x27, 0x76, 0x27, 0x76, 0x27, 0x76, 0x27, 0x76, 0x27, 0x76, 0x27, 0x76, 0x27, 0x76, 0x27, 0x76, 0x27, 0x76, 0x27, 0x76, 0x27, 0x76,
  0x27, 0x76, 0x27, 0x76, 0x27, 0x76, 0x27, 0x76, 0x27, 0x76, 0x27, 0x76, 0x27, 0x76, 0x27, 0x76, 0x27, 0x6e, 0x27, 0x76, 0x27, 0x76, 0x27, 0x76,
  0x27, 0x76, 0x27, 0x76, 0x27, 0x76, 0x27, 0x76, 0x27, 0x76, 0x27, 0x76, 0x27, 0x76, 0x27, 0x76, 0x27, 0x76, 0x47, 0x76, 0x47, 0x76, 0x66, 0x65,
  0xa3, 0x43, 0xe1, 0x21, 0x00, 0x00, 0x20, 0x00, 0x60, 0x00, 0x00, 0x00, 0x00, 0x00, 0x00, 0x00, 0x00, 0x00, 0x00, 0x00, 0x20, 0x00, 0x00, 0x00,
  0x60, 0x00, 0x00, 0x11, 0x04, 0x44, 0x46, 0x65, 0x47, 0x76, 0x47, 0x76, 0x27, 0x76, 0x27, 0x76, 0x27, 0x76, 0x27, 0x76, 0x27, 0x76, 0x27, 0x76,
  0x47, 0x76, 0x27, 0x76, 0x66, 0x65, 0xa4, 0x43, 0xe1, 0x21, 0x20, 0x00, 0x20, 0x00, 0x60, 0x00, 0x00, 0x00, 0x00, 0x00, 0x00, 0x00, 0x00, 0x00,
  0x00, 0x00, 0x00, 0x00, 0x00, 0x00, 0x00, 0x00, 0x00, 0x00, 0x00, 0x00, 0x00, 0x00, 0x00, 0x00, 0x00, 0x00, 0x00, 0x00, 0x00, 0x00, 0x00, 0x00,
  0x00, 0x00, 0x00, 0x00, 0x00, 0x00, 0x00, 0x00, 0x20, 0x00, 0x00, 0x00, 0xa0, 0x08, 0x61, 0x19, 0x44, 0x4c, 0x86, 0x65, 0x47, 0x76, 0x47, 0x76,
  0x27, 0x76, 0x27, 0x76, 0x27, 0x76, 0x27, 0x76, 0x27, 0x76, 0x27, 0x76, 0x27, 0x76, 0x47, 0x76, 0x27, 0x76, 0x64, 0x4c, 0x82, 0x2a, 0x20, 0x00,
  0x40, 0x00, 0x80, 0x00, 0x00, 0x00, 0x00, 0x00, 0x00, 0x00, 0x80, 0x00, 0x20, 0x00, 0x20, 0x00, 0xc2, 0x2a, 0x85, 0x54, 0x27, 0x76, 0x47, 0x76,
  0x27, 0x76, 0x27, 0x76, 0x27, 0x76, 0x27, 0x76, 0x27, 0x76, 0x27, 0x76, 0x27, 0x76, 0x27, 0x76, 0x27, 0x76, 0x27, 0x76, 0x27, 0x76, 0x27, 0x76,
  0x07, 0x76, 0xe7, 0x6d, 0xe9, 0x31, 0xe9, 0x31, 0xe9, 0x31, 0xe9, 0x31, 0xe9, 0x31, 0x09, 0x32, 0xe9, 0x31, 0xe9, 0x31, 0x09, 0x32, 0xe9, 0x31,
  0xe9, 0x31, 0x09, 0x32, 0xe9, 0x31, 0xe9, 0x31, 0xe9, 0x31, 0xe9, 0x31, 0xe9, 0x31, 0xe9, 0x31, 0xe9, 0x31, 0xe9, 0x31, 0xe9, 0x31, 0xe9, 0x31,
  0xe9, 0x31, 0xe9, 0x31, 0xe9, 0x31, 0xe9, 0x31, 0xe9, 0x31, 0xe9, 0x31, 0xe9, 0x31, 0xe9, 0x31, 0xe9, 0x31, 0xe9, 0x31, 0xe9, 0x31, 0xe9, 0x31,
  0xe9, 0x31, 0xe9, 0x31, 0xe9, 0x31, 0xea, 0x31, 0xe9, 0x31, 0xe9, 0x31, 0xe9, 0x31, 0xe9, 0x31, 0xe9, 0x31, 0xe9, 0x31, 0xe9, 0x31, 0xe9, 0x31,
  0x68, 0x52, 0x68, 0x52, 0x68, 0x52, 0x68, 0x52, 0x68, 0x52, 0x68, 0x52, 0x68, 0x52, 0x68, 0x52, 0x68, 0x52, 0x48, 0x4a, 0x68, 0x52, 0x68, 0x52,
  0x68, 0x52, 0x48, 0x52, 0x68, 0x52, 0x68, 0x52, 0x68, 0x52, 0x47, 0x4a, 0x68, 0x52, 0x68, 0x52, 0x68, 0x52, 0x68, 0x52, 0x68, 0x52, 0x68, 0x52,
  0x68, 0x52, 0x68, 0x52, 0x48, 0x52, 0x68, 0x52, 0x68, 0x52, 0x48, 0x52, 0x68, 0x4a, 0x48, 0x52, 0x68, 0x52, 0x68, 0x52, 0x48, 0x52, 0x68, 0x52,
  0x68, 0x52, 0x68, 0x4a, 0x68, 0x52, 0x68, 0x52, 0x68, 0x52, 0x68, 0x52, 0x68, 0x52, 0x68, 0x52, 0x68, 0x52, 0x68, 0x52, 0x68, 0x52, 0x68, 0x52,
  0x48, 0x52, 0x68, 0x52, 0x46, 0x5c, 0x27, 0x65, 0x27, 0x76, 0x47, 0x76, 0x27, 0x76, 0x27, 0x6e, 0x27, 0x76, 0x27, 0x76, 0x27, 0x76, 0x27, 0x76,
  0x27, 0x6e, 0x27, 0x6e, 0x27, 0x76, 0x27, 0x6e, 0x47, 0x76, 0x47, 0x6e, 0xe5, 0x5c, 0x63, 0x43, 0x20, 0x00, 0x00, 0x00, 0x20, 0x00, 0x00, 0x00,
  0x00, 0x00, 0x00, 0x00, 0x00, 0x00, 0x20, 0x00, 0x40, 0x00, 0x00, 0x00, 0xe0, 0x08, 0x01, 0x22, 0xe5, 0x5c, 0xa6, 0x6d, 0x27, 0x76, 0x27, 0x76,
  0x27, 0x76, 0x27, 0x6e, 0x27, 0x76, 0x27, 0x76, 0x27, 0x76, 0x27, 0x76, 0x27, 0x76, 0x27, 0x76, 0x27, 0x76, 0x27, 0x6e, 0x07, 0x76, 0x27, 0x76,
  0x27, 0x76, 0x27, 0x76, 0x27, 0x76, 0x27, 0x76, 0x27, 0x76, 0x27, 0x76, 0x27, 0x76, 0x27, 0x76, 0x27, 0x76, 0x27, 0x76, 0x27, 0x76, 0x27, 0x76,
  0x27, 0x76, 0x27, 0x76, 0x27, 0x76, 0x27, 0x76, 0x27, 0x76, 0x27, 0x76, 0x07, 0x6e, 0x27, 0x76, 0x07, 0x76, 0x27, 0x76, 0x27, 0x6e, 0x27, 0x6e,
  0x27, 0x76, 0x27, 0x76, 0x27, 0x76, 0x27, 0x76, 0x27, 0x76, 0x27, 0x76, 0x27, 0x76, 0x27, 0x76, 0x27, 0x76, 0x47, 0x76, 0x47, 0x76, 0x66, 0x65,
  0xc4, 0x43, 0xe1, 0x21, 0x20, 0x00, 0x20, 0x00, 0x60, 0x00, 0x00, 0x00, 0x00, 0x00, 0x00, 0x00, 0x00, 0x00, 0x00, 0x00, 0x20, 0x00, 0x00, 0x00,
  0x60, 0x00, 0x00, 0x11, 0x24, 0x4c, 0x46, 0x65, 0x47, 0x76, 0x27, 0x76, 0x27, 0x76, 0x27, 0x6e, 0x27, 0x6e, 0x27, 0x76, 0x27, 0x76, 0x27, 0x6e,
  0x27, 0x76, 0x47, 0x76, 0x86, 0x65, 0xc4, 0x43, 0xe1, 0x21, 0x20, 0x00, 0x20, 0x00, 0x60, 0x00, 0x00, 0x00, 0x00, 0x00, 0x00, 0x00, 0x00, 0x00,
  0x00, 0x00, 0x00, 0x00, 0x00, 0x00, 0x00, 0x00, 0x00, 0x00, 0x00, 0x00, 0x00, 0x00, 0x00, 0x00, 0x00, 0x00, 0x00, 0x00, 0x00, 0x00, 0x00, 0x00,
  0x00, 0x00, 0x00, 0x00, 0x00, 0x00, 0x00, 0x00, 0x20, 0x00, 0x00, 0x00, 0x80, 0x00, 0x41, 0x11, 0x44, 0x54, 0x46, 0x65, 0x47, 0x76, 0x47, 0x76,
  0x27, 0x76, 0x27, 0x6e, 0x27, 0x76, 0x27, 0x76, 0x27, 0x76, 0x27, 0x76, 0x27, 0x76, 0x47, 0x76, 0x27, 0x76, 0x65, 0x54, 0x82, 0x2a, 0x20, 0x00,
  0x40, 0x00, 0x80, 0x00, 0x00, 0x00, 0x00, 0x00, 0x00, 0x00, 0x80, 0x00, 0x40, 0x00, 0x20, 0x00, 0xa2, 0x32, 0x85, 0x54, 0x06, 0x76, 0x47, 0x76,
  0x47, 0x76, 0x27, 0x76, 0x27, 0x76, 0x27, 0x76, 0x27, 0x76, 0x27, 0x76, 0x27, 0x76, 0x27, 0x76, 0x27, 0x76, 0x47, 0x6e, 0x27, 0x76, 0x27, 0x76,
  0xe6, 0x6d, 0xe6, 0x6d, 0xe9, 0x31, 0xe9, 0x31, 0xe9, 0x31, 0xe9, 0x31, 0x09, 0x32, 0xe9, 0x31, 0xe9, 0x31, 0xe9, 0x31, 0xe9, 0x31, 0xe9, 0x31,
  0xe9, 0x31, 0xe9, 0x31, 0xe9, 0x31, 0xe9, 0x31, 0xe9, 0x31, 0xe9, 0x31, 0xe9, 0x31, 0xe9, 0x31, 0xe9, 0x31, 0xe9, 0x31, 0xe9, 0x31, 0xe9, 0x31,
  0xe9, 0x31, 0xe9, 0x31, 0xe9, 0x31, 0xe9, 0x31, 0xe9, 0x31, 0xe9, 0x31, 0xe9, 0x31, 0xe9, 0x31, 0xe9, 0x31, 0xe9, 0x31, 0xe9, 0x31, 0xe9, 0x31,
  0xe9, 0x31, 0xe9, 0x31, 0xe9, 0x31, 0xe9, 0x31, 0xe9, 0x31, 0xe9, 0x31, 0xe9, 0x31, 0xe9, 0x29, 0xe9, 0x29, 0xe9, 0x31, 0xe9, 0x31, 0xe9, 0x31,
  0x68, 0x52, 0x68, 0x52, 0x68, 0x52, 0x68, 0x52, 0x68, 0x52, 0x68, 0x52, 0x68, 0x52, 0x68, 0x52, 0x68, 0x52, 0x68, 0x52, 0x68, 0x52, 0x68, 0x52,
  0x68, 0x52, 0x48, 0x4a, 0x48, 0x4a, 0x68, 0x52, 0x68, 0x52, 0x68, 0x52, 0x68, 0x52, 0x68, 0x52, 0x48, 0x4a, 0x68, 0x52, 0x48, 0x4a, 0x48, 0x4a,
  0x68, 0x52, 0x68, 0x52, 0x68, 0x52, 0x68, 0x52, 0x68, 0x52, 0x68, 0x52, 0x68, 0x52, 0x68, 0x52, 0x48, 0x52, 0x68, 0x52, 0x68, 0x52, 0x48, 0x52,
  0x67, 0x52, 0x48, 0x52, 0x68, 0x52, 0x68, 0x52, 0x68, 0x52, 0x68, 0x52, 0x68, 0x52, 0x48, 0x52, 0x48, 0x4a, 0x48, 0x4a, 0x48, 0x52, 0x48, 0x52,
  0x68, 0x52, 0x48, 0x4a, 0x46, 0x5c, 0x26, 0x65, 0x07, 0x76, 0x47, 0x76, 0x27, 0x76, 0x07, 0x76, 0x27, 0x76, 0x27, 0x76, 0x27, 0x76, 0x27, 0x76,
  0x27, 0x76, 0x27, 0x76, 0x07, 0x76, 0x27, 0x76, 0x47, 0x76, 0x47, 0x76, 0x05, 0x55, 0x63, 0x3b, 0x20, 0x00, 0x00, 0x00, 0x20, 0x00, 0x00, 0x00,
  0x00, 0x00, 0x00, 0x00, 0x00, 0x00, 0x20, 0x00, 0x40, 0x00, 0x00, 0x00, 0xe0, 0x08, 0x01, 0x22, 0xe5, 0x5c, 0xa6, 0x6d, 0x47, 0x76, 0x27, 0x76,
  0x27, 0x76, 0x07, 0x76, 0x27, 0x6e, 0x27, 0x76, 0x27, 0x76, 0x27, 0x76, 0x27, 0x76, 0x27, 0x76, 0x27, 0x76, 0x07, 0x76, 0x27, 0x6e, 0x07, 0x6e,
  0x27, 0x76, 0x06, 0x6e, 0x27, 0x76, 0x27, 0x76, 0x27, 0x76, 0x27, 0x76, 0x27, 0x76, 0x27, 0x76, 0x27, 0x76, 0x27, 0x76, 0x27, 0x76, 0x27, 0x76,
  0x27, 0x76, 0x27, 0x76, 0x27, 0x76, 0x27, 0x76, 0x27, 0x76, 0x27, 0x6e, 0x27, 0x6e, 0x07, 0x6e, 0x27, 0x76, 0x07, 0x6e, 0x27, 0x76, 0x27, 0x76,
  0x27, 0x76, 0x27, 0x76, 0x27, 0x76, 0x27, 0x76, 0x27, 0x76, 0x27, 0x76, 0x27, 0x76, 0x27, 0x76, 0x27, 0x76, 0x47, 0x76, 0x47, 0x76, 0x66, 0x65,
  0xc4, 0x43, 0xe1, 0x21, 0x20, 0x00, 0x20, 0x00, 0x60, 0x00, 0x00, 0x00, 0x00, 0x00, 0x00, 0x00, 0x00, 0x00, 0x00, 0x00, 0x20, 0x00, 0x00, 0x00,
  0x60, 0x00, 0x00, 0x11, 0x04, 0x4c, 0x46, 0x5d, 0x47, 0x76, 0x47, 0x76, 0x27, 0x76, 0x07, 0x76, 0x27, 0x76, 0x07, 0x76, 0x27, 0x76, 0x27, 0x76,
  0x27, 0x76, 0x27, 0x76, 0x86, 0x65, 0xc4, 0x43, 0xe1, 0x21, 0x20, 0x00, 0x20, 0x00, 0x60, 0x00, 0x00, 0x00, 0x00, 0x00, 0x00, 0x00, 0x00, 0x00,
  0x00, 0x00, 0x00, 0x00, 0x00, 0x00, 0x00, 0x00, 0x00, 0x00, 0x00, 0x00, 0x00, 0x00, 0x00, 0x00, 0x00, 0x00, 0x00, 0x00, 0x00, 0x00, 0x00, 0x00,
  0x00, 0x00, 0x00, 0x00, 0x00, 0x00, 0x00, 0x00, 0x20, 0x00, 0x00, 0x00, 0x80, 0x00, 0x61, 0x11, 0x24, 0x4c, 0x46, 0x65, 0x47, 0x76, 0x27, 0x76,
  0x27, 0x76, 0x07, 0x76, 0x27, 0x76, 0x27, 0x76, 0x27, 0x76, 0x07, 0x6e, 0x27, 0x76, 0x47, 0x76, 0x07, 0x76, 0x44, 0x4c, 0x82, 0x2a, 0x20, 0x00,
  0x40, 0x00, 0x80, 0x00, 0x00, 0x00, 0x00, 0x00, 0x00, 0x00, 0x80, 0x00, 0x40, 0x00, 0x20, 0x00, 0xa2, 0x2a, 0x85, 0x54, 0x27, 0x76, 0x47, 0x76,
  0x27, 0x76, 0x27, 0x76, 0x27, 0x76, 0x27, 0x76, 0x27, 0x76, 0x27, 0x76, 0x27, 0x76, 0x27, 0x76, 0x27, 0x76, 0x27, 0x76, 0x27, 0x76, 0x27, 0x76,
  0x07, 0x6e, 0xc6, 0x6d, 0xe8, 0x31, 0xe9, 0x31, 0xe9, 0x31, 0xe9, 0x31, 0xe9, 0x31, 0xe9, 0x31, 0xe9, 0x31, 0xe9, 0x31, 0xe9, 0x31, 0xe9, 0x31,
  0xe9, 0x31, 0xe9, 0x31, 0xe9, 0x31, 0xe9, 0x31, 0xe9, 0x31, 0xe9, 0x31, 0xe9, 0x31, 0xe9, 0x31, 0xe9, 0x31, 0xe9, 0x31, 0xe9, 0x31, 0xe9, 0x31,
  0xe9, 0x31, 0xe9, 0x31, 0xe9, 0x31, 0xe9, 0x31, 0xe9, 0x31, 0xe9, 0x31, 0xe9, 0x31, 0xe9, 0x31, 0xe9, 0x31, 0xe9, 0x31, 0xe9, 0x31, 0xe9, 0x31,
  0xe9, 0x31, 0xe9, 0x31, 0xe9, 0x31, 0xe9, 0x31, 0xe9, 0x31, 0xe9, 0x31, 0xe9, 0x31, 0xe9, 0x31, 0xe9, 0x31, 0xe9, 0x31, 0xe9, 0x31, 0xe9, 0x31,
  0x48, 0x4a, 0x68, 0x52, 0x68, 0x52, 0x48, 0x4a, 0x48, 0x4a, 0x48, 0x4a, 0x68, 0x52, 0x68, 0x52, 0x68, 0x52, 0x68, 0x52, 0x68, 0x52, 0x48, 0x4a,
  0x68, 0x52, 0x68, 0x52, 0x68, 0x52, 0x68, 0x52, 0x68, 0x52, 0x68, 0x52, 0x68, 0x52, 0x48, 0x4a, 0x68, 0x52, 0x68, 0x52, 0x68, 0x52, 0x68, 0x52,
  0x68, 0x52, 0x68, 0x52, 0x48, 0x4a, 0x68, 0x52, 0x48, 0x4a, 0x68, 0x52, 0x68, 0x52, 0x48, 0x4a, 0x67, 0x52, 0x68, 0x52, 0x68, 0x52, 0x67, 0x52,
  0x48, 0x52, 0x68, 0x52, 0x68, 0x52, 0x48, 0x52, 0x68, 0x52, 0x68, 0x52, 0x68, 0x52, 0x68, 0x52, 0x48, 0x52, 0x68, 0x52, 0x68, 0x52, 0x48, 0x52,
  0x48, 0x52, 0x48, 0x52, 0x46, 0x5c, 0x26, 0x65, 0x07, 0x6e, 0x27, 0x76, 0x27, 0x76, 0x07, 0x6e, 0x27, 0x76, 0x27, 0x76, 0x27, 0x76, 0x07, 0x76,
  0x07, 0x76, 0x07, 0x76, 0x07, 0x6e, 0x27, 0x6e, 0x27, 0x76, 0x27, 0x76, 0xe5, 0x5c, 0x63, 0x3b, 0x20, 0x00, 0x00, 0x00, 0x20, 0x00, 0x00, 0x00,
  0x00, 0x00, 0x00, 0x00, 0x00, 0x00, 0x20, 0x00, 0x40, 0x00, 0x00, 0x00, 0xe0, 0x08, 0x01, 0x22, 0xe5, 0x5c, 0xa6, 0x65, 0x27, 0x76, 0x27, 0x76,
  0x07, 0x76, 0x27, 0x76, 0x27, 0x76, 0x27, 0x76, 0x27, 0x76, 0x07, 0x6e, 0x27, 0x76, 0x07, 0x6e, 0x27, 0x76, 0x27, 0x76, 0x47, 0x76, 0x47, 0x76,
  0x47, 0x76, 0x47, 0x76, 0x47, 0x76, 0x47, 0x76, 0x47, 0x76, 0x47, 0x76, 0x47, 0x76, 0x47, 0x76, 0x47, 0x76, 0x47, 0x76, 0x47, 0x76, 0x47, 0x76,
  0x47, 0x76, 0x47, 0x76, 0x47, 0x76, 0x47, 0x76, 0x47, 0x76, 0x47, 0x76, 0x47, 0x76, 0x47, 0x76, 0x47, 0x76, 0x47, 0x76, 0x27, 0x76, 0x27, 0x6e,
  0x07, 0x6e, 0x07, 0x76, 0x27, 0x76, 0x07, 0x76, 0x07, 0x6e, 0x27, 0x76, 0x27, 0x76, 0x07, 0x76, 0x07, 0x6e, 0x27, 0x76, 0x27, 0x76, 0x66, 0x65,
  0xa3, 0x43, 0xe1, 0x21, 0x20, 0x00, 0x20, 0x00, 0x60, 0x00, 0x00, 0x00, 0x00, 0x00, 0x00, 0x00, 0x00, 0x00, 0x00, 0x00, 0x20, 0x00, 0x00, 0x00,
  0x60, 0x00, 0x00, 0x11, 0x04, 0x4c, 0x46, 0x65, 0x27, 0x76, 0x47, 0x76, 0x27, 0x76, 0x07, 0x76, 0x07, 0x6e, 0x27, 0x76, 0x07, 0x76, 0x07, 0x6e,
  0x27, 0x76, 0x27, 0x76, 0x66, 0x65, 0xc4, 0x43, 0xe1, 0x21, 0x20, 0x00, 0x20, 0x00, 0x60, 0x00, 0x00, 0x00, 0x00, 0x00, 0x00, 0x00, 0x00, 0x00,
  0x00, 0x00, 0x00, 0x00, 0x00, 0x00, 0x00, 0x00, 0x00, 0x00, 0x00, 0x00, 0x00, 0x00, 0x00, 0x00, 0x00, 0x00, 0x00, 0x00, 0x00, 0x00, 0x00, 0x00,
  0x00, 0x00, 0x00, 0x00, 0x00, 0x00, 0x00, 0x00, 0x20, 0x00, 0x00, 0x00, 0x80, 0x00, 0x61, 0x11, 0x44, 0x4c, 0x46, 0x65, 0x27, 0x76, 0x27, 0x76,
  0x27, 0x76, 0x27, 0x76, 0x07, 0x6e, 0x07, 0x76, 0x07, 0x6e, 0x07, 0x76, 0x27, 0x76, 0x47, 0x76, 0x07, 0x76, 0x45, 0x4c, 0x62, 0x2a, 0x20, 0x00,
  0x40, 0x00, 0x80, 0x00, 0x00, 0x00, 0x00, 0x00, 0x00, 0x00, 0x80, 0x00, 0x40, 0x00, 0x20, 0x00, 0xa2, 0x32, 0x85, 0x54, 0x07, 0x76, 0x47, 0x76,
  0x27, 0x76, 0x07, 0x6e, 0x27, 0x76, 0x27, 0x76, 0x27, 0x76, 0x27, 0x76, 0x27, 0x76, 0x07, 0x6e, 0x07, 0x76, 0x07, 0x76, 0x07, 0x6e, 0x27, 0x76,
  0x06, 0x6e, 0xc6, 0x6d, 0xe9, 0x31, 0xe9, 0x31, 0xe9, 0x31, 0xe9, 0x31, 0xe9, 0x31, 0xe9, 0x31, 0xe9, 0x31, 0xe9, 0x31, 0xe9, 0x31, 0xe9, 0x31,
  0xe9, 0x31, 0xe9, 0x31, 0xe9, 0x31, 0xe9, 0x31, 0xe9, 0x31, 0xe9, 0x31, 0xe9, 0x31, 0xe9, 0x31, 0xe9, 0x31, 0xe9, 0x31, 0xe9, 0x31, 0xe9, 0x31,
  0xe9, 0x31, 0xe9, 0x31, 0xe9, 0x31, 0xe9, 0x31, 0xe9, 0x31, 0xe9, 0x31, 0xe9, 0x31, 0xe9, 0x31, 0xe9, 0x31, 0xe9, 0x31, 0xe9, 0x31, 0xe9, 0x31,
  0xe9, 0x31, 0xe9, 0x31, 0xe9, 0x31, 0xe9, 0x31, 0xe9, 0x31, 0xe9, 0x31, 0xe9, 0x31, 0xe9, 0x31, 0xe9, 0x31, 0xe9, 0x31, 0xe9, 0x31, 0xe9, 0x31,
  0x48, 0x4a, 0x48, 0x4a, 0x48, 0x52, 0x68, 0x52, 0x68, 0x52, 0x68, 0x52, 0x48, 0x52, 0x68, 0x52, 0x48, 0x52, 0x48, 0x4a, 0x68, 0x52, 0x68, 0x52,
  0x68, 0x52, 0x48, 0x52, 0x68, 0x52, 0x48, 0x4a, 0x48, 0x52, 0x68, 0x52, 0x68, 0x52, 0x48, 0x52, 0x68, 0x52, 0x68, 0x52, 0x48, 0x52, 0x68, 0x52,
  0x68, 0x4a, 0x68, 0x52, 0x68, 0x52, 0x48, 0x52, 0x48, 0x52, 0x48, 0x4a, 0x68, 0x52, 0x68, 0x52, 0x68, 0x52, 0x68, 0x52, 0x48, 0x52, 0x68, 0x52,
  0x68, 0x52, 0x68, 0x52, 0x48, 0x52, 0x68, 0x52, 0x48, 0x52, 0x48, 0x52, 0x48, 0x52, 0x48, 0x52, 0x48, 0x52, 0x48, 0x52, 0x48, 0x52, 0x48, 0x52,
  0x68, 0x52, 0x68, 0x52, 0x46, 0x5c, 0x26, 0x65, 0x07, 0x6e, 0x27, 0x76, 0x27, 0x76, 0x07, 0x76, 0x27, 0x76, 0x27, 0x6e, 0x27, 0x76, 0x27, 0x76,
  0x07, 0x76, 0x07, 0x76, 0x07, 0x76, 0x27, 0x76, 0x27, 0x76, 0x27, 0x76, 0xe5, 0x5c, 0x63, 0x3b, 0x20, 0x00, 0x00, 0x00, 0x20, 0x00, 0x00, 0x00,
  0x00, 0x00, 0x00, 0x00, 0x00, 0x00, 0x20, 0x00, 0x40, 0x00, 0x00, 0x00, 0xe0, 0x08, 0x01, 0x22, 0xe5, 0x5c, 0xa6, 0x65, 0x27, 0x76, 0x27, 0x76,
  0x07, 0x76, 0x07, 0x76, 0x27, 0x76, 0x07, 0x6e, 0x07, 0x76, 0x07, 0x76, 0x27, 0x76, 0x07, 0x76, 0x07, 0x6e, 0x07, 0x76, 0x07, 0x6e, 0x07, 0x6e,
  0x07, 0x6e, 0xe7, 0x6d, 0x07, 0x6e, 0x07, 0x6e, 0x07, 0x6e, 0x07, 0x6e, 0x07, 0x6e, 0x07, 0x6e, 0x07, 0x6e, 0x07, 0x6e, 0x07, 0x6e, 0x07, 0x6e,
  0x07, 0x6e, 0x07, 0x6e, 0x07, 0x6e, 0x07, 0x6e, 0x07, 0x6e, 0x07, 0x6e, 0x07, 0x6e, 0x07, 0x6e, 0x07, 0x6e, 0x07, 0x6e, 0xe6, 0x6d, 0x07, 0x76,
  0x07, 0x76, 0x07, 0x76, 0x07, 0x76, 0x07, 0x76, 0x27, 0x76, 0x27, 0x76, 0x27, 0x76, 0x07, 0x76, 0x27, 0x76, 0x27, 0x76, 0x27, 0x76, 0x66, 0x65,
  0xa3, 0x43, 0xe1, 0x21, 0x20, 0x00, 0x20, 0x00, 0x60, 0x00, 0x00, 0x00, 0x00, 0x00, 0x00, 0x00, 0x00, 0x00, 0x00, 0x00, 0x20, 0x00, 0x00, 0x00,
  0x60, 0x00, 0x00, 0x11, 0x04, 0x4c, 0x26, 0x5d, 0x27, 0x76, 0x27, 0x76, 0x27, 0x76, 0x07, 0x76, 0x07, 0x76, 0x07, 0x76, 0x27, 0x76, 0x07, 0x76,
  0x27, 0x76, 0x27, 0x76, 0x66, 0x65, 0xa3, 0x43, 0xe1, 0x21, 0x20, 0x00, 0x20, 0x00, 0x60, 0x00, 0x00, 0x00, 0x00, 0x00, 0x00, 0x00, 0x00, 0x00,
  0x00, 0x00, 0x00, 0x00, 0x00, 0x00, 0x00, 0x00, 0x00, 0x00, 0x00, 0x00, 0x00, 0x00, 0x00, 0x00, 0x00, 0x00, 0x00, 0x00, 0x00, 0x00, 0x00, 0x00,
  0x00, 0x00, 0x00, 0x00, 0x00, 0x00, 0x00, 0x00, 0x20, 0x00, 0x00, 0x00, 0xa0, 0x08, 0x80, 0x11, 0x64, 0x54, 0x66, 0x65, 0x27, 0x76, 0x27, 0x76,
  0x27, 0x76, 0x07, 0x76, 0x27, 0x76, 0x27, 0x6e, 0x07, 0x76, 0x07, 0x6e, 0x27, 0x76, 0x47, 0x76, 0x07, 0x6e, 0x44, 0x4c, 0x62, 0x2a, 0x20, 0x00,
  0x40, 0x00, 0x80, 0x00, 0x00, 0x00, 0x00, 0x00, 0x00, 0x00, 0x80, 0x00, 0x40, 0x00, 0x20, 0x00, 0xc2, 0x32, 0x65, 0x54, 0x07, 0x6e, 0x47, 0x76,
  0x27, 0x76, 0x07, 0x6e, 0x27, 0x76, 0x27, 0x76, 0x27, 0x76, 0x27, 0x76, 0x27, 0x76, 0x07, 0x76, 0x27, 0x76, 0x07, 0x76, 0x27, 0x76, 0x07, 0x6e,
  0xe6, 0x6d, 0xc7, 0x6d, 0xe9, 0x31, 0x08, 0x32, 0xe9, 0x31, 0xe9, 0x31, 0xe9, 0x31, 0xe9, 0x31, 0xe9, 0x31, 0xe9, 0x31, 0xe9, 0x31, 0xe9, 0x31,
  0xe9, 0x31, 0xe9, 0x31, 0xe9, 0x31, 0xe9, 0x31, 0xe9, 0x31, 0xe9, 0x31, 0xe9, 0x31, 0xe9, 0x31, 0xe9, 0x31, 0xe9, 0x31, 0xe9, 0x31, 0xe9, 0x31,
  0xe9, 0x31, 0xe9, 0x31, 0xe9, 0x31, 0xe9, 0x31, 0xe9, 0x31, 0xe9, 0x31, 0xe9, 0x31, 0xe9, 0x31, 0xe9, 0x31, 0xe9, 0x31, 0xe9, 0x31, 0xe9, 0x31,
  0xe9, 0x31, 0xe9, 0x31, 0xe9, 0x31, 0xe9, 0x31, 0xe9, 0x31, 0xe9, 0x31, 0xe9, 0x31, 0xe9, 0x31, 0xe9, 0x31, 0xe9, 0x31, 0xe9, 0x31, 0xe9, 0x31,
  0x48, 0x4a, 0x48, 0x4a, 0x48, 0x4a, 0x48, 0x4a, 0x48, 0x52, 0x68, 0x52, 0x68, 0x52, 0x68, 0x52, 0x68, 0x52, 0x48, 0x52, 0x48, 0x52, 0x48, 0x52,
  0x48, 0x52, 0x68, 0x52, 0x48, 0x52, 0x48, 0x52, 0x68, 0x52, 0x48, 0x52, 0x48, 0x52, 0x48, 0x52, 0x48, 0x52, 0x68, 0x52, 0x48, 0x52, 0x48, 0x52,
  0x48, 0x52, 0x48, 0x52, 0x68, 0x52, 0x48, 0x52, 0x68, 0x52, 0x48, 0x52, 0x68, 0x52, 0x68, 0x52, 0x48, 0x52, 0x68, 0x52, 0x48, 0x52, 0x48, 0x52,
  0x48, 0x52, 0x68, 0x52, 0x68, 0x52, 0x68, 0x52, 0x48, 0x52, 0x48, 0x52, 0x48, 0x52, 0x48, 0x52, 0x68, 0x52, 0x48, 0x52, 0x48, 0x52, 0x48, 0x52,
  0x48, 0x52, 0x48, 0x52, 0x46, 0x5c, 0x26, 0x65, 0x07, 0x6e, 0x27, 0x6e, 0x27, 0x76, 0x07, 0x76, 0x07, 0x6e, 0x07, 0x6e, 0x07, 0x6e, 0x07, 0x6e,
  0x07, 0x6e, 0x07, 0x6e, 0x07, 0x6e, 0x27, 0x76, 0x27, 0x76, 0x27, 0x76, 0xe5, 0x5c, 0x63, 0x3b, 0x20, 0x00, 0x00, 0x00, 0x20, 0x00, 0x00, 0x00,
  0x00, 0x00, 0x00, 0x00, 0x00, 0x00, 0x20, 0x00, 0x40, 0x00, 0x00, 0x00, 0xe0, 0x08, 0x01, 0x22, 0xe5, 0x5c, 0xa6, 0x65, 0x27, 0x76, 0x07, 0x6e,
  0x07, 0x76, 0x07, 0x76, 0x07, 0x76, 0x07, 0x6e, 0x07, 0x6e, 0x07, 0x6e, 0x07, 0x6e, 0x07, 0x6e, 0xe6, 0x6d, 0xa6, 0x6d, 0x86, 0x65, 0x86, 0x65,
  0x86, 0x65, 0x86, 0x65, 0x86, 0x65, 0x86, 0x65, 0x86, 0x65, 0x86, 0x65, 0x86, 0x65, 0x86, 0x65, 0x86, 0x65, 0x86, 0x65, 0x86, 0x65, 0x86, 0x65,
  0x86, 0x65, 0x86, 0x65, 0x86, 0x65, 0x86, 0x65, 0x86, 0x65, 0x86, 0x65, 0x86, 0x65, 0x86, 0x65, 0x86, 0x65, 0x86, 0x65, 0x86, 0x65, 0xc6, 0x6d,
  0xe7, 0x6d, 0x07, 0x76, 0x07, 0x76, 0x07, 0x6e, 0x07, 0x6e, 0x07, 0x6e, 0x07, 0x6e, 0x07, 0x6e, 0x07, 0x6e, 0x27, 0x76, 0x27, 0x76, 0x66, 0x65,
  0xa3, 0x43, 0xe1, 0x21, 0x20, 0x00, 0x20, 0x00, 0x60, 0x00, 0x00, 0x00, 0x00, 0x00, 0x00, 0x00, 0x00, 0x00, 0x00, 0x00, 0x20, 0x00, 0x00, 0x00,
  0x60, 0x00, 0x00, 0x11, 0x04, 0x4c, 0x26, 0x5d, 0x27, 0x76, 0x27, 0x76, 0x27, 0x76, 0x07, 0x76, 0x07, 0x6e, 0x07, 0x6e, 0x07, 0x6e, 0x07, 0x6e,
  0x27, 0x76, 0x27, 0x76, 0x66, 0x65, 0xa3, 0x43, 0xe1, 0x21, 0x20, 0x00, 0x20, 0x00, 0x60, 0x00, 0x00, 0x00, 0x00, 0x00, 0x00, 0x00, 0x00, 0x00,
  0x00, 0x00, 0x00, 0x00, 0x00, 0x00, 0x00, 0x00, 0x00, 0x00, 0x00, 0x00, 0x00, 0x00, 0x00, 0x00, 0x00, 0x00, 0x00, 0x00, 0x00, 0x00, 0x00, 0x00,
  0x00, 0x00, 0x00, 0x00, 0x00, 0x00, 0x00, 0x00, 0x20, 0x00, 0x00, 0x00, 0xc0, 0x08, 0xa1, 0x19, 0xa5, 0x54, 0x86, 0x65, 0x27, 0x76, 0x27, 0x76,
  0x07, 0x76, 0x07, 0x76, 0x07, 0x6e, 0x27, 0x76, 0x07, 0x6e, 0x07, 0x6e, 0x27, 0x76, 0x47, 0x76, 0xe6, 0x6d, 0x44, 0x4c, 0x62, 0x2a, 0x20, 0x00,
  0x40, 0x00, 0x60, 0x00, 0x00, 0x00, 0x00, 0x00, 0x00, 0x00, 0x80, 0x00, 0x40, 0x00, 0x20, 0x00, 0xa2, 0x2a, 0x64, 0x54, 0x07, 0x6e, 0x27, 0x76,
  0x27, 0x76, 0x06, 0x6e, 0x07, 0x6e, 0x07, 0x6e, 0x07, 0x6e, 0x07, 0x6e, 0x07, 0x6e, 0x07, 0x76, 0x07, 0x6e, 0x07, 0x6e, 0x07, 0x6e, 0x07, 0x6e,
  0xe7, 0x6d, 0xc6, 0x6d, 0xe9, 0x31, 0xe8, 0x31, 0xe9, 0x31, 0xe9, 0x31, 0xe9, 0x31, 0xe9, 0x31, 0xe9, 0x31, 0xe9, 0x31, 0xe9, 0x31, 0xe9, 0x31,
  0xe9, 0x31, 0xe9, 0x31, 0xe9, 0x31, 0xe9, 0x31, 0xe9, 0x31, 0xe9, 0x31, 0xe9, 0x31, 0xe9, 0x31, 0xe9, 0x31, 0xe9, 0x31, 0xe9, 0x31, 0xe9, 0x31,
  0xe9, 0x31, 0xe9, 0x31, 0xe9, 0x31, 0xe9, 0x31, 0xe9, 0x31, 0xe9, 0x31, 0xe9, 0x31, 0xe9, 0x31, 0xe9, 0x31, 0xe9, 0x31, 0xe9, 0x31, 0xe9, 0x31,
  0xe9, 0x31, 0xe9, 0x31, 0xe9, 0x31, 0xe9, 0x31, 0xe9, 0x31, 0xe9, 0x31, 0xe9, 0x31, 0xe9, 0x31, 0xe9, 0x31, 0xe9, 0x31, 0xe9, 0x31, 0xe9, 0x31,
  0x48, 0x4a, 0x48, 0x4a, 0x48, 0x4a, 0x48, 0x4a, 0x48, 0x52, 0x48, 0x4a, 0x48, 0x4a, 0x48, 0x52, 0x48, 0x4a, 0x48, 0x4a, 0x48, 0x52, 0x48, 0x52,
  0x68, 0x52, 0x68, 0x52, 0x68, 0x52, 0x68, 0x52, 0x48, 0x52, 0x48, 0x4a, 0x48, 0x52, 0x48, 0x52, 0x48, 0x52, 0x48, 0x52, 0x48, 0x52, 0x48, 0x52,
  0x68, 0x52, 0x48, 0x52, 0x48, 0x52, 0x68, 0x52, 0x68, 0x52, 0x48, 0x52, 0x48, 0x52, 0x68, 0x52, 0x68, 0x52, 0x48, 0x52, 0x68, 0x52, 0x68, 0x52,
  0x68, 0x52, 0x48, 0x52, 0x68, 0x52, 0x48, 0x52, 0x48, 0x52, 0x48, 0x52, 0x48, 0x52, 0x48, 0x52, 0x48, 0x52, 0x68, 0x52, 0x48, 0x52, 0x48, 0x52,
  0x48, 0x52, 0x48, 0x4a, 0x26, 0x54, 0x26, 0x65, 0xe7, 0x6d, 0x27, 0x6e, 0x27, 0x76, 0x07, 0x6e, 0x07, 0x6e, 0x07, 0x6e, 0x07, 0x6e, 0x07, 0x6e,
  0x07, 0x6e, 0x07, 0x6e, 0x07, 0x6e, 0x07, 0x6e, 0x27, 0x76, 0x27, 0x76, 0xe5, 0x5c, 0x63, 0x3b, 0x20, 0x00, 0x00, 0x00, 0x20, 0x00, 0x00, 0x00,
  0x00, 0x00, 0x00, 0x00, 0x00, 0x00, 0x20, 0x00, 0x40, 0x00, 0x00, 0x00, 0xe0, 0x08, 0x01, 0x22, 0xe5, 0x5c, 0xa6, 0x65, 0x27, 0x76, 0x07, 0x6e,
  0x07, 0x6e, 0x07, 0x6e, 0x07, 0x6e, 0x07, 0x6e, 0x07, 0x6e, 0x07, 0x6e, 0x07, 0x6e, 0x07, 0x6e, 0x26, 0x5d, 0x04, 0x4c, 0xe3, 0x32, 0x82, 0x2a,
  0x82, 0x2a, 0xa2, 0x2a, 0xa2, 0x2a, 0xa2, 0x2a, 0xa2, 0x2a, 0xa2, 0x2a, 0xa2, 0x2a, 0xa2, 0x2a, 0xa2, 0x2a, 0xa2, 0x2a, 0xa2, 0x2a, 0xa2, 0x2a,
  0xa2, 0x2a, 0xa2, 0x2a, 0xa2, 0x2a, 0xa2, 0x2a, 0xa2, 0x2a, 0xa2, 0x2a, 0xa2, 0x2a, 0xa2, 0x2a, 0x82, 0x2a, 0xa2, 0x2a, 0xe3, 0x32, 0xa5, 0x54,
  0x66, 0x65, 0x27, 0x76, 0x27, 0x76, 0x07, 0x6e, 0x07, 0x6e, 0x07, 0x6e, 0x07, 0x6e, 0x07, 0x6e, 0x07, 0x6e, 0x27, 0x76, 0x27, 0x76, 0x66, 0x65,
  0xa4, 0x43, 0xe1, 0x19, 0x20, 0x00, 0x20, 0x00, 0x60, 0x00, 0x00, 0x00, 0x00, 0x00, 0x00, 0x00, 0x00, 0x00, 0x00, 0x00, 0x20, 0x00, 0x00, 0x00,
  0x60, 0x00, 0x00, 0x11, 0x04, 0x4c, 0x26, 0x5d, 0x27, 0x6e, 0x27, 0x76, 0x07, 0x6e, 0x07, 0x6e, 0x07, 0x6e, 0x07, 0x6e, 0x07, 0x6e, 0x07, 0x6e,
  0x27, 0x76, 0x07, 0x76, 0x66, 0x65, 0xa4, 0x43, 0xe1, 0x19, 0x20, 0x00, 0x20, 0x00, 0x60, 0x00, 0x00, 0x00, 0x00, 0x00, 0x00, 0x00, 0x00, 0x00,
  0x00, 0x00, 0x00, 0x00, 0x00, 0x00, 0x00, 0x00, 0x00, 0x00, 0x00, 0x00, 0x00, 0x00, 0x00, 0x00, 0x00, 0x00, 0x00, 0x00, 0x00, 0x00, 0x00, 0x00,
  0x00, 0x00, 0x00, 0x00, 0x00, 0x00, 0x20, 0x00, 0x40, 0x00, 0x00, 0x00, 0xe0, 0x08, 0x01, 0x22, 0x05, 0x5d, 0xa6, 0x65, 0x27, 0x76, 0x07, 0x6e,
  0x07, 0x6e, 0x07, 0x6e, 0x07, 0x6e, 0x07, 0x6e, 0x07, 0x6e, 0x07, 0x6e, 0x07, 0x6e, 0x27, 0x76, 0xe7, 0x6d, 0x24, 0x4c, 0x42, 0x22, 0x20, 0x00,
  0x40, 0x00, 0x80, 0x00, 0x00, 0x00, 0x00, 0x00, 0x00, 0x00, 0x60, 0x00, 0x20, 0x00, 0x20, 0x00, 0xa2, 0x2a, 0x64, 0x4c, 0x07, 0x6e, 0x27, 0x76,
  0x27, 0x76, 0x07, 0x6e, 0x07, 0x6e, 0x07, 0x6e, 0x07, 0x6e, 0x07, 0x6e, 0x07, 0x6e, 0x07, 0x6e, 0x07, 0x6e, 0x07, 0x6e, 0x07, 0x6e, 0x07, 0x6e,
  0xe7, 0x6d, 0xc6, 0x6d, 0xe8, 0x31, 0xe9, 0x31, 0xe9, 0x31, 0xe9, 0x31, 0xe9, 0x31, 0xe9, 0x31, 0xe9, 0x31, 0xe9, 0x31, 0xe9, 0x31, 0xe9, 0x31,
  0xe9, 0x31, 0xe9, 0x31, 0xe9, 0x31, 0xe9, 0x31, 0xe9, 0x31, 0xe9, 0x31, 0xe9, 0x31, 0xe9, 0x31, 0xe9, 0x31, 0xe9, 0x31, 0xe9, 0x31, 0xe9, 0x31,
  0xe9, 0x31, 0xe9, 0x31, 0xe9, 0x31, 0xe9, 0x31, 0xe9, 0x31, 0xe9, 0x31, 0xe9, 0x31, 0xe9, 0x31, 0xe9, 0x31, 0xe9, 0x31, 0xe9, 0x31, 0xe9, 0x31,
  0xe9, 0x31, 0xe9, 0x31, 0xe9, 0x31, 0xe9, 0x31, 0xe9, 0x31, 0xe9, 0x31, 0xe9, 0x31, 0xe9, 0x31, 0xe9, 0x31, 0xe9, 0x31, 0xe9, 0x31, 0xe9, 0x31,
  0x48, 0x4a, 0x48, 0x52, 0x48, 0x4a, 0x48, 0x52, 0x48, 0x4a, 0x48, 0x4a, 0x68, 0x4a, 0x48, 0x4a, 0x48, 0x52, 0x48, 0x52, 0x48, 0x52, 0x48, 0x4a,
  0x48, 0x4a, 0x48, 0x52, 0x48, 0x52, 0x48, 0x52, 0x48, 0x52, 0x48, 0x52, 0x48, 0x52, 0x48, 0x52, 0x48, 0x52, 0x48, 0x52, 0x48, 0x4a, 0x48, 0x52,
  0x48, 0x52, 0x48, 0x52, 0x68, 0x52, 0x48, 0x52, 0x68, 0x52, 0x48, 0x52, 0x48, 0x52, 0x48, 0x52, 0x48, 0x52, 0x48, 0x52, 0x48, 0x52, 0x48, 0x52,
  0x48, 0x52, 0x48, 0x52, 0x48, 0x52, 0x48, 0x52, 0x48, 0x52, 0x48, 0x52, 0x68, 0x52, 0x48, 0x52, 0x68, 0x52, 0x48, 0x52, 0x48, 0x52, 0x48, 0x52,
  0x68, 0x52, 0x48, 0x52, 0x26, 0x54, 0x26, 0x65, 0x06, 0x6e, 0x27, 0x6e, 0x27, 0x76, 0xe7, 0x6d, 0x07, 0x6e, 0x07, 0x6e, 0x07, 0x6e, 0x07, 0x6e,
  0x06, 0x6e, 0x07, 0x6e, 0x07, 0x6e, 0x07, 0x6e, 0x27, 0x76, 0x27, 0x76, 0xe5, 0x5c, 0x63, 0x3b, 0x20, 0x00, 0x00, 0x00, 0x20, 0x00, 0x00, 0x00,
  0x00, 0x00, 0x00, 0x00, 0x00, 0x00, 0x00, 0x00, 0x20, 0x00, 0x00, 0x00, 0xe0, 0x08, 0x01, 0x22, 0xe5, 0x5c, 0xa6, 0x65, 0x27, 0x6e, 0x07, 0x6e,
  0x07, 0x6e, 0x07, 0x6e, 0x07, 0x6e, 0x07, 0x6e, 0x07, 0x76, 0x07, 0x6e, 0x07, 0x6e, 0x07, 0x6e, 0xe5, 0x5c, 0x43, 0x3b, 0xc1, 0x19, 0x20, 0x11,
  0x20, 0x11, 0x20, 0x11, 0x20, 0x11, 0x20, 0x11, 0x20, 0x11, 0x20, 0x11, 0x20, 0x11, 0x20, 0x11, 0x20, 0x11, 0x20, 0x11, 0x20, 0x11, 0x20, 0x11,
  0x20, 0x11, 0x20, 0x11, 0x20, 0x11, 0x20, 0x11, 0x20, 0x11, 0x21, 0x11, 0x20, 0x11, 0x20, 0x11, 0x20, 0x11, 0x20, 0x11, 0x61, 0x19, 0x24, 0x4c,
  0x46, 0x5d, 0x27, 0x6e, 0x27, 0x76, 0x07, 0x6e, 0x07, 0x6e, 0x07, 0x6e, 0x07, 0x6e, 0x07, 0x6e, 0x07, 0x6e, 0x27, 0x76, 0x27, 0x76, 0x66, 0x65,
  0xa4, 0x43, 0xe1, 0x19, 0x20, 0x00, 0x20, 0x00, 0x60, 0x00, 0x00, 0x00, 0x00, 0x00, 0x00, 0x00, 0x00, 0x00, 0x00, 0x00, 0x20, 0x00, 0x00, 0x00,
  0x60, 0x00, 0x00, 0x11, 0x04, 0x44, 0x25, 0x5d, 0x27, 0x6e, 0x27, 0x76, 0x07, 0x6e, 0x07, 0x6e, 0x07, 0x6e, 0x07, 0x6e, 0x07, 0x6e, 0x07, 0x6e,
  0x27, 0x76, 0x07, 0x76, 0x66, 0x65, 0xa4, 0x43, 0xe1, 0x21, 0x20, 0x00, 0x20, 0x00, 0x60, 0x00, 0x00, 0x00, 0x00, 0x00, 0x00, 0x00, 0x00, 0x00,
  0x00, 0x00, 0x00, 0x00, 0x00, 0x00, 0x00, 0x00, 0x00, 0x00, 0x00, 0x00, 0x00, 0x00, 0x00, 0x00, 0x00, 0x00, 0x00, 0x00, 0x00, 0x00, 0x00, 0x00,
  0x00, 0x00, 0x00, 0x00, 0x00, 0x00, 0x20, 0x00, 0x40, 0x00, 0x00, 0x00, 0x00, 0x11, 0x42, 0x2a, 0x46, 0x5d, 0xe7, 0x6d, 0x27, 0x76, 0x07, 0x6e,
  0x07, 0x6e, 0x07, 0x6e, 0x07, 0x6e, 0x07, 0x6e, 0x07, 0x6e, 0x07, 0x6e, 0x07, 0x6e, 0x27, 0x76, 0xc6, 0x6d, 0x04, 0x44, 0x22, 0x22, 0x20, 0x00,
  0x40, 0x00, 0x80, 0x00, 0x00, 0x00, 0x00, 0x00, 0x00, 0x00, 0x60, 0x00, 0x20, 0x00, 0x20, 0x00, 0xa2, 0x2a, 0x64, 0x4c, 0x07, 0x6e, 0x27, 0x76,
  0x27, 0x76, 0x07, 0x6e, 0x07, 0x6e, 0x06, 0x6e, 0x07, 0x6e, 0x06, 0x6e, 0x07, 0x6e, 0x07, 0x6e, 0x06, 0x6e, 0x07, 0x6e, 0x07, 0x6e, 0x07, 0x6e,
  0xe6, 0x6d, 0xc7, 0x6d, 0xe9, 0x31, 0xe9, 0x31, 0xe8, 0x31, 0xe9, 0x31, 0xe9, 0x31, 0xe9, 0x31, 0xe9, 0x31, 0xe9, 0x31, 0xe9, 0x31, 0xe9, 0x31,
  0xe9, 0x31, 0xe9, 0x31, 0xe9, 0x31, 0xe9, 0x31, 0xe9, 0x31, 0xe9, 0x31, 0xe9, 0x31, 0xe9, 0x31, 0xe9, 0x31, 0xe9, 0x31, 0xe9, 0x31, 0xe9, 0x31,
  0xe9, 0x31, 0xe9, 0x31, 0xe9, 0x31, 0xe9, 0x31, 0xe9, 0x31, 0xe9, 0x31, 0xe9, 0x31, 0xe9, 0x31, 0xe9, 0x31, 0xe9, 0x31, 0xe9, 0x31, 0xe9, 0x31,
  0xe9, 0x31, 0xe9, 0x31, 0xe9, 0x31, 0xe9, 0x31, 0xe9, 0x31, 0xe9, 0x31, 0xe9, 0x31, 0xe9, 0x31, 0xe9, 0x31, 0xe9, 0x31, 0xe9, 0x31, 0xe9, 0x31,
  0x48, 0x4a, 0x48, 0x52, 0x48, 0x52, 0x48, 0x52, 0x48, 0x4a, 0x48, 0x4a, 0x48, 0x52, 0x48, 0x4a, 0x68, 0x4a, 0x48, 0x4a, 0x48, 0x52, 0x48, 0x52,
  0x68, 0x52, 0x48, 0x4a, 0x48, 0x52, 0x68, 0x4a, 0x48, 0x52, 0x68, 0x52, 0x48, 0x52, 0x68, 0x52, 0x48, 0x52, 0x48, 0x52, 0x68, 0x52, 0x47, 0x52,
  0x48, 0x52, 0x48, 0x52, 0x48, 0x52, 0x48, 0x52, 0x48, 0x52, 0x48, 0x52, 0x48, 0x52, 0x48, 0x52, 0x48, 0x52, 0x48, 0x52, 0x48, 0x52, 0x48, 0x52,
  0x48, 0x52, 0x48, 0x52, 0x48, 0x52, 0x48, 0x52, 0x48, 0x52, 0x48, 0x52, 0x48, 0x52, 0x48, 0x52, 0x48, 0x52, 0x48, 0x52, 0x48, 0x52, 0x48, 0x52,
  0x48, 0x52, 0x47, 0x52, 0x26, 0x54, 0x26, 0x65, 0xe7, 0x6d, 0x27, 0x6e, 0x07, 0x6e, 0x07, 0x6e, 0x07, 0x6e, 0x07, 0x6e, 0x07, 0x6e, 0x07, 0x6e,
  0x07, 0x6e, 0x07, 0x6e, 0x07, 0x6e, 0x07, 0x6e, 0x27, 0x76, 0x27, 0x76, 0xe5, 0x5c, 0x63, 0x3b, 0x40, 0x00, 0x00, 0x00, 0x20, 0x00, 0x00, 0x00,
  0x00, 0x00, 0x00, 0x00, 0x00, 0x00, 0x00, 0x00, 0x20, 0x00, 0x00, 0x00, 0xe0, 0x08, 0x01, 0x22, 0xe5, 0x5c, 0x86, 0x65, 0x27, 0x76, 0x07, 0x6e,
  0x07, 0x6e, 0x07, 0x6e, 0x07, 0x6e, 0x07, 0x6e, 0x06, 0x6e, 0x07, 0x6e, 0x07, 0x6e, 0x07, 0x6e, 0xa5, 0x54, 0xa2, 0x32, 0xe0, 0x08, 0x00, 0x00,
  0x00, 0x00, 0x00, 0x00, 0x00, 0x00, 0x00, 0x00, 0x00, 0x00, 0x00, 0x00, 0x00, 0x00, 0x00, 0x00, 0x00, 0x00, 0x00, 0x00, 0x00, 0x00, 0x00, 0x00,
  0x00, 0x00, 0x00, 0x00, 0x00, 0x00, 0x00, 0x00, 0x00, 0x00, 0x00, 0x00, 0x00, 0x00, 0x00, 0x00, 0x00, 0x00, 0x00, 0x00, 0x40, 0x00, 0xe4, 0x43,
  0x05, 0x5d, 0x27, 0x6e, 0x27, 0x76, 0x07, 0x6e, 0x07, 0x6e, 0x07, 0x6e, 0x07, 0x6e, 0x07, 0x6e, 0x07, 0x6e, 0x27, 0x76, 0x27, 0x76, 0x66, 0x65,
  0xa4, 0x43, 0xc1, 0x19, 0x20, 0x00, 0x20, 0x00, 0x60, 0x00, 0x00, 0x00, 0x00, 0x00, 0x00, 0x00, 0x00, 0x00, 0x00, 0x00, 0x20, 0x00, 0x00, 0x00,
  0x60, 0x00, 0xe0, 0x08, 0x04, 0x44, 0x26, 0x5d, 0x27, 0x76, 0x27, 0x76, 0x07, 0x6e, 0x07, 0x6e, 0x07, 0x6e, 0x07, 0x6e, 0x07, 0x6e, 0x07, 0x6e,
  0x27, 0x76, 0x07, 0x76, 0x66, 0x65, 0xa4, 0x43, 0xe1, 0x19, 0x20, 0x00, 0x20, 0x00, 0x60, 0x00, 0x00, 0x00, 0x00, 0x00, 0x00, 0x00, 0x00, 0x00,
  0x00, 0x00, 0x00, 0x00, 0x00, 0x00, 0x00, 0x00, 0x00, 0x00, 0x00, 0x00, 0x00, 0x00, 0x00, 0x00, 0x00, 0x00, 0x00, 0x00, 0x00, 0x00, 0x00, 0x00,
  0x00, 0x00, 0x00, 0x00, 0x00, 0x00, 0x20, 0x00, 0x60, 0x00, 0x00, 0x00, 0x20, 0x11, 0x82, 0x2a, 0x86, 0x65, 0xe7, 0x6d, 0x27, 0x6e, 0x07, 0x76,
  0x07, 0x6e, 0x07, 0x6e, 0x07, 0x6e, 0x07, 0x6e, 0x07, 0x6e, 0x07, 0x6e, 0x27, 0x76, 0x27, 0x76, 0xa6, 0x65, 0xe4, 0x43, 0x01, 0x22, 0x20, 0x00,
  0x20, 0x00, 0x60, 0x00, 0x00, 0x00, 0x00, 0x00, 0x00, 0x00, 0x60, 0x00, 0x20, 0x00, 0x20, 0x00, 0xa2, 0x2a, 0x65, 0x4c, 0x07, 0x6e, 0x27, 0x6e,
  0x27, 0x76, 0x07, 0x6e, 0x07, 0x6e, 0x07, 0x6e, 0x07, 0x6e, 0x07, 0x6e, 0x07, 0x6e, 0x07, 0x6e, 0x07, 0x6e, 0x07, 0x6e, 0x07, 0x6e, 0xe7, 0x6d,
  0xc6, 0x6d, 0xa6, 0x6d, 0xe8, 0x31, 0xe9, 0x31, 0xe9, 0x31, 0xe8, 0x31, 0xe9, 0x31, 0xe9, 0x31, 0xe9, 0x31, 0xe9, 0x31, 0xe9, 0x31, 0xe9, 0x31,
  0xe9, 0x31, 0xe9, 0x31, 0xe9, 0x31, 0xe9, 0x31, 0xe9, 0x31, 0xe9, 0x31, 0xe9, 0x31, 0xe9, 0x31, 0xe9, 0x31, 0xe9, 0x31, 0xe9, 0x31, 0xe9, 0x31,
  0xe9, 0x31, 0xe9, 0x31, 0xe9, 0x31, 0xe9, 0x31, 0xe9, 0x31, 0xe9, 0x31, 0xe9, 0x31, 0xe9, 0x31, 0xe9, 0x31, 0xe9, 0x31, 0xe9, 0x31, 0xe9, 0x31,
  0xe9, 0x31, 0xe9, 0x31, 0xe9, 0x31, 0xe9, 0x31, 0xe9, 0x31, 0xe9, 0x31, 0xe9, 0x31, 0xe9, 0x31, 0xe9, 0x31, 0xe9, 0x31, 0xe9, 0x31, 0xe9, 0x31,
  0x48, 0x52, 0x48, 0x52, 0x48, 0x4a, 0x48, 0x52, 0x48, 0x52, 0x48, 0x4a, 0x48, 0x4a, 0x48, 0x4a, 0x48, 0x52, 0x48, 0x52, 0x48, 0x4a, 0x68, 0x4a,
  0x48, 0x4a, 0x68, 0x52, 0x68, 0x52, 0x48, 0x52, 0x68, 0x52, 0x48, 0x52, 0x48, 0x52, 0x48, 0x4a, 0x68, 0x52, 0x48, 0x52, 0x48, 0x52, 0x68, 0x52,
  0x68, 0x52, 0x68, 0x52, 0x48, 0x52, 0x68, 0x52, 0x48, 0x52, 0x68, 0x52, 0x48, 0x4a, 0x48, 0x52, 0x68, 0x52, 0x68, 0x52, 0x68, 0x52, 0x48, 0x52,
  0x68, 0x52, 0x48, 0x52, 0x68, 0x52, 0x68, 0x52, 0x68, 0x52, 0x48, 0x52, 0x48, 0x52, 0x48, 0x52, 0x68, 0x52, 0x48, 0x52, 0x48, 0x52, 0x48, 0x52,
  0x48, 0x52, 0x68, 0x52, 0x46, 0x5c, 0x26, 0x65, 0x07, 0x6e, 0x27, 0x6e, 0x07, 0x6e, 0xe7, 0x6d, 0x06, 0x6e, 0x06, 0x6e, 0x07, 0x6e, 0x07, 0x6e,
  0x07, 0x6e, 0x06, 0x6e, 0xe7, 0x6d, 0x07, 0x6e, 0x27, 0x6e, 0x07, 0x6e, 0xc5, 0x54, 0x63, 0x3b, 0x20, 0x00, 0x00, 0x00, 0x00, 0x00, 0x00, 0x00,
  0x00, 0x00, 0x00, 0x00, 0x00, 0x00, 0x00, 0x00, 0x20, 0x00, 0x00, 0x00, 0xe0, 0x08, 0x01, 0x22, 0xc5, 0x54, 0x86, 0x65, 0x06, 0x6e, 0x07, 0x6e,
  0x07, 0x6e, 0x07, 0x6e, 0x07, 0x6e, 0x07, 0x6e, 0xe7, 0x6d, 0x07, 0x6e, 0x27, 0x76, 0x07, 0x6e, 0xc4, 0x54, 0x03, 0x33, 0x60, 0x11, 0x00, 0x00,
  0x20, 0x00, 0x60, 0x00, 0x40, 0x00, 0x40, 0x00, 0x60, 0x00, 0x60, 0x00, 0x40, 0x00, 0x40, 0x00, 0x40, 0x00, 0x40, 0x00, 0x40, 0x00, 0x40, 0x00,
  0x40, 0x00, 0x40, 0x00, 0x40, 0x00, 0x40, 0x00, 0x40, 0x00, 0x40, 0x00, 0x80, 0x00, 0x60, 0x00, 0x20, 0x00, 0x80, 0x00, 0x20, 0x11, 0xe4, 0x4b,
  0x05, 0x5d, 0x27, 0x6e, 0x07, 0x6e, 0x06, 0x6e, 0x07, 0x6e, 0xe6, 0x6d, 0x07, 0x6e, 0x07, 0x6e, 0x07, 0x6e, 0x06, 0x6e, 0x07, 0x6e, 0x66, 0x65,
  0xa4, 0x3b, 0xe1, 0x21, 0x20, 0x00, 0x20, 0x00, 0x60, 0x00, 0x00, 0x00, 0x00, 0x00, 0x00, 0x00, 0x00, 0x00, 0x00, 0x00, 0x20, 0x00, 0x00, 0x00,
  0x60, 0x00, 0x00, 0x11, 0x04, 0x4c, 0x05, 0x5d, 0x07, 0x6e, 0x06, 0x6e, 0x06, 0x6e, 0xe7, 0x6d, 0x06, 0x6e, 0x06, 0x6e, 0x07, 0x6e, 0x06, 0x6e,
  0x07, 0x6e, 0x06, 0x6e, 0x66, 0x65, 0xa4, 0x43, 0xe1, 0x19, 0x20, 0x00, 0x20, 0x00, 0x60, 0x00, 0x00, 0x00, 0x00, 0x00, 0x00, 0x00, 0x00, 0x00,
  0x00, 0x00, 0x00, 0x00, 0x00, 0x00, 0x00, 0x00, 0x00, 0x00, 0x00, 0x00, 0x00, 0x00, 0x00, 0x00, 0x00, 0x00, 0x00, 0x00, 0x00, 0x00, 0x00, 0x00,
  0x00, 0x00, 0x00, 0x00, 0x00, 0x00, 0x20, 0x00, 0x40, 0x00, 0x00, 0x00, 0x80, 0x19, 0x43, 0x3b, 0xc7, 0x6d, 0x07, 0x6e, 0x27, 0x6e, 0x07, 0x6e,
  0x07, 0x6e, 0x06, 0x6e, 0x07, 0x6e, 0x06, 0x6e, 0xe7, 0x6d, 0x07, 0x76, 0x07, 0x6e, 0x07, 0x6e, 0x46, 0x5d, 0x83, 0x3b, 0xc1, 0x19, 0x00, 0x00,
  0x20, 0x00, 0x40, 0x00, 0x00, 0x00, 0x00, 0x00, 0x00, 0x00, 0x60, 0x00, 0x20, 0x00, 0x20, 0x00, 0xa2, 0x32, 0x64, 0x4c, 0xe7, 0x6d, 0x27, 0x6e,
  0x07, 0x6e, 0x07, 0x6e, 0x06, 0x6e, 0x06, 0x6e, 0x06, 0x6e, 0x06, 0x6e, 0x06, 0x6e, 0x07, 0x6e, 0x06, 0x6e, 0x07, 0x6e, 0x07, 0x6e, 0x06, 0x6e,
  0xc7, 0x6d, 0xc6, 0x65, 0xe9, 0x31, 0xe9, 0x31, 0xe9, 0x31, 0xe9, 0x31, 0xe9, 0x31, 0xe9, 0x31, 0xe8, 0x31, 0xe8, 0x31, 0xe9, 0x31, 0xe9, 0x31,
  0xe9, 0x31, 0xe9, 0x31, 0xe9, 0x31, 0xe9, 0x31, 0xe9, 0x31, 0xe9, 0x31, 0xe9, 0x31, 0xe9, 0x31, 0xe9, 0x31, 0xe9, 0x31, 0xe9, 0x31, 0xe9, 0x31,
  0xe9, 0x31, 0xe9, 0x31, 0xe9, 0x31, 0xe9, 0x31, 0xe9, 0x31, 0xe9, 0x31, 0xe9, 0x31, 0xe9, 0x31, 0xe9, 0x31, 0xe9, 0x31, 0xe9, 0x31, 0xe9, 0x31,
  0xe9, 0x31, 0xe9, 0x31, 0xe9, 0x31, 0xe9, 0x31, 0xe9, 0x31, 0xe9, 0x31, 0xe9, 0x31, 0xe9, 0x31, 0xe9, 0x31, 0xe9, 0x31, 0xea, 0x31, 0xe9, 0x31,
  0x47, 0x52, 0x47, 0x52, 0x48, 0x52, 0x48, 0x52, 0x47, 0x52, 0x48, 0x4a, 0x48, 0x52, 0x48, 0x52, 0x48, 0x4a, 0x48, 0x52, 0x48, 0x4a, 0x48, 0x52,
  0x48, 0x52, 0x48, 0x4a, 0x47, 0x52, 0x48, 0x4a, 0x47, 0x4a, 0x48, 0x52, 0x47, 0x52, 0x48, 0x52, 0x47, 0x4a, 0x48, 0x4a, 0x48, 0x52, 0x47, 0x52,
  0x47, 0x52, 0x47, 0x4a, 0x47, 0x4a, 0x48, 0x52, 0x48, 0x52, 0x47, 0x4a, 0x48, 0x52, 0x48, 0x52, 0x48, 0x52, 0x48, 0x52, 0x48, 0x52, 0x68, 0x52,
  0x47, 0x52, 0x48, 0x52, 0x48, 0x52, 0x48, 0x52, 0x48, 0x52, 0x47, 0x52, 0x48, 0x52, 0x48, 0x52, 0x47, 0x52, 0x48, 0x52, 0x47, 0x52, 0x48, 0x52,
  0x48, 0x4a, 0x47, 0x52, 0x26, 0x54, 0x06, 0x65, 0xe7, 0x6d, 0x27, 0x6e, 0x07, 0x6e, 0x07, 0x6e, 0x07, 0x6e, 0xe7, 0x6d, 0xe7, 0x6d, 0xe7, 0x6d,
  0x07, 0x6e, 0x07, 0x6e, 0xe7, 0x6d, 0x07, 0x6e, 0x27, 0x6e, 0x07, 0x6e, 0xc5, 0x54, 0x63, 0x3b, 0x20, 0x00, 0x00, 0x00, 0x00, 0x00, 0x00, 0x00,
  0x00, 0x00, 0x00, 0x00, 0x00, 0x00, 0x00, 0x00, 0x20, 0x00, 0x00, 0x00, 0xe0, 0x08, 0x01, 0x22, 0xc5, 0x54, 0x86, 0x65, 0x07, 0x6e, 0x07, 0x6e,
  0x07, 0x6e, 0x07, 0x6e, 0x07, 0x6e, 0x07, 0x6e, 0x07, 0x6e, 0x07, 0x6e, 0x07, 0x6e, 0xe7, 0x6d, 0xa5, 0x54, 0x03, 0x33, 0x40, 0x11, 0x00, 0x00,
  0x20, 0x00, 0x40, 0x00, 0x40, 0x00, 0x20, 0x00, 0x20, 0x00, 0x20, 0x00, 0x20, 0x00, 0x20, 0x00, 0x20, 0x00, 0x20, 0x00, 0x20, 0x00, 0x20, 0x00,
  0x20, 0x00, 0x20, 0x00, 0x20, 0x00, 0x20, 0x00, 0x20, 0x00, 0x20, 0x00, 0x20, 0x00, 0x40, 0x00, 0x00, 0x00, 0x80, 0x00, 0x20, 0x11, 0x04, 0x44,
  0x25, 0x5d, 0x07, 0x6e, 0x07, 0x76, 0x07, 0x6e, 0xe7, 0x6d, 0x07, 0x6e, 0x07, 0x6e, 0xe7, 0x6d, 0x07, 0x6e, 0x07, 0x6e, 0x07, 0x6e, 0x46, 0x5d,
  0xa3, 0x43, 0xc1, 0x19, 0x20, 0x00, 0x20, 0x00, 0x60, 0x00, 0x00, 0x00, 0x00, 0x00, 0x00, 0x00, 0x00, 0x00, 0x00, 0x00, 0x00, 0x00, 0x00, 0x00,
  0x60, 0x00, 0x00, 0x11, 0xe4, 0x43, 0x26, 0x5d, 0x27, 0x76, 0x07, 0x6e, 0x07, 0x6e, 0xe7, 0x6d, 0x07, 0x6e, 0x07, 0x6e, 0x07, 0x6e, 0x07, 0x6e,
  0x06, 0x6e, 0x07, 0x6e, 0x66, 0x65, 0xa3, 0x43, 0xc1, 0x19, 0x20, 0x00, 0x20, 0x00, 0x60, 0x00, 0x00, 0x00, 0x00, 0x00, 0x00, 0x00, 0x00, 0x00,
  0x00, 0x00, 0x00, 0x00, 0x00, 0x00, 0x00, 0x00, 0x00, 0x00, 0x00, 0x00, 0x00, 0x00, 0x00, 0x00, 0x00, 0x00, 0x00, 0x00, 0x00, 0x00, 0x00, 0x00,
  0x00, 0x00, 0x00, 0x00, 0x20, 0x00, 0x00, 0x00, 0x20, 0x00, 0x80, 0x08, 0x42, 0x2a, 0x04, 0x44, 0xc6, 0x6d, 0xe6, 0x6d, 0x07, 0x6e, 0x07, 0x6e,
  0xe7, 0x6d, 0xe7, 0x6d, 0x07, 0x6e, 0x07, 0x6e, 0x07, 0x6e, 0x06, 0x6e, 0x07, 0x6e, 0x07, 0x6e, 0x05, 0x55, 0x23, 0x3b, 0x61, 0x19, 0x20, 0x00,
  0x00, 0x00, 0x40, 0x00, 0x00, 0x00, 0x00, 0x00, 0x00, 0x00, 0x60, 0x00, 0x20, 0x00, 0x20, 0x00, 0xa2, 0x2a, 0x44, 0x4c, 0xe7, 0x6d, 0x27, 0x6e,
  0x07, 0x6e, 0xe7, 0x6d, 0x07, 0x6e, 0xe7, 0x6d, 0x07, 0x6e, 0xe7, 0x6d, 0x07, 0x6e, 0x07, 0x6e, 0x07, 0x6e, 0x07, 0x6e, 0x07, 0x6e, 0x07, 0x6e,
  0xe6, 0x6d, 0xc7, 0x65, 0xc8, 0x31, 0xe9, 0x31, 0xe8, 0x31, 0xe8, 0x31, 0xe8, 0x31, 0xe8, 0x31, 0xe9, 0x31, 0xe9, 0x31, 0xe8, 0x31, 0xe9, 0x31,
  0xe9, 0x31, 0xe9, 0x31, 0xe9, 0x31, 0xe9, 0x31, 0xe9, 0x31, 0xe9, 0x31, 0xe9, 0x31, 0xe9, 0x31, 0xe9, 0x31, 0xe9, 0x31, 0xe9, 0x31, 0xe9, 0x31,
  0xe9, 0x31, 0xe9, 0x31, 0xe9, 0x31, 0xe9, 0x31, 0xe9, 0x31, 0xe9, 0x31, 0xe9, 0x31, 0xe9, 0x31, 0xe9, 0x31, 0xe9, 0x31, 0xe9, 0x31, 0xe9, 0x31,
  0xe9, 0x31, 0xe9, 0x31, 0xe9, 0x31, 0xe9, 0x31, 0xe9, 0x31, 0xe9, 0x31, 0xe9, 0x31, 0xe9, 0x31, 0xe9, 0x31, 0xe9, 0x31, 0xe9, 0x31, 0xe9, 0x31,
  0x48, 0x52, 0x48, 0x4a, 0x48, 0x4a, 0x48, 0x52, 0x48, 0x52, 0x48, 0x52, 0x48, 0x52, 0x48, 0x52, 0x48, 0x52, 0x48, 0x52, 0x48, 0x52, 0x48, 0x52,
  0x48, 0x52, 0x48, 0x52, 0x48, 0x52, 0x48, 0x52, 0x48, 0x52, 0x48, 0x52, 0x68, 0x52, 0x47, 0x52, 0x48, 0x52, 0x48, 0x4a, 0x48, 0x52, 0x48, 0x4a,
  0x48, 0x52, 0x48, 0x52, 0x48, 0x52, 0x48, 0x52, 0x48, 0x52, 0x48, 0x52, 0x48, 0x4a, 0x48, 0x52, 0x48, 0x4a, 0x48, 0x52, 0x48, 0x52, 0x48, 0x4a,
  0x48, 0x52, 0x48, 0x52, 0x48, 0x52, 0x48, 0x52, 0x48, 0x52, 0x48, 0x52, 0x48, 0x52, 0x48, 0x52, 0x48, 0x52, 0x48, 0x52, 0x48, 0x52, 0x48, 0x52,
  0x48, 0x52, 0x48, 0x52, 0x26, 0x54, 0x06, 0x65, 0xe7, 0x6d, 0x07, 0x6e, 0x07, 0x6e, 0xe6, 0x6d, 0xe7, 0x6d, 0xe6, 0x6d, 0xe6, 0x6d, 0xe6, 0x6d,
  0xe6, 0x6d, 0xe7, 0x6d, 0xe7, 0x6d, 0x07, 0x6e, 0x07, 0x6e, 0x07, 0x6e, 0xc5, 0x54, 0x43, 0x3b, 0x20, 0x00, 0x00, 0x00, 0x00, 0x00, 0x00, 0x00,
  0x00, 0x00, 0x00, 0x00, 0x00, 0x00, 0x00, 0x00, 0x20, 0x00, 0x00, 0x00, 0xe0, 0x08, 0x01, 0x22, 0xc5, 0x54, 0x86, 0x65, 0x07, 0x6e, 0x07, 0x6e,
  0x07, 0x6e, 0xe7, 0x6d, 0x07, 0x6e, 0x07, 0x6e, 0xe7, 0x6d, 0x07, 0x6e, 0x07, 0x6e, 0xe7, 0x6d, 0xc5, 0x54, 0x03, 0x33, 0x60, 0x11, 0x00, 0x00,
  0x00, 0x00, 0x20, 0x00, 0x00, 0x00, 0x00, 0x00, 0x00, 0x00, 0x00, 0x00, 0x00, 0x00, 0x00, 0x00, 0x00, 0x00, 0x00, 0x00, 0x00, 0x00, 0x00, 0x00,
  0x00, 0x00, 0x00, 0x00, 0x00, 0x00, 0x00, 0x00, 0x00, 0x00, 0x00, 0x00, 0x00, 0x00, 0x00, 0x00, 0x00, 0x00, 0x60, 0x00, 0x00, 0x09, 0xe4, 0x43,
  0x06, 0x5d, 0x07, 0x6e, 0x06, 0x6e, 0x07, 0x6e, 0xe7, 0x6d, 0xe7, 0x6d, 0xe7, 0x6d, 0xe6, 0x6d, 0x07, 0x6e, 0x07, 0x6e, 0x07, 0x6e, 0x66, 0x65,
  0xa3, 0x43, 0xe1, 0x19, 0x20, 0x00, 0x20, 0x00, 0x40, 0x00, 0x00, 0x00, 0x00, 0x00, 0x00, 0x00, 0x00, 0x00, 0x00, 0x00, 0x20, 0x00, 0x00, 0x00,
  0x60, 0x00, 0x00, 0x11, 0xe4, 0x43, 0x25, 0x5d, 0x06, 0x6e, 0x06, 0x6e, 0x07, 0x6e, 0xe7, 0x6d, 0xe6, 0x6d, 0xe6, 0x6d, 0xe7, 0x6d, 0x07, 0x6e,
  0x07, 0x6e, 0x07, 0x6e, 0x46, 0x5d, 0xa3, 0x43, 0xe1, 0x19, 0x20, 0x00, 0x20, 0x00, 0x60, 0x00, 0x00, 0x00, 0x00, 0x00, 0x00, 0x00, 0x00, 0x00,
  0x00, 0x00, 0x00, 0x00, 0x00, 0x00, 0x00, 0x00, 0x00, 0x00, 0x00, 0x00, 0x00, 0x00, 0x00, 0x00, 0x00, 0x00, 0x00, 0x00, 0x00, 0x00, 0x00, 0x00,
  0x00, 0x00, 0x00, 0x00, 0x20, 0x00, 0x00, 0x00, 0x00, 0x00, 0x61, 0x19, 0xe2, 0x32, 0xc5, 0x54, 0xe7, 0x6d, 0x07, 0x6e, 0x07, 0x6e, 0xe7, 0x6d,
  0xe7, 0x6d, 0xe7, 0x6d, 0xe7, 0x6d, 0xe6, 0x6d, 0xe7, 0x6d, 0x07, 0x6e, 0x07, 0x6e, 0xe7, 0x6d, 0x85, 0x54, 0xc2, 0x32, 0x00, 0x11, 0x00, 0x00,
  0x00, 0x00, 0x20, 0x00, 0x00, 0x00, 0x00, 0x00, 0x00, 0x00, 0x60, 0x00, 0x40, 0x00, 0x20, 0x00, 0xa2, 0x2a, 0x64, 0x4c, 0xe6, 0x6d, 0x27, 0x6e,
  0x07, 0x6e, 0xe7, 0x6d, 0xe7, 0x6d, 0x06, 0x6e, 0xe7, 0x6d, 0x06, 0x6e, 0xe6, 0x6d, 0xe7, 0x6d, 0x06, 0x6e, 0xe7, 0x6d, 0xe7, 0x6d, 0x07, 0x6e,
  0xc7, 0x6d, 0xa6, 0x65, 0xe8, 0x31, 0xe8, 0x39, 0xe8, 0x31, 0xe9, 0x31, 0xe9, 0x31, 0xe9, 0x31, 0xe9, 0x31, 0xe9, 0x31, 0xe9, 0x31, 0xe9, 0x31,
  0xe9, 0x31, 0xe9, 0x31, 0xe9, 0x31, 0xe9, 0x31, 0xe8, 0x31, 0xe9, 0x31, 0xe9, 0x31, 0xe9, 0x31, 0xe9, 0x31, 0xe9, 0x31, 0xe9, 0x31, 0xe9, 0x31,
  0xe9, 0x31, 0xe9, 0x31, 0xe9, 0x31, 0xe9, 0x31, 0xe9, 0x31, 0xe9, 0x31, 0xe9, 0x31, 0xe9, 0x31, 0xe9, 0x31, 0xe9, 0x31, 0xe9, 0x31, 0xe9, 0x31,
  0xe9, 0x31, 0xe9, 0x31, 0xe9, 0x31, 0xe9, 0x31, 0xe9, 0x31, 0xe9, 0x31, 0xe9, 0x31, 0xe9, 0x31, 0xe9, 0x31, 0xe9, 0x31, 0xe9, 0x31, 0xe9, 0x31,
  0x47, 0x4a, 0x47, 0x52, 0x47, 0x52, 0x48, 0x52, 0x48, 0x4a, 0x48, 0x52, 0x48, 0x52, 0x48, 0x4a, 0x48, 0x52, 0x48, 0x52, 0x48, 0x52, 0x48, 0x52,
  0x48, 0x52, 0x48, 0x52, 0x48, 0x52, 0x48, 0x52, 0x48, 0x52, 0x48, 0x52, 0x47, 0x52, 0x48, 0x52, 0x47, 0x52, 0x48, 0x52, 0x48, 0x52, 0x48, 0x52,
  0x48, 0x52, 0x48, 0x52, 0x47, 0x52, 0x48, 0x52, 0x48, 0x52, 0x48, 0x52, 0x48, 0x52, 0x48, 0x52, 0x48, 0x52, 0x48, 0x52, 0x48, 0x52, 0x48, 0x52,
  0x48, 0x52, 0x48, 0x52, 0x48, 0x52, 0x47, 0x52, 0x48, 0x52, 0x48, 0x52, 0x47, 0x52, 0x48, 0x52, 0x47, 0x52, 0x48, 0x52, 0x47, 0x52, 0x48, 0x52,
  0x48, 0x52, 0x47, 0x4a, 0x26, 0x5c, 0x06, 0x5d, 0xe7, 0x6d, 0x07, 0x6e, 0xe7, 0x6d, 0xe7, 0x6d, 0xe7, 0x6d, 0xe7, 0x6d, 0xe6, 0x6d, 0xe7, 0x6d,
  0xe7, 0x6d, 0xe7, 0x6d, 0xe7, 0x6d, 0xe7, 0x6d, 0x07, 0x6e, 0x07, 0x6e, 0xc5, 0x54, 0x43, 0x3b, 0x20, 0x00, 0x00, 0x00, 0x00, 0x00, 0x00, 0x00,
  0x00, 0x00, 0x00, 0x00, 0x00, 0x00, 0x00, 0x00, 0x20, 0x00, 0x00, 0x00, 0xe0, 0x08, 0x01, 0x22, 0xc5, 0x54, 0x86, 0x65, 0x07, 0x6e, 0xe7, 0x6d,
  0xe6, 0x6d, 0xe7, 0x6d, 0xe6, 0x6d, 0xe7, 0x6d, 0xe7, 0x6d, 0x07, 0x6e, 0x07, 0x6e, 0xe7, 0x6d, 0xa5, 0x54, 0xe3, 0x32, 0x41, 0x11, 0x00, 0x00,
  0x00, 0x00, 0x20, 0x00, 0x00, 0x00, 0x00, 0x00, 0x00, 0x00, 0x00, 0x00, 0x00, 0x00, 0x00, 0x00, 0x00, 0x00, 0x00, 0x00, 0x00, 0x00, 0x00, 0x00,
  0x00, 0x00, 0x00, 0x00, 0x00, 0x00, 0x00, 0x00, 0x00, 0x00, 0x00, 0x00, 0x00, 0x00, 0x00, 0x00, 0x00, 0x00, 0x60, 0x00, 0x20, 0x09, 0xe4, 0x43,
  0x05, 0x5d, 0x07, 0x6e, 0x07, 0x6e, 0x06, 0x6e, 0xe7, 0x6d, 0xe7, 0x6d, 0xe7, 0x6d, 0xe7, 0x6d, 0xe7, 0x6d, 0x07, 0x6e, 0xe7, 0x6d, 0x46, 0x65,
  0x83, 0x3b, 0xc1, 0x19, 0x20, 0x00, 0x20, 0x00, 0x40, 0x00, 0x00, 0x00, 0x00, 0x00, 0x00, 0x00, 0x00, 0x00, 0x00, 0x00, 0x00, 0x00, 0x00, 0x00,
  0x60, 0x00, 0xe0, 0x08, 0xe4, 0x43, 0x05, 0x5d, 0x07, 0x6e, 0x06, 0x6e, 0xe7, 0x6d, 0xe7, 0x6d, 0xe7, 0x6d, 0xe7, 0x6d, 0xe6, 0x6d, 0xe7, 0x6d,
  0x07, 0x6e, 0xe7, 0x6d, 0x46, 0x65, 0x83, 0x3b, 0xc1, 0x19, 0x00, 0x00, 0x20, 0x00, 0x60, 0x00, 0x00, 0x00, 0x00, 0x00, 0x00, 0x00, 0x00, 0x00,
  0x00, 0x00, 0x00, 0x00, 0x00, 0x00, 0x00, 0x00, 0x00, 0x00, 0x00, 0x00, 0x00, 0x00, 0x00, 0x00, 0x00, 0x00, 0x00, 0x00, 0x00, 0x00, 0x00, 0x00,
  0x00, 0x00, 0x00, 0x00, 0x80, 0x00, 0x40, 0x00, 0x20, 0x00, 0x42, 0x2a, 0x04, 0x4c, 0xa6, 0x65, 0x07, 0x6e, 0x07, 0x6e, 0xe7, 0x6d, 0xe7, 0x6d,
  0xe7, 0x6d, 0xe7, 0x6d, 0xe7, 0x6d, 0xe7, 0x6d, 0xe6, 0x6d, 0x07, 0x6e, 0x07, 0x6e, 0xc7, 0x6d, 0xc4, 0x43, 0xc1, 0x21, 0x00, 0x00, 0x00, 0x00,
  0x00, 0x00, 0x00, 0x00, 0x00, 0x00, 0x00, 0x00, 0x00, 0x00, 0x60, 0x00, 0x20, 0x00, 0x20, 0x00, 0xa2, 0x2a, 0x64, 0x4c, 0xe7, 0x6d, 0x07, 0x6e,
  0xe7, 0x6d, 0xe7, 0x6d, 0xe7, 0x6d, 0xe7, 0x6d, 0xe7, 0x6d, 0xe6, 0x6d, 0xe7, 0x6d, 0xe7, 0x6d, 0xe7, 0x6d, 0xe6, 0x6d, 0xe7, 0x6d, 0xe7, 0x6d,
  0xc6, 0x6d, 0xa6, 0x65, 0xc8, 0x31, 0xe8, 0x31, 0xe8, 0x39, 0xe9, 0x31, 0xe9, 0x31, 0xe8, 0x31, 0xe9, 0x31, 0xe9, 0x31, 0xe9, 0x31, 0xe9, 0x31,
  0xe9, 0x31, 0xe9, 0x31, 0xe9, 0x31, 0xe9, 0x31, 0xe9, 0x31, 0xe8, 0x31, 0xe9, 0x31, 0xe9, 0x31, 0xe9, 0x31, 0xe9, 0x31, 0xe9, 0x31, 0xe9, 0x31,
  0xe9, 0x31, 0xe9, 0x31, 0xe9, 0x31, 0xe9, 0x31, 0xe9, 0x31, 0xe9, 0x31, 0xe9, 0x31, 0xe9, 0x31, 0xe9, 0x31, 0xe9, 0x31, 0xe9, 0x31, 0xe9, 0x31,
  0xe9, 0x31, 0xe9, 0x31, 0xe9, 0x31, 0xe9, 0x31, 0xe9, 0x31, 0xe9, 0x31, 0xe9, 0x31, 0xe9, 0x31, 0xe9, 0x31, 0xe9, 0x31, 0xe9, 0x31, 0xe9, 0x31,
  0x47, 0x4a, 0x47, 0x4a, 0x47, 0x52, 0x47, 0x4a, 0x48, 0x52, 0x47, 0x4a, 0x48, 0x52, 0x48, 0x52, 0x48, 0x52, 0x48, 0x52, 0x48, 0x52, 0x48, 0x52,
  0x48, 0x52, 0x48, 0x52, 0x48, 0x52, 0x48, 0x52, 0x48, 0x4a, 0x48, 0x52, 0x48, 0x52, 0x48, 0x52, 0x48, 0x52, 0x48, 0x4a, 0x48, 0x52, 0x48, 0x52,
  0x48, 0x52, 0x48, 0x52, 0x48, 0x52, 0x48, 0x52, 0x48, 0x52, 0x48, 0x52, 0x48, 0x52, 0x48, 0x52, 0x48, 0x52, 0x48, 0x52, 0x48, 0x52, 0x48, 0x52,
  0x48, 0x52, 0x48, 0x52, 0x48, 0x52, 0x48, 0x52, 0x48, 0x52, 0x48, 0x52, 0x48, 0x52, 0x47, 0x52, 0x48, 0x52, 0x47, 0x52, 0x48, 0x52, 0x47, 0x52,
  0x48, 0x52, 0x47, 0x52, 0x26, 0x54, 0x06, 0x65, 0xe7, 0x6d, 0xe6, 0x6d, 0xe7, 0x6d, 0xe7, 0x6d, 0xe7, 0x6d, 0xe7, 0x6d, 0xe7, 0x6d, 0xe7, 0x6d,
  0xe7, 0x6d, 0xe7, 0x6d, 0xe7, 0x6d, 0xe7, 0x6d, 0x07, 0x6e, 0x07, 0x6e, 0xc5, 0x54, 0x43, 0x3b, 0x20, 0x00, 0x00, 0x00, 0x20, 0x00, 0x00, 0x00,
  0x00, 0x00, 0x00, 0x00, 0x00, 0x00, 0x00, 0x00, 0x20, 0x00, 0x00, 0x00, 0xe0, 0x08, 0x01, 0x22, 0xc5, 0x54, 0x66, 0x65, 0x07, 0x6e, 0xe6, 0x6d,
  0xe7, 0x6d, 0xe7, 0x6d, 0xe7, 0x6d, 0xe6, 0x6d, 0xe7, 0x6d, 0xe7, 0x6d, 0x07, 0x6e, 0xe7, 0x6d, 0xa5, 0x54, 0x03, 0x33, 0x61, 0x11, 0x00, 0x00,
  0x00, 0x00, 0x20, 0x00, 0x00, 0x00, 0x00, 0x00, 0x00, 0x00, 0x00, 0x00, 0x00, 0x00, 0x00, 0x00, 0x00, 0x00, 0x00, 0x00, 0x00, 0x00, 0x00, 0x00,
  0x00, 0x00, 0x00, 0x00, 0x00, 0x00, 0x00, 0x00, 0x00, 0x00, 0x00, 0x00, 0x00, 0x00, 0x00, 0x00, 0x00, 0x00, 0x60, 0x00, 0x00, 0x11, 0xe4, 0x43,
  0x05, 0x5d, 0x07, 0x6e, 0x07, 0x6e, 0xe7, 0x6d, 0xe7, 0x6d, 0xe7, 0x6d, 0xe7, 0x6d, 0xe7, 0x6d, 0xe7, 0x6d, 0xe7, 0x6d, 0xe7, 0x6d, 0x46, 0x5d,
  0x83, 0x3b, 0xc1, 0x19, 0x20, 0x00, 0x20, 0x00, 0x40, 0x00, 0x00, 0x00, 0x00, 0x00, 0x00, 0x00, 0x00, 0x00, 0x00, 0x00, 0x00, 0x00, 0x00, 0x00,
  0x60, 0x00, 0xe0, 0x10, 0xe4, 0x43, 0x05, 0x5d, 0x07, 0x6e, 0x06, 0x6e, 0xe7, 0x6d, 0xe7, 0x6d, 0xe7, 0x6d, 0xe7, 0x6d, 0xe7, 0x6d, 0xe7, 0x6d,
  0xe7, 0x6d, 0xe7, 0x6d, 0x46, 0x65, 0xa3, 0x3b, 0xc1, 0x19, 0x00, 0x00, 0x20, 0x00, 0x60, 0x00, 0x00, 0x00, 0x00, 0x00, 0x00, 0x00, 0x00, 0x00,
  0x00, 0x00, 0x00, 0x00, 0x00, 0x00, 0x00, 0x00, 0x00, 0x00, 0x00, 0x00, 0x00, 0x00, 0x00, 0x00, 0x00, 0x00, 0x00, 0x00, 0x00, 0x00, 0x00, 0x00,
  0x00, 0x00, 0x20, 0x00, 0x40, 0x00, 0x20, 0x00, 0x20, 0x00, 0x23, 0x3b, 0xa5, 0x54, 0xe7, 0x6d, 0xe7, 0x6d, 0xe7, 0x6d, 0xe7, 0x6d, 0xe7, 0x6d,
  0xe7, 0x6d, 0xe7, 0x6d, 0xe7, 0x6d, 0xe7, 0x6d, 0xe7, 0x6d, 0x07, 0x6e, 0xe7, 0x6d, 0xa6, 0x65, 0x43, 0x3b, 0x81, 0x19, 0x00, 0x00, 0x40, 0x00,
  0x20, 0x00, 0x00, 0x00, 0x00, 0x00, 0x00, 0x00, 0x00, 0x00, 0x60, 0x00, 0x20, 0x00, 0x20, 0x00, 0xa2, 0x2a, 0x44, 0x4c, 0xe7, 0x6d, 0x07, 0x6e,
  0xe7, 0x6d, 0xe7, 0x6d, 0xe6, 0x6d, 0xe7, 0x6d, 0xe7, 0x6d, 0xe7, 0x6d, 0xe7, 0x6d, 0xe7, 0x6d, 0xe7, 0x6d, 0xe7, 0x6d, 0xe7, 0x6d, 0xe7, 0x6d,
  0xc6, 0x6d, 0x86, 0x65, 0xe8, 0x31, 0xe9, 0x31, 0xe9, 0x31, 0xe8, 0x39, 0xe8, 0x31, 0xe9, 0x31, 0xe9, 0x31, 0xe8, 0x31, 0xe9, 0x31, 0xe9, 0x31,
  0xe9, 0x31, 0xe8, 0x31, 0xe9, 0x31, 0xe9, 0x31, 0xe8, 0x31, 0xe9, 0x31, 0xe9, 0x31, 0xe9, 0x31, 0xe9, 0x31, 0xe9, 0x31, 0xe9, 0x31, 0xe9, 0x31,
  0xe9, 0x31, 0xe9, 0x31, 0xe9, 0x31, 0xe9, 0x31, 0xe9, 0x31, 0xe9, 0x31, 0xe9, 0x31, 0xc9, 0x31, 0xe9, 0x31, 0xe9, 0x31, 0xe9, 0x31, 0xe9, 0x31,
  0xe9, 0x31, 0xe9, 0x31, 0xe9, 0x31, 0xe9, 0x31, 0xe9, 0x31, 0xe9, 0x31, 0xe9, 0x31, 0xe9, 0x31, 0xe9, 0x31, 0xe9, 0x31, 0xe9, 0x31, 0xe9, 0x31,
  0x47, 0x52, 0x47, 0x52, 0x48, 0x52, 0x48, 0x52, 0x48, 0x52, 0x47, 0x52, 0x48, 0x52, 0x47, 0x52, 0x47, 0x52, 0x48, 0x52, 0x48, 0x52, 0x48, 0x52,
  0x48, 0x52, 0x47, 0x52, 0x48, 0x52, 0x47, 0x52, 0x48, 0x52, 0x48, 0x52, 0x48, 0x52, 0x48, 0x52, 0x48, 0x52, 0x48, 0x52, 0x48, 0x52, 0x48, 0x52,
  0x48, 0x52, 0x47, 0x52, 0x48, 0x52, 0x48, 0x52, 0x48, 0x52, 0x48, 0x52, 0x48, 0x52, 0x48, 0x52, 0x48, 0x52, 0x48, 0x52, 0x48, 0x52, 0x48, 0x52,
  0x48, 0x52, 0x48, 0x52, 0x48, 0x52, 0x48, 0x52, 0x48, 0x52, 0x48, 0x52, 0x48, 0x52, 0x48, 0x52, 0x48, 0x52, 0x47, 0x52, 0x48, 0x52, 0x47, 0x52,
  0x47, 0x4a, 0x47, 0x52, 0x26, 0x54, 0x06, 0x5d, 0xe7, 0x6d, 0xe7, 0x6d, 0xe7, 0x6d, 0xe7, 0x6d, 0xe7, 0x6d, 0xe7, 0x6d, 0xe7, 0x6d, 0xe7, 0x6d,
  0xe7, 0x6d, 0xe7, 0x6d, 0xe7, 0x6d, 0xe7, 0x6d, 0x07, 0x6e, 0x07, 0x6e, 0xc5, 0x54, 0x43, 0x3b, 0x20, 0x00, 0x00, 0x00, 0x20, 0x00, 0x00, 0x00,
  0x00, 0x00, 0x00, 0x00, 0x00, 0x00, 0x00, 0x00, 0x20, 0x00, 0x00, 0x00, 0xe0, 0x08, 0xe1, 0x21, 0xc5, 0x54, 0x86, 0x65, 0x07, 0x6e, 0xe7, 0x6d,
  0xe7, 0x6d, 0xe7, 0x6d, 0xe7, 0x6d, 0xe7, 0x6d, 0xe7, 0x6d, 0xe7, 0x6d, 0xe7, 0x6d, 0xe7, 0x65, 0xa5, 0x54, 0x03, 0x33, 0x40, 0x11, 0x00, 0x00,
  0x00, 0x00, 0x20, 0x00, 0x00, 0x00, 0x00, 0x00, 0x00, 0x00, 0x00, 0x00, 0x00, 0x00, 0x00, 0x00, 0x00, 0x00, 0x00, 0x00, 0x00, 0x00, 0x00, 0x00,
  0x00, 0x00, 0x00, 0x00, 0x00, 0x00, 0x00, 0x00, 0x00, 0x00, 0x00, 0x00, 0x00, 0x00, 0x00, 0x00, 0x00, 0x00, 0x60, 0x00, 0x00, 0x09, 0xe4, 0x43,
  0x05, 0x5d, 0xe7, 0x6d, 0x07, 0x6e, 0xe7, 0x6d, 0xe7, 0x6d, 0xe7, 0x6d, 0xe7, 0x6d, 0xe7, 0x6d, 0xe7, 0x6d, 0xe7, 0x6d, 0xe7, 0x6d, 0x46, 0x5d,
  0x83, 0x3b, 0xc1, 0x19, 0x00, 0x00, 0x20, 0x00, 0x40, 0x00, 0x00, 0x00, 0x00, 0x00, 0x00, 0x00, 0x00, 0x00, 0x00, 0x00, 0x00, 0x00, 0x00, 0x00,
  0x60, 0x00, 0xe0, 0x10, 0xe4, 0x43, 0x05, 0x5d, 0x07, 0x6e, 0x07, 0x6e, 0xe7, 0x6d, 0xe7, 0x6d, 0xe7, 0x6d, 0xe7, 0x6d, 0xe7, 0x6d, 0xe7, 0x6d,
  0xe6, 0x6d, 0xe6, 0x6d, 0x46, 0x5d, 0x83, 0x3b, 0xc1, 0x19, 0x00, 0x00, 0x20, 0x00, 0x60, 0x00, 0x00, 0x00, 0x00, 0x00, 0x00, 0x00, 0x00, 0x00,
  0x00, 0x00, 0x00, 0x00, 0x00, 0x00, 0x00, 0x00, 0x00, 0x00, 0x00, 0x00, 0x00, 0x00, 0x00, 0x00, 0x00, 0x00, 0x00, 0x00, 0x00, 0x00, 0x00, 0x00,
  0x20, 0x00, 0x40, 0x00, 0x00, 0x00, 0x20, 0x00, 0xa0, 0x08, 0x24, 0x4c, 0x26, 0x5d, 0x07, 0x6e, 0xe7, 0x6d, 0xe7, 0x6d, 0xe7, 0x6d, 0xe7, 0x6d,
  0xe7, 0x6d, 0xe7, 0x6d, 0xe7, 0x6d, 0xe7, 0x6d, 0xe7, 0x6d, 0x07, 0x6e, 0xe7, 0x6d, 0x86, 0x65, 0xc2, 0x32, 0x40, 0x11, 0x00, 0x00, 0x60, 0x00,
  0x20, 0x00, 0x00, 0x00, 0x00, 0x00, 0x00, 0x00, 0x00, 0x00, 0x60, 0x00, 0x20, 0x00, 0x20, 0x00, 0xa2, 0x2a, 0x44, 0x4c, 0xe7, 0x6d, 0x07, 0x6e,
  0xe7, 0x6d, 0xe7, 0x6d, 0xe7, 0x6d, 0xe7, 0x6d, 0xe7, 0x6d, 0xe7, 0x6d, 0xe7, 0x6d, 0xe7, 0x6d, 0xe7, 0x6d, 0xe7, 0x6d, 0xe7, 0x6d, 0xe7, 0x6d,
  0xc6, 0x65, 0xa6, 0x65, 0xe9, 0x31, 0xe8, 0x39, 0xe8, 0x31, 0xe8, 0x31, 0xe8, 0x31, 0xe8, 0x31, 0xe9, 0x31, 0xe9, 0x31, 0xc8, 0x31, 0xe9, 0x31,
  0xe9, 0x31, 0xe9, 0x31, 0xe9, 0x31, 0xe9, 0x31, 0xe9, 0x31, 0xe9, 0x31, 0xe9, 0x31, 0xe9, 0x31, 0xe9, 0x31, 0xe9, 0x31, 0xe9, 0x31, 0xe9, 0x31,
  0xe9, 0x31, 0xe9, 0x31, 0xe9, 0x31, 0xe9, 0x31, 0xe9, 0x31, 0xe9, 0x31, 0xe9, 0x31, 0xe9, 0x31, 0xe9, 0x31, 0xe9, 0x31, 0xe9, 0x31, 0xe9, 0x31,
  0xe9, 0x31, 0xe9, 0x31, 0xe9, 0x31, 0xe9, 0x31, 0xe9, 0x31, 0xe9, 0x31, 0xe9, 0x31, 0xe9, 0x31, 0xe9, 0x31, 0xe9, 0x31, 0xe9, 0x31, 0xe9, 0x31,
  0x47, 0x4a, 0x47, 0x52, 0x47, 0x52, 0x47, 0x52, 0x47, 0x4a, 0x47, 0x4a, 0x47, 0x52, 0x48, 0x52, 0x47, 0x52, 0x48, 0x52, 0x47, 0x52, 0x48, 0x52,
  0x47, 0x52, 0x48, 0x52, 0x48, 0x52, 0x48, 0x52, 0x48, 0x52, 0x48, 0x52, 0x48, 0x52, 0x48, 0x52, 0x48, 0x52, 0x47, 0x52, 0x48, 0x52, 0x48, 0x52,
  0x48, 0x52, 0x47, 0x52, 0x48, 0x52, 0x47, 0x52, 0x48, 0x52, 0x48, 0x52, 0x48, 0x52, 0x47, 0x52, 0x48, 0x52, 0x48, 0x52, 0x48, 0x52, 0x47, 0x52,
  0x47, 0x52, 0x48, 0x52, 0x48, 0x52, 0x48, 0x52, 0x47, 0x52, 0x48, 0x52, 0x47, 0x52, 0x48, 0x52, 0x47, 0x52, 0x47, 0x52, 0x47, 0x52, 0x48, 0x52,
  0x47, 0x52, 0x47, 0x52, 0x26, 0x54, 0x06, 0x5d, 0xe7, 0x6d, 0xe6, 0x6d, 0xe7, 0x6d, 0xe7, 0x6d, 0xe7, 0x6d, 0xe7, 0x6d, 0xe7, 0x6d, 0xe7, 0x6d,
  0xe7, 0x6d, 0xe7, 0x6d, 0xe7, 0x6d, 0xe7, 0x6d, 0x07, 0x6e, 0xe7, 0x6d, 0xc5, 0x54, 0x43, 0x3b, 0x20, 0x00, 0x00, 0x00, 0x20, 0x00, 0x00, 0x00,
  0x00, 0x00, 0x00, 0x00, 0x00, 0x00, 0x00, 0x00, 0x20, 0x00, 0x00, 0x00, 0xe0, 0x08, 0xe1, 0x21, 0xc5, 0x54, 0x66, 0x65, 0xe7, 0x6d, 0xe6, 0x6d,
  0xe7, 0x6d, 0xe6, 0x6d, 0xe7, 0x6d, 0xc7, 0x6d, 0xe7, 0x6d, 0xe7, 0x6d, 0xe6, 0x6d, 0xe7, 0x6d, 0x84, 0x54, 0xe3, 0x32, 0x40, 0x11, 0x00, 0x00,
  0x00, 0x00, 0x20, 0x00, 0x00, 0x00, 0x00, 0x00, 0x00, 0x00, 0x00, 0x00, 0x00, 0x00, 0x00, 0x00, 0x00, 0x00, 0x00, 0x00, 0x00, 0x00, 0x00, 0x00,
  0x00, 0x00, 0x00, 0x00, 0x00, 0x00, 0x00, 0x00, 0x00, 0x00, 0x00, 0x00, 0x00, 0x00, 0x00, 0x00, 0x00, 0x00, 0x60, 0x00, 0x00, 0x09, 0xe4, 0x43,
  0x05, 0x5d, 0xe7, 0x6d, 0x07, 0x6e, 0xe7, 0x6d, 0xe7, 0x6d, 0xe7, 0x6d, 0xe7, 0x6d, 0xe6, 0x6d, 0xe6, 0x6d, 0xe7, 0x6d, 0xe7, 0x6d, 0x26, 0x5d,
  0x83, 0x3b, 0xc1, 0x19, 0x20, 0x00, 0x20, 0x00, 0x40, 0x00, 0x00, 0x00, 0x00, 0x00, 0x00, 0x00, 0x00, 0x00, 0x00, 0x00, 0x00, 0x00, 0x00, 0x00,
  0x60, 0x00, 0xe0, 0x08, 0xe4, 0x43, 0x05, 0x5d, 0x07, 0x6e, 0xe7, 0x6d, 0xe7, 0x6d, 0xe7, 0x6d, 0xe7, 0x6d, 0xe6, 0x6d, 0xe7, 0x6d, 0xe7, 0x6d,
  0xe6, 0x6d, 0xe7, 0x6d, 0x45, 0x5d, 0x83, 0x3b, 0xc1, 0x19, 0x00, 0x00, 0x20, 0x00, 0x60, 0x00, 0x00, 0x00, 0x00, 0x00, 0x00, 0x00, 0x00, 0x00,
  0x00, 0x00, 0x00, 0x00, 0x00, 0x00, 0x00, 0x00, 0x00, 0x00, 0x00, 0x00, 0x00, 0x00, 0x00, 0x00, 0x00, 0x00, 0x00, 0x00, 0x00, 0x00, 0x20, 0x00,
  0x20, 0x00, 0x60, 0x00, 0x00, 0x00, 0x61, 0x19, 0x03, 0x33, 0x86, 0x65, 0xe7, 0x6d, 0x07, 0x6e, 0xe7, 0x6d, 0xe6, 0x6d, 0xe7, 0x6d, 0xe7, 0x6d,
  0xe7, 0x6d, 0xe6, 0x6d, 0xe7, 0x6d, 0xe6, 0x6d, 0xe7, 0x6d, 0x06, 0x6e, 0x86, 0x65, 0xe5, 0x5c, 0x21, 0x22, 0xe0, 0x10, 0x00, 0x00, 0x20, 0x00,
  0x00, 0x00, 0x00, 0x00, 0x00, 0x00, 0x00, 0x00, 0x00, 0x00, 0x60, 0x00, 0x20, 0x00, 0x20, 0x00, 0x82, 0x2a, 0x44, 0x4c, 0xe7, 0x6d, 0xe7, 0x6d,
  0xe7, 0x6d, 0xe7, 0x6d, 0xe7, 0x6d, 0xe7, 0x6d, 0xe6, 0x6d, 0xc7, 0x6d, 0xe7, 0x6d, 0xe7, 0x6d, 0xe7, 0x6d, 0xe7, 0x6d, 0xe7, 0x6d, 0xe7, 0x6d,
  0xc7, 0x6d, 0xa6, 0x65, 0xe8, 0x31, 0xe8, 0x31, 0xe8, 0x31, 0xe8, 0x31, 0xe8, 0x31, 0xe8, 0x31, 0xe8, 0x31, 0xe9, 0x31, 0xe9, 0x31, 0xe9, 0x31,
  0xe9, 0x31, 0xe9, 0x31, 0xe9, 0x31, 0xe8, 0x31, 0xe9, 0x31, 0xe9, 0x31, 0xe9, 0x31, 0xe9, 0x31, 0xe9, 0x31, 0xe9, 0x31, 0xe9, 0x31, 0xe9, 0x31,
  0xe9, 0x31, 0xe9, 0x31, 0xe9, 0x31, 0xe9, 0x31, 0xe9, 0x31, 0xe9, 0x31, 0xe9, 0x31, 0xe9, 0x31, 0xe9, 0x31, 0xe9, 0x31, 0xe9, 0x31, 0xe9, 0x31,
  0xe9, 0x31, 0xe9, 0x31, 0xe9, 0x31, 0xe9, 0x31, 0xe9, 0x31, 0xe9, 0x31, 0xe9, 0x31, 0xe9, 0x31, 0xe9, 0x31, 0xe9, 0x31, 0xe9, 0x31, 0xe9, 0x31,
  0x47, 0x4a, 0x47, 0x52, 0x47, 0x52, 0x47, 0x52, 0x48, 0x52, 0x48, 0x52, 0x47, 0x52, 0x47, 0x52, 0x47, 0x52, 0x47, 0x52, 0x47, 0x52, 0x47, 0x52,
  0x47, 0x52, 0x47, 0x52, 0x47, 0x52, 0x47, 0x52, 0x47, 0x52, 0x48, 0x52, 0x48, 0x52, 0x47, 0x52, 0x47, 0x52, 0x47, 0x4a, 0x47, 0x4a, 0x48, 0x52,
  0x47, 0x52, 0x47, 0x52, 0x48, 0x52, 0x47, 0x52, 0x47, 0x52, 0x47, 0x4a, 0x47, 0x52, 0x47, 0x52, 0x47, 0x52, 0x48, 0x52, 0x48, 0x52, 0x47, 0x52,
  0x48, 0x52, 0x48, 0x52, 0x47, 0x52, 0x47, 0x52, 0x47, 0x52, 0x47, 0x52, 0x47, 0x52, 0x47, 0x52, 0x47, 0x52, 0x47, 0x4a, 0x47, 0x52, 0x47, 0x4a,
  0x47, 0x52, 0x48, 0x52, 0x26, 0x54, 0x06, 0x5d, 0xc6, 0x6d, 0x07, 0x6e, 0x06, 0x6e, 0xe7, 0x6d, 0xe7, 0x6d, 0xe7, 0x6d, 0xe7, 0x6d, 0xe7, 0x6d,
  0xe7, 0x6d, 0xe7, 0x6d, 0xe7, 0x6d, 0xe7, 0x6d, 0x07, 0x6e, 0xe7, 0x6d, 0xa5, 0x54, 0x43, 0x3b, 0x20, 0x00, 0x00, 0x00, 0x20, 0x00, 0x00, 0x00,
  0x00, 0x00, 0x00, 0x00, 0x00, 0x00, 0x00, 0x00, 0x20, 0x00, 0x00, 0x00, 0xc0, 0x08, 0xe1, 0x21, 0xa5, 0x54, 0x66, 0x65, 0xe7, 0x6d, 0xe7, 0x6d,
  0xe7, 0x6d, 0xc7, 0x6d, 0xe7, 0x6d, 0xe7, 0x6d, 0xe7, 0x6d, 0xe7, 0x6d, 0xe7, 0x6d, 0xe6, 0x65, 0xa5, 0x54, 0xe2, 0x32, 0x40, 0x11, 0x00, 0x00,
  0x00, 0x00, 0x20, 0x00, 0x00, 0x00, 0x00, 0x00, 0x00, 0x00, 0x00, 0x00, 0x00, 0x00, 0x00, 0x00, 0x00, 0x00, 0x00, 0x00, 0x00, 0x00, 0x00, 0x00,
  0x00, 0x00, 0x00, 0x00, 0x00, 0x00, 0x00, 0x00, 0x00, 0x00, 0x00, 0x00, 0x00, 0x00, 0x20, 0x00, 0x00, 0x00, 0x60, 0x00, 0x00, 0x09, 0xe4, 0x43,
  0x05, 0x5d, 0x07, 0x6e, 0xe7, 0x6d, 0xe7, 0x6d, 0xe7, 0x6d, 0xe7, 0x6d, 0xe7, 0x6d, 0xe7, 0x6d, 0xe7, 0x6d, 0xe7, 0x6d, 0xe7, 0x6d, 0x26, 0x5d,
  0x83, 0x3b, 0xc1, 0x19, 0x00, 0x00, 0x20, 0x00, 0x40, 0x00, 0x00, 0x00, 0x00, 0x00, 0x00, 0x00, 0x00, 0x00, 0x00, 0x00, 0x00, 0x00, 0x00, 0x00,
  0x60, 0x00, 0x00, 0x09, 0xe4, 0x43, 0x05, 0x5d, 0xe7, 0x6d, 0xe7, 0x6d, 0xe6, 0x6d, 0xe7, 0x6d, 0xe7, 0x6d, 0xe7, 0x6d, 0xe7, 0x6d, 0xe7, 0x6d,
  0xe7, 0x6d, 0xe7, 0x6d, 0x46, 0x5d, 0x83, 0x3b, 0xc1, 0x19, 0x00, 0x00, 0x20, 0x00, 0x60, 0x00, 0x00, 0x00, 0x00, 0x00, 0x00, 0x00, 0x00, 0x00,
  0x00, 0x00, 0x00, 0x00, 0x00, 0x00, 0x00, 0x00, 0x00, 0x00, 0x00, 0x00, 0x00, 0x00, 0x00, 0x00, 0x00, 0x00, 0x00, 0x00, 0x00, 0x00, 0x20, 0x00,
  0x20, 0x00, 0x40, 0x00, 0x20, 0x11, 0xa2, 0x2a, 0x44, 0x4c, 0xc6, 0x6d, 0xe7, 0x6d, 0xe7, 0x6d, 0xe7, 0x6d, 0xe7, 0x6d, 0xe7, 0x6d, 0xe7, 0x6d,
  0xe7, 0x6d, 0xe7, 0x6d, 0xe7, 0x6d, 0xe7, 0x6d, 0xe7, 0x6d, 0xe7, 0x6d, 0x25, 0x5d, 0x24, 0x4c, 0x20, 0x11, 0x80, 0x08, 0x00, 0x00, 0x20, 0x00,
  0x00, 0x00, 0x00, 0x00, 0x00, 0x00, 0x00, 0x00, 0x00, 0x00, 0x60, 0x00, 0x20, 0x00, 0x20, 0x00, 0x82, 0x2a, 0x44, 0x4c, 0xe7, 0x65, 0xe7, 0x6d,
  0xe7, 0x6d, 0xe7, 0x6d, 0xe7, 0x6d, 0xe7, 0x6d, 0xe7, 0x6d, 0xe7, 0x6d, 0xe7, 0x6d, 0xe7, 0x6d, 0xe7, 0x6d, 0xe7, 0x6d, 0xe7, 0x6d, 0xe7, 0x6d,
  0xc6, 0x65, 0xa6, 0x65, 0xe8, 0x31, 0xe8, 0x31, 0xe8, 0x31, 0xe8, 0x31, 0xe8, 0x31, 0xe8, 0x31, 0xe8, 0x31, 0xe8, 0x31, 0xe8, 0x31, 0xe9, 0x31,
  0xe8, 0x31, 0xe9, 0x31, 0xc8, 0x31, 0xe9, 0x31, 0xe9, 0x31, 0xe9, 0x31, 0xe9, 0x31, 0xe9, 0x31, 0xe9, 0x31, 0xe9, 0x31, 0xe8, 0x31, 0xe9, 0x31,
  0xe9, 0x31, 0xe9, 0x31, 0xe9, 0x31, 0xe9, 0x31, 0xe9, 0x31, 0xe9, 0x31, 0xe9, 0x31, 0xe9, 0x31, 0xe9, 0x31, 0xe9, 0x31, 0xe8, 0x31, 0xe9, 0x31,
  0xe9, 0x31, 0xe9, 0x31, 0xe9, 0x31, 0xe9, 0x31, 0xe9, 0x31, 0xe9, 0x31, 0xe9, 0x31, 0xe9, 0x31, 0xe9, 0x31, 0xe9, 0x31, 0xe9, 0x31, 0xe9, 0x31,
  0x47, 0x4a, 0x47, 0x52, 0x47, 0x52, 0x47, 0x52, 0x48, 0x52, 0x47, 0x52, 0x47, 0x52, 0x48, 0x52, 0x47, 0x52, 0x47, 0x52, 0x47, 0x52, 0x47, 0x52,
  0x47, 0x52, 0x47, 0x52, 0x48, 0x52, 0x47, 0x52, 0x47, 0x52, 0x47, 0x52, 0x47, 0x52, 0x48, 0x52, 0x47, 0x52, 0x48, 0x52, 0x47, 0x52, 0x47, 0x52,
  0x47, 0x52, 0x47, 0x52, 0x47, 0x52, 0x47, 0x52, 0x48, 0x52, 0x48, 0x52, 0x47, 0x52, 0x47, 0x52, 0x47, 0x52, 0x47, 0x52, 0x47, 0x52, 0x47, 0x52,
  0x48, 0x52, 0x47, 0x52, 0x47, 0x52, 0x47, 0x52, 0x47, 0x52, 0x48, 0x52, 0x47, 0x52, 0x47, 0x52, 0x47, 0x52, 0x48, 0x52, 0x47, 0x52, 0x48, 0x52,
  0x48, 0x52, 0x47, 0x52, 0x26, 0x5c, 0xe6, 0x5c, 0xc7, 0x65, 0xe6, 0x6d, 0xe7, 0x6d, 0xc6, 0x65, 0xe6, 0x6d, 0xe6, 0x6d, 0xe6, 0x6d, 0xc6, 0x6d,
  0xe6, 0x6d, 0xe6, 0x6d, 0xc6, 0x65, 0xe7, 0x6d, 0xe6, 0x6d, 0xe6, 0x6d, 0xc5, 0x54, 0x43, 0x3b, 0x20, 0x00, 0x00, 0x00, 0x00, 0x00, 0x00, 0x00,
  0x00, 0x00, 0x00, 0x00, 0x00, 0x00, 0x00, 0x00, 0x20, 0x00, 0x00, 0x00, 0xc0, 0x08, 0xe1, 0x21, 0xc5, 0x54, 0x66, 0x65, 0xe7, 0x6d, 0xe7, 0x6d,
  0xe6, 0x6d, 0xc6, 0x6d, 0xe6, 0x6d, 0xe6, 0x6d, 0xe7, 0x6d, 0xe7, 0x6d, 0xe6, 0x6d, 0xc6, 0x6d, 0xa5, 0x54, 0xe3, 0x32, 0x60, 0x11, 0x00, 0x00,
  0x00, 0x00, 0x20, 0x00, 0x00, 0x00, 0x00, 0x00, 0x00, 0x00, 0x00, 0x00, 0x00, 0x00, 0x00, 0x00, 0x00, 0x00, 0x00, 0x00, 0x00, 0x00, 0x00, 0x00,
  0x00, 0x00, 0x00, 0x00, 0x00, 0x00, 0x00, 0x00, 0x00, 0x00, 0x00, 0x00, 0x00, 0x00, 0x00, 0x00, 0x00, 0x00, 0x60, 0x00, 0x00, 0x09, 0xe4, 0x43,
  0x05, 0x5d, 0xe6, 0x6d, 0x06, 0x6e, 0xe6, 0x6d, 0xe7, 0x6d, 0xe6, 0x6d, 0xe6, 0x6d, 0xe6, 0x6d, 0xe6, 0x6d, 0xe6, 0x6d, 0xe6, 0x6d, 0x26, 0x5d,
  0x83, 0x3b, 0xc1, 0x19, 0x00, 0x00, 0x20, 0x00, 0x40, 0x00, 0x00, 0x00, 0x00, 0x00, 0x00, 0x00, 0x00, 0x00, 0x00, 0x00, 0x00, 0x00, 0x00, 0x00,
  0x60, 0x00, 0xe0, 0x08, 0xe4, 0x43, 0x05, 0x5d, 0xe7, 0x6d, 0x06, 0x6e, 0xc7, 0x6d, 0xe7, 0x65, 0xe6, 0x6d, 0xe6, 0x6d, 0xc6, 0x6d, 0xe6, 0x6d,
  0xe7, 0x6d, 0xe6, 0x6d, 0x26, 0x5d, 0x83, 0x3b, 0xc1, 0x19, 0x00, 0x00, 0x20, 0x00, 0x60, 0x00, 0x00, 0x00, 0x00, 0x00, 0x00, 0x00, 0x00, 0x00,
  0x00, 0x00, 0x00, 0x00, 0x00, 0x00, 0x00, 0x00, 0x00, 0x00, 0x00, 0x00, 0x00, 0x00, 0x00, 0x00, 0x00, 0x00, 0x00, 0x00, 0x20, 0x00, 0x60, 0x00,
  0x40, 0x00, 0x40, 0x00, 0x62, 0x2a, 0xe4, 0x43, 0x66, 0x65, 0xc7, 0x6d, 0xe7, 0x6d, 0xe7, 0x6d, 0xc6, 0x6d, 0xc6, 0x6d, 0xe6, 0x6d, 0xc6, 0x6d,
  0xe6, 0x6d, 0xc7, 0x6d, 0xe7, 0x65, 0xe7, 0x6d, 0xe7, 0x6d, 0xe7, 0x6d, 0xa5, 0x54, 0x43, 0x3b, 0x40, 0x00, 0x00, 0x00, 0x00, 0x00, 0x00, 0x00,
  0x00, 0x00, 0x00, 0x00, 0x00, 0x00, 0x00, 0x00, 0x00, 0x00, 0x60, 0x00, 0x20, 0x00, 0x20, 0x00, 0xa2, 0x2a, 0x44, 0x4c, 0xc6, 0x6d, 0xe6, 0x6d,
  0xe7, 0x6d, 0xc6, 0x6d, 0xe6, 0x6d, 0xe6, 0x6d, 0xe6, 0x6d, 0xe6, 0x6d, 0xe6, 0x6d, 0xe6, 0x6d, 0xc6, 0x6d, 0xe6, 0x6d, 0xc6, 0x6d, 0xe7, 0x6d,
  0xc6, 0x65, 0xa6, 0x65, 0xe9, 0x31, 0xe8, 0x31, 0xe9, 0x31, 0xe8, 0x31, 0xe8, 0x31, 0xe8, 0x31, 0xe8, 0x31, 0xe8, 0x31, 0xc8, 0x31, 0xe8, 0x31,
  0xe9, 0x31, 0xe9, 0x31, 0xe9, 0x31, 0xe9, 0x31, 0xe9, 0x31, 0xe9, 0x31, 0xe9, 0x31, 0xc8, 0x31, 0xe9, 0x31, 0xe9, 0x31, 0xe9, 0x31, 0xe9, 0x31,
  0xe9, 0x31, 0xe9, 0x31, 0xe9, 0x31, 0xe9, 0x31, 0xe9, 0x31, 0xe9, 0x31, 0xe9, 0x31, 0xe9, 0x31, 0xe9, 0x31, 0xe8, 0x31, 0xe9, 0x31, 0xe9, 0x31,
  0xe9, 0x31, 0xe9, 0x31, 0xe9, 0x31, 0xe9, 0x31, 0xe9, 0x31, 0xe9, 0x31, 0xe9, 0x31, 0xe9, 0x31, 0xe9, 0x31, 0xe9, 0x31, 0xe9, 0x31, 0xe9, 0x31,
  0x47, 0x52, 0x47, 0x4a, 0x47, 0x52, 0x47, 0x52, 0x47, 0x4a, 0x47, 0x52, 0x47, 0x52, 0x47, 0x4a, 0x47, 0x52, 0x47, 0x52, 0x47, 0x52, 0x47, 0x52,
  0x47, 0x52, 0x47, 0x52, 0x47, 0x52, 0x47, 0x52, 0x47, 0x52, 0x47, 0x52, 0x47, 0x52, 0x47, 0x52, 0x47, 0x52, 0x47, 0x52, 0x47, 0x52, 0x48, 0x52,
  0x48, 0x52, 0x47, 0x52, 0x47, 0x52, 0x47, 0x52, 0x48, 0x52, 0x47, 0x4a, 0x48, 0x52, 0x47, 0x52, 0x47, 0x52, 0x47, 0x52, 0x47, 0x52, 0x47, 0x52,
  0x47, 0x52, 0x47, 0x52, 0x47, 0x52, 0x47, 0x52, 0x47, 0x52, 0x47, 0x52, 0x47, 0x52, 0x47, 0x52, 0x47, 0x52, 0x27, 0x4a, 0x47, 0x52, 0x47, 0x4a,
  0x47, 0x4a, 0x27, 0x4a, 0x06, 0x54, 0xe6, 0x5c, 0xc7, 0x6d, 0xe7, 0x65, 0xe6, 0x6d, 0xc7, 0x6d, 0xc7, 0x6d, 0xc7, 0x6d, 0xc7, 0x6d, 0xc7, 0x6d,
  0xc7, 0x6d, 0xc7, 0x6d, 0xc7, 0x6d, 0xc6, 0x6d, 0x07, 0x6e, 0xe7, 0x6d, 0xa5, 0x54, 0x43, 0x3b, 0x20, 0x00, 0x00, 0x00, 0x00, 0x00, 0x00, 0x00,
  0x00, 0x00, 0x00, 0x00, 0x00, 0x00, 0x00, 0x00, 0x20, 0x00, 0x00, 0x00, 0xc0, 0x08, 0xe1, 0x21, 0xa5, 0x54, 0x66, 0x65, 0xe7, 0x6d, 0xe7, 0x6d,
  0xc7, 0x6d, 0xc7, 0x65, 0xc7, 0x6d, 0xc7, 0x65, 0xc6, 0x6d, 0xc6, 0x6d, 0xe7, 0x6d, 0xc6, 0x6d, 0x85, 0x54, 0xe2, 0x32, 0x40, 0x11, 0x00, 0x00,
  0x00, 0x00, 0x20, 0x00, 0x00, 0x00, 0x00, 0x00, 0x00, 0x00, 0x00, 0x00, 0x00, 0x00, 0x00, 0x00, 0x00, 0x00, 0x00, 0x00, 0x00, 0x00, 0x00, 0x00,
  0x00, 0x00, 0x00, 0x00, 0x00, 0x00, 0x00, 0x00, 0x00, 0x00, 0x00, 0x00, 0x00, 0x00, 0x20, 0x00, 0x00, 0x00, 0x60, 0x00, 0x00, 0x09, 0xc4, 0x43,
  0x05, 0x55, 0xe7, 0x6d, 0xe7, 0x6d, 0xc6, 0x6d, 0xc6, 0x65, 0xc7, 0x65, 0xc7, 0x6d, 0xc7, 0x6d, 0xc7, 0x6d, 0xe6, 0x6d, 0xe7, 0x6d, 0x26, 0x5d,
  0x83, 0x3b, 0xc1, 0x19, 0x00, 0x00, 0x20, 0x00, 0x40, 0x00, 0x00, 0x00, 0x00, 0x00, 0x00, 0x00, 0x00, 0x00, 0x00, 0x00, 0x00, 0x00, 0x00, 0x00,
  0x60, 0x00, 0xe0, 0x08, 0xc4, 0x43, 0x05, 0x55, 0xe7, 0x6d, 0xe7, 0x6d, 0xe7, 0x6d, 0xc6, 0x65, 0xc7, 0x6d, 0xc7, 0x6d, 0xc7, 0x6d, 0xe7, 0x6d,
  0xc7, 0x6d, 0xe7, 0x6d, 0x26, 0x5d, 0x83, 0x3b, 0xc1, 0x19, 0x00, 0x00, 0x20, 0x00, 0x60, 0x00, 0x00, 0x00, 0x00, 0x00, 0x00, 0x00, 0x00, 0x00,
  0x00, 0x00, 0x00, 0x00, 0x00, 0x00, 0x00, 0x00, 0x00, 0x00, 0x00, 0x00, 0x00, 0x00, 0x20, 0x00, 0x60, 0x00, 0x40, 0x00, 0x00, 0x00, 0x00, 0x00,
  0x20, 0x11, 0x62, 0x22, 0xc5, 0x54, 0x66, 0x65, 0xe7, 0x6d, 0xe7, 0x6d, 0xc6, 0x6d, 0xc7, 0x65, 0xe7, 0x6d, 0xc7, 0x65, 0xc7, 0x6d, 0xc7, 0x6d,
  0xc7, 0x6d, 0xc6, 0x6d, 0xc7, 0x6d, 0xe7, 0x6d, 0xe6, 0x6d, 0x86, 0x65, 0xc4, 0x43, 0x01, 0x22, 0x20, 0x00, 0x20, 0x00, 0x60, 0x00, 0x00, 0x00,
  0x00, 0x00, 0x00, 0x00, 0x00, 0x00, 0x00, 0x00, 0x00, 0x00, 0x60, 0x00, 0x20, 0x00, 0x20, 0x00, 0x82, 0x2a, 0x44, 0x4c, 0xc7, 0x6d, 0xe7, 0x6d,
  0xe6, 0x6d, 0xc7, 0x6d, 0xc7, 0x6d, 0xc7, 0x6d, 0xc7, 0x6d, 0xc7, 0x6d, 0xc7, 0x6d, 0xc7, 0x6d, 0xc7, 0x6d, 0xc7, 0x65, 0xe7, 0x6d, 0xc6, 0x6d,
  0xa6, 0x65, 0x86, 0x65, 0xe8, 0x31, 0xe9, 0x31, 0xe8, 0x39, 0xc8, 0x31, 0xe8, 0x39, 0xe8, 0x31, 0xe9, 0x39, 0xc9, 0x31, 0xe8, 0x31, 0xe9, 0x31,
  0xc8, 0x31, 0xe8, 0x39, 0xc8, 0x31, 0xe9, 0x31, 0xe9, 0x31, 0xe9, 0x31, 0xe9, 0x39, 0xe9, 0x31, 0xe8, 0x31, 0xe9, 0x31, 0xe9, 0x31, 0xe9, 0x31,
  0xe9, 0x31, 0xe9, 0x31, 0xc9, 0x31, 0xc9, 0x31, 0xe9, 0x31, 0xe9, 0x31, 0xe9, 0x31, 0xe9, 0x31, 0xe8, 0x31, 0xc9, 0x31, 0xe8, 0x31, 0xe9, 0x31,
  0xe9, 0x31, 0xe9, 0x31, 0xe9, 0x31, 0xe9, 0x31, 0xe8, 0x31, 0xe9, 0x31, 0xe9, 0x31, 0xe9, 0x31, 0xe9, 0x31, 0xe9, 0x31, 0xc9, 0x31, 0xe9, 0x31,
  0x47, 0x4a, 0x47, 0x52, 0x47, 0x52, 0x47, 0x52, 0x47, 0x52, 0x47, 0x4a, 0x47, 0x52, 0x47, 0x52, 0x47, 0x52, 0x47, 0x52, 0x47, 0x52, 0x47, 0x52,
  0x47, 0x52, 0x47, 0x52, 0x47, 0x4a, 0x47, 0x4a, 0x47, 0x52, 0x47, 0x52, 0x47, 0x52, 0x47, 0x52, 0x47, 0x52, 0x47, 0x52, 0x47, 0x4a, 0x47, 0x52,
  0x47, 0x52, 0x47, 0x52, 0x47, 0x4a, 0x48, 0x52, 0x47, 0x4a, 0x48, 0x52, 0x47, 0x4a, 0x47, 0x52, 0x47, 0x52, 0x47, 0x52, 0x47, 0x52, 0x47, 0x52,
  0x47, 0x52, 0x47, 0x52, 0x47, 0x52, 0x47, 0x52, 0x47, 0x52, 0x47, 0x52, 0x47, 0x52, 0x47, 0x52, 0x47, 0x4a, 0x47, 0x52, 0x47, 0x4a, 0x47, 0x52,
  0x47, 0x52, 0x47, 0x52, 0x26, 0x54, 0xe6, 0x5c, 0xc7, 0x65, 0xe6, 0x6d, 0xc7, 0x65, 0xc6, 0x65, 0xc6, 0x65, 0xc7, 0x65, 0xc6, 0x65, 0xc6, 0x65,
  0xc7, 0x65, 0xc7, 0x65, 0xc6, 0x65, 0xc7, 0x6d, 0xe6, 0x6d, 0xe6, 0x6d, 0xa5, 0x54, 0x43, 0x3b, 0x20, 0x00, 0x00, 0x00, 0x00, 0x00, 0x00, 0x00,
  0x00, 0x00, 0x00, 0x00, 0x00, 0x00, 0x00, 0x00, 0x20, 0x00, 0x00, 0x00, 0xc0, 0x08, 0xe1, 0x21, 0xa5, 0x54, 0x45, 0x5d, 0xe7, 0x6d, 0xc6, 0x6d,
  0xc6, 0x65, 0xc6, 0x6d, 0xc6, 0x65, 0xc6, 0x65, 0xc6, 0x6d, 0xe7, 0x6d, 0xc6, 0x6d, 0xc6, 0x65, 0x85, 0x54, 0xe3, 0x32, 0x40, 0x11, 0x00, 0x00,
  0x00, 0x00, 0x20, 0x00, 0x00, 0x00, 0x00, 0x00, 0x00, 0x00, 0x00, 0x00, 0x00, 0x00, 0x00, 0x00, 0x00, 0x00, 0x00, 0x00, 0x00, 0x00, 0x00, 0x00,
  0x00, 0x00, 0x00, 0x00, 0x00, 0x00, 0x00, 0x00, 0x00, 0x00, 0x00, 0x00, 0x00, 0x00, 0x00, 0x00, 0x00, 0x00, 0x60, 0x00, 0x00, 0x09, 0xc4, 0x43,
  0xe5, 0x54, 0xe6, 0x65, 0xe7, 0x65, 0xc6, 0x6d, 0xc6, 0x6d, 0xc7, 0x65, 0xc7, 0x65, 0xc7, 0x65, 0xc6, 0x65, 0xe7, 0x6d, 0xc6, 0x6d, 0x25, 0x5d,
  0x83, 0x3b, 0xc1, 0x19, 0x00, 0x00, 0x20, 0x00, 0x40, 0x00, 0x00, 0x00, 0x00, 0x00, 0x00, 0x00, 0x00, 0x00, 0x00, 0x00, 0x00, 0x00, 0x00, 0x00,
  0x60, 0x00, 0xe0, 0x08, 0xc4, 0x43, 0xe5, 0x54, 0xe6, 0x6d, 0xe6, 0x6d, 0xc6, 0x65, 0xc6, 0x6d, 0xc6, 0x65, 0xc6, 0x65, 0xc6, 0x65, 0xc6, 0x65,
  0xe7, 0x6d, 0xe7, 0x6d, 0x25, 0x5d, 0x83, 0x3b, 0xc1, 0x19, 0x00, 0x00, 0x20, 0x00, 0x60, 0x00, 0x00, 0x00, 0x00, 0x00, 0x00, 0x00, 0x00, 0x00,
  0x00, 0x00, 0x00, 0x00, 0x00, 0x00, 0x00, 0x00, 0x00, 0x00, 0x20, 0x00, 0x20, 0x00, 0x00, 0x00, 0x20, 0x00, 0x20, 0x00, 0x00, 0x00, 0x60, 0x19,
  0x82, 0x2a, 0xe4, 0x43, 0x66, 0x65, 0xa6, 0x65, 0xc6, 0x6d, 0xc6, 0x65, 0xc6, 0x6d, 0xc7, 0x6d, 0xc6, 0x65, 0xc7, 0x65, 0xc6, 0x65, 0xc7, 0x65,
  0xc7, 0x65, 0xc6, 0x6d, 0xe7, 0x6d, 0xc6, 0x6d, 0xe6, 0x65, 0xa5, 0x54, 0xe2, 0x32, 0xe0, 0x10, 0x00, 0x00, 0x00, 0x00, 0x40, 0x00, 0x00, 0x00,
  0x00, 0x00, 0x00, 0x00, 0x00, 0x00, 0x00, 0x00, 0x00, 0x00, 0x60, 0x00, 0x20, 0x00, 0x20, 0x00, 0x82, 0x2a, 0x24, 0x4c, 0xc6, 0x65, 0xe6, 0x6d,
  0xc6, 0x6d, 0xc6, 0x65, 0xc7, 0x65, 0xc7, 0x6d, 0xc6, 0x65, 0xc6, 0x65, 0xc7, 0x65, 0xc6, 0x65, 0xc6, 0x65, 0xc6, 0x6d, 0xc6, 0x65, 0xc6, 0x6d,
  0x86, 0x65, 0x86, 0x65, 0xe8, 0x31, 0xe8, 0x31, 0xe8, 0x31, 0xe8, 0x31, 0xe8, 0x31, 0xc8, 0x31, 0xc8, 0x31, 0xe9, 0x31, 0xe8, 0x31, 0xc8, 0x31,
  0xe9, 0x31, 0xe8, 0x31, 0xe9, 0x31, 0xe9, 0x31, 0xc8, 0x31, 0xe9, 0x31, 0xe8, 0x31, 0xc8, 0x31, 0xe9, 0x31, 0xe9, 0x31, 0xe9, 0x31, 0xe8, 0x31,
  0xe9, 0x31, 0xe9, 0x31, 0xe9, 0x31, 0xe9, 0x31, 0xe9, 0x31, 0xe9, 0x31, 0xe9, 0x31, 0xe9, 0x31, 0xe9, 0x31, 0xe9, 0x31, 0xe9, 0x31, 0xe9, 0x31,
  0xe9, 0x31, 0xe9, 0x31, 0xe9, 0x31, 0xe8, 0x31, 0xe9, 0x31, 0xe9, 0x31, 0xc9, 0x31, 0xe9, 0x31, 0xe9, 0x31, 0xe9, 0x31, 0xe9, 0x31, 0xe9, 0x31,
  0x27, 0x4a, 0x47, 0x4a, 0x47, 0x4a, 0x47, 0x4a, 0x47, 0x52, 0x47, 0x4a, 0x47, 0x4a, 0x47, 0x4a, 0x47, 0x52, 0x47, 0x52, 0x47, 0x4a, 0x47, 0x52,
  0x47, 0x52, 0x47, 0x4a, 0x47, 0x52, 0x47, 0x52, 0x47, 0x52, 0x48, 0x52, 0x47, 0x52, 0x47, 0x4a, 0x47, 0x52, 0x48, 0x52, 0x47, 0x4a, 0x47, 0x52,
  0x47, 0x4a, 0x47, 0x52, 0x47, 0x4a, 0x47, 0x4a, 0x47, 0x52, 0x47, 0x4a, 0x47, 0x52, 0x47, 0x52, 0x47, 0x52, 0x47, 0x52, 0x47, 0x52, 0x47, 0x4a,
  0x47, 0x52, 0x47, 0x52, 0x47, 0x52, 0x47, 0x52, 0x47, 0x52, 0x47, 0x52, 0x47, 0x4a, 0x47, 0x4a, 0x47, 0x52, 0x27, 0x4a, 0x47, 0x52, 0x27, 0x4a,
  0x27, 0x4a, 0x47, 0x4a, 0x06, 0x54, 0xe6, 0x5c, 0xa6, 0x65, 0xe6, 0x65, 0xc7, 0x6d, 0xa6, 0x65, 0xc6, 0x65, 0xc6, 0x65, 0xc7, 0x65, 0xc7, 0x65,
  0xc6, 0x65, 0xc6, 0x65, 0xc6, 0x65, 0xc7, 0x65, 0xe7, 0x6d, 0xc6, 0x6d, 0xa5, 0x54, 0x23, 0x3b, 0x40, 0x00, 0x00, 0x00, 0x00, 0x00, 0x00, 0x00,
  0x00, 0x00, 0x00, 0x00, 0x00, 0x00, 0x00, 0x00, 0x20, 0x00, 0x00, 0x00, 0xc0, 0x08, 0xe1, 0x21, 0xa5, 0x54, 0x46, 0x5d, 0xe7, 0x6d, 0xc7, 0x65,
  0xc7, 0x65, 0xc6, 0x65, 0xc6, 0x65, 0xc6, 0x65, 0xc6, 0x65, 0xc6, 0x6d, 0xe7, 0x6d, 0xc6, 0x65, 0x85, 0x54, 0xe2, 0x32, 0x40, 0x11, 0x00, 0x00,
  0x00, 0x00, 0x20, 0x00, 0x00, 0x00, 0x00, 0x00, 0x00, 0x00, 0x00, 0x00, 0x00, 0x00, 0x00, 0x00, 0x00, 0x00, 0x00, 0x00, 0x00, 0x00, 0x00, 0x00,
  0x00, 0x00, 0x00, 0x00, 0x00, 0x00, 0x00, 0x00, 0x00, 0x00, 0x00, 0x00, 0x00, 0x00, 0x20, 0x00, 0x00, 0x00, 0x60, 0x00, 0x00, 0x09, 0xc4, 0x43,
  0xe5, 0x5c, 0xe7, 0x6d, 0xe7, 0x6d, 0xc7, 0x6d, 0xc6, 0x65, 0xc6, 0x65, 0xc6, 0x65, 0xc6, 0x65, 0xc6, 0x65, 0xc7, 0x65, 0xc6, 0x6d, 0x26, 0x5d,
  0x83, 0x3b, 0xc1, 0x19, 0x00, 0x00, 0x20, 0x00, 0x40, 0x00, 0x00, 0x00, 0x00, 0x00, 0x00, 0x00, 0x00, 0x00, 0x00, 0x00, 0x00, 0x00, 0x00, 0x00,
  0x60, 0x00, 0xe0, 0x08, 0xc4, 0x43, 0xe5, 0x5c, 0xe7, 0x65, 0xe7, 0x65, 0xc7, 0x65, 0xc6, 0x65, 0xc6, 0x65, 0xc6, 0x65, 0xc7, 0x65, 0xc6, 0x65,
  0xc7, 0x6d, 0xc6, 0x6d, 0x26, 0x5d, 0x83, 0x3b, 0xc1, 0x19, 0x00, 0x00, 0x20, 0x00, 0x60, 0x00, 0x00, 0x00, 0x00, 0x00, 0x00, 0x00, 0x00, 0x00,
  0x00, 0x00, 0x00, 0x00, 0x00, 0x00, 0x20, 0x00, 0x20, 0x00, 0x60, 0x00, 0x20, 0x00, 0x00, 0x00, 0x20, 0x00, 0x20, 0x00, 0x60, 0x00, 0xe3, 0x32,
  0x24, 0x4c, 0x46, 0x5d, 0xe7, 0x6d, 0xe7, 0x6d, 0xc7, 0x65, 0xc6, 0x65, 0xc6, 0x65, 0xc7, 0x65, 0xc7, 0x65, 0xc6, 0x65, 0xc6, 0x65, 0xc7, 0x65,
  0xc7, 0x65, 0xc6, 0x65, 0xe7, 0x6d, 0xe7, 0x6d, 0xc6, 0x65, 0xc4, 0x43, 0xc1, 0x19, 0x00, 0x00, 0x00, 0x00, 0x00, 0x00, 0x00, 0x00, 0x00, 0x00,
  0x00, 0x00, 0x00, 0x00, 0x00, 0x00, 0x00, 0x00, 0x00, 0x00, 0x60, 0x00, 0x20, 0x00, 0x20, 0x00, 0x82, 0x2a, 0x44, 0x4c, 0xc6, 0x65, 0xe7, 0x6d,
  0xc6, 0x65, 0xc6, 0x65, 0xc6, 0x65, 0xc6, 0x65, 0xc7, 0x65, 0xc7, 0x65, 0xc6, 0x65, 0xc6, 0x65, 0xc7, 0x65, 0xc6, 0x65, 0xc7, 0x65, 0xc6, 0x65,
  0xa6, 0x65, 0x86, 0x65, 0xe8, 0x39, 0xe8, 0x31, 0xe8, 0x31, 0xe8, 0x31, 0xc8, 0x31, 0xe8, 0x31, 0xe9, 0x31, 0xc8, 0x31, 0xe9, 0x31, 0xe8, 0x31,
  0xc8, 0x31, 0xc8, 0x31, 0xc8, 0x31, 0xc8, 0x31, 0xe9, 0x39, 0xc8, 0x31, 0xc8, 0x31, 0xe9, 0x31, 0xc8, 0x31, 0xc9, 0x31, 0xc8, 0x31, 0xc9, 0x31,
  0xc9, 0x31, 0xe9, 0x31, 0xe9, 0x31, 0xe9, 0x31, 0xe9, 0x31, 0xc9, 0x31, 0xe9, 0x31, 0xe9, 0x31, 0xe9, 0x31, 0xe9, 0x31, 0xe9, 0x31, 0xe9, 0x31,
  0xe9, 0x31, 0xe9, 0x31, 0xe9, 0x31, 0xc9, 0x31, 0xe8, 0x31, 0xe9, 0x31, 0xe9, 0x31, 0xe9, 0x31, 0xe9, 0x31, 0xe9, 0x31, 0xe9, 0x31, 0xe9, 0x31,
  0x47, 0x4a, 0x47, 0x4a, 0x47, 0x4a, 0x47, 0x4a, 0x47, 0x4a, 0x47, 0x4a, 0x47, 0x4a, 0x47, 0x4a, 0x47, 0x4a, 0x47, 0x4a, 0x47, 0x4a, 0x47, 0x4a,
  0x47, 0x4a, 0x47, 0x4a, 0x47, 0x52, 0x47, 0x52, 0x47, 0x4a, 0x47, 0x4a, 0x47, 0x52, 0x47, 0x52, 0x47, 0x4a, 0x47, 0x4a, 0x47, 0x4a, 0x47, 0x52,
  0x47, 0x4a, 0x47, 0x52, 0x47, 0x4a, 0x47, 0x4a, 0x47, 0x4a, 0x47, 0x4a, 0x47, 0x4a, 0x47, 0x52, 0x47, 0x4a, 0x47, 0x52, 0x47, 0x4a, 0x47, 0x4a,
  0x47, 0x4a, 0x47, 0x4a, 0x47, 0x4a, 0x47, 0x52, 0x47, 0x4a, 0x47, 0x4a, 0x47, 0x4a, 0x47, 0x4a, 0x47, 0x4a, 0x47, 0x4a, 0x47, 0x4a, 0x47, 0x4a,
  0x47, 0x4a, 0x47, 0x4a, 0x26, 0x54, 0xe6, 0x5c, 0xa6, 0x65, 0xe6, 0x65, 0xc7, 0x65, 0xc6, 0x65, 0xc6, 0x65, 0xc7, 0x6d, 0xc6, 0x65, 0xc6, 0x65,
  0xc6, 0x65, 0xc6, 0x65, 0xc6, 0x65, 0xc6, 0x65, 0xe7, 0x6d, 0xc6, 0x6d, 0xa5, 0x54, 0x23, 0x3b, 0x20, 0x00, 0x00, 0x00, 0x00, 0x00, 0x00, 0x00,
  0x00, 0x00, 0x00, 0x00, 0x00, 0x00, 0x00, 0x00, 0x20, 0x00, 0x00, 0x00, 0xc0, 0x08, 0xe1, 0x21, 0xa5, 0x54, 0x46, 0x5d, 0xc6, 0x6d, 0xc7, 0x65,
  0xc7, 0x65, 0xc6, 0x65, 0xc6, 0x65, 0xc6, 0x65, 0xc6, 0x65, 0xc6, 0x6d, 0xc6, 0x6d, 0xc6, 0x65, 0x85, 0x4c, 0xe2, 0x32, 0x40, 0x11, 0x00, 0x00,
  0x00, 0x00, 0x20, 0x00, 0x00, 0x00, 0x00, 0x00, 0x00, 0x00, 0x00, 0x00, 0x00, 0x00, 0x00, 0x00, 0x00, 0x00, 0x00, 0x00, 0x00, 0x00, 0x00, 0x00,
  0x00, 0x00, 0x00, 0x00, 0x00, 0x00, 0x00, 0x00, 0x00, 0x00, 0x00, 0x00, 0x00, 0x00, 0x00, 0x00, 0x00, 0x00, 0x60, 0x00, 0x00, 0x09, 0xc4, 0x43,
  0xe5, 0x5c, 0xc6, 0x6d, 0xc6, 0x6d, 0xc6, 0x65, 0xc6, 0x65, 0xc6, 0x65, 0xc6, 0x65, 0xc7, 0x65, 0xc6, 0x65, 0xc7, 0x65, 0xc6, 0x65, 0x25, 0x5d,
  0x83, 0x3b, 0xc1, 0x19, 0x00, 0x00, 0x20, 0x00, 0x40, 0x00, 0x00, 0x00, 0x00, 0x00, 0x00, 0x00, 0x00, 0x00, 0x00, 0x00, 0x00, 0x00, 0x00, 0x00,
  0x60, 0x00, 0xe0, 0x08, 0xc4, 0x43, 0xe5, 0x54, 0xe7, 0x6d, 0xe7, 0x65, 0xc7, 0x65, 0xc6, 0x65, 0xc7, 0x65, 0xc6, 0x65, 0xc6, 0x65, 0xc6, 0x65,
  0xc6, 0x6d, 0xc7, 0x6d, 0x26, 0x5d, 0x83, 0x3b, 0xc1, 0x19, 0x00, 0x00, 0x20, 0x00, 0x60, 0x00, 0x00, 0x00, 0x20, 0x00, 0x20, 0x00, 0x20, 0x00,
  0x00, 0x00, 0x00, 0x00, 0x00, 0x00, 0x00, 0x00, 0x00, 0x00, 0x00, 0x00, 0x20, 0x00, 0x60, 0x00, 0xc1, 0x19, 0xa2, 0x2a, 0xa3, 0x3b, 0x46, 0x5d,
  0xa6, 0x65, 0xe6, 0x6d, 0xc7, 0x65, 0xc6, 0x65, 0xc6, 0x65, 0xa6, 0x65, 0xc6, 0x65, 0xa6, 0x6d, 0xc7, 0x65, 0xc6, 0x65, 0xc6, 0x65, 0xc6, 0x65,
  0xc6, 0x65, 0xc7, 0x65, 0xe7, 0x6d, 0x86, 0x65, 0xe5, 0x54, 0x21, 0x22, 0xe0, 0x08, 0x00, 0x00, 0x40, 0x00, 0x20, 0x00, 0x00, 0x00, 0x00, 0x00,
  0x00, 0x00, 0x00, 0x00, 0x00, 0x00, 0x00, 0x00, 0x00, 0x00, 0x60, 0x00, 0x20, 0x00, 0x20, 0x00, 0x82, 0x2a, 0x44, 0x4c, 0xc6, 0x65, 0xe7, 0x6d,
  0xc6, 0x65, 0xc6, 0x65, 0xc6, 0x65, 0xc6, 0x65, 0xc7, 0x6d, 0xc6, 0x65, 0xc6, 0x65, 0xc6, 0x65, 0xc6, 0x65, 0xc6, 0x65, 0xc6, 0x65, 0xc6, 0x65,
  0xa6, 0x65, 0x86, 0x65, 0xe8, 0x39, 0xe8, 0x39, 0xe8, 0x39, 0xe8, 0x39, 0xc8, 0x31, 0xe9, 0x39, 0xe8, 0x31, 0xe8, 0x31, 0xc8, 0x31, 0xe8, 0x31,
  0xe8, 0x31, 0xc8, 0x31, 0xe8, 0x31, 0xe8, 0x31, 0xc8, 0x31, 0xc8, 0x31, 0xe9, 0x31, 0xe9, 0x31, 0xe8, 0x31, 0xe9, 0x31, 0xc8, 0x31, 0xc8, 0x31,
  0xc8, 0x31, 0xc8, 0x31, 0xc9, 0x31, 0xe9, 0x31, 0xe9, 0x31, 0xe9, 0x31, 0xe9, 0x31, 0xe9, 0x31, 0xe9, 0x31, 0xe9, 0x31, 0xe9, 0x31, 0xe9, 0x31,
  0xe9, 0x31, 0xe9, 0x31, 0xe9, 0x31, 0xe9, 0x31, 0xe9, 0x31, 0xe9, 0x31, 0xe9, 0x31, 0xe9, 0x31, 0xe9, 0x31, 0xc9, 0x31, 0xe9, 0x31, 0xe9, 0x31,
  0x47, 0x4a, 0x47, 0x4a, 0x47, 0x4a, 0x47, 0x4a, 0x47, 0x4a, 0x47, 0x4a, 0x47, 0x4a, 0x47, 0x4a, 0x47, 0x4a, 0x47, 0x4a, 0x47, 0x4a, 0x47, 0x4a,
  0x47, 0x4a, 0x47, 0x4a, 0x47, 0x4a, 0x48, 0x4a, 0x47, 0x4a, 0x47, 0x4a, 0x47, 0x4a, 0x47, 0x4a, 0x47, 0x4a, 0x47, 0x4a, 0x47, 0x4a, 0x47, 0x4a,
  0x47, 0x4a, 0x47, 0x4a, 0x47, 0x4a, 0x47, 0x4a, 0x48, 0x4a, 0x47, 0x52, 0x47, 0x4a, 0x48, 0x4a, 0x47, 0x52, 0x47, 0x4a, 0x47, 0x4a, 0x47, 0x4a,
  0x47, 0x52, 0x47, 0x52, 0x47, 0x52, 0x47, 0x4a, 0x47, 0x4a, 0x47, 0x4a, 0x47, 0x4a, 0x47, 0x52, 0x47, 0x4a, 0x47, 0x4a, 0x47, 0x4a, 0x47, 0x4a,
  0x47, 0x4a, 0x27, 0x52, 0x06, 0x54, 0xe6, 0x5c, 0xa6, 0x65, 0xe6, 0x65, 0xc7, 0x65, 0xc6, 0x65, 0xc6, 0x65, 0xc6, 0x65, 0xc6, 0x65, 0xc6, 0x65,
  0xc6, 0x65, 0xc6, 0x65, 0xc6, 0x65, 0xc6, 0x65, 0xe7, 0x6d, 0xc7, 0x6d, 0xa5, 0x54, 0x23, 0x3b, 0x20, 0x00, 0x00, 0x00, 0x00, 0x00, 0x00, 0x00,
  0x00, 0x00, 0x00, 0x00, 0x00, 0x00, 0x00, 0x00, 0x20, 0x00, 0x00, 0x00, 0xc0, 0x08, 0xe1, 0x21, 0xa5, 0x54, 0x46, 0x5d, 0xc7, 0x65, 0xc6, 0x65,
  0xc6, 0x65, 0xc6, 0x65, 0xc6, 0x65, 0xc6, 0x65, 0xc6, 0x65, 0xc7, 0x65, 0xc6, 0x6d, 0xc6, 0x65, 0x84, 0x4c, 0xe2, 0x32, 0x40, 0x11, 0x00, 0x00,
  0x00, 0x00, 0x20, 0x00, 0x00, 0x00, 0x00, 0x00, 0x00, 0x00, 0x00, 0x00, 0x00, 0x00, 0x00, 0x00, 0x00, 0x00, 0x00, 0x00, 0x00, 0x00, 0x00, 0x00,
  0x00, 0x00, 0x00, 0x00, 0x00, 0x00, 0x00, 0x00, 0x00, 0x00, 0x00, 0x00, 0x00, 0x00, 0x00, 0x00, 0x00, 0x00, 0x60, 0x00, 0x00, 0x09, 0xc4, 0x43,
  0xe5, 0x5c, 0xc6, 0x6d, 0xc7, 0x65, 0xc6, 0x65, 0xc6, 0x65, 0xc6, 0x65, 0xc6, 0x65, 0xc6, 0x65, 0xc6, 0x65, 0xc6, 0x65, 0xc6, 0x65, 0x05, 0x5d,
  0x83, 0x3b, 0xc1, 0x19, 0x00, 0x00, 0x20, 0x00, 0x40, 0x00, 0x00, 0x00, 0x00, 0x00, 0x00, 0x00, 0x00, 0x00, 0x00, 0x00, 0x00, 0x00, 0x00, 0x00,
  0x40, 0x00, 0xe0, 0x08, 0xc4, 0x43, 0xe5, 0x54, 0xe7, 0x6d, 0xe7, 0x6d, 0xc7, 0x65, 0xc6, 0x65, 0xc6, 0x65, 0xc6, 0x65, 0xc6, 0x65, 0xc6, 0x65,
  0xc7, 0x6d, 0xc6, 0x6d, 0x25, 0x5d, 0x63, 0x3b, 0xa1, 0x19, 0x20, 0x00, 0x20, 0x00, 0x40, 0x00, 0x00, 0x00, 0x00, 0x00, 0x00, 0x00, 0x00, 0x00,
  0x00, 0x00, 0x20, 0x00, 0x80, 0x00, 0xc0, 0x08, 0xe0, 0x08, 0x20, 0x11, 0xa1, 0x19, 0x21, 0x22, 0x63, 0x3b, 0x24, 0x4c, 0xe5, 0x54, 0xa6, 0x65,
  0xc6, 0x65, 0xc7, 0x65, 0xc6, 0x65, 0xc6, 0x65, 0xc6, 0x65, 0xc6, 0x65, 0xc6, 0x65, 0xa6, 0x65, 0xc6, 0x65, 0xc6, 0x65, 0xa6, 0x65, 0xc6, 0x65,
  0xc6, 0x65, 0xc6, 0x6d, 0xa6, 0x65, 0xc5, 0x54, 0xa4, 0x43, 0x00, 0x11, 0x80, 0x00, 0x20, 0x00, 0x20, 0x00, 0x00, 0x00, 0x00, 0x00, 0x00, 0x00,
  0x00, 0x00, 0x00, 0x00, 0x00, 0x00, 0x00, 0x00, 0x00, 0x00, 0x60, 0x00, 0x20, 0x00, 0x20, 0x00, 0x82, 0x2a, 0x24, 0x4c, 0xa6, 0x65, 0xe7, 0x6d,
  0xc7, 0x65, 0xc6, 0x65, 0xc6, 0x65, 0xc6, 0x65, 0xc6, 0x65, 0xc6, 0x65, 0xc6, 0x65, 0xa6, 0x65, 0xc6, 0x65, 0xc6, 0x65, 0xc6, 0x65, 0xc6, 0x65,
  0xa6, 0x65, 0x86, 0x65, 0xe8, 0x39, 0xe9, 0x39, 0xe8, 0x39, 0xe8, 0x39, 0xe8, 0x39, 0xe8, 0x39, 0xe8, 0x39, 0xe8, 0x39, 0xe8, 0x31, 0xc9, 0x31,
  0xc8, 0x31, 0xc8, 0x31, 0xc8, 0x31, 0xc8, 0x31, 0xc8, 0x31, 0xc8, 0x31, 0xc8, 0x31, 0xc8, 0x31, 0xc8, 0x31, 0xc8, 0x31, 0xc8, 0x31, 0xe9, 0x31,
  0xe9, 0x31, 0xe8, 0x31, 0xe9, 0x31, 0xe9, 0x31, 0xe8, 0x31, 0xe9, 0x31, 0xe9, 0x31, 0xe9, 0x31, 0xe9, 0x31, 0xe9, 0x31, 0xe9, 0x31, 0xe9, 0x31,
  0xe9, 0x31, 0xe9, 0x31, 0xe9, 0x31, 0xe9, 0x31, 0xe9, 0x31, 0xe9, 0x31, 0xe9, 0x31, 0xe9, 0x31, 0xe9, 0x31, 0xe9, 0x31, 0xe9, 0x31, 0xe9, 0x31,
  0x27, 0x4a, 0x27, 0x4a, 0x48, 0x4a, 0x47, 0x4a, 0x47, 0x4a, 0x47, 0x4a, 0x47, 0x4a, 0x47, 0x4a, 0x47, 0x4a, 0x47, 0x4a, 0x47, 0x4a, 0x47, 0x4a,
  0x47, 0x4a, 0x47, 0x4a, 0x47, 0x4a, 0x47, 0x4a, 0x47, 0x4a, 0x47, 0x4a, 0x47, 0x4a, 0x47, 0x4a, 0x47, 0x52, 0x48, 0x4a, 0x47, 0x52, 0x47, 0x4a,
  0x47, 0x4a, 0x47, 0x4a, 0x47, 0x4a, 0x47, 0x4a, 0x47, 0x52, 0x47, 0x4a, 0x47, 0x52, 0x47, 0x4a, 0x47, 0x4a, 0x47, 0x4a, 0x47, 0x4a, 0x47, 0x52,
  0x47, 0x4a, 0x47, 0x4a, 0x47, 0x4a, 0x47, 0x52, 0x48, 0x4a, 0x47, 0x52, 0x47, 0x4a, 0x47, 0x4a, 0x47, 0x52, 0x47, 0x4a, 0x27, 0x4a, 0x27, 0x4a,
  0x47, 0x4a, 0x47, 0x52, 0x06, 0x54, 0xe6, 0x5c, 0xa6, 0x65, 0xe6, 0x65, 0xc6, 0x65, 0xa6, 0x65, 0xc6, 0x65, 0xc6, 0x65, 0xc6, 0x65, 0xc6, 0x65,
  0xc6, 0x65, 0xc6, 0x65, 0xa6, 0x65, 0xc6, 0x65, 0xc6, 0x6d, 0xc6, 0x6d, 0xa5, 0x54, 0x23, 0x3b, 0x20, 0x00, 0x00, 0x00, 0x00, 0x00, 0x00, 0x00,
  0x00, 0x00, 0x00, 0x00, 0x00, 0x00, 0x00, 0x00, 0x20, 0x00, 0x00, 0x00, 0xc0, 0x08, 0xe1, 0x21, 0x85, 0x54, 0x46, 0x5d, 0xc7, 0x65, 0xc6, 0x65,
  0xc6, 0x65, 0xc6, 0x65, 0xc6, 0x65, 0xc6, 0x65, 0xc6, 0x65, 0xc7, 0x65, 0xc6, 0x65, 0xc6, 0x65, 0x85, 0x54, 0xe2, 0x32, 0x41, 0x11, 0x00, 0x00,
  0x00, 0x00, 0x20, 0x00, 0x00, 0x00, 0x00, 0x00, 0x00, 0x00, 0x00, 0x00, 0x00, 0x00, 0x00, 0x00, 0x00, 0x00, 0x00, 0x00, 0x00, 0x00, 0x00, 0x00,
  0x00, 0x00, 0x00, 0x00, 0x00, 0x00, 0x00, 0x00, 0x00, 0x00, 0x00, 0x00, 0x00, 0x00, 0x00, 0x00, 0x00, 0x00, 0x60, 0x00, 0x00, 0x09, 0xc4, 0x43,
  0xe5, 0x5c, 0xc6, 0x6d, 0xc7, 0x65, 0xc6, 0x65, 0xc6, 0x65, 0xc6, 0x65, 0xa6, 0x65, 0xc6, 0x65, 0xc6, 0x65, 0xc7, 0x65, 0xc7, 0x65, 0x05, 0x5d,
  0x83, 0x3b, 0xc1, 0x19, 0x00, 0x00, 0x20, 0x00, 0x60, 0x00, 0x00, 0x00, 0x00, 0x00, 0x00, 0x00, 0x00, 0x00, 0x00, 0x00, 0x00, 0x00, 0x00, 0x00,
  0x60, 0x00, 0xe0, 0x08, 0xc4, 0x43, 0xe5, 0x54, 0xc6, 0x6d, 0xc6, 0x6d, 0xc6, 0x65, 0xc6, 0x65, 0xc6, 0x65, 0xa6, 0x65, 0xc6, 0x65, 0xc6, 0x65,
  0xc7, 0x65, 0xc7, 0x65, 0x25, 0x5d, 0x63, 0x3b, 0xa1, 0x19, 0x40, 0x00, 0x20, 0x00, 0x40, 0x00, 0x20, 0x00, 0x20, 0x00, 0x20, 0x00, 0x20, 0x00,
  0x40, 0x00, 0x80, 0x00, 0x40, 0x11, 0xa1, 0x19, 0x21, 0x22, 0xa2, 0x2a, 0x43, 0x3b, 0x04, 0x4c, 0x26, 0x5d, 0x86, 0x65, 0xc7, 0x65, 0xc6, 0x65,
  0xc7, 0x65, 0xc6, 0x65, 0xa6, 0x65, 0xc6, 0x65, 0xc6, 0x65, 0xc6, 0x65, 0xa6, 0x65, 0xc6, 0x65, 0xc6, 0x65, 0xc6, 0x65, 0xc6, 0x65, 0xc6, 0x65,
  0xc6, 0x6d, 0xc6, 0x6d, 0x46, 0x5d, 0xe4, 0x43, 0x42, 0x2a, 0x20, 0x00, 0x20, 0x00, 0x40, 0x00, 0x00, 0x00, 0x00, 0x00, 0x00, 0x00, 0x00, 0x00,
  0x00, 0x00, 0x00, 0x00, 0x00, 0x00, 0x00, 0x00, 0x00, 0x00, 0x60, 0x00, 0x20, 0x00, 0x20, 0x00, 0x82, 0x2a, 0x24, 0x4c, 0xa6, 0x65, 0xe7, 0x6d,
  0xc6, 0x65, 0xa6, 0x65, 0xc6, 0x65, 0xc6, 0x65, 0xc6, 0x65, 0xc6, 0x65, 0xc6, 0x65, 0xc6, 0x65, 0xc6, 0x65, 0xc6, 0x65, 0xc6, 0x65, 0xc6, 0x65,
  0xa6, 0x65, 0x66, 0x65, 0xe8, 0x39, 0xe8, 0x39, 0xe8, 0x39, 0xe8, 0x39, 0xe8, 0x31, 0xe8, 0x31, 0xc8, 0x31, 0xe8, 0x31, 0xe8, 0x31, 0xe8, 0x31,
  0xe8, 0x31, 0xc8, 0x31, 0xe9, 0x31, 0xc8, 0x31, 0xc8, 0x31, 0xe8, 0x31, 0xc8, 0x31, 0xc8, 0x31, 0xc9, 0x31, 0xc8, 0x31, 0xc8, 0x31, 0xc8, 0x31,
  0xe8, 0x31, 0xe9, 0x31, 0xe8, 0x31, 0xe9, 0x31, 0xe9, 0x31, 0xe8, 0x31, 0xe9, 0x31, 0xe8, 0x31, 0xe9, 0x31, 0xe8, 0x31, 0xe9, 0x31, 0xe9, 0x31,
  0xe9, 0x31, 0xc8, 0x31, 0xe9, 0x31, 0xe9, 0x31, 0xe9, 0x31, 0xe9, 0x31, 0xe9, 0x31, 0xe9, 0x31, 0xe9, 0x31, 0xe9, 0x31, 0xe9, 0x31, 0xe9, 0x31,
  0x27, 0x4a, 0x27, 0x4a, 0x27, 0x4a, 0x47, 0x4a, 0x47, 0x4a, 0x47, 0x52, 0x27, 0x4a, 0x27, 0x4a, 0x27, 0x4a, 0x28, 0x4a, 0x27, 0x4a, 0x27, 0x4a,
  0x27, 0x4a, 0x27, 0x4a, 0x47, 0x4a, 0x27, 0x4a, 0x47, 0x4a, 0x27, 0x4a, 0x27, 0x4a, 0x47, 0x4a, 0x27, 0x4a, 0x47, 0x4a, 0x47, 0x4a, 0x27, 0x4a,
  0x47, 0x4a, 0x47, 0x4a, 0x47, 0x4a, 0x47, 0x4a, 0x27, 0x4a, 0x27, 0x4a, 0x47, 0x4a, 0x47, 0x4a, 0x47, 0x4a, 0x47, 0x4a, 0x47, 0x4a, 0x47, 0x4a,
  0x47, 0x4a, 0x27, 0x4a, 0x47, 0x4a, 0x27, 0x4a, 0x47, 0x4a, 0x28, 0x4a, 0x28, 0x4a, 0x28, 0x4a, 0x27, 0x4a, 0x27, 0x52, 0x48, 0x4a, 0x27, 0x4a,
  0x27, 0x4a, 0x27, 0x52, 0x06, 0x54, 0xe6, 0x5c, 0xa7, 0x65, 0xc6, 0x65, 0xc6, 0x65, 0xa6, 0x65, 0xc6, 0x65, 0xc6, 0x65, 0xa6, 0x65, 0xc6, 0x65,
  0xc6, 0x65, 0xc6, 0x65, 0xc6, 0x65, 0xc6, 0x65, 0xc6, 0x65, 0xc7, 0x65, 0xa5, 0x54, 0x23, 0x3b, 0x20, 0x00, 0x00, 0x00, 0x00, 0x00, 0x00, 0x00,
  0x00, 0x00, 0x00, 0x00, 0x00, 0x00, 0x00, 0x00, 0x20, 0x00, 0x00, 0x00, 0xc0, 0x08, 0xe1, 0x19, 0x85, 0x54, 0x46, 0x5d, 0xc6, 0x65, 0xa6, 0x65,
  0xa6, 0x65, 0xa6, 0x65, 0xa6, 0x65, 0xa6, 0x65, 0xa6, 0x65, 0xc6, 0x65, 0xc6, 0x65, 0xa6, 0x65, 0x64, 0x4c, 0xe3, 0x32, 0x40, 0x11, 0x00, 0x00,
  0x00, 0x00, 0x20, 0x00, 0x00, 0x00, 0x00, 0x00, 0x00, 0x00, 0x00, 0x00, 0x00, 0x00, 0x00, 0x00, 0x00, 0x00, 0x00, 0x00, 0x00, 0x00, 0x00, 0x00,
  0x00, 0x00, 0x00, 0x00, 0x00, 0x00, 0x00, 0x00, 0x00, 0x00, 0x00, 0x00, 0x00, 0x00, 0x00, 0x00, 0x00, 0x00, 0x60, 0x00, 0x00, 0x09, 0xc4, 0x43,
  0xe5, 0x54, 0xe7, 0x65, 0xc7, 0x65, 0xa6, 0x65, 0xa6, 0x65, 0xc6, 0x65, 0xc6, 0x65, 0xc6, 0x65, 0xa6, 0x65, 0xc6, 0x65, 0xc7, 0x65, 0x05, 0x5d,
  0x63, 0x3b, 0xc1, 0x19, 0x00, 0x00, 0x20, 0x00, 0x40, 0x00, 0x00, 0x00, 0x00, 0x00, 0x00, 0x00, 0x00, 0x00, 0x00, 0x00, 0x00, 0x00, 0x00, 0x00,
  0x40, 0x00, 0xe0, 0x08, 0xa4, 0x43, 0xe5, 0x54, 0xc7, 0x65, 0xc6, 0x65, 0xc6, 0x65, 0xa6, 0x65, 0xc6, 0x65, 0xc6, 0x65, 0xc6, 0x65, 0xc6, 0x65,
  0xc7, 0x65, 0xc6, 0x65, 0x66, 0x65, 0x64, 0x4c, 0x63, 0x3b, 0x03, 0x33, 0x03, 0x33, 0x23, 0x33, 0x23, 0x33, 0x23, 0x33, 0x23, 0x33, 0x23, 0x33,
  0x23, 0x3b, 0x63, 0x3b, 0xe4, 0x43, 0x44, 0x4c, 0xc5, 0x54, 0x46, 0x5d, 0x66, 0x5d, 0xa6, 0x65, 0xc7, 0x65, 0xc7, 0x6d, 0xc7, 0x65, 0xc6, 0x65,
  0xa6, 0x65, 0xa6, 0x65, 0xc6, 0x65, 0xc6, 0x65, 0xc6, 0x65, 0xa6, 0x65, 0xa6, 0x65, 0xc6, 0x65, 0xa6, 0x65, 0xc6, 0x65, 0xa6, 0x65, 0xe7, 0x6d,
  0xa6, 0x65, 0x65, 0x65, 0x43, 0x3b, 0xa1, 0x19, 0x20, 0x00, 0x20, 0x00, 0x00, 0x00, 0x00, 0x00, 0x00, 0x00, 0x00, 0x00, 0x00, 0x00, 0x00, 0x00,
  0x00, 0x00, 0x00, 0x00, 0x00, 0x00, 0x00, 0x00, 0x00, 0x00, 0x60, 0x00, 0x20, 0x00, 0x20, 0x00, 0x82, 0x2a, 0x24, 0x4c, 0xa6, 0x65, 0xc7, 0x65,
  0xc6, 0x65, 0xc6, 0x65, 0xc6, 0x65, 0xc6, 0x65, 0xc6, 0x65, 0xc6, 0x65, 0xc6, 0x65, 0xc6, 0x65, 0xc6, 0x65, 0xc6, 0x65, 0xc6, 0x65, 0xc6, 0x65,
  0x86, 0x65, 0x66, 0x5d, 0xc8, 0x31, 0xe8, 0x39, 0xe8, 0x39, 0xe8, 0x39, 0xe8, 0x39, 0xe8, 0x39, 0xe9, 0x31, 0xe9, 0x31, 0xc8, 0x31, 0xe8, 0x39,
  0xe8, 0x31, 0xe8, 0x31, 0xc8, 0x31, 0xe8, 0x31, 0xc9, 0x31, 0xc9, 0x31, 0xe8, 0x31, 0xc8, 0x31, 0xc8, 0x31, 0xc8, 0x31, 0xc8, 0x31, 0xc9, 0x31,
  0xc8, 0x31, 0xc9, 0x31, 0xc8, 0x31, 0xc8, 0x31, 0xc8, 0x31, 0xc9, 0x31, 0xe9, 0x31, 0xc9, 0x31, 0xe9, 0x31, 0xe9, 0x31, 0xe9, 0x31, 0xe9, 0x31,
  0xe9, 0x31, 0xe9, 0x31, 0xe9, 0x31, 0xe9, 0x31, 0xe9, 0x31, 0xe9, 0x31, 0xc8, 0x31, 0xe9, 0x31, 0xe9, 0x31, 0xe9, 0x31, 0xe9, 0x31, 0xe9, 0x31,
  0x47, 0x4a, 0x47, 0x4a, 0x47, 0x4a, 0x47, 0x4a, 0x47, 0x4a, 0x27, 0x4a, 0x47, 0x4a, 0x47, 0x4a, 0x27, 0x4a, 0x47, 0x52, 0x47, 0x4a, 0x27, 0x4a,
  0x47, 0x4a, 0x48, 0x4a, 0x27, 0x4a, 0x47, 0x4a, 0x47, 0x52, 0x47, 0x52, 0x48, 0x52, 0x47, 0x4a, 0x47, 0x4a, 0x47, 0x52, 0x27, 0x4a, 0x47, 0x4a,
  0x27, 0x4a, 0x47, 0x52, 0x47, 0x52, 0x47, 0x4a, 0x48, 0x4a, 0x47, 0x52, 0x47, 0x4a, 0x47, 0x52, 0x47, 0x4a, 0x48, 0x52, 0x27, 0x4a, 0x47, 0x52,
  0x27, 0x52, 0x47, 0x52, 0x47, 0x4a, 0x47, 0x4a, 0x47, 0x4a, 0x27, 0x52, 0x47, 0x4a, 0x47, 0x52, 0x27, 0x4a, 0x48, 0x52, 0x47, 0x4a, 0x27, 0x4a,
  0x28, 0x4a, 0x47, 0x4a, 0x05, 0x54, 0xe6, 0x5c, 0xa6, 0x65, 0xc6, 0x65, 0xa6, 0x65, 0xa6, 0x65, 0xa6, 0x65, 0xa6, 0x65, 0xa6, 0x65, 0xa6, 0x65,
  0xa6, 0x65, 0xa6, 0x65, 0xa6, 0x65, 0xc6, 0x65, 0xc6, 0x65, 0xc6, 0x65, 0x85, 0x54, 0x23, 0x3b, 0x20, 0x00, 0x00, 0x00, 0x00, 0x00, 0x00, 0x00,
  0x00, 0x00, 0x00, 0x00, 0x00, 0x00, 0x00, 0x00, 0x20, 0x00, 0x00, 0x00, 0xc0, 0x08, 0xe1, 0x19, 0xa4, 0x54, 0x46, 0x5d, 0xc6, 0x6d, 0xc6, 0x65,
  0xa6, 0x65, 0xa6, 0x65, 0xa6, 0x65, 0xa6, 0x65, 0xa6, 0x65, 0xc6, 0x65, 0xc6, 0x65, 0xa6, 0x65, 0x85, 0x54, 0xe2, 0x32, 0x40, 0x11, 0x00, 0x00,
  0x00, 0x00, 0x20, 0x00, 0x00, 0x00, 0x00, 0x00, 0x00, 0x00, 0x00, 0x00, 0x00, 0x00, 0x00, 0x00, 0x00, 0x00, 0x00, 0x00, 0x00, 0x00, 0x00, 0x00,
  0x00, 0x00, 0x00, 0x00, 0x00, 0x00, 0x00, 0x00, 0x00, 0x00, 0x00, 0x00, 0x00, 0x00, 0x00, 0x00, 0x00, 0x00, 0x60, 0x00, 0x00, 0x09, 0xc4, 0x43,
  0xe5, 0x54, 0xc6, 0x65, 0xc7, 0x65, 0xa6, 0x65, 0xa6, 0x65, 0xa6, 0x65, 0xa6, 0x65, 0xa6, 0x65, 0xa6, 0x65, 0xc6, 0x65, 0xc6, 0x65, 0x05, 0x5d,
  0x83, 0x3b, 0xc1, 0x19, 0x00, 0x00, 0x20, 0x00, 0x60, 0x00, 0x00, 0x00, 0x00, 0x00, 0x00, 0x00, 0x00, 0x00, 0x00, 0x00, 0x00, 0x00, 0x00, 0x00,
  0x60, 0x00, 0xe0, 0x08, 0xc3, 0x43, 0xc5, 0x54, 0xc6, 0x65, 0xc6, 0x65, 0xc6, 0x65, 0xa6, 0x65, 0xa6, 0x65, 0xa6, 0x65, 0xa6, 0x65, 0xa6, 0x65,
  0xa6, 0x65, 0xa6, 0x65, 0x86, 0x65, 0x05, 0x5d, 0xa5, 0x54, 0x64, 0x4c, 0x85, 0x4c, 0x85, 0x54, 0x85, 0x54, 0x85, 0x4c, 0x85, 0x4c, 0x85, 0x4c,
  0x85, 0x54, 0xa5, 0x54, 0xe5, 0x54, 0x25, 0x5d, 0x66, 0x5d, 0xa6, 0x65, 0xc6, 0x65, 0xc7, 0x6d, 0xc6, 0x65, 0xa6, 0x65, 0xc6, 0x65, 0xa6, 0x65,
  0xa6, 0x65, 0xa6, 0x65, 0xa6, 0x65, 0xa6, 0x65, 0xa6, 0x65, 0xc6, 0x65, 0xa6, 0x65, 0xa6, 0x65, 0xa6, 0x65, 0xc6, 0x65, 0xc6, 0x65, 0xc6, 0x65,
  0x05, 0x5d, 0x44, 0x4c, 0xa1, 0x19, 0xc0, 0x08, 0x00, 0x00, 0x20, 0x00, 0x00, 0x00, 0x00, 0x00, 0x00, 0x00, 0x00, 0x00, 0x00, 0x00, 0x00, 0x00,
  0x00, 0x00, 0x00, 0x00, 0x00, 0x00, 0x00, 0x00, 0x00, 0x00, 0x60, 0x00, 0x40, 0x00, 0x20, 0x00, 0x82, 0x2a, 0x24, 0x4c, 0xa6, 0x65, 0xc6, 0x65,
  0xc6, 0x65, 0xa6, 0x65, 0xa6, 0x65, 0xa6, 0x65, 0xa6, 0x65, 0xa6, 0x65, 0xa6, 0x65, 0xa6, 0x65, 0xa6, 0x65, 0xa6, 0x65, 0xa6, 0x65, 0xa6, 0x65,
  0x86, 0x65, 0x66, 0x65, 0xe8, 0x39, 0xe9, 0x39, 0xe8, 0x39, 0xe8, 0x39, 0xe8, 0x39, 0xe8, 0x39, 0xe8, 0x31, 0xe8, 0x39, 0xe8, 0x31, 0xe8, 0x31,
  0xe9, 0x31, 0xe8, 0x31, 0xe9, 0x31, 0xc8, 0x31, 0xe8, 0x31, 0xe8, 0x31, 0xc8, 0x31, 0xc8, 0x31, 0xc8, 0x31, 0xc8, 0x31, 0xc8, 0x31, 0xc8, 0x31,
  0xc8, 0x31, 0xc8, 0x31, 0xc8, 0x31, 0xe8, 0x31, 0xe8, 0x31, 0xe9, 0x31, 0xc9, 0x31, 0xe8, 0x31, 0xc9, 0x31, 0xe8, 0x31, 0xe9, 0x31, 0xe9, 0x31,
  0xe9, 0x31, 0xe9, 0x31, 0xe9, 0x31, 0xc8, 0x31, 0xe9, 0x31, 0xe9, 0x31, 0xe9, 0x31, 0xe9, 0x31, 0xe9, 0x31, 0xe9, 0x31, 0xe9, 0x31, 0xe9, 0x31,
  0x27, 0x4a, 0x27, 0x4a, 0x27, 0x4a, 0x27, 0x4a, 0x27, 0x4a, 0x27, 0x4a, 0x27, 0x4a, 0x27, 0x4a, 0x47, 0x4a, 0x27, 0x4a, 0x27, 0x4a, 0x47, 0x52,
  0x28, 0x4a, 0x27, 0x4a, 0x27, 0x4a, 0x27, 0x4a, 0x27, 0x4a, 0x27, 0x4a, 0x27, 0x4a, 0x27, 0x4a, 0x27, 0x4a, 0x27, 0x4a, 0x47, 0x4a, 0x27, 0x4a,
  0x27, 0x4a, 0x27, 0x4a, 0x27, 0x4a, 0x27, 0x4a, 0x27, 0x4a, 0x27, 0x4a, 0x27, 0x4a, 0x47, 0x4a, 0x27, 0x4a, 0x27, 0x4a, 0x47, 0x4a, 0x27, 0x4a,
  0x47, 0x4a, 0x27, 0x4a, 0x47, 0x4a, 0x27, 0x4a, 0x47, 0x4a, 0x27, 0x4a, 0x27, 0x4a, 0x48, 0x4a, 0x48, 0x4a, 0x27, 0x4a, 0x27, 0x4a, 0x27, 0x4a,
  0x27, 0x52, 0x27, 0x4a, 0x06, 0x54, 0xc5, 0x5c, 0xa7, 0x65, 0xc6, 0x65, 0xc6, 0x65, 0xa6, 0x65, 0xa6, 0x65, 0xa6, 0x65, 0xa6, 0x65, 0xa6, 0x65,
  0xa6, 0x65, 0xa6, 0x65, 0xa6, 0x65, 0xc6, 0x65, 0xc6, 0x65, 0xc6, 0x65, 0x85, 0x54, 0x23, 0x33, 0x20, 0x00, 0x00, 0x00, 0x00, 0x00, 0x00, 0x00,
  0x00, 0x00, 0x00, 0x00, 0x00, 0x00, 0x00, 0x00, 0x20, 0x00, 0x00, 0x00, 0xc0, 0x08, 0xc1, 0x19, 0x85, 0x54, 0x46, 0x5d, 0xc6, 0x65, 0xa6, 0x65,
  0xa6, 0x65, 0xa6, 0x65, 0xc6, 0x65, 0xa6, 0x65, 0xa7, 0x65, 0xc6, 0x65, 0xc6, 0x65, 0xa6, 0x65, 0x64, 0x4c, 0xe3, 0x2a, 0x40, 0x11, 0x00, 0x00,
  0x00, 0x00, 0x20, 0x00, 0x00, 0x00, 0x00, 0x00, 0x00, 0x00, 0x00, 0x00, 0x00, 0x00, 0x00, 0x00, 0x00, 0x00, 0x00, 0x00, 0x00, 0x00, 0x00, 0x00,
  0x00, 0x00, 0x00, 0x00, 0x00, 0x00, 0x00, 0x00, 0x00, 0x00, 0x00, 0x00, 0x00, 0x00, 0x00, 0x00, 0x00, 0x00, 0x60, 0x00, 0xe0, 0x08, 0xa4, 0x43,
  0xe5, 0x54, 0xc7, 0x65, 0xa6, 0x65, 0xa6, 0x65, 0xa6, 0x65, 0xa6, 0x65, 0xa6, 0x65, 0xa6, 0x65, 0xa6, 0x65, 0xc6, 0x65, 0xc6, 0x65, 0x06, 0x5d,
  0x63, 0x3b, 0xc1, 0x19, 0x00, 0x00, 0x20, 0x00, 0x40, 0x00, 0x00, 0x00, 0x00, 0x00, 0x00, 0x00, 0x00, 0x00, 0x00, 0x00, 0x00, 0x00, 0x00, 0x00,
  0x40, 0x00, 0xe0, 0x08, 0xa4, 0x43, 0xe5, 0x54, 0xc7, 0x65, 0xc6, 0x65, 0xa6, 0x65, 0xa6, 0x65, 0xa6, 0x65, 0xa6, 0x65, 0xa6, 0x65, 0xa7, 0x65,
  0xa6, 0x65, 0xa7, 0x65, 0xa6, 0x65, 0xc6, 0x65, 0xa6, 0x65, 0xc6, 0x65, 0xa6, 0x65, 0xc6, 0x65, 0xa6, 0x65, 0xa6, 0x65, 0xc6, 0x65, 0xa6, 0x65,
  0xa6, 0x65, 0xa6, 0x65, 0xc7, 0x65, 0xc7, 0x65, 0xc7, 0x65, 0xc6, 0x65, 0xc6, 0x65, 0xc6, 0x65, 0xa6, 0x65, 0xa6, 0x65, 0xa6, 0x65, 0xa6, 0x65,
  0xa7, 0x65, 0xa6, 0x65, 0xa6, 0x65, 0xa6, 0x65, 0xa6, 0x65, 0xa6, 0x65, 0xa6, 0x65, 0xa6, 0x65, 0xa6, 0x65, 0xc6, 0x65, 0xc6, 0x65, 0x46, 0x5d,
  0x24, 0x4c, 0xe2, 0x32, 0x20, 0x00, 0x00, 0x00, 0x00, 0x00, 0x20, 0x00, 0x00, 0x00, 0x00, 0x00, 0x00, 0x00, 0x00, 0x00, 0x00, 0x00, 0x00, 0x00,
  0x00, 0x00, 0x00, 0x00, 0x00, 0x00, 0x00, 0x00, 0x00, 0x00, 0x60, 0x00, 0x20, 0x00, 0x20, 0x00, 0x82, 0x2a, 0x24, 0x44, 0xa6, 0x65, 0xc7, 0x65,
  0xc6, 0x65, 0xa6, 0x65, 0xa6, 0x65, 0xa6, 0x65, 0xa6, 0x65, 0xa6, 0x65, 0xa6, 0x65, 0xa6, 0x65, 0xa6, 0x65, 0xa6, 0x65, 0xa6, 0x65, 0xa6, 0x65,
  0x86, 0x65, 0x66, 0x5d, 0xc8, 0x31, 0xc8, 0x31, 0xe8, 0x39, 0xe8, 0x39, 0xe8, 0x31, 0xe8, 0x39, 0xe8, 0x39, 0xe9, 0x31, 0xc8, 0x39, 0xe8, 0x31,
  0xc8, 0x31, 0xe8, 0x31, 0xc8, 0x31, 0xe8, 0x31, 0xc8, 0x31, 0xc8, 0x31, 0xc9, 0x31, 0xc8, 0x31, 0xc8, 0x31, 0xc8, 0x31, 0xe8, 0x31, 0xc8, 0x31,
  0xc8, 0x31, 0xc8, 0x31, 0xe8, 0x31, 0xc8, 0x31, 0xc8, 0x31, 0xc9, 0x31, 0xe8, 0x31, 0xc9, 0x31, 0xe9, 0x31, 0xe9, 0x31, 0xe9, 0x31, 0xe9, 0x31,
  0xe9, 0x31, 0xe9, 0x31, 0xe9, 0x31, 0xe9, 0x31, 0xc8, 0x31, 0xe9, 0x31, 0xe9, 0x31, 0xe9, 0x31, 0xe9, 0x31, 0xe9, 0x31, 0xe9, 0x31, 0xe9, 0x31,
  0x27, 0x4a, 0x27, 0x4a, 0x27, 0x4a, 0x27, 0x4a, 0x27, 0x4a, 0x27, 0x4a, 0x47, 0x4a, 0x48, 0x4a, 0x27, 0x4a, 0x27, 0x4a, 0x27, 0x4a, 0x27, 0x4a,
  0x47, 0x4a, 0x27, 0x4a, 0x47, 0x4a, 0x47, 0x4a, 0x47, 0x4a, 0x27, 0x4a, 0x27, 0x4a, 0x47, 0x4a, 0x27, 0x4a, 0x47, 0x4a, 0x27, 0x4a, 0x27, 0x4a,
  0x27, 0x4a, 0x27, 0x52, 0x27, 0x4a, 0x47, 0x4a, 0x27, 0x52, 0x27, 0x4a, 0x47, 0x4a, 0x27, 0x52, 0x27, 0x52, 0x28, 0x52, 0x47, 0x4a, 0x27, 0x52,
  0x27, 0x4a, 0x27, 0x4a, 0x27, 0x4a, 0x27, 0x52, 0x27, 0x4a, 0x47, 0x4a, 0x27, 0x4a, 0x27, 0x4a, 0x47, 0x4a, 0x27, 0x4a, 0x27, 0x4a, 0x27, 0x4a,
  0x27, 0x4a, 0x47, 0x4a, 0x06, 0x54, 0xc6, 0x5c, 0x86, 0x65, 0xa6, 0x65, 0xa6, 0x65, 0x86, 0x65, 0xa6, 0x65, 0xa6, 0x65, 0xa6, 0x65, 0xa6, 0x65,
  0xa6, 0x65, 0xa6, 0x65, 0xa6, 0x65, 0xa6, 0x65, 0xc6, 0x65, 0xa6, 0x65, 0x85, 0x54, 0x23, 0x3b, 0x20, 0x00, 0x00, 0x00, 0x00, 0x00, 0x00, 0x00,
  0x00, 0x00, 0x00, 0x00, 0x00, 0x00, 0x00, 0x00, 0x20, 0x00, 0x00, 0x00, 0xc0, 0x08, 0xe1, 0x19, 0x85, 0x4c, 0x25, 0x5d, 0xc6, 0x65, 0xa6, 0x65,
  0xa6, 0x65, 0xa6, 0x65, 0xa6, 0x65, 0xa6, 0x65, 0xa6, 0x65, 0xa6, 0x65, 0xc6, 0x65, 0xa6, 0x65, 0x64, 0x54, 0xc2, 0x2a, 0x40, 0x11, 0x00, 0x00,
  0x00, 0x00, 0x20, 0x00, 0x00, 0x00, 0x00, 0x00, 0x00, 0x00, 0x00, 0x00, 0x00, 0x00, 0x00, 0x00, 0x00, 0x00, 0x00, 0x00, 0x00, 0x00, 0x00, 0x00,
  0x00, 0x00, 0x00, 0x00, 0x00, 0x00, 0x00, 0x00, 0x00, 0x00, 0x00, 0x00, 0x00, 0x00, 0x00, 0x00, 0x00, 0x00, 0x60, 0x00, 0x00, 0x09, 0xa3, 0x43,
  0xc5, 0x54, 0xa6, 0x65, 0xc6, 0x65, 0xa6, 0x65, 0xa6, 0x65, 0xa6, 0x65, 0xa6, 0x65, 0xa6, 0x65, 0xa6, 0x65, 0xc6, 0x65, 0xa6, 0x65, 0x05, 0x5d,
  0x83, 0x3b, 0xc1, 0x19, 0x00, 0x00, 0x20, 0x00, 0x40, 0x00, 0x00, 0x00, 0x00, 0x00, 0x00, 0x00, 0x00, 0x00, 0x00, 0x00, 0x00, 0x00, 0x00, 0x00,
  0x60, 0x00, 0xe0, 0x08, 0xc4, 0x43, 0xc5, 0x54, 0xc6, 0x65, 0xc6, 0x65, 0xa6, 0x65, 0x86, 0x65, 0xa6, 0x65, 0xa6, 0x65, 0xa6, 0x65, 0xa6, 0x65,
  0xa6, 0x65, 0xa6, 0x65, 0xa6, 0x65, 0xa6, 0x65, 0xc6, 0x65, 0xc6, 0x65, 0xc7, 0x65, 0xc7, 0x65, 0xc6, 0x65, 0xc6, 0x65, 0xc6, 0x65, 0xc7, 0x65,
  0xa6, 0x65, 0xc6, 0x65, 0xa6, 0x65, 0xa6, 0x65, 0xa6, 0x65, 0xa6, 0x65, 0xa6, 0x65, 0xa6, 0x65, 0xa6, 0x65, 0xa6, 0x65, 0xa6, 0x65, 0xa6, 0x65,
  0xa6, 0x65, 0xa6, 0x65, 0xa6, 0x65, 0x86, 0x65, 0xa6, 0x65, 0xa6, 0x65, 0xa6, 0x65, 0xc6, 0x65, 0xa6, 0x65, 0x66, 0x5d, 0xc5, 0x54, 0xe2, 0x32,
  0x81, 0x19, 0x20, 0x00, 0x00, 0x00, 0x00, 0x00, 0x20, 0x00, 0x00, 0x00, 0x00, 0x00, 0x00, 0x00, 0x00, 0x00, 0x00, 0x00, 0x00, 0x00, 0x00, 0x00,
  0x00, 0x00, 0x00, 0x00, 0x00, 0x00, 0x00, 0x00, 0x00, 0x00, 0x60, 0x00, 0x20, 0x00, 0x20, 0x00, 0x82, 0x2a, 0x04, 0x4c, 0x86, 0x65, 0xc6, 0x65,
  0xa6, 0x65, 0xa6, 0x65, 0xa6, 0x65, 0xa6, 0x65, 0xa6, 0x65, 0xa6, 0x65, 0xa6, 0x65, 0xa6, 0x65, 0xa6, 0x65, 0xa6, 0x65, 0xa6, 0x65, 0xa6, 0x65,
  0x86, 0x65, 0x66, 0x5d, 0xc8, 0x31, 0xc8, 0x31, 0xe8, 0x39, 0xc8, 0x31, 0xc8, 0x31, 0xe8, 0x39, 0xc8, 0x31, 0xe8, 0x39, 0xe8, 0x39, 0xe8, 0x39,
  0xe8, 0x39, 0xc8, 0x31, 0xe8, 0x39, 0xc8, 0x39, 0xe8, 0x31, 0xe8, 0x31, 0xc8, 0x31, 0xc8, 0x31, 0xc8, 0x31, 0xc8, 0x31, 0xc8, 0x31, 0xc8, 0x31,
  0xc8, 0x31, 0xc8, 0x31, 0xc9, 0x31, 0xe8, 0x31, 0xc8, 0x31, 0xc8, 0x31, 0xc9, 0x31, 0xe8, 0x31, 0xc9, 0x31, 0xe9, 0x31, 0xe9, 0x31, 0xe9, 0x31,
  0xe9, 0x31, 0xc8, 0x31, 0xe9, 0x31, 0xc8, 0x31, 0xe9, 0x31, 0xe9, 0x31, 0xe9, 0x31, 0xe9, 0x31, 0xe9, 0x31, 0xc9, 0x31, 0xe9, 0x31, 0xe9, 0x31,
  0x27, 0x4a, 0x27, 0x4a, 0x27, 0x4a, 0x27, 0x4a, 0x27, 0x4a, 0x47, 0x4a, 0x27, 0x4a, 0x27, 0x4a, 0x27, 0x4a, 0x27, 0x4a, 0x27, 0x4a, 0x27, 0x4a,
  0x27, 0x4a, 0x27, 0x4a, 0x27, 0x4a, 0x27, 0x4a, 0x27, 0x4a, 0x27, 0x4a, 0x27, 0x4a, 0x27, 0x4a, 0x27, 0x4a, 0x27, 0x4a, 0x27, 0x4a, 0x27, 0x4a,
  0x27, 0x4a, 0x47, 0x4a, 0x27, 0x4a, 0x27, 0x4a, 0x27, 0x4a, 0x27, 0x4a, 0x27, 0x4a, 0x27, 0x4a, 0x27, 0x4a, 0x27, 0x4a, 0x27, 0x4a, 0x47, 0x4a,
  0x27, 0x4a, 0x27, 0x4a, 0x27, 0x4a, 0x27, 0x4a, 0x27, 0x4a, 0x27, 0x4a, 0x27, 0x4a, 0x27, 0x4a, 0x27, 0x4a, 0x27, 0x4a, 0x27, 0x4a, 0x27, 0x4a,
  0x47, 0x4a, 0x27, 0x4a, 0x06, 0x54, 0xc6, 0x5c, 0x86, 0x65, 0xc6, 0x65, 0xa6, 0x65, 0x86, 0x65, 0xa6, 0x65, 0x86, 0x65, 0xa6, 0x65, 0x86, 0x65,
  0xa6, 0x65, 0xa6, 0x65, 0xa6, 0x65, 0xa6, 0x65, 0xc6, 0x65, 0xa6, 0x65, 0x85, 0x4c, 0x23, 0x33, 0x20, 0x00, 0x00, 0x00, 0x00, 0x00, 0x00, 0x00,
  0x00, 0x00, 0x00, 0x00, 0x00, 0x00, 0x00, 0x00, 0x20, 0x00, 0x00, 0x00, 0xc0, 0x08, 0xe1, 0x19, 0x85, 0x4c, 0x26, 0x5d, 0xc6, 0x65, 0xa6, 0x65,
  0xa6, 0x65, 0xa6, 0x65, 0xa6, 0x65, 0xa6, 0x65, 0xa6, 0x65, 0xa6, 0x65, 0xa6, 0x65, 0x86, 0x65, 0x64, 0x4c, 0xe2, 0x32, 0x40, 0x11, 0x00, 0x00,
  0x00, 0x00, 0x20, 0x00, 0x00, 0x00, 0x00, 0x00, 0x00, 0x00, 0x00, 0x00, 0x00, 0x00, 0x00, 0x00, 0x00, 0x00, 0x00, 0x00, 0x00, 0x00, 0x00, 0x00,
  0x00, 0x00, 0x00, 0x00, 0x00, 0x00, 0x00, 0x00, 0x00, 0x00, 0x00, 0x00, 0x00, 0x00, 0x00, 0x00, 0x00, 0x00, 0x60, 0x00, 0xe0, 0x10, 0xa4, 0x43,
  0xc5, 0x54, 0xc6, 0x65, 0xa6, 0x65, 0xa6, 0x65, 0xa6, 0x65, 0xa6, 0x65, 0xa6, 0x65, 0xa6, 0x65, 0xa6, 0x65, 0xa6, 0x65, 0xa6, 0x65, 0xe5, 0x54,
  0x63, 0x3b, 0xc1, 0x19, 0x00, 0x00, 0x20, 0x00, 0x40, 0x00, 0x00, 0x00, 0x00, 0x00, 0x00, 0x00, 0x00, 0x00, 0x00, 0x00, 0x00, 0x00, 0x00, 0x00,
  0x60, 0x00, 0xe0, 0x08, 0xa4, 0x43, 0xc5, 0x54, 0xa6, 0x65, 0xa6, 0x65, 0xa6, 0x65, 0xa6, 0x65, 0xa6, 0x65, 0xa6, 0x65, 0xa6, 0x65, 0xa6, 0x65,
  0x86, 0x65, 0xa6, 0x65, 0xa6, 0x65, 0xa6, 0x65, 0xa6, 0x65, 0xa6, 0x65, 0xa6, 0x65, 0xa6, 0x65, 0xa6, 0x65, 0xa6, 0x65, 0xa6, 0x65, 0xa6, 0x65,
  0xa6, 0x65, 0xa6, 0x65, 0xa6, 0x65, 0xa6, 0x65, 0xa6, 0x65, 0xa6, 0x65, 0xa6, 0x65, 0xa6, 0x65, 0xa6, 0x65, 0xa6, 0x65, 0xa6, 0x65, 0xa6, 0x65,
  0xa6, 0x65, 0xa7, 0x65, 0xa6, 0x65, 0xa6, 0x65, 0xa6, 0x65, 0xa6, 0x65, 0xa6, 0x65, 0x86, 0x65, 0xe6, 0x5c, 0x24, 0x44, 0x43, 0x3b, 0x60, 0x19,
  0xa0, 0x08, 0x00, 0x00, 0x20, 0x00, 0x00, 0x00, 0x20, 0x00, 0x00, 0x00, 0x00, 0x00, 0x00, 0x00, 0x00, 0x00, 0x00, 0x00, 0x00, 0x00, 0x00, 0x00,
  0x00, 0x00, 0x00, 0x00, 0x00, 0x00, 0x00, 0x00, 0x00, 0x00, 0x60, 0x00, 0x20, 0x00, 0x20, 0x00, 0x82, 0x2a, 0x04, 0x44, 0x86, 0x65, 0xc6, 0x65,
  0xa6, 0x65, 0xa6, 0x65, 0xa6, 0x65, 0xa6, 0x65, 0xa6, 0x65, 0xa6, 0x65, 0x86, 0x65, 0xa6, 0x65, 0xa6, 0x65, 0x86, 0x65, 0xa6, 0x65, 0x86, 0x65,
  0x86, 0x65, 0x66, 0x5d, 0xe8, 0x31, 0xc8, 0x31, 0xe8, 0x39, 0xe8, 0x39, 0xc8, 0x31, 0xe8, 0x39, 0xc8, 0x31, 0xe8, 0x39, 0xe8, 0x31, 0xe8, 0x31,
  0xc8, 0x31, 0xe8, 0x39, 0xc8, 0x31, 0xe8, 0x31, 0xc8, 0x31, 0xc8, 0x31, 0xe8, 0x31, 0xc8, 0x31, 0xc8, 0x31, 0xc8, 0x31, 0xc9, 0x31, 0xc8, 0x31,
  0xc9, 0x31, 0xc8, 0x31, 0xc9, 0x31, 0xc8, 0x31, 0xc8, 0x31, 0xc9, 0x31, 0xe8, 0x31, 0xe9, 0x31, 0xe8, 0x31, 0xe9, 0x31, 0xc9, 0x31, 0xe9, 0x31,
  0xe9, 0x31, 0xe9, 0x31, 0xe9, 0x31, 0xe9, 0x31, 0xe9, 0x31, 0xe9, 0x31, 0xc8, 0x31, 0xe9, 0x31, 0xe9, 0x31, 0xe9, 0x31, 0xe9, 0x31, 0xe9, 0x31,
  0x27, 0x4a, 0x27, 0x4a, 0x27, 0x4a, 0x27, 0x4a, 0x27, 0x4a, 0x27, 0x4a, 0x27, 0x4a, 0x27, 0x4a, 0x27, 0x4a, 0x27, 0x4a, 0x27, 0x4a, 0x27, 0x4a,
  0x27, 0x4a, 0x27, 0x4a, 0x27, 0x4a, 0x27, 0x4a, 0x27, 0x4a, 0x27, 0x4a, 0x27, 0x4a, 0x27, 0x4a, 0x27, 0x4a, 0x27, 0x4a, 0x27, 0x4a, 0x27, 0x4a,
  0x27, 0x4a, 0x27, 0x4a, 0x27, 0x4a, 0x27, 0x4a, 0x27, 0x4a, 0x27, 0x4a, 0x27, 0x4a, 0x27, 0x4a, 0x27, 0x4a, 0x27, 0x4a, 0x27, 0x4a, 0x27, 0x4a,
  0x27, 0x4a, 0x47, 0x4a, 0x27, 0x4a, 0x27, 0x4a, 0x27, 0x4a, 0x27, 0x4a, 0x27, 0x4a, 0x27, 0x4a, 0x27, 0x4a, 0x27, 0x4a, 0x27, 0x4a, 0x27, 0x4a,
  0x27, 0x4a, 0x27, 0x4a, 0x06, 0x54, 0xc6, 0x5c, 0x86, 0x65, 0xa6, 0x65, 0xa6, 0x65, 0x86, 0x65, 0xa6, 0x65, 0xa6, 0x65, 0xa6, 0x65, 0xa6, 0x65,
  0xa6, 0x65, 0xa6, 0x65, 0x86, 0x65, 0xa6, 0x65, 0xa6, 0x65, 0xa6, 0x65, 0x85, 0x4c, 0x23, 0x33, 0x20, 0x00, 0x00, 0x00, 0x00, 0x00, 0x00, 0x00,
  0x00, 0x00, 0x00, 0x00, 0x00, 0x00, 0x00, 0x00, 0x20, 0x00, 0x00, 0x00, 0xc0, 0x08, 0xe1, 0x19, 0x85, 0x4c, 0x46, 0x5d, 0xa6, 0x65, 0xa6, 0x65,
  0xa6, 0x65, 0x86, 0x65, 0xa6, 0x65, 0xa6, 0x65, 0x86, 0x65, 0xa6, 0x65, 0xa6, 0x65, 0x86, 0x65, 0x64, 0x4c, 0xc2, 0x2a, 0x40, 0x11, 0x00, 0x00,
  0x00, 0x00, 0x20, 0x00, 0x00, 0x00, 0x00, 0x00, 0x00, 0x00, 0x00, 0x00, 0x00, 0x00, 0x00, 0x00, 0x00, 0x00, 0x00, 0x00, 0x00, 0x00, 0x00, 0x00,
  0x00, 0x00, 0x00, 0x00, 0x00, 0x00, 0x00, 0x00, 0x00, 0x00, 0x00, 0x00, 0x00, 0x00, 0x00, 0x00, 0x00, 0x00, 0x60, 0x00, 0xe0, 0x08, 0xa4, 0x43,
  0xc5, 0x54, 0xa6, 0x65, 0xa6, 0x65, 0xa6, 0x65, 0x86, 0x65, 0xa6, 0x65, 0xa6, 0x65, 0xa6, 0x65, 0xa6, 0x65, 0xa6, 0x65, 0xa6, 0x65, 0xe5, 0x54,
  0x63, 0x3b, 0xc1, 0x19, 0x00, 0x00, 0x20, 0x00, 0x40, 0x00, 0x00, 0x00, 0x00, 0x00, 0x00, 0x00, 0x00, 0x00, 0x00, 0x00, 0x00, 0x00, 0x00, 0x00,
  0x60, 0x00, 0xe0, 0x08, 0xa4, 0x43, 0xc5, 0x54, 0xa6, 0x65, 0xa6, 0x65, 0xa6, 0x65, 0x86, 0x65, 0xa6, 0x65, 0xa6, 0x65, 0xa6, 0x65, 0xa6, 0x65,
  0xa6, 0x65, 0xa6, 0x65, 0xa6, 0x65, 0xa6, 0x65, 0x86, 0x65, 0x86, 0x65, 0xa6, 0x65, 0x86, 0x65, 0x86, 0x65, 0x86, 0x65, 0x86, 0x65, 0xa6, 0x65,
  0x86, 0x65, 0x86, 0x65, 0x86, 0x65, 0x86, 0x65, 0x86, 0x65, 0x86, 0x65, 0x86, 0x65, 0x86, 0x65, 0x86, 0x65, 0x86, 0x65, 0x86, 0x65, 0xa6, 0x65,
  0xa6, 0x65, 0xa6, 0x65, 0xa6, 0x65, 0xa6, 0x65, 0xa6, 0x65, 0xa6, 0x65, 0x66, 0x5d, 0x25, 0x5d, 0xc3, 0x43, 0xc2, 0x2a, 0x81, 0x19, 0x00, 0x00,
  0x00, 0x00, 0x00, 0x00, 0x20, 0x00, 0x00, 0x00, 0x00, 0x00, 0x00, 0x00, 0x00, 0x00, 0x00, 0x00, 0x00, 0x00, 0x00, 0x00, 0x00, 0x00, 0x00, 0x00,
  0x00, 0x00, 0x00, 0x00, 0x00, 0x00, 0x00, 0x00, 0x00, 0x00, 0x60, 0x00, 0x20, 0x00, 0x20, 0x00, 0x82, 0x2a, 0x04, 0x44, 0x86, 0x65, 0xc6, 0x65,
  0xa6, 0x65, 0x86, 0x65, 0xa6, 0x65, 0xa6, 0x65, 0xa6, 0x65, 0xa6, 0x65, 0xa6, 0x65, 0xa6, 0x65, 0xa6, 0x65, 0xa6, 0x65, 0xa6, 0x65, 0xa6, 0x65,
  0x86, 0x65, 0x46, 0x5d, 0xe8, 0x31, 0xc8, 0x31, 0xc8, 0x31, 0xc8, 0x31, 0xc8, 0x31, 0xc8, 0x31, 0xe8, 0x31, 0xe8, 0x31, 0xc8, 0x31, 0xc8, 0x31,
  0xc8, 0x31, 0xc8, 0x31, 0xe8, 0x31, 0xc8, 0x31, 0xc8, 0x31, 0xc8, 0x31, 0xc8, 0x31, 0xc8, 0x31, 0xc8, 0x31, 0xc8, 0x31, 0xc8, 0x31, 0xc8, 0x31,
  0xc8, 0x31, 0xc9, 0x31, 0xc8, 0x31, 0xc9, 0x31, 0xc8, 0x31, 0xc8, 0x31, 0xc8, 0x31, 0xc9, 0x31, 0xc9, 0x31, 0xe9, 0x31, 0xe8, 0x31, 0xe9, 0x31,
  0xe9, 0x31, 0xe9, 0x31, 0xc8, 0x31, 0xc8, 0x31, 0xe9, 0x31, 0xe9, 0x31, 0xe9, 0x31, 0xe9, 0x31, 0xe9, 0x31, 0xe9, 0x31, 0xe9, 0x31, 0xc9, 0x31,
  0x27, 0x4a, 0x27, 0x4a, 0x27, 0x4a, 0x27, 0x4a, 0x27, 0x4a, 0x27, 0x4a, 0x27, 0x4a, 0x27, 0x4a, 0x27, 0x4a, 0x27, 0x4a, 0x27, 0x4a, 0x27, 0x4a,
  0x27, 0x4a, 0x27, 0x4a, 0x27, 0x4a, 0x27, 0x4a, 0x27, 0x4a, 0x27, 0x4a, 0x27, 0x4a, 0x27, 0x4a, 0x47, 0x4a, 0x27, 0x4a, 0x27, 0x4a, 0x27, 0x4a,
  0x27, 0x4a, 0x27, 0x4a, 0x27, 0x4a, 0x27, 0x4a, 0x27, 0x4a, 0x27, 0x4a, 0x27, 0x4a, 0x27, 0x4a, 0x27, 0x4a, 0x27, 0x4a, 0x27, 0x4a, 0x27, 0x4a,
  0x27, 0x4a, 0x27, 0x4a, 0x27, 0x4a, 0x27, 0x4a, 0x27, 0x4a, 0x27, 0x4a, 0x27, 0x4a, 0x27, 0x4a, 0x27, 0x4a, 0x27, 0x4a, 0x27, 0x4a, 0x27, 0x4a,
  0x27, 0x4a, 0x27, 0x4a, 0x06, 0x54, 0xc6, 0x5c, 0x86, 0x65, 0xa6, 0x65, 0xa6, 0x65, 0x86, 0x65, 0x86, 0x65, 0x86, 0x65, 0x86, 0x65, 0x86, 0x65,
  0x86, 0x65, 0x86, 0x65, 0x86, 0x65, 0xa6, 0x65, 0xa6, 0x65, 0xa6, 0x65, 0x84, 0x4c, 0x23, 0x33, 0x20, 0x00, 0x00, 0x00, 0x20, 0x00, 0x00, 0x00,
  0x00, 0x00, 0x00, 0x00, 0x00, 0x00, 0x00, 0x00, 0x20, 0x00, 0x00, 0x00, 0xc0, 0x08, 0xc1, 0x19, 0x85, 0x4c, 0x25, 0x5d, 0xa6, 0x65, 0x86, 0x65,
  0x86, 0x65, 0x86, 0x65, 0x86, 0x65, 0x86, 0x65, 0x66, 0x5d, 0xa6, 0x65, 0xa6, 0x65, 0x86, 0x65, 0x64, 0x4c, 0xc2, 0x2a, 0x40, 0x11, 0x00, 0x00,
  0x00, 0x00, 0x20, 0x00, 0x00, 0x00, 0x00, 0x00, 0x00, 0x00, 0x00, 0x00, 0x00, 0x00, 0x00, 0x00, 0x00, 0x00, 0x00, 0x00, 0x00, 0x00, 0x00, 0x00,
  0x00, 0x00, 0x00, 0x00, 0x00, 0x00, 0x00, 0x00, 0x00, 0x00, 0x00, 0x00, 0x00, 0x00, 0x20, 0x00, 0x00, 0x00, 0x60, 0x00, 0x00, 0x11, 0xa4, 0x43,
  0xc5, 0x54, 0xa6, 0x65, 0xa6, 0x65, 0x86, 0x65, 0x66, 0x5d, 0x86, 0x65, 0x86, 0x65, 0x86, 0x65, 0x86, 0x65, 0xa6, 0x65, 0xa6, 0x65, 0xe5, 0x54,
  0x43, 0x3b, 0xa1, 0x19, 0x00, 0x00, 0x20, 0x00, 0x40, 0x00, 0x00, 0x00, 0x00, 0x00, 0x00, 0x00, 0x00, 0x00, 0x00, 0x00, 0x00, 0x00, 0x00, 0x00,
  0x60, 0x00, 0xe0, 0x08, 0xa4, 0x43, 0xc5, 0x54, 0xa6, 0x65, 0xa6, 0x65, 0x86, 0x65, 0x86, 0x65, 0x86, 0x65, 0x86, 0x65, 0x86, 0x65, 0x86, 0x65,
  0x86, 0x65, 0x86, 0x65, 0x86, 0x65, 0x86, 0x65, 0x86, 0x65, 0x86, 0x65, 0x86, 0x65, 0x86, 0x65, 0x86, 0x65, 0x86, 0x65, 0x86, 0x65, 0x86, 0x65,
  0x86, 0x65, 0x86, 0x65, 0x86, 0x65, 0x86, 0x65, 0x86, 0x65, 0xa6, 0x65, 0xa6, 0x65, 0xa6, 0x65, 0xa6, 0x65, 0xa6, 0x65, 0xa6, 0x65, 0xa6, 0x65,
  0xa6, 0x65, 0xa6, 0x65, 0xa6, 0x65, 0x66, 0x5d, 0x25, 0x5d, 0x44, 0x4c, 0x63, 0x3b, 0x82, 0x2a, 0x20, 0x11, 0x80, 0x00, 0x00, 0x00, 0x40, 0x00,
  0x20, 0x00, 0x00, 0x00, 0x00, 0x00, 0x00, 0x00, 0x00, 0x00, 0x00, 0x00, 0x00, 0x00, 0x00, 0x00, 0x00, 0x00, 0x00, 0x00, 0x00, 0x00, 0x00, 0x00,
  0x00, 0x00, 0x00, 0x00, 0x00, 0x00, 0x00, 0x00, 0x00, 0x00, 0x60, 0x00, 0x20, 0x00, 0x20, 0x00, 0x82, 0x2a, 0x04, 0x44, 0x86, 0x65, 0xa6, 0x65,
  0x86, 0x65, 0x86, 0x65, 0x86, 0x65, 0x86, 0x65, 0x86, 0x65, 0x86, 0x65, 0x86, 0x65, 0x86, 0x65, 0x86, 0x65, 0x86, 0x65, 0x86, 0x65, 0x86, 0x65,
  0x66, 0x5d, 0x46, 0x5d, 0xc8, 0x39, 0xe8, 0x39, 0xc8, 0x39, 0xc8, 0x31, 0xc8, 0x31, 0xe8, 0x39, 0xe8, 0x39, 0xc8, 0x31, 0xc8, 0x31, 0xc8, 0x31,
  0xc8, 0x31, 0xc8, 0x39, 0xc8, 0x31, 0xc8, 0x31, 0xc8, 0x31, 0xc8, 0x31, 0xc8, 0x31, 0xc8, 0x31, 0xc8, 0x31, 0xc8, 0x31, 0xc8, 0x31, 0xe8, 0x31,
  0xc8, 0x31, 0xc8, 0x31, 0xc9, 0x31, 0xc8, 0x31, 0xc9, 0x31, 0xc9, 0x31, 0xc9, 0x31, 0xc8, 0x31, 0xc8, 0x31, 0xe9, 0x31, 0xe9, 0x31, 0xe9, 0x31,
  0xe9, 0x31, 0xe9, 0x31, 0xe9, 0x31, 0xe9, 0x31, 0xc9, 0x31, 0xe9, 0x31, 0xc9, 0x31, 0xe9, 0x31, 0xe9, 0x31, 0xe9, 0x31, 0xe9, 0x31, 0xc9, 0x31,
  0x27, 0x4a, 0x27, 0x4a, 0x27, 0x4a, 0x27, 0x4a, 0x27, 0x4a, 0x27, 0x4a, 0x27, 0x4a, 0x27, 0x4a, 0x27, 0x4a, 0x27, 0x4a, 0x27, 0x4a, 0x27, 0x4a,
  0x27, 0x4a, 0x27, 0x4a, 0x27, 0x4a, 0x27, 0x4a, 0x27, 0x4a, 0x27, 0x4a, 0x27, 0x4a, 0x27, 0x4a, 0x27, 0x4a, 0x27, 0x4a, 0x27, 0x4a, 0x47, 0x4a,
  0x27, 0x4a, 0x27, 0x4a, 0x27, 0x4a, 0x27, 0x4a, 0x27, 0x52, 0x27, 0x4a, 0x27, 0x4a, 0x27, 0x4a, 0x47, 0x4a, 0x27, 0x4a, 0x27, 0x4a, 0x27, 0x4a,
  0x27, 0x4a, 0x27, 0x4a, 0x27, 0x4a, 0x27, 0x4a, 0x27, 0x4a, 0x27, 0x4a, 0x27, 0x4a, 0x27, 0x4a, 0x27, 0x4a, 0x27, 0x4a, 0x27, 0x4a, 0x27, 0x4a,
  0x27, 0x4a, 0x27, 0x4a, 0xe6, 0x53, 0xc6, 0x54, 0x86, 0x65, 0xa6, 0x65, 0xa6, 0x65, 0x86, 0x65, 0x86, 0x65, 0x86, 0x65, 0x86, 0x65, 0x86, 0x65,
  0x86, 0x65, 0x86, 0x65, 0x86, 0x65, 0xa6, 0x65, 0xa6, 0x65, 0xa6, 0x65, 0x84, 0x4c, 0x23, 0x33, 0x20, 0x00, 0x00, 0x00, 0x00, 0x00, 0x00, 0x00,
  0x00, 0x00, 0x00, 0x00, 0x00, 0x00, 0x00, 0x00, 0x20, 0x00, 0x00, 0x00, 0xc0, 0x08, 0xc1, 0x19, 0x85, 0x4c, 0x46, 0x5d, 0xa6, 0x65, 0xa6, 0x65,
  0xa6, 0x65, 0x86, 0x65, 0x86, 0x65, 0x86, 0x65, 0xa6, 0x65, 0xa6, 0x65, 0xa6, 0x65, 0x86, 0x65, 0x65, 0x4c, 0xe2, 0x32, 0x40, 0x11, 0x00, 0x00,
  0x00, 0x00, 0x20, 0x00, 0x00, 0x00, 0x00, 0x00, 0x00, 0x00, 0x00, 0x00, 0x00, 0x00, 0x00, 0x00, 0x00, 0x00, 0x00, 0x00, 0x00, 0x00, 0x00, 0x00,
  0x00, 0x00, 0x00, 0x00, 0x00, 0x00, 0x00, 0x00, 0x00, 0x00, 0x00, 0x00, 0x00, 0x00, 0x00, 0x00, 0x00, 0x00, 0x60, 0x00, 0xe0, 0x08, 0xc4, 0x43,
  0xc5, 0x54, 0xa6, 0x65, 0xa6, 0x65, 0xa6, 0x65, 0x86, 0x65, 0x86, 0x65, 0x86, 0x65, 0x86, 0x65, 0x86, 0x65, 0xa6, 0x65, 0xa6, 0x65, 0xe5, 0x54,
  0x63, 0x3b, 0xc1, 0x19, 0x00, 0x00, 0x20, 0x00, 0x40, 0x00, 0x00, 0x00, 0x00, 0x00, 0x00, 0x00, 0x00, 0x00, 0x00, 0x00, 0x00, 0x00, 0x00, 0x00,
  0x60, 0x00, 0xe0, 0x08, 0xa4, 0x43, 0xc5, 0x54, 0xa6, 0x65, 0xa6, 0x65, 0xa6, 0x65, 0x86, 0x65, 0x86, 0x65, 0x86, 0x65, 0x86, 0x65, 0x86, 0x65,
  0x86, 0x65, 0x86, 0x65, 0x86, 0x65, 0x86, 0x65, 0x86, 0x65, 0x86, 0x65, 0x86, 0x65, 0x86, 0x65, 0x86, 0x65, 0x86, 0x65, 0x86, 0x65, 0xa6, 0x65,
  0xa6, 0x65, 0xa6, 0x65, 0xa6, 0x65, 0xa6, 0x65, 0xa6, 0x65, 0xa6, 0x65, 0xa6, 0x65, 0xa6, 0x65, 0xa6, 0x65, 0xa6, 0x65, 0xa6, 0x65, 0x66, 0x5d,
  0x46, 0x5d, 0x05, 0x5d, 0x85, 0x4c, 0x04, 0x44, 0x83, 0x3b, 0x82, 0x2a, 0xc1, 0x19, 0x20, 0x11, 0x60, 0x00, 0x20, 0x00, 0x20, 0x00, 0x20, 0x00,
  0x20, 0x00, 0x00, 0x00, 0x00, 0x00, 0x00, 0x00, 0x00, 0x00, 0x00, 0x00, 0x00, 0x00, 0x00, 0x00, 0x00, 0x00, 0x00, 0x00, 0x00, 0x00, 0x00, 0x00,
  0x00, 0x00, 0x00, 0x00, 0x00, 0x00, 0x00, 0x00, 0x00, 0x00, 0x60, 0x00, 0x20, 0x00, 0x20, 0x00, 0x62, 0x2a, 0x04, 0x44, 0x66, 0x65, 0xa6, 0x65,
  0xa6, 0x5d, 0x86, 0x65, 0x86, 0x65, 0x86, 0x65, 0x86, 0x65, 0x86, 0x65, 0x86, 0x65, 0x86, 0x65, 0x86, 0x65, 0x86, 0x65, 0x86, 0x65, 0x86, 0x65,
  0x66, 0x5d, 0x46, 0x5d, 0xc8, 0x31, 0xc8, 0x39, 0xc8, 0x39, 0xc8, 0x31, 0xc8, 0x31, 0xe8, 0x31, 0xc8, 0x31, 0xe8, 0x31, 0xc8, 0x39, 0xc8, 0x31,
  0xc8, 0x39, 0xe8, 0x31, 0xc8, 0x31, 0xe8, 0x31, 0xe8, 0x31, 0xc8, 0x31, 0xe8, 0x39, 0xc8, 0x31, 0xc8, 0x31, 0xc8, 0x31, 0xc8, 0x31, 0xc8, 0x31,
  0xc8, 0x31, 0xc8, 0x31, 0xc9, 0x31, 0xc8, 0x31, 0xe9, 0x31, 0xc8, 0x31, 0xc9, 0x31, 0xc9, 0x31, 0xc9, 0x31, 0xc9, 0x31, 0xe9, 0x31, 0xc9, 0x31,
  0xc8, 0x31, 0xc9, 0x31, 0xe9, 0x31, 0xc9, 0x31, 0xe9, 0x31, 0xe9, 0x31, 0xe9, 0x31, 0xe9, 0x31, 0xe9, 0x31, 0xe9, 0x31, 0xc9, 0x31, 0xe9, 0x31,
  0x27, 0x4a, 0x27, 0x4a, 0x27, 0x4a, 0x27, 0x4a, 0x27, 0x4a, 0x27, 0x4a, 0x27, 0x4a, 0x27, 0x4a, 0x27, 0x4a, 0x27, 0x4a, 0x27, 0x4a, 0x27, 0x4a,
  0x27, 0x4a, 0x27, 0x4a, 0x27, 0x4a, 0x27, 0x4a, 0x27, 0x4a, 0x27, 0x4a, 0x27, 0x4a, 0x27, 0x4a, 0x27, 0x4a, 0x27, 0x4a, 0x27, 0x4a, 0x27, 0x4a,
  0x27, 0x4a, 0x27, 0x4a, 0x27, 0x4a, 0x27, 0x4a, 0x27, 0x4a, 0x27, 0x4a, 0x27, 0x4a, 0x27, 0x4a, 0x27, 0x4a, 0x27, 0x4a, 0x27, 0x4a, 0x27, 0x4a,
  0x27, 0x4a, 0x27, 0x4a, 0x27, 0x4a, 0x27, 0x4a, 0x27, 0x4a, 0x27, 0x4a, 0x27, 0x4a, 0x27, 0x4a, 0x27, 0x4a, 0x27, 0x4a, 0x27, 0x4a, 0x27, 0x4a,
  0x27, 0x4a, 0x27, 0x4a, 0xe6, 0x53, 0xa6, 0x54, 0x86, 0x65, 0xa6, 0x65, 0x86, 0x65, 0x86, 0x65, 0x86, 0x65, 0x86, 0x65, 0x86, 0x65, 0x86, 0x65,
  0x86, 0x65, 0x86, 0x65, 0x86, 0x65, 0x86, 0x65, 0xa7, 0x65, 0xa6, 0x65, 0x84, 0x4c, 0x23, 0x33, 0x20, 0x00, 0x00, 0x00, 0x00, 0x00, 0x00, 0x00,
  0x00, 0x00, 0x00, 0x00, 0x00, 0x00, 0x00, 0x00, 0x40, 0x00, 0x00, 0x00, 0xc0, 0x08, 0xe1, 0x21, 0x85, 0x54, 0x46, 0x5d, 0xc6, 0x65, 0xc6, 0x65,
  0xa6, 0x65, 0xa6, 0x65, 0xa6, 0x65, 0xa6, 0x65, 0xa6, 0x65, 0xc6, 0x65, 0xc6, 0x65, 0xa6, 0x65, 0x64, 0x4c, 0xe2, 0x32, 0x41, 0x11, 0x00, 0x00,
  0x00, 0x00, 0x20, 0x00, 0x00, 0x00, 0x00, 0x00, 0x00, 0x00, 0x00, 0x00, 0x00, 0x00, 0x00, 0x00, 0x00, 0x00, 0x00, 0x00, 0x00, 0x00, 0x00, 0x00,
  0x00, 0x00, 0x00, 0x00, 0x00, 0x00, 0x00, 0x00, 0x00, 0x00, 0x00, 0x00, 0x00, 0x00, 0x00, 0x00, 0x00, 0x00, 0x60, 0x00, 0xe0, 0x08, 0xa4, 0x43,
  0xc5, 0x54, 0xc6, 0x65, 0xa6, 0x65, 0xa6, 0x65, 0xa6, 0x65, 0xa6, 0x65, 0xa6, 0x65, 0xa6, 0x65, 0xa6, 0x65, 0xa6, 0x65, 0xa6, 0x65, 0x05, 0x55,
  0x63, 0x3b, 0xc1, 0x19, 0x00, 0x00, 0x20, 0x00, 0x40, 0x00, 0x00, 0x00, 0x00, 0x00, 0x00, 0x00, 0x00, 0x00, 0x00, 0x00, 0x00, 0x00, 0x00, 0x00,
  0x60, 0x00, 0x00, 0x09, 0xa3, 0x43, 0xe5, 0x54, 0xc6, 0x65, 0xa6, 0x65, 0xa6, 0x65, 0xa6, 0x65, 0xa6, 0x65, 0xa6, 0x65, 0xa6, 0x65, 0xa6, 0x65,
  0xa6, 0x65, 0xa6, 0x65, 0xa6, 0x65, 0xa6, 0x65, 0xa6, 0x65, 0xa6, 0x65, 0xa6, 0x65, 0xa6, 0x65, 0xa6, 0x65, 0xa6, 0x65, 0xa6, 0x65, 0xa6, 0x65,
  0xa6, 0x65, 0xa6, 0x65, 0xa6, 0x65, 0xa6, 0x65, 0xa6, 0x65, 0x86, 0x65, 0x86, 0x65, 0x86, 0x65, 0x86, 0x65, 0x65, 0x5d, 0x46, 0x5d, 0xe5, 0x54,
  0xa5, 0x4c, 0x44, 0x4c, 0x03, 0x33, 0x62, 0x2a, 0xc1, 0x19, 0xc0, 0x08, 0x60, 0x00, 0x00, 0x00, 0x00, 0x00, 0x20, 0x00, 0x40, 0x00, 0x00, 0x00,
  0x00, 0x00, 0x00, 0x00, 0x00, 0x00, 0x00, 0x00, 0x00, 0x00, 0x00, 0x00, 0x00, 0x00, 0x00, 0x00, 0x00, 0x00, 0x00, 0x00, 0x00, 0x00, 0x00, 0x00,
  0x00, 0x00, 0x00, 0x00, 0x00, 0x00, 0x00, 0x00, 0x00, 0x00, 0x40, 0x00, 0x20, 0x00, 0x20, 0x00, 0x62, 0x2a, 0x04, 0x4c, 0x86, 0x5d, 0xa6, 0x65,
  0xa6, 0x65, 0x86, 0x65, 0x86, 0x65, 0x86, 0x65, 0x86, 0x65, 0x86, 0x65, 0x86, 0x65, 0x86, 0x65, 0x86, 0x65, 0x86, 0x65, 0x86, 0x65, 0x86, 0x5d,
  0x66, 0x65, 0x46, 0x5d, 0xe8, 0x39, 0xc8, 0x39, 0xc8, 0x31, 0xc8, 0x39, 0xc8, 0x31, 0xc8, 0x39, 0xc8, 0x31, 0xc8, 0x31, 0xc8, 0x31, 0xc8, 0x39,
  0xc8, 0x31, 0xc8, 0x31, 0xc8, 0x31, 0xc8, 0x31, 0xc8, 0x31, 0xc8, 0x31, 0xc8, 0x31, 0xc8, 0x31, 0xc8, 0x31, 0xc8, 0x31, 0xc8, 0x31, 0xe8, 0x31,
  0xc8, 0x31, 0xc8, 0x31, 0xc8, 0x31, 0xc9, 0x31, 0xc8, 0x31, 0xe9, 0x31, 0xe9, 0x31, 0xc8, 0x31, 0xe9, 0x31, 0xc8, 0x31, 0xe9, 0x31, 0xc8, 0x31,
  0xc9, 0x31, 0xe9, 0x31, 0xc9, 0x31, 0xe9, 0x31, 0xe9, 0x31, 0xe9, 0x31, 0xc9, 0x31, 0xe9, 0x31, 0xc9, 0x31, 0xc9, 0x31, 0xe9, 0x31, 0xc9, 0x31,
  0x27, 0x4a, 0x27, 0x4a, 0x07, 0x4a, 0x27, 0x4a, 0x27, 0x4a, 0x27, 0x4a, 0x27, 0x4a, 0x07, 0x4a, 0x27, 0x4a, 0x47, 0x4a, 0x47, 0x4a, 0x27, 0x4a,
  0x27, 0x4a, 0x27, 0x4a, 0x27, 0x4a, 0x27, 0x4a, 0x27, 0x4a, 0x47, 0x4a, 0x27, 0x4a, 0x27, 0x4a, 0x27, 0x4a, 0x27, 0x4a, 0x27, 0x4a, 0x27, 0x4a,
  0x27, 0x4a, 0x27, 0x4a, 0x27, 0x4a, 0x27, 0x4a, 0x27, 0x52, 0x27, 0x4a, 0x27, 0x4a, 0x27, 0x4a, 0x27, 0x4a, 0x27, 0x4a, 0x27, 0x4a, 0x27, 0x4a,
  0x27, 0x52, 0x27, 0x4a, 0x27, 0x4a, 0x27, 0x52, 0x27, 0x4a, 0x27, 0x4a, 0x27, 0x4a, 0x27, 0x4a, 0x27, 0x4a, 0x27, 0x4a, 0x27, 0x4a, 0x27, 0x4a,
  0x27, 0x4a, 0x27, 0x4a, 0xe6, 0x4b, 0xc6, 0x54, 0x66, 0x5d, 0xa6, 0x65, 0x86, 0x65, 0x86, 0x5d, 0x86, 0x65, 0x86, 0x65, 0x86, 0x65, 0x86, 0x65,
  0x86, 0x65, 0x86, 0x65, 0x86, 0x65, 0x86, 0x65, 0xa6, 0x65, 0x86, 0x65, 0x65, 0x4c, 0x23, 0x33, 0x20, 0x00, 0x00, 0x00, 0x00, 0x00, 0x00, 0x00,
  0x00, 0x00, 0x00, 0x00, 0x00, 0x00, 0x20, 0x00, 0x20, 0x00, 0x00, 0x00, 0xc0, 0x08, 0xc1, 0x19, 0x45, 0x4c, 0x05, 0x55, 0x86, 0x65, 0x86, 0x5d,
  0x66, 0x5d, 0x66, 0x5d, 0x66, 0x5d, 0x65, 0x5d, 0x66, 0x5d, 0x86, 0x65, 0x66, 0x5d, 0x85, 0x5d, 0x45, 0x4c, 0xc2, 0x2a, 0x40, 0x11, 0x00, 0x00,
  0x20, 0x00, 0x20, 0x00, 0x00, 0x00, 0x00, 0x00, 0x00, 0x00, 0x00, 0x00, 0x00, 0x00, 0x00, 0x00, 0x00, 0x00, 0x00, 0x00, 0x00, 0x00, 0x00, 0x00,
  0x00, 0x00, 0x00, 0x00, 0x00, 0x00, 0x00, 0x00, 0x00, 0x00, 0x00, 0x00, 0x20, 0x00, 0x20, 0x00, 0x00, 0x00, 0x60, 0x00, 0xe0, 0x08, 0x84, 0x3b,
  0xc5, 0x54, 0x86, 0x65, 0x86, 0x65, 0x86, 0x5d, 0x66, 0x5d, 0x66, 0x5d, 0x65, 0x5d, 0x65, 0x5d, 0x66, 0x5d, 0x86, 0x65, 0x86, 0x5d, 0xc5, 0x54,
  0x43, 0x33, 0xa1, 0x19, 0x20, 0x00, 0x20, 0x00, 0x40, 0x00, 0x00, 0x00, 0x00, 0x00, 0x00, 0x00, 0x00, 0x00, 0x00, 0x00, 0x20, 0x00, 0x00, 0x00,
  0x40, 0x00, 0xc0, 0x08, 0xa4, 0x3b, 0xa5, 0x54, 0x86, 0x65, 0x86, 0x5d, 0x66, 0x5d, 0x66, 0x5d, 0x65, 0x5d, 0x65, 0x5d, 0x65, 0x5d, 0x65, 0x5d,
  0x65, 0x5d, 0x65, 0x5d, 0x65, 0x5d, 0x65, 0x5d, 0x65, 0x5d, 0x65, 0x5d, 0x66, 0x5d, 0x65, 0x5d, 0x66, 0x5d, 0x66, 0x5d, 0x86, 0x65, 0x66, 0x5d,
  0x66, 0x5d, 0x46, 0x5d, 0x46, 0x5d, 0x06, 0x5d, 0xe5, 0x54, 0xa5, 0x4c, 0x85, 0x4c, 0x24, 0x4c, 0xa3, 0x3b, 0x43, 0x3b, 0xe2, 0x32, 0x42, 0x22,
  0x01, 0x22, 0x81, 0x19, 0x40, 0x00, 0x20, 0x00, 0x20, 0x00, 0x00, 0x00, 0x20, 0x00, 0x40, 0x00, 0x00, 0x00, 0x00, 0x00, 0x00, 0x00, 0x00, 0x00,
  0x00, 0x00, 0x00, 0x00, 0x00, 0x00, 0x00, 0x00, 0x00, 0x00, 0x00, 0x00, 0x00, 0x00, 0x00, 0x00, 0x00, 0x00, 0x00, 0x00, 0x00, 0x00, 0x00, 0x00,
  0x00, 0x00, 0x00, 0x00, 0x00, 0x00, 0x00, 0x00, 0x00, 0x00, 0x60, 0x00, 0x20, 0x00, 0x20, 0x00, 0x62, 0x2a, 0x04, 0x44, 0x86, 0x65, 0xa6, 0x65,
  0x86, 0x65, 0x86, 0x65, 0x86, 0x65, 0x86, 0x65, 0x86, 0x65, 0x86, 0x65, 0x86, 0x65, 0x86, 0x65, 0x86, 0x65, 0x66, 0x65, 0x66, 0x5d, 0x86, 0x65,
  0x66, 0x5d, 0x46, 0x5d, 0xc8, 0x39, 0xc8, 0x31, 0xc8, 0x39, 0xe8, 0x31, 0xc8, 0x39, 0xe8, 0x31, 0xe8, 0x31, 0xe8, 0x31, 0xc8, 0x31, 0xc8, 0x31,
  0xe8, 0x39, 0xe8, 0x39, 0xc8, 0x31, 0xe8, 0x39, 0xc8, 0x31, 0xc8, 0x31, 0xc8, 0x31, 0xc8, 0x31, 0xc8, 0x31, 0xe8, 0x39, 0xc8, 0x31, 0xc8, 0x39,
  0xe9, 0x31, 0xc8, 0x31, 0xc9, 0x31, 0xc8, 0x31, 0xe8, 0x31, 0xc8, 0x31, 0xe9, 0x31, 0xe9, 0x31, 0xe8, 0x31, 0xe9, 0x31, 0xc8, 0x31, 0xe9, 0x31,
  0xc9, 0x31, 0xc9, 0x31, 0xc9, 0x31, 0xc8, 0x31, 0xc9, 0x31, 0xc9, 0x31, 0xe9, 0x31, 0xe9, 0x31, 0xe9, 0x31, 0xc9, 0x31, 0xc9, 0x31, 0xc9, 0x31,
  0x27, 0x4a, 0x27, 0x4a, 0x27, 0x4a, 0x07, 0x4a, 0x27, 0x4a, 0x07, 0x4a, 0x27, 0x4a, 0x27, 0x4a, 0x27, 0x4a, 0x07, 0x4a, 0x27, 0x4a, 0x07, 0x4a,
  0x27, 0x4a, 0x27, 0x4a, 0x07, 0x4a, 0x27, 0x4a, 0x27, 0x4a, 0x07, 0x4a, 0x07, 0x4a, 0x27, 0x4a, 0x27, 0x4a, 0x27, 0x4a, 0x27, 0x4a, 0x27, 0x4a,
  0x27, 0x4a, 0x27, 0x4a, 0x27, 0x4a, 0x27, 0x4a, 0x27, 0x4a, 0x27, 0x4a, 0x27, 0x4a, 0x27, 0x4a, 0x27, 0x4a, 0x27, 0x4a, 0x27, 0x4a, 0x27, 0x4a,
  0x27, 0x4a, 0x27, 0x4a, 0x27, 0x4a, 0x27, 0x4a, 0x27, 0x4a, 0x27, 0x4a, 0x27, 0x4a, 0x27, 0x4a, 0x27, 0x4a, 0x27, 0x4a, 0x27, 0x4a, 0x27, 0x4a,
  0x27, 0x4a, 0x27, 0x4a, 0xe6, 0x4b, 0xa5, 0x54, 0x86, 0x65, 0xa6, 0x5d, 0x86, 0x65, 0x86, 0x65, 0x86, 0x65, 0x86, 0x65, 0x66, 0x5d, 0x66, 0x5d,
  0x86, 0x65, 0x86, 0x65, 0x86, 0x65, 0x86, 0x65, 0xa6, 0x65, 0x86, 0x65, 0x65, 0x4c, 0x23, 0x33, 0x20, 0x00, 0x00, 0x00, 0x00, 0x00, 0x00, 0x00,
  0x00, 0x00, 0x00, 0x00, 0x00, 0x00, 0x00, 0x00, 0x20, 0x00, 0x00, 0x00, 0x80, 0x00, 0x20, 0x11, 0x23, 0x33, 0x83, 0x3b, 0xe4, 0x43, 0xe4, 0x43,
  0xe4, 0x43, 0xe4, 0x43, 0xe4, 0x43, 0xe4, 0x43, 0xe4, 0x43, 0xe4, 0x43, 0xe4, 0x43, 0xc4, 0x43, 0x02, 0x33, 0xe1, 0x19, 0xc0, 0x08, 0x00, 0x00,
  0x00, 0x00, 0x00, 0x00, 0x00, 0x00, 0x00, 0x00, 0x00, 0x00, 0x00, 0x00, 0x00, 0x00, 0x00, 0x00, 0x00, 0x00, 0x00, 0x00, 0x00, 0x00, 0x00, 0x00,
  0x00, 0x00, 0x00, 0x00, 0x00, 0x00, 0x00, 0x00, 0x00, 0x00, 0x00, 0x00, 0x00, 0x00, 0x00, 0x00, 0x00, 0x00, 0x40, 0x00, 0xa0, 0x00, 0x82, 0x2a,
  0x43, 0x3b, 0xe4, 0x43, 0xe4, 0x43, 0xe4, 0x43, 0xe4, 0x43, 0xe4, 0x43, 0xe4, 0x43, 0xe4, 0x43, 0xe4, 0x43, 0xe4, 0x43, 0xc4, 0x43, 0x63, 0x3b,
  0x42, 0x2a, 0x20, 0x11, 0x00, 0x00, 0x00, 0x00, 0x20, 0x00, 0x00, 0x00, 0x00, 0x00, 0x00, 0x00, 0x00, 0x00, 0x00, 0x00, 0x00, 0x00, 0x00, 0x00,
  0x40, 0x00, 0xa0, 0x00, 0x82, 0x2a, 0x63, 0x3b, 0xe4, 0x43, 0xe4, 0x43, 0xe4, 0x43, 0xe4, 0x43, 0xe4, 0x43, 0xe4, 0x43, 0xe4, 0x43, 0xe4, 0x43,
  0xe4, 0x43, 0xe4, 0x43, 0xe4, 0x43, 0xe4, 0x43, 0xe4, 0x43, 0xe4, 0x43, 0xe4, 0x43, 0xe4, 0x43, 0xe4, 0x43, 0xe4, 0x43, 0xe4, 0x43, 0xc3, 0x43,
  0xc4, 0x43, 0xc4, 0x43, 0x83, 0x3b, 0x63, 0x3b, 0x63, 0x3b, 0x23, 0x33, 0xe2, 0x2a, 0x82, 0x2a, 0xc1, 0x19, 0x81, 0x19, 0x40, 0x11, 0x00, 0x11,
  0xe0, 0x08, 0xc0, 0x08, 0x20, 0x00, 0x20, 0x00, 0x20, 0x00, 0x00, 0x00, 0x00, 0x00, 0x20, 0x00, 0x00, 0x00, 0x00, 0x00, 0x00, 0x00, 0x00, 0x00,
  0x00, 0x00, 0x00, 0x00, 0x00, 0x00, 0x00, 0x00, 0x00, 0x00, 0x00, 0x00, 0x00, 0x00, 0x00, 0x00, 0x00, 0x00, 0x00, 0x00, 0x00, 0x00, 0x00, 0x00,
  0x00, 0x00, 0x00, 0x00, 0x00, 0x00, 0x00, 0x00, 0x00, 0x00, 0x40, 0x00, 0x20, 0x00, 0x20, 0x00, 0x42, 0x2a, 0x04, 0x44, 0x66, 0x5d, 0xa6, 0x65,
  0x86, 0x65, 0x86, 0x65, 0x86, 0x65, 0x86, 0x65, 0x86, 0x5d, 0x86, 0x65, 0x86, 0x65, 0x86, 0x65, 0x86, 0x65, 0x86, 0x65, 0x86, 0x5d, 0x86, 0x5d,
  0x66, 0x5d, 0x25, 0x5d, 0xc8, 0x31, 0xc8, 0x39, 0xe8, 0x39, 0xc8, 0x39, 0xe8, 0x31, 0xc8, 0x39, 0xc8, 0x39, 0xc8, 0x39, 0xe8, 0x31, 0xc8, 0x39,
  0xc8, 0x31, 0xc8, 0x31, 0xc8, 0x39, 0xc8, 0x31, 0xc8, 0x39, 0xc8, 0x31, 0xe8, 0x39, 0xe8, 0x39, 0xc8, 0x31, 0xc8, 0x31, 0xc8, 0x31, 0xc8, 0x31,
  0xc8, 0x31, 0xc8, 0x31, 0xc8, 0x31, 0xc8, 0x31, 0xc8, 0x31, 0xc8, 0x31, 0xc8, 0x31, 0xc8, 0x31, 0xe9, 0x31, 0xc8, 0x31, 0xc9, 0x31, 0xc8, 0x31,
  0xc9, 0x31, 0xc8, 0x31, 0xc9, 0x31, 0xc9, 0x31, 0xe8, 0x31, 0xc9, 0x31, 0xc9, 0x31, 0xc9, 0x31, 0xc9, 0x31, 0xc9, 0x31, 0xe9, 0x31, 0xe9, 0x31,
  0x27, 0x4a, 0x27, 0x4a, 0x27, 0x4a, 0x27, 0x4a, 0x27, 0x4a, 0x07, 0x4a, 0x27, 0x4a, 0x27, 0x4a, 0x27, 0x4a, 0x27, 0x4a, 0x27, 0x4a, 0x27, 0x4a,
  0x27, 0x4a, 0x27, 0x4a, 0x27, 0x4a, 0x27, 0x4a, 0x27, 0x4a, 0x27, 0x4a, 0x27, 0x4a, 0x27, 0x4a, 0x27, 0x4a, 0x27, 0x4a, 0x27, 0x4a, 0x27, 0x4a,
  0x27, 0x4a, 0x27, 0x4a, 0x27, 0x4a, 0x27, 0x4a, 0x07, 0x4a, 0x27, 0x4a, 0x27, 0x4a, 0x27, 0x4a, 0x27, 0x4a, 0x27, 0x4a, 0x27, 0x4a, 0x27, 0x4a,
  0x27, 0x4a, 0x27, 0x4a, 0x27, 0x4a, 0x27, 0x4a, 0x27, 0x4a, 0x27, 0x4a, 0x27, 0x4a, 0x27, 0x4a, 0x27, 0x4a, 0x27, 0x4a, 0x27, 0x4a, 0x27, 0x4a,
  0x27, 0x4a, 0x27, 0x4a, 0xe6, 0x4b, 0xa6, 0x5c, 0x66, 0x5d, 0x86, 0x65, 0x86, 0x5d, 0x66, 0x5d, 0x86, 0x65, 0x86, 0x65, 0x86, 0x65, 0x86, 0x65,
  0x86, 0x65, 0x86, 0x65, 0x66, 0x5d, 0x86, 0x5d, 0x86, 0x65, 0x86, 0x65, 0x85, 0x4c, 0x02, 0x33, 0x20, 0x00, 0x00, 0x00, 0x00, 0x00, 0x00, 0x00,
  0x00, 0x00, 0x00, 0x00, 0x00, 0x00, 0x00, 0x00, 0x00, 0x00, 0x00, 0x00, 0x40, 0x00, 0x80, 0x00, 0xc1, 0x19, 0x02, 0x22, 0x42, 0x22, 0x42, 0x22,
  0x42, 0x22, 0x21, 0x22, 0x21, 0x22, 0x21, 0x22, 0x21, 0x22, 0x41, 0x22, 0x42, 0x22, 0x41, 0x22, 0xa1, 0x19, 0x00, 0x11, 0x60, 0x00, 0x00, 0x00,
  0x00, 0x00, 0x00, 0x00, 0x00, 0x00, 0x00, 0x00, 0x00, 0x00, 0x00, 0x00, 0x00, 0x00, 0x00, 0x00, 0x00, 0x00, 0x00, 0x00, 0x00, 0x00, 0x00, 0x00,
  0x00, 0x00, 0x00, 0x00, 0x00, 0x00, 0x00, 0x00, 0x00, 0x00, 0x00, 0x00, 0x00, 0x00, 0x00, 0x00, 0x00, 0x00, 0x00, 0x00, 0x40, 0x00, 0x60, 0x19,
  0xc1, 0x19, 0x42, 0x22, 0x42, 0x22, 0x42, 0x22, 0x21, 0x22, 0x21, 0x22, 0x21, 0x22, 0x21, 0x22, 0x21, 0x22, 0x21, 0x22, 0x21, 0x22, 0xe1, 0x21,
  0x40, 0x11, 0xa0, 0x08, 0x00, 0x00, 0x00, 0x00, 0x00, 0x00, 0x00, 0x00, 0x00, 0x00, 0x00, 0x00, 0x00, 0x00, 0x00, 0x00, 0x00, 0x00, 0x00, 0x00,
  0x00, 0x00, 0x40, 0x00, 0x61, 0x19, 0xe1, 0x19, 0x41, 0x22, 0x42, 0x22, 0x42, 0x22, 0x21, 0x22, 0x21, 0x22, 0x21, 0x22, 0x21, 0x22, 0x21, 0x22,
  0x21, 0x22, 0x21, 0x22, 0x21, 0x22, 0x21, 0x22, 0x21, 0x22, 0x21, 0x22, 0x21, 0x22, 0x21, 0x22, 0x21, 0x22, 0x21, 0x22, 0x42, 0x22, 0x21, 0x22,
  0x02, 0x22, 0x01, 0x22, 0xe1, 0x19, 0xe1, 0x19, 0xc1, 0x19, 0x81, 0x11, 0x20, 0x11, 0xe0, 0x08, 0x00, 0x00, 0x00, 0x00, 0x00, 0x00, 0x00, 0x00,
  0x00, 0x00, 0x00, 0x00, 0x20, 0x00, 0x40, 0x00, 0x60, 0x00, 0x20, 0x00, 0x20, 0x00, 0x00, 0x00, 0x00, 0x00, 0x00, 0x00, 0x00, 0x00, 0x00, 0x00,
  0x00, 0x00, 0x00, 0x00, 0x00, 0x00, 0x00, 0x00, 0x00, 0x00, 0x00, 0x00, 0x00, 0x00, 0x00, 0x00, 0x00, 0x00, 0x00, 0x00, 0x00, 0x00, 0x00, 0x00,
  0x00, 0x00, 0x00, 0x00, 0x00, 0x00, 0x00, 0x00, 0x00, 0x00, 0x60, 0x00, 0x20, 0x00, 0x20, 0x00, 0x62, 0x22, 0xe4, 0x43, 0x66, 0x5d, 0x86, 0x65,
  0x86, 0x5d, 0x66, 0x5d, 0x86, 0x65, 0x86, 0x65, 0x86, 0x65, 0x86, 0x65, 0x86, 0x65, 0x86, 0x65, 0x86, 0x65, 0x86, 0x65, 0x66, 0x65, 0x86, 0x65,
  0x66, 0x5d, 0x46, 0x5d, 0xc8, 0x31, 0xc8, 0x39, 0xc8, 0x39, 0xc8, 0x31, 0xc8, 0x31, 0xe8, 0x39, 0xc8, 0x31, 0xc8, 0x31, 0xc8, 0x31, 0xc8, 0x31,
  0xc8, 0x31, 0xc8, 0x31, 0xc8, 0x31, 0xe8, 0x31, 0xc8, 0x31, 0xc8, 0x31, 0xc8, 0x31, 0xc8, 0x31, 0xc8, 0x31, 0xc8, 0x31, 0xc8, 0x31, 0xc8, 0x31,
  0xc8, 0x31, 0xc8, 0x31, 0xc8, 0x31, 0xc8, 0x31, 0xc8, 0x31, 0xc8, 0x31, 0xc8, 0x31, 0xc8, 0x31, 0xc8, 0x31, 0xe9, 0x31, 0xc8, 0x31, 0xc9, 0x31,
  0xc9, 0x31, 0xe8, 0x31, 0xc8, 0x31, 0xc9, 0x31, 0xc9, 0x31, 0xc9, 0x31, 0xe9, 0x31, 0xc9, 0x31, 0xc9, 0x31, 0xe9, 0x31, 0xc9, 0x31, 0xe9, 0x31,
  0x07, 0x4a, 0x27, 0x4a, 0x07, 0x4a, 0x27, 0x4a, 0x27, 0x4a, 0x27, 0x4a, 0x27, 0x4a, 0x27, 0x4a, 0x27, 0x4a, 0x27, 0x4a, 0x07, 0x4a, 0x27, 0x4a,
  0x27, 0x4a, 0x27, 0x4a, 0x27, 0x4a, 0x27, 0x4a, 0x27, 0x4a, 0x27, 0x4a, 0x27, 0x4a, 0x07, 0x4a, 0x27, 0x4a, 0x27, 0x4a, 0x27, 0x4a, 0x27, 0x4a,
  0x27, 0x4a, 0x27, 0x4a, 0x27, 0x4a, 0x27, 0x4a, 0x27, 0x4a, 0x27, 0x4a, 0x27, 0x4a, 0x27, 0x4a, 0x27, 0x4a, 0x28, 0x4a, 0x27, 0x4a, 0x27, 0x4a,
  0x27, 0x4a, 0x27, 0x4a, 0x27, 0x4a, 0x27, 0x4a, 0x27, 0x4a, 0x27, 0x4a, 0x27, 0x4a, 0x27, 0x4a, 0x27, 0x4a, 0x27, 0x4a, 0x27, 0x4a, 0x27, 0x4a,
  0x27, 0x4a, 0x27, 0x4a, 0xe6, 0x53, 0xa5, 0x54, 0x66, 0x5d, 0x86, 0x65, 0x86, 0x65, 0x66, 0x5d, 0x66, 0x5d, 0x66, 0x5d, 0x66, 0x5d, 0x66, 0x5d,
  0x66, 0x5d, 0x66, 0x5d, 0x66, 0x5d, 0x86, 0x5d, 0x86, 0x65, 0x86, 0x65, 0xa5, 0x4c, 0x63, 0x3b, 0xa0, 0x00, 0x20, 0x00, 0x00, 0x00, 0x00, 0x00,
  0x00, 0x00, 0x00, 0x00, 0x00, 0x00, 0x00, 0x00, 0x00, 0x00, 0x00, 0x00, 0x00, 0x00, 0x00, 0x00, 0x00, 0x00, 0x20, 0x00, 0x20, 0x00, 0x20, 0x00,
  0x20, 0x00, 0x20, 0x00, 0x20, 0x00, 0x20, 0x00, 0x20, 0x00, 0x00, 0x00, 0x20, 0x00, 0x20, 0x00, 0x00, 0x00, 0x00, 0x00, 0x00, 0x00, 0x00, 0x00,
  0x00, 0x00, 0x00, 0x00, 0x00, 0x00, 0x00, 0x00, 0x00, 0x00, 0x00, 0x00, 0x00, 0x00, 0x00, 0x00, 0x00, 0x00, 0x00, 0x00, 0x00, 0x00, 0x00, 0x00,
  0x00, 0x00, 0x00, 0x00, 0x00, 0x00, 0x00, 0x00, 0x00, 0x00, 0x00, 0x00, 0x00, 0x00, 0x00, 0x00, 0x00, 0x00, 0x00, 0x00, 0x00, 0x00, 0x20, 0x00,
  0x00, 0x00, 0x20, 0x00, 0x20, 0x00, 0x20, 0x00, 0x20, 0x00, 0x20, 0x00, 0x20, 0x00, 0x20, 0x00, 0x20, 0x00, 0x20, 0x00, 0x20, 0x00, 0x00, 0x00,
  0x00, 0x00, 0x00, 0x00, 0x00, 0x00, 0x00, 0x00, 0x00, 0x00, 0x00, 0x00, 0x00, 0x00, 0x00, 0x00, 0x00, 0x00, 0x00, 0x00, 0x00, 0x00, 0x00, 0x00,
  0x00, 0x00, 0x00, 0x00, 0x00, 0x00, 0x00, 0x00, 0x20, 0x00, 0x00, 0x00, 0x00, 0x00, 0x20, 0x00, 0x20, 0x00, 0x20, 0x00, 0x20, 0x00, 0x20, 0x00,
  0x20, 0x00, 0x20, 0x00, 0x20, 0x00, 0x20, 0x00, 0x20, 0x00, 0x20, 0x00, 0x20, 0x00, 0x20, 0x00, 0x20, 0x00, 0x20, 0x00, 0x20, 0x00, 0x00, 0x00,
  0x20, 0x00, 0x00, 0x00, 0x20, 0x00, 0x00, 0x00, 0x00, 0x00, 0x20, 0x00, 0x00, 0x00, 0x00, 0x00, 0x00, 0x00, 0x20, 0x00, 0x40, 0x00, 0x40, 0x00,
  0x20, 0x00, 0x20, 0x00, 0x00, 0x00, 0x00, 0x00, 0x00, 0x00, 0x00, 0x00, 0x00, 0x00, 0x00, 0x00, 0x00, 0x00, 0x00, 0x00, 0x00, 0x00, 0x00, 0x00,
  0x00, 0x00, 0x00, 0x00, 0x00, 0x00, 0x00, 0x00, 0x00, 0x00, 0x00, 0x00, 0x00, 0x00, 0x00, 0x00, 0x00, 0x00, 0x00, 0x00, 0x00, 0x00, 0x00, 0x00,
  0x00, 0x00, 0x00, 0x00, 0x00, 0x00, 0x00, 0x00, 0x00, 0x00, 0x20, 0x00, 0x20, 0x00, 0x20, 0x00, 0xa2, 0x2a, 0x24, 0x4c, 0x86, 0x65, 0x86, 0x65,
  0x86, 0x65, 0x66, 0x5d, 0x66, 0x5d, 0x66, 0x5d, 0x86, 0x5d, 0x66, 0x5d, 0x66, 0x5d, 0x66, 0x5d, 0x66, 0x5d, 0x66, 0x5d, 0x86, 0x5d, 0x66, 0x5d,
  0x66, 0x5d, 0x25, 0x5d, 0xc8, 0x31, 0xc8, 0x31, 0xc8, 0x31, 0xc8, 0x31, 0xc8, 0x39, 0xc8, 0x39, 0xc8, 0x39, 0xc8, 0x31, 0xc8, 0x31, 0xc8, 0x31,
  0xc8, 0x31, 0xc8, 0x31, 0xe8, 0x31, 0xc8, 0x31, 0xc8, 0x31, 0xc8, 0x31, 0xc8, 0x31, 0xc8, 0x31, 0xc8, 0x31, 0xc8, 0x31, 0xc8, 0x31, 0xc8, 0x31,
  0xc8, 0x31, 0xc8, 0x31, 0xc8, 0x31, 0xc8, 0x31, 0xc8, 0x31, 0xc8, 0x31, 0xc8, 0x31, 0xc8, 0x31, 0xc8, 0x31, 0xc8, 0x31, 0xc8, 0x31, 0xe8, 0x31,
  0xc8, 0x31, 0xc8, 0x31, 0xe9, 0x31, 0xe9, 0x31, 0xc8, 0x31, 0xc9, 0x31, 0xc9, 0x31, 0xc9, 0x31, 0xc9, 0x31, 0xc8, 0x31, 0xc9, 0x31, 0xc9, 0x31,
  0x07, 0x4a, 0x07, 0x4a, 0x07, 0x4a, 0x07, 0x4a, 0x27, 0x4a, 0x27, 0x4a, 0x27, 0x4a, 0x27, 0x4a, 0x27, 0x4a, 0x27, 0x4a, 0x07, 0x4a, 0x27, 0x4a,
  0x07, 0x4a, 0x27, 0x4a, 0x27, 0x4a, 0x27, 0x4a, 0x27, 0x4a, 0x27, 0x4a, 0x27, 0x4a, 0x27, 0x4a, 0x27, 0x4a, 0x27, 0x4a, 0x27, 0x4a, 0x27, 0x4a,
  0x27, 0x4a, 0x27, 0x4a, 0x27, 0x4a, 0x27, 0x4a, 0x27, 0x4a, 0x27, 0x4a, 0x27, 0x4a, 0x27, 0x4a, 0x27, 0x4a, 0x27, 0x4a, 0x27, 0x4a, 0x27, 0x4a,
  0x27, 0x4a, 0x27, 0x4a, 0x27, 0x4a, 0x27, 0x4a, 0x27, 0x4a, 0x27, 0x4a, 0x27, 0x4a, 0x27, 0x4a, 0x27, 0x4a, 0x27, 0x4a, 0x27, 0x4a, 0x27, 0x4a,
  0x27, 0x4a, 0x27, 0x4a, 0xe6, 0x4b, 0xa6, 0x54, 0x66, 0x5d, 0x86, 0x65, 0x66, 0x5d, 0x66, 0x5d, 0x66, 0x5d, 0x66, 0x5d, 0x66, 0x5d, 0x66, 0x5d,
  0x66, 0x5d, 0x66, 0x5d, 0x66, 0x5d, 0x86, 0x5d, 0x86, 0x65, 0x86, 0x65, 0xc5, 0x54, 0xc4, 0x43, 0x00, 0x11, 0x60, 0x00, 0x00, 0x00, 0x20, 0x00,
  0x00, 0x00, 0x00, 0x00, 0x00, 0x00, 0x00, 0x00, 0x00, 0x00, 0x00, 0x00, 0x00, 0x00, 0x00, 0x00, 0x20, 0x00, 0x20, 0x00, 0x20, 0x00, 0x20, 0x00,
  0x20, 0x00, 0x20, 0x00, 0x20, 0x00, 0x20, 0x00, 0x20, 0x00, 0x20, 0x00, 0x20, 0x00, 0x20, 0x00, 0x20, 0x00, 0x00, 0x00, 0x00, 0x00, 0x00, 0x00,
  0x00, 0x00, 0x00, 0x00, 0x00, 0x00, 0x00, 0x00, 0x00, 0x00, 0x00, 0x00, 0x00, 0x00, 0x00, 0x00, 0x00, 0x00, 0x00, 0x00, 0x00, 0x00, 0x00, 0x00,
  0x00, 0x00, 0x00, 0x00, 0x00, 0x00, 0x00, 0x00, 0x00, 0x00, 0x00, 0x00, 0x00, 0x00, 0x00, 0x00, 0x00, 0x00, 0x00, 0x00, 0x00, 0x00, 0x00, 0x00,
  0x20, 0x00, 0x20, 0x00, 0x20, 0x00, 0x20, 0x00, 0x20, 0x00, 0x20, 0x00, 0x20, 0x00, 0x20, 0x00, 0x20, 0x00, 0x20, 0x00, 0x20, 0x00, 0x20, 0x00,
  0x00, 0x00, 0x00, 0x00, 0x00, 0x00, 0x00, 0x00, 0x00, 0x00, 0x00, 0x00, 0x00, 0x00, 0x00, 0x00, 0x00, 0x00, 0x00, 0x00, 0x00, 0x00, 0x00, 0x00,
  0x00, 0x00, 0x00, 0x00, 0x00, 0x00, 0x20, 0x00, 0x20, 0x00, 0x20, 0x00, 0x20, 0x00, 0x40, 0x00, 0x20, 0x00, 0x20, 0x00, 0x20, 0x00, 0x20, 0x00,
  0x20, 0x00, 0x20, 0x00, 0x20, 0x00, 0x20, 0x00, 0x20, 0x00, 0x20, 0x00, 0x20, 0x00, 0x20, 0x00, 0x20, 0x00, 0x20, 0x00, 0x20, 0x00, 0x20, 0x00,
  0x20, 0x00, 0x20, 0x00, 0x20, 0x00, 0x20, 0x00, 0x20, 0x00, 0x20, 0x00, 0x00, 0x00, 0x00, 0x00, 0x00, 0x00, 0x00, 0x00, 0x20, 0x00, 0x20, 0x00,
  0x00, 0x00, 0x00, 0x00, 0x00, 0x00, 0x00, 0x00, 0x00, 0x00, 0x00, 0x00, 0x00, 0x00, 0x00, 0x00, 0x00, 0x00, 0x00, 0x00, 0x00, 0x00, 0x00, 0x00,
  0x00, 0x00, 0x00, 0x00, 0x00, 0x00, 0x00, 0x00, 0x00, 0x00, 0x00, 0x00, 0x00, 0x00, 0x00, 0x00, 0x00, 0x00, 0x00, 0x00, 0x00, 0x00, 0x00, 0x00,
  0x00, 0x00, 0x00, 0x00, 0x00, 0x00, 0x00, 0x00, 0x00, 0x00, 0x20, 0x00, 0x40, 0x00, 0x60, 0x00, 0x03, 0x33, 0x65, 0x4c, 0x86, 0x65, 0x86, 0x5d,
  0x66, 0x5d, 0x66, 0x5d, 0x66, 0x5d, 0x66, 0x5d, 0x66, 0x5d, 0x66, 0x5d, 0x66, 0x5d, 0x66, 0x5d, 0x66, 0x5d, 0x66, 0x5d, 0x66, 0x5d, 0x66, 0x5d,
  0x46, 0x5d, 0x25, 0x5d, 0xc8, 0x39, 0xc8, 0x39, 0xc8, 0x31, 0xc8, 0x39, 0xc8, 0x31, 0xc8, 0x31, 0xc8, 0x31, 0xc8, 0x39, 0xc8, 0x31, 0xc8, 0x39,
  0xc8, 0x31, 0xc8, 0x31, 0xc8, 0x31, 0xc8, 0x31, 0xc8, 0x31, 0xc8, 0x31, 0xc8, 0x31, 0xc8, 0x31, 0xc8, 0x31, 0xc8, 0x31, 0xc8, 0x31, 0xc8, 0x31,
  0xc8, 0x31, 0xc8, 0x31, 0xc8, 0x31, 0xc8, 0x31, 0xc8, 0x31, 0xc8, 0x31, 0xc8, 0x31, 0xc8, 0x31, 0xc8, 0x31, 0xc8, 0x31, 0xc8, 0x31, 0xe8, 0x31,
  0xc8, 0x31, 0xc8, 0x31, 0xc8, 0x31, 0xc8, 0x31, 0xc9, 0x31, 0xe9, 0x31, 0xc8, 0x31, 0xc9, 0x31, 0xc9, 0x31, 0xc9, 0x31, 0xc9, 0x31, 0xc9, 0x31,
  0x07, 0x4a, 0x07, 0x4a, 0x07, 0x4a, 0x27, 0x4a, 0x27, 0x4a, 0x07, 0x4a, 0x07, 0x4a, 0x27, 0x4a, 0x27, 0x4a, 0x27, 0x4a, 0x27, 0x4a, 0x27, 0x4a,
  0x27, 0x4a, 0x27, 0x4a, 0x27, 0x4a, 0x27, 0x4a, 0x27, 0x4a, 0x27, 0x4a, 0x27, 0x4a, 0x27, 0x4a, 0x27, 0x4a, 0x27, 0x4a, 0x27, 0x4a, 0x27, 0x4a,
  0x27, 0x4a, 0x27, 0x4a, 0x27, 0x4a, 0x27, 0x4a, 0x27, 0x4a, 0x27, 0x4a, 0x27, 0x4a, 0x27, 0x4a, 0x27, 0x4a, 0x27, 0x4a, 0x27, 0x4a, 0x27, 0x4a,
  0x27, 0x4a, 0x27, 0x4a, 0x27, 0x4a, 0x27, 0x4a, 0x27, 0x4a, 0x27, 0x4a, 0x27, 0x4a, 0x27, 0x4a, 0x27, 0x4a, 0x27, 0x4a, 0x27, 0x4a, 0x27, 0x4a,
  0x07, 0x4a, 0x27, 0x4a, 0xc6, 0x4b, 0xa6, 0x54, 0x66, 0x5d, 0x66, 0x5d, 0x66, 0x5d, 0x66, 0x5d, 0x66, 0x5d, 0x66, 0x5d, 0x66, 0x5d, 0x66, 0x5d,
  0x66, 0x5d, 0x66, 0x5d, 0x66, 0x5d, 0x66, 0x5d, 0x66, 0x5d, 0x86, 0x5d, 0x05, 0x55, 0x44, 0x4c, 0xa1, 0x19, 0xa0, 0x08, 0x00, 0x00, 0x40, 0x00,
  0x00, 0x00, 0x00, 0x00, 0x00, 0x00, 0x00, 0x00, 0x00, 0x00, 0x00, 0x00, 0x00, 0x00, 0x00, 0x00, 0x40, 0x00, 0x60, 0x00, 0x60, 0x00, 0x60, 0x00,
  0x60, 0x00, 0x60, 0x00, 0x60, 0x00, 0x60, 0x00, 0x60, 0x00, 0x60, 0x00, 0x60, 0x00, 0x60, 0x00, 0x40, 0x00, 0x20, 0x00, 0x00, 0x00, 0x00, 0x00,
  0x00, 0x00, 0x00, 0x00, 0x00, 0x00, 0x00, 0x00, 0x00, 0x00, 0x00, 0x00, 0x00, 0x00, 0x00, 0x00, 0x00, 0x00, 0x00, 0x00, 0x00, 0x00, 0x00, 0x00,
  0x00, 0x00, 0x00, 0x00, 0x00, 0x00, 0x00, 0x00, 0x00, 0x00, 0x00, 0x00, 0x00, 0x00, 0x00, 0x00, 0x00, 0x00, 0x00, 0x00, 0x00, 0x00, 0x20, 0x00,
  0x40, 0x00, 0x60, 0x00, 0x60, 0x00, 0x60, 0x00, 0x60, 0x00, 0x60, 0x00, 0x60, 0x00, 0x60, 0x00, 0x60, 0x00, 0x80, 0x00, 0x60, 0x00, 0x40, 0x00,
  0x20, 0x00, 0x00, 0x00, 0x00, 0x00, 0x00, 0x00, 0x00, 0x00, 0x00, 0x00, 0x00, 0x00, 0x00, 0x00, 0x00, 0x00, 0x00, 0x00, 0x00, 0x00, 0x00, 0x00,
  0x00, 0x00, 0x00, 0x00, 0x20, 0x00, 0x40, 0x00, 0x60, 0x00, 0x60, 0x00, 0x60, 0x00, 0x60, 0x00, 0x60, 0x00, 0x60, 0x00, 0x60, 0x00, 0x60, 0x00,
  0x60, 0x00, 0x60, 0x00, 0x60, 0x00, 0x60, 0x00, 0x60, 0x00, 0x60, 0x00, 0x60, 0x00, 0x60, 0x00, 0x60, 0x00, 0x60, 0x00, 0x60, 0x00, 0x60, 0x00,
  0x60, 0x00, 0x60, 0x00, 0x40, 0x00, 0x40, 0x00, 0x40, 0x00, 0x40, 0x00, 0x20, 0x00, 0x20, 0x00, 0x00, 0x00, 0x00, 0x00, 0x00, 0x00, 0x00, 0x00,
  0x00, 0x00, 0x00, 0x00, 0x00, 0x00, 0x00, 0x00, 0x00, 0x00, 0x00, 0x00, 0x00, 0x00, 0x00, 0x00, 0x00, 0x00, 0x00, 0x00, 0x00, 0x00, 0x00, 0x00,
  0x00, 0x00, 0x00, 0x00, 0x00, 0x00, 0x00, 0x00, 0x00, 0x00, 0x00, 0x00, 0x00, 0x00, 0x00, 0x00, 0x00, 0x00, 0x00, 0x00, 0x00, 0x00, 0x00, 0x00,
  0x00, 0x00, 0x00, 0x00, 0x00, 0x00, 0x00, 0x00, 0x00, 0x00, 0x00, 0x00, 0x40, 0x00, 0xc0, 0x08, 0xa3, 0x3b, 0xa5, 0x54, 0x86, 0x65, 0x86, 0x65,
  0x66, 0x5d, 0x66, 0x5d, 0x66, 0x5d, 0x66, 0x5d, 0x66, 0x5d, 0x66, 0x5d, 0x66, 0x5d, 0x66, 0x5d, 0x66, 0x5d, 0x66, 0x5d, 0x66, 0x5d, 0x66, 0x5d,
  0x46, 0x5d, 0x05, 0x5d, 0xc8, 0x31, 0xc8, 0x31, 0xc8, 0x31, 0xc8, 0x31, 0xc8, 0x31, 0xc8, 0x31, 0xc8, 0x31, 0xc8, 0x31, 0xc8, 0x31, 0xc8, 0x31,
  0xc8, 0x39, 0xc8, 0x31, 0xc8, 0x31, 0xc8, 0x39, 0xc8, 0x31, 0xc8, 0x31, 0xc8, 0x31, 0xc8, 0x31, 0xc8, 0x31, 0xc8, 0x31, 0xc8, 0x31, 0xc8, 0x31,
  0xc8, 0x31, 0xc8, 0x31, 0xc8, 0x31, 0xc8, 0x31, 0xc8, 0x31, 0xc8, 0x31, 0xc8, 0x31, 0xc8, 0x31, 0xc8, 0x31, 0xc8, 0x31, 0xc8, 0x31, 0xc9, 0x31,
  0xc8, 0x31, 0xc8, 0x31, 0xc8, 0x31, 0xc8, 0x31, 0xc8, 0x31, 0xc8, 0x31, 0xe8, 0x31, 0xc8, 0x31, 0xc9, 0x31, 0xc9, 0x31, 0xc9, 0x31, 0xc9, 0x31,
  0x07, 0x4a, 0x27, 0x4a, 0x07, 0x4a, 0x27, 0x4a, 0x07, 0x4a, 0x27, 0x4a, 0x07, 0x4a, 0x07, 0x4a, 0x07, 0x4a, 0x07, 0x4a, 0x07, 0x4a, 0x07, 0x4a,
  0x07, 0x4a, 0x07, 0x4a, 0x27, 0x4a, 0x27, 0x4a, 0x27, 0x4a, 0x27, 0x4a, 0x27, 0x4a, 0x27, 0x4a, 0x27, 0x4a, 0x27, 0x4a, 0x07, 0x4a, 0x27, 0x4a,
  0x27, 0x4a, 0x27, 0x4a, 0x27, 0x4a, 0x27, 0x4a, 0x27, 0x4a, 0x27, 0x4a, 0x27, 0x4a, 0x27, 0x4a, 0x27, 0x4a, 0x07, 0x4a, 0x27, 0x4a, 0x27, 0x4a,
  0x27, 0x4a, 0x27, 0x4a, 0x27, 0x4a, 0x27, 0x4a, 0x27, 0x4a, 0x27, 0x4a, 0x27, 0x4a, 0x27, 0x4a, 0x27, 0x4a, 0x27, 0x4a, 0x27, 0x4a, 0x27, 0x4a,
  0x27, 0x4a, 0x27, 0x4a, 0xc5, 0x4b, 0xa6, 0x54, 0x66, 0x5d, 0x66, 0x5d, 0x66, 0x5d, 0x66, 0x5d, 0x66, 0x5d, 0x66, 0x5d, 0x66, 0x5d, 0x66, 0x5d,
  0x66, 0x5d, 0x66, 0x5d, 0x66, 0x5d, 0x66, 0x5d, 0x66, 0x5d, 0x86, 0x5d, 0x66, 0x5d, 0x05, 0x55, 0x42, 0x2a, 0x00, 0x11, 0x00, 0x00, 0x60, 0x00,
  0x20, 0x00, 0x00, 0x00, 0x00, 0x00, 0x00, 0x00, 0x00, 0x00, 0x00, 0x00, 0x00, 0x00, 0x00, 0x00, 0x00, 0x00, 0x00, 0x00, 0x00, 0x00, 0x00, 0x00,
  0x00, 0x00, 0x00, 0x00, 0x00, 0x00, 0x00, 0x00, 0x00, 0x00, 0x00, 0x00, 0x00, 0x00, 0x00, 0x00, 0x00, 0x00, 0x00, 0x00, 0x00, 0x00, 0x00, 0x00,
  0x00, 0x00, 0x00, 0x00, 0x00, 0x00, 0x00, 0x00, 0x00, 0x00, 0x00, 0x00, 0x00, 0x00, 0x00, 0x00, 0x00, 0x00, 0x00, 0x00, 0x00, 0x00, 0x00, 0x00,
  0x00, 0x00, 0x00, 0x00, 0x00, 0x00, 0x00, 0x00, 0x00, 0x00, 0x00, 0x00, 0x00, 0x00, 0x00, 0x00, 0x00, 0x00, 0x00, 0x00, 0x00, 0x00, 0x00, 0x00,
  0x00, 0x00, 0x00, 0x00, 0x00, 0x00, 0x00, 0x00, 0x00, 0x00, 0x00, 0x00, 0x00, 0x00, 0x00, 0x00, 0x00, 0x00, 0x00, 0x00, 0x00, 0x00, 0x00, 0x00,
  0x00, 0x00, 0x00, 0x00, 0x00, 0x00, 0x00, 0x00, 0x00, 0x00, 0x00, 0x00, 0x00, 0x00, 0x00, 0x00, 0x00, 0x00, 0x00, 0x00, 0x00, 0x00, 0x00, 0x00,
  0x00, 0x00, 0x00, 0x00, 0x00, 0x00, 0x00, 0x00, 0x00, 0x00, 0x00, 0x00, 0x00, 0x00, 0x00, 0x00, 0x00, 0x00, 0x00, 0x00, 0x00, 0x00, 0x00, 0x00,
  0x00, 0x00, 0x00, 0x00, 0x00, 0x00, 0x00, 0x00, 0x00, 0x00, 0x00, 0x00, 0x00, 0x00, 0x00, 0x00, 0x00, 0x00, 0x00, 0x00, 0x00, 0x00, 0x00, 0x00,
  0x00, 0x00, 0x00, 0x00, 0x00, 0x00, 0x00, 0x00, 0x00, 0x00, 0x00, 0x00, 0x00, 0x00, 0x00, 0x00, 0x00, 0x00, 0x00, 0x00, 0x00, 0x00, 0x00, 0x00,
  0x00, 0x00, 0x00, 0x00, 0x00, 0x00, 0x00, 0x00, 0x00, 0x00, 0x00, 0x00, 0x00, 0x00, 0x00, 0x00, 0x00, 0x00, 0x00, 0x00, 0x00, 0x00, 0x00, 0x00,
  0x00, 0x00, 0x00, 0x00, 0x00, 0x00, 0x00, 0x00, 0x00, 0x00, 0x00, 0x00, 0x00, 0x00, 0x00, 0x00, 0x00, 0x00, 0x00, 0x00, 0x00, 0x00, 0x00, 0x00,
  0x00, 0x00, 0x00, 0x00, 0x00, 0x00, 0x20, 0x00, 0x60, 0x00, 0x00, 0x00, 0xc0, 0x08, 0xc1, 0x19, 0xa5, 0x4c, 0x26, 0x5d, 0x86, 0x5d, 0x66, 0x5d,
  0x66, 0x5d, 0x66, 0x5d, 0x66, 0x5d, 0x66, 0x5d, 0x66, 0x5d, 0x66, 0x5d, 0x66, 0x5d, 0x66, 0x5d, 0x66, 0x5d, 0x66, 0x5d, 0x66, 0x5d, 0x66, 0x5d,
  0x46, 0x5d, 0x05, 0x55, 0xc8, 0x31, 0xc8, 0x31, 0xc8, 0x31, 0xc8, 0x31, 0xc8, 0x31, 0xc8, 0x31, 0xc8, 0x31, 0xc8, 0x31, 0xc8, 0x31, 0xc8, 0x31,
  0xc8, 0x31, 0xc8, 0x31, 0xc8, 0x39, 0xc8, 0x31, 0xc8, 0x31, 0xc8, 0x39, 0xc8, 0x31, 0xc8, 0x31, 0xc8, 0x31, 0xc8, 0x31, 0xc8, 0x31, 0xc8, 0x31,
  0xc8, 0x31, 0xc8, 0x31, 0xc8, 0x31, 0xc8, 0x31, 0xc8, 0x31, 0xc8, 0x31, 0xc8, 0x31, 0xc8, 0x31, 0xc8, 0x31, 0xc8, 0x31, 0xc8, 0x31, 0xc8, 0x31,
  0xc8, 0x31, 0xc8, 0x31, 0xc8, 0x31, 0xc8, 0x31, 0xc8, 0x31, 0xc8, 0x31, 0xc8, 0x31, 0xc8, 0x31, 0xc8, 0x31, 0xc9, 0x31, 0xc8, 0x31, 0xc9, 0x31,
  0x07, 0x4a, 0x27, 0x4a, 0x27, 0x4a, 0x07, 0x4a, 0x07, 0x4a, 0x07, 0x4a, 0x07, 0x4a, 0x07, 0x4a, 0x07, 0x4a, 0x07, 0x4a, 0x07, 0x4a, 0x27, 0x4a,
  0x07, 0x4a, 0x07, 0x4a, 0x07, 0x4a, 0x07, 0x4a, 0x27, 0x4a, 0x07, 0x4a, 0x07, 0x4a, 0x27, 0x4a, 0x07, 0x4a, 0x07, 0x4a, 0x27, 0x4a, 0x07, 0x4a,
  0x07, 0x4a, 0x07, 0x4a, 0x07, 0x4a, 0x07, 0x4a, 0x07, 0x4a, 0x27, 0x4a, 0x07, 0x4a, 0x27, 0x4a, 0x07, 0x4a, 0x27, 0x4a, 0x07, 0x4a, 0x27, 0x4a,
  0x27, 0x4a, 0x27, 0x4a, 0x27, 0x4a, 0x27, 0x4a, 0x27, 0x4a, 0x27, 0x4a, 0x27, 0x4a, 0x27, 0x4a, 0x27, 0x4a, 0x07, 0x4a, 0x07, 0x4a, 0x07, 0x4a,
  0x27, 0x4a, 0x07, 0x4a, 0xc6, 0x4b, 0x86, 0x54, 0x46, 0x5d, 0x66, 0x5d, 0x66, 0x5d, 0x66, 0x5d, 0x66, 0x5d, 0x66, 0x5d, 0x66, 0x5d, 0x66, 0x5d,
  0x66, 0x5d, 0x66, 0x5d, 0x66, 0x5d, 0x66, 0x5d, 0x66, 0x5d, 0x66, 0x5d, 0x66, 0x5d, 0x26, 0x5d, 0x43, 0x3b, 0xa1, 0x19, 0x60, 0x00, 0x40, 0x00,
  0x20, 0x00, 0x00, 0x00, 0x00, 0x00, 0x00, 0x00, 0x00, 0x00, 0x00, 0x00, 0x00, 0x00, 0x00, 0x00, 0x00, 0x00, 0x00, 0x00, 0x00, 0x00, 0x00, 0x00,
  0x00, 0x00, 0x00, 0x00, 0x00, 0x00, 0x00, 0x00, 0x00, 0x00, 0x00, 0x00, 0x00, 0x00, 0x00, 0x00, 0x00, 0x00, 0x00, 0x00, 0x00, 0x00, 0x00, 0x00,
  0x00, 0x00, 0x00, 0x00, 0x00, 0x00, 0x00, 0x00, 0x00, 0x00, 0x00, 0x00, 0x00, 0x00, 0x00, 0x00, 0x00, 0x00, 0x00, 0x00, 0x00, 0x00, 0x00, 0x00,
  0x00, 0x00, 0x00, 0x00, 0x00, 0x00, 0x00, 0x00, 0x00, 0x00, 0x00, 0x00, 0x00, 0x00, 0x00, 0x00, 0x00, 0x00, 0x00, 0x00, 0x00, 0x00, 0x00, 0x00,
  0x00, 0x00, 0x00, 0x00, 0x00, 0x00, 0x00, 0x00, 0x00, 0x00, 0x00, 0x00, 0x00, 0x00, 0x00, 0x00, 0x00, 0x00, 0x00, 0x00, 0x00, 0x00, 0x00, 0x00,
  0x00, 0x00, 0x00, 0x00, 0x00, 0x00, 0x00, 0x00, 0x00, 0x00, 0x00, 0x00, 0x00, 0x00, 0x00, 0x00, 0x00, 0x00, 0x00, 0x00, 0x00, 0x00, 0x00, 0x00,
  0x00, 0x00, 0x00, 0x00, 0x00, 0x00, 0x00, 0x00, 0x00, 0x00, 0x00, 0x00, 0x00, 0x00, 0x00, 0x00, 0x00, 0x00, 0x00, 0x00, 0x00, 0x00, 0x00, 0x00,
  0x00, 0x00, 0x00, 0x00, 0x00, 0x00, 0x00, 0x00, 0x00, 0x00, 0x00, 0x00, 0x00, 0x00, 0x00, 0x00, 0x00, 0x00, 0x00, 0x00, 0x00, 0x00, 0x00, 0x00,
  0x00, 0x00, 0x00, 0x00, 0x00, 0x00, 0x00, 0x00, 0x00, 0x00, 0x00, 0x00, 0x00, 0x00, 0x00, 0x00, 0x00, 0x00, 0x00, 0x00, 0x00, 0x00, 0x00, 0x00,
  0x00, 0x00, 0x00, 0x00, 0x00, 0x00, 0x00, 0x00, 0x00, 0x00, 0x00, 0x00, 0x00, 0x00, 0x00, 0x00, 0x00, 0x00, 0x00, 0x00, 0x00, 0x00, 0x00, 0x00,
  0x00, 0x00, 0x00, 0x00, 0x00, 0x00, 0x00, 0x00, 0x00, 0x00, 0x00, 0x00, 0x00, 0x00, 0x00, 0x00, 0x00, 0x00, 0x00, 0x00, 0x00, 0x00, 0x00, 0x00,
  0x00, 0x00, 0x00, 0x00, 0x00, 0x00, 0x20, 0x00, 0x40, 0x00, 0x00, 0x00, 0x20, 0x11, 0x82, 0x2a, 0x05, 0x55, 0x46, 0x5d, 0x86, 0x65, 0x66, 0x5d,
  0x66, 0x5d, 0x66, 0x5d, 0x66, 0x5d, 0x66, 0x5d, 0x66, 0x5d, 0x66, 0x5d, 0x66, 0x5d, 0x66, 0x5d, 0x66, 0x5d, 0x66, 0x5d, 0x66, 0x5d, 0x66, 0x5d,
  0x46, 0x5d, 0xe5, 0x54, 0xc8, 0x39, 0xc8, 0x31, 0xc8, 0x39, 0xc8, 0x39, 0xc8, 0x31, 0xc8, 0x39, 0xc8, 0x31, 0xc8, 0x39, 0xc8, 0x31, 0xc8, 0x31,
  0xc8, 0x39, 0xc8, 0x31, 0xc8, 0x31, 0xc8, 0x31, 0xc8, 0x31, 0xc8, 0x31, 0xc8, 0x31, 0xc8, 0x31, 0xc8, 0x31, 0xc8, 0x31, 0xc8, 0x31, 0xc8, 0x31,
  0xc8, 0x31, 0xc8, 0x31, 0xc8, 0x31, 0xc8, 0x31, 0xc8, 0x31, 0xc8, 0x31, 0xc9, 0x31, 0xc8, 0x31, 0xc8, 0x31, 0xc8, 0x31, 0xc9, 0x31, 0xc9, 0x31,
  0xc8, 0x31, 0xc8, 0x31, 0xc8, 0x31, 0xc8, 0x31, 0xc8, 0x31, 0xc8, 0x31, 0xc8, 0x31, 0xc8, 0x31, 0xc8, 0x31, 0xc8, 0x31, 0xc8, 0x31, 0xc8, 0x31,
  0x27, 0x4a, 0x27, 0x4a, 0x07, 0x4a, 0x27, 0x4a, 0x07, 0x4a, 0x27, 0x4a, 0x07, 0x4a, 0x27, 0x4a, 0x07, 0x4a, 0x07, 0x4a, 0x27, 0x4a, 0x07, 0x4a,
  0x07, 0x4a, 0x07, 0x4a, 0x27, 0x4a, 0x07, 0x4a, 0x07, 0x4a, 0x07, 0x4a, 0x27, 0x4a, 0x07, 0x4a, 0x27, 0x4a, 0x27, 0x4a, 0x07, 0x4a, 0x07, 0x4a,
  0x27, 0x4a, 0x27, 0x4a, 0x27, 0x4a, 0x27, 0x4a, 0x27, 0x4a, 0x27, 0x4a, 0x27, 0x4a, 0x27, 0x4a, 0x27, 0x4a, 0x27, 0x4a, 0x27, 0x4a, 0x27, 0x4a,
  0x27, 0x4a, 0x07, 0x4a, 0x27, 0x4a, 0x27, 0x4a, 0x27, 0x4a, 0x07, 0x4a, 0x27, 0x4a, 0x27, 0x4a, 0x27, 0x4a, 0x27, 0x4a, 0x27, 0x4a, 0x27, 0x4a,
  0x27, 0x4a, 0x27, 0x4a, 0xa6, 0x4b, 0xa5, 0x54, 0x46, 0x5d, 0x66, 0x5d, 0x66, 0x5d, 0x45, 0x5d, 0x45, 0x5d, 0x45, 0x5d, 0x45, 0x5d, 0x45, 0x5d,
  0x45, 0x5d, 0x45, 0x5d, 0x45, 0x5d, 0x45, 0x5d, 0x65, 0x5d, 0x66, 0x5d, 0x66, 0x5d, 0x66, 0x5d, 0x24, 0x44, 0x82, 0x2a, 0xe0, 0x08, 0x00, 0x00,
  0x20, 0x00, 0x40, 0x00, 0x00, 0x00, 0x00, 0x00, 0x00, 0x00, 0x00, 0x00, 0x00, 0x00, 0x00, 0x00, 0x00, 0x00, 0x00, 0x00, 0x00, 0x00, 0x00, 0x00,
  0x00, 0x00, 0x00, 0x00, 0x00, 0x00, 0x00, 0x00, 0x00, 0x00, 0x00, 0x00, 0x00, 0x00, 0x00, 0x00, 0x00, 0x00, 0x00, 0x00, 0x00, 0x00, 0x00, 0x00,
  0x00, 0x00, 0x00, 0x00, 0x00, 0x00, 0x00, 0x00, 0x00, 0x00, 0x00, 0x00, 0x00, 0x00, 0x00, 0x00, 0x00, 0x00, 0x00, 0x00, 0x00, 0x00, 0x00, 0x00,
  0x00, 0x00, 0x00, 0x00, 0x00, 0x00, 0x00, 0x00, 0x00, 0x00, 0x00, 0x00, 0x00, 0x00, 0x00, 0x00, 0x00, 0x00, 0x00, 0x00, 0x00, 0x00, 0x00, 0x00,
  0x00, 0x00, 0x00, 0x00, 0x00, 0x00, 0x00, 0x00, 0x00, 0x00, 0x00, 0x00, 0x00, 0x00, 0x00, 0x00, 0x00, 0x00, 0x00, 0x00, 0x00, 0x00, 0x00, 0x00,
  0x00, 0x00, 0x00, 0x00, 0x00, 0x00, 0x00, 0x00, 0x00, 0x00, 0x00, 0x00, 0x00, 0x00, 0x00, 0x00, 0x00, 0x00, 0x00, 0x00, 0x00, 0x00, 0x00, 0x00,
  0x00, 0x00, 0x00, 0x00, 0x00, 0x00, 0x00, 0x00, 0x00, 0x00, 0x00, 0x00, 0x00, 0x00, 0x00, 0x00, 0x00, 0x00, 0x00, 0x00, 0x00, 0x00, 0x00, 0x00,
  0x00, 0x00, 0x00, 0x00, 0x00, 0x00, 0x00, 0x00, 0x00, 0x00, 0x00, 0x00, 0x00, 0x00, 0x00, 0x00, 0x00, 0x00, 0x00, 0x00, 0x00, 0x00, 0x00, 0x00,
  0x00, 0x00, 0x00, 0x00, 0x00, 0x00, 0x00, 0x00, 0x00, 0x00, 0x00, 0x00, 0x00, 0x00, 0x00, 0x00, 0x00, 0x00, 0x00, 0x00, 0x00, 0x00, 0x00, 0x00,
  0x00, 0x00, 0x00, 0x00, 0x00, 0x00, 0x00, 0x00, 0x00, 0x00, 0x00, 0x00, 0x00, 0x00, 0x00, 0x00, 0x00, 0x00, 0x00, 0x00, 0x00, 0x00, 0x00, 0x00,
  0x00, 0x00, 0x00, 0x00, 0x00, 0x00, 0x00, 0x00, 0x00, 0x00, 0x00, 0x00, 0x00, 0x00, 0x00, 0x00, 0x00, 0x00, 0x00, 0x00, 0x00, 0x00, 0x00, 0x00,
  0x00, 0x00, 0x00, 0x00, 0x20, 0x00, 0x20, 0x00, 0x40, 0x00, 0x20, 0x00, 0xc1, 0x19, 0x83, 0x3b, 0x46, 0x5d, 0x66, 0x5d, 0x66, 0x5d, 0x66, 0x5d,
  0x45, 0x5d, 0x45, 0x5d, 0x45, 0x5d, 0x45, 0x5d, 0x45, 0x5d, 0x45, 0x5d, 0x45, 0x5d, 0x45, 0x5d, 0x46, 0x5d, 0x46, 0x5d, 0x66, 0x5d, 0x45, 0x5d,
  0x46, 0x5d, 0xe5, 0x54, 0xc8, 0x31, 0xc8, 0x39, 0xc8, 0x31, 0xc8, 0x31, 0xc8, 0x39, 0xc8, 0x31, 0xc8, 0x31, 0xc8, 0x31, 0xc8, 0x31, 0xc8, 0x31,
  0xc8, 0x31, 0xc8, 0x31, 0xc8, 0x31, 0xc8, 0x31, 0xc8, 0x31, 0xc8, 0x31, 0xc8, 0x31, 0xc8, 0x31, 0xc8, 0x31, 0xc8, 0x31, 0xc8, 0x31, 0xc8, 0x31,
  0xc8, 0x31, 0xc8, 0x31, 0xc8, 0x31, 0xc8, 0x31, 0xc8, 0x31, 0xc8, 0x31, 0xc8, 0x31, 0xc9, 0x31, 0xc8, 0x31, 0xc8, 0x31, 0xc8, 0x31, 0xc8, 0x31,
  0xc8, 0x31, 0xc8, 0x31, 0xc8, 0x31, 0xc8, 0x31, 0xc8, 0x31, 0xc8, 0x31, 0xe8, 0x31, 0xc8, 0x31, 0xc8, 0x31, 0xc8, 0x31, 0xe8, 0x31, 0xc9, 0x31,
  0x07, 0x4a, 0x07, 0x4a, 0x27, 0x4a, 0x07, 0x4a, 0x07, 0x4a, 0x06, 0x4a, 0x07, 0x4a, 0x07, 0x4a, 0x07, 0x4a, 0x27, 0x4a, 0x27, 0x4a, 0x07, 0x4a,
  0x27, 0x4a, 0x07, 0x4a, 0x07, 0x4a, 0x07, 0x4a, 0x07, 0x4a, 0x27, 0x4a, 0x07, 0x4a, 0x27, 0x4a, 0x07, 0x4a, 0x07, 0x4a, 0x07, 0x4a, 0x07, 0x4a,
  0x07, 0x4a, 0x07, 0x4a, 0x07, 0x4a, 0x27, 0x4a, 0x07, 0x4a, 0x27, 0x4a, 0x07, 0x4a, 0x27, 0x4a, 0x07, 0x4a, 0x27, 0x4a, 0x07, 0x4a, 0x27, 0x4a,
  0x27, 0x4a, 0x27, 0x4a, 0x27, 0x4a, 0x27, 0x4a, 0x07, 0x4a, 0x27, 0x4a, 0x07, 0x4a, 0x07, 0x4a, 0x07, 0x4a, 0x07, 0x4a, 0x07, 0x4a, 0x07, 0x4a,
  0x07, 0x4a, 0x07, 0x4a, 0xa6, 0x4b, 0x86, 0x54, 0x46, 0x5d, 0x66, 0x5d, 0x66, 0x5d, 0x66, 0x5d, 0x46, 0x5d, 0x46, 0x5d, 0x46, 0x5d, 0x46, 0x5d,
  0x46, 0x5d, 0x46, 0x5d, 0x46, 0x5d, 0x46, 0x5d, 0x46, 0x5d, 0x46, 0x5d, 0x66, 0x5d, 0x66, 0x5d, 0x45, 0x5d, 0x24, 0x44, 0xc2, 0x2a, 0x20, 0x00,
  0x00, 0x00, 0x00, 0x00, 0x60, 0x00, 0x20, 0x00, 0x00, 0x00, 0x00, 0x00, 0x00, 0x00, 0x00, 0x00, 0x00, 0x00, 0x00, 0x00, 0x00, 0x00, 0x00, 0x00,
  0x00, 0x00, 0x00, 0x00, 0x00, 0x00, 0x00, 0x00, 0x00, 0x00, 0x00, 0x00, 0x00, 0x00, 0x00, 0x00, 0x00, 0x00, 0x00, 0x00, 0x00, 0x00, 0x00, 0x00,
  0x00, 0x00, 0x00, 0x00, 0x00, 0x00, 0x00, 0x00, 0x00, 0x00, 0x00, 0x00, 0x00, 0x00, 0x00, 0x00, 0x00, 0x00, 0x00, 0x00, 0x00, 0x00, 0x00, 0x00,
  0x00, 0x00, 0x00, 0x00, 0x00, 0x00, 0x00, 0x00, 0x00, 0x00, 0x00, 0x00, 0x00, 0x00, 0x00, 0x00, 0x00, 0x00, 0x00, 0x00, 0x00, 0x00, 0x00, 0x00,
  0x00, 0x00, 0x00, 0x00, 0x00, 0x00, 0x00, 0x00, 0x00, 0x00, 0x00, 0x00, 0x00, 0x00, 0x00, 0x00, 0x00, 0x00, 0x00, 0x00, 0x00, 0x00, 0x00, 0x00,
  0x00, 0x00, 0x00, 0x00, 0x00, 0x00, 0x00, 0x00, 0x00, 0x00, 0x00, 0x00, 0x00, 0x00, 0x00, 0x00, 0x00, 0x00, 0x00, 0x00, 0x00, 0x00, 0x00, 0x00,
  0x00, 0x00, 0x00, 0x00, 0x00, 0x00, 0x00, 0x00, 0x00, 0x00, 0x00, 0x00, 0x00, 0x00, 0x00, 0x00, 0x00, 0x00, 0x00, 0x00, 0x00, 0x00, 0x00, 0x00,
  0x00, 0x00, 0x00, 0x00, 0x00, 0x00, 0x00, 0x00, 0x00, 0x00, 0x00, 0x00, 0x00, 0x00, 0x00, 0x00, 0x00, 0x00, 0x00, 0x00, 0x00, 0x00, 0x00, 0x00,
  0x00, 0x00, 0x00, 0x00, 0x00, 0x00, 0x00, 0x00, 0x00, 0x00, 0x00, 0x00, 0x00, 0x00, 0x00, 0x00, 0x00, 0x00, 0x00, 0x00, 0x00, 0x00, 0x00, 0x00,
  0x00, 0x00, 0x00, 0x00, 0x00, 0x00, 0x00, 0x00, 0x00, 0x00, 0x00, 0x00, 0x00, 0x00, 0x00, 0x00, 0x00, 0x00, 0x00, 0x00, 0x00, 0x00, 0x00, 0x00,
  0x00, 0x00, 0x00, 0x00, 0x00, 0x00, 0x00, 0x00, 0x00, 0x00, 0x00, 0x00, 0x00, 0x00, 0x00, 0x00, 0x00, 0x00, 0x00, 0x00, 0x00, 0x00, 0x00, 0x00,
  0x20, 0x00, 0x40, 0x00, 0x20, 0x00, 0x00, 0x00, 0x20, 0x00, 0x42, 0x2a, 0xa3, 0x3b, 0xe5, 0x54, 0x66, 0x65, 0x66, 0x5d, 0x66, 0x5d, 0x46, 0x5d,
  0x46, 0x5d, 0x46, 0x5d, 0x46, 0x5d, 0x46, 0x5d, 0x46, 0x5d, 0x46, 0x5d, 0x46, 0x5d, 0x46, 0x5d, 0x46, 0x5d, 0x46, 0x5d, 0x46, 0x5d, 0x46, 0x5d,
  0x26, 0x5d, 0xc5, 0x54, 0xc8, 0x39, 0xc8, 0x39, 0xc8, 0x39, 0xc8, 0x39, 0xc8, 0x39, 0xc8, 0x39, 0xc8, 0x39, 0xc8, 0x39, 0xc8, 0x39, 0xc8, 0x39,
  0xc8, 0x39, 0xc8, 0x39, 0xc8, 0x39, 0xc8, 0x31, 0xc8, 0x39, 0xc8, 0x31, 0xc8, 0x31, 0xc8, 0x31, 0xc8, 0x31, 0xc8, 0x31, 0xc8, 0x31, 0xc8, 0x39,
  0xc8, 0x31, 0xc8, 0x39, 0xc8, 0x39, 0xc8, 0x39, 0xc8, 0x39, 0xc8, 0x31, 0xc8, 0x31, 0xc8, 0x31, 0xa8, 0x39, 0xc8, 0x31, 0xc8, 0x31, 0xc8, 0x31,
  0xc8, 0x31, 0xc8, 0x31, 0xc8, 0x31, 0xc8, 0x31, 0xc8, 0x31, 0xc8, 0x31, 0xc8, 0x31, 0xc8, 0x31, 0xc8, 0x31, 0xc8, 0x31, 0xc9, 0x31, 0xc8, 0x31,
  0x07, 0x4a, 0x07, 0x4a, 0x07, 0x4a, 0x07, 0x4a, 0x07, 0x4a, 0x27, 0x4a, 0x27, 0x4a, 0x07, 0x4a, 0x07, 0x4a, 0x07, 0x4a, 0x07, 0x4a, 0x27, 0x4a,
  0x27, 0x4a, 0x07, 0x4a, 0x07, 0x4a, 0x07, 0x4a, 0x07, 0x4a, 0x07, 0x4a, 0x27, 0x4a, 0x07, 0x4a, 0x27, 0x4a, 0x27, 0x4a, 0x07, 0x4a, 0x27, 0x4a,
  0x07, 0x4a, 0x07, 0x4a, 0x27, 0x4a, 0x07, 0x4a, 0x27, 0x4a, 0x27, 0x4a, 0x27, 0x4a, 0x07, 0x4a, 0x27, 0x4a, 0x07, 0x4a, 0x27, 0x4a, 0x07, 0x4a,
  0x27, 0x4a, 0x27, 0x4a, 0x27, 0x4a, 0x07, 0x4a, 0x27, 0x4a, 0x07, 0x4a, 0x07, 0x4a, 0x07, 0x4a, 0x07, 0x4a, 0x27, 0x4a, 0x07, 0x4a, 0x07, 0x4a,
  0x27, 0x4a, 0x27, 0x4a, 0xa6, 0x4b, 0x85, 0x54, 0x46, 0x5d, 0x66, 0x5d, 0x66, 0x5d, 0x46, 0x5d, 0x46, 0x5d, 0x46, 0x5d, 0x46, 0x5d, 0x46, 0x5d,
  0x46, 0x5d, 0x46, 0x5d, 0x46, 0x5d, 0x46, 0x5d, 0x45, 0x5d, 0x46, 0x5d, 0x46, 0x5d, 0x66, 0x5d, 0x46, 0x5d, 0xa5, 0x54, 0xe4, 0x43, 0x80, 0x11,
  0xc0, 0x08, 0x00, 0x00, 0x20, 0x00, 0x20, 0x00, 0x00, 0x00, 0x20, 0x00, 0x20, 0x00, 0x20, 0x00, 0x20, 0x00, 0x20, 0x00, 0x20, 0x00, 0x20, 0x00,
  0x20, 0x00, 0x20, 0x00, 0x20, 0x00, 0x20, 0x00, 0x20, 0x00, 0x20, 0x00, 0x20, 0x00, 0x20, 0x00, 0x20, 0x00, 0x20, 0x00, 0x20, 0x00, 0x20, 0x00,
  0x20, 0x00, 0x20, 0x00, 0x20, 0x00, 0x20, 0x00, 0x20, 0x00, 0x20, 0x00, 0x20, 0x00, 0x20, 0x00, 0x20, 0x00, 0x20, 0x00, 0x20, 0x00, 0x20, 0x00,
  0x20, 0x00, 0x20, 0x00, 0x20, 0x00, 0x20, 0x00, 0x20, 0x00, 0x20, 0x00, 0x20, 0x00, 0x20, 0x00, 0x20, 0x00, 0x20, 0x00, 0x20, 0x00, 0x20, 0x00,
  0x20, 0x00, 0x20, 0x00, 0x20, 0x00, 0x20, 0x00, 0x20, 0x00, 0x20, 0x00, 0x20, 0x00, 0x20, 0x00, 0x20, 0x00, 0x20, 0x00, 0x20, 0x00, 0x00, 0x00,
  0x20, 0x00, 0x20, 0x00, 0x20, 0x00, 0x20, 0x00, 0x20, 0x00, 0x20, 0x00, 0x20, 0x00, 0x20, 0x00, 0x20, 0x00, 0x20, 0x00, 0x20, 0x00, 0x20, 0x00,
  0x20, 0x00, 0x20, 0x00, 0x20, 0x00, 0x20, 0x00, 0x20, 0x00, 0x20, 0x00, 0x20, 0x00, 0x20, 0x00, 0x20, 0x00, 0x20, 0x00, 0x20, 0x00, 0x20, 0x00,
  0x20, 0x00, 0x20, 0x00, 0x20, 0x00, 0x20, 0x00, 0x20, 0x00, 0x20, 0x00, 0x20, 0x00, 0x20, 0x00, 0x20, 0x00, 0x20, 0x00, 0x20, 0x00, 0x20, 0x00,
  0x20, 0x00, 0x20, 0x00, 0x20, 0x00, 0x20, 0x00, 0x20, 0x00, 0x20, 0x00, 0x20, 0x00, 0x20, 0x00, 0x20, 0x00, 0x20, 0x00, 0x20, 0x00, 0x20, 0x00,
  0x20, 0x00, 0x20, 0x00, 0x20, 0x00, 0x20, 0x00, 0x20, 0x00, 0x20, 0x00, 0x20, 0x00, 0x20, 0x00, 0x20, 0x00, 0x20, 0x00, 0x20, 0x00, 0x20, 0x00,
  0x20, 0x00, 0x20, 0x00, 0x20, 0x00, 0x20, 0x00, 0x20, 0x00, 0x20, 0x00, 0x20, 0x00, 0x20, 0x00, 0x20, 0x00, 0x20, 0x00, 0x20, 0x00, 0x00, 0x00,
  0x20, 0x00, 0x20, 0x00, 0x00, 0x00, 0xa0, 0x00, 0x40, 0x11, 0x83, 0x3b, 0x65, 0x4c, 0x25, 0x5d, 0x66, 0x5d, 0x46, 0x5d, 0x46, 0x5d, 0x46, 0x5d,
  0x46, 0x5d, 0x46, 0x5d, 0x46, 0x5d, 0x46, 0x5d, 0x46, 0x5d, 0x46, 0x5d, 0x46, 0x5d, 0x46, 0x5d, 0x45, 0x5d, 0x45, 0x5d, 0x46, 0x5d, 0x46, 0x5d,
  0x25, 0x5d, 0xa5, 0x54, 0xc8, 0x39, 0xc8, 0x39, 0xc8, 0x39, 0xc8, 0x39, 0xc8, 0x39, 0xc8, 0x31, 0xc8, 0x39, 0xc8, 0x31, 0xc8, 0x31, 0xc8, 0x39,
  0xc8, 0x31, 0xc8, 0x31, 0xc8, 0x31, 0xc8, 0x39, 0xc8, 0x39, 0xc8, 0x31, 0xc8, 0x31, 0xc8, 0x31, 0xc8, 0x31, 0xc8, 0x31, 0xc8, 0x31, 0xc8, 0x31,
  0xc8, 0x31, 0xc8, 0x31, 0xc8, 0x31, 0xc8, 0x31, 0xc8, 0x31, 0xc8, 0x31, 0xc8, 0x31, 0xc8, 0x31, 0xc8, 0x31, 0xc8, 0x31, 0xc8, 0x31, 0xc8, 0x31,
  0xc8, 0x31, 0xc8, 0x31, 0xc8, 0x31, 0xc8, 0x31, 0xc8, 0x31, 0xc8, 0x31, 0xc8, 0x31, 0xc8, 0x31, 0xc8, 0x31, 0xc8, 0x31, 0xc8, 0x31, 0xc8, 0x31,
  0x07, 0x4a, 0x07, 0x4a, 0x07, 0x4a, 0x07, 0x4a, 0x07, 0x4a, 0x07, 0x4a, 0x07, 0x4a, 0x07, 0x4a, 0x07, 0x4a, 0x07, 0x4a, 0x07, 0x4a, 0x07, 0x4a,
  0x07, 0x4a, 0x07, 0x4a, 0x07, 0x4a, 0x07, 0x4a, 0x07, 0x4a, 0x07, 0x4a, 0x07, 0x4a, 0x27, 0x4a, 0x07, 0x4a, 0x07, 0x4a, 0x07, 0x4a, 0x07, 0x4a,
  0x07, 0x4a, 0x07, 0x4a, 0x07, 0x4a, 0x07, 0x4a, 0x07, 0x4a, 0x07, 0x4a, 0x07, 0x4a, 0x07, 0x4a, 0x07, 0x4a, 0x07, 0x4a, 0x07, 0x4a, 0x07, 0x4a,
  0x07, 0x4a, 0x07, 0x4a, 0x07, 0x4a, 0x07, 0x4a, 0x07, 0x4a, 0x07, 0x4a, 0x07, 0x4a, 0x07, 0x4a, 0x07, 0x4a, 0x07, 0x4a, 0x07, 0x4a, 0x07, 0x4a,
  0x07, 0x4a, 0x07, 0x4a, 0x86, 0x4b, 0x86, 0x54, 0x26, 0x5d, 0x66, 0x5d, 0x46, 0x5d, 0x46, 0x5d, 0x46, 0x5d, 0x46, 0x5d, 0x46, 0x5d, 0x46, 0x5d,
  0x46, 0x5d, 0x46, 0x5d, 0x46, 0x5d, 0x46, 0x5d, 0x46, 0x5d, 0x46, 0x5d, 0x46, 0x5d, 0x46, 0x5d, 0x66, 0x5d, 0x46, 0x5d, 0x05, 0x55, 0x03, 0x33,
  0x81, 0x19, 0x20, 0x00, 0x00, 0x00, 0x00, 0x00, 0x00, 0x00, 0x20, 0x00, 0x40, 0x00, 0x20, 0x00, 0x40, 0x00, 0x40, 0x00, 0x40, 0x00, 0x40, 0x00,
  0x40, 0x00, 0x40, 0x00, 0x40, 0x00, 0x40, 0x00, 0x40, 0x00, 0x40, 0x00, 0x40, 0x00, 0x40, 0x00, 0x40, 0x00, 0x40, 0x00, 0x40, 0x00, 0x20, 0x00,
  0x40, 0x00, 0x40, 0x00, 0x40, 0x00, 0x40, 0x00, 0x40, 0x00, 0x40, 0x00, 0x40, 0x00, 0x40, 0x00, 0x40, 0x00, 0x40, 0x00, 0x40, 0x00, 0x40, 0x00,
  0x40, 0x00, 0x40, 0x00, 0x40, 0x00, 0x40, 0x00, 0x40, 0x00, 0x40, 0x00, 0x40, 0x00, 0x20, 0x00, 0x40, 0x00, 0x40, 0x00, 0x40, 0x00, 0x40, 0x00,
  0x40, 0x00, 0x40, 0x00, 0x40, 0x00, 0x40, 0x00, 0x40, 0x00, 0x40, 0x00, 0x40, 0x00, 0x40, 0x00, 0x40, 0x00, 0x40, 0x00, 0x40, 0x00, 0x40, 0x00,
  0x40, 0x00, 0x40, 0x00, 0x40, 0x00, 0x20, 0x00, 0x40, 0x00, 0x40, 0x00, 0x40, 0x00, 0x40, 0x00, 0x40, 0x00, 0x40, 0x00, 0x40, 0x00, 0x40, 0x00,
  0x20, 0x00, 0x20, 0x00, 0x40, 0x00, 0x40, 0x00, 0x40, 0x00, 0x40, 0x00, 0x40, 0x00, 0x40, 0x00, 0x40, 0x00, 0x40, 0x00, 0x40, 0x00, 0x40, 0x00,
  0x40, 0x00, 0x40, 0x00, 0x40, 0x00, 0x40, 0x00, 0x40, 0x00, 0x40, 0x00, 0x40, 0x00, 0x40, 0x00, 0x40, 0x00, 0x40, 0x00, 0x40, 0x00, 0x40, 0x00,
  0x40, 0x00, 0x40, 0x00, 0x40, 0x00, 0x40, 0x00, 0x40, 0x00, 0x40, 0x00, 0x40, 0x00, 0x40, 0x00, 0x40, 0x00, 0x40, 0x00, 0x40, 0x00, 0x40, 0x00,
  0x20, 0x00, 0x40, 0x00, 0x40, 0x00, 0x40, 0x00, 0x40, 0x00, 0x40, 0x00, 0x40, 0x00, 0x40, 0x00, 0x40, 0x00, 0x40, 0x00, 0x40, 0x00, 0x40, 0x00,
  0x40, 0x00, 0x40, 0x00, 0x40, 0x00, 0x40, 0x00, 0x40, 0x00, 0x40, 0x00, 0x40, 0x00, 0x40, 0x00, 0x40, 0x00, 0x40, 0x00, 0x40, 0x00, 0x20, 0x00,
  0x00, 0x00, 0x00, 0x00, 0x20, 0x00, 0x40, 0x11, 0xa2, 0x2a, 0xa5, 0x54, 0x25, 0x55, 0x66, 0x5d, 0x66, 0x5d, 0x46, 0x5d, 0x46, 0x5d, 0x46, 0x5d,
  0x46, 0x5d, 0x46, 0x5d, 0x46, 0x5d, 0x46, 0x5d, 0x46, 0x5d, 0x46, 0x5d, 0x46, 0x5d, 0x46, 0x5d, 0x46, 0x5d, 0x46, 0x5d, 0x46, 0x5d, 0x46, 0x5d,
  0x26, 0x5d, 0x85, 0x54, 0xc8, 0x39, 0xc8, 0x39, 0xc8, 0x39, 0xc8, 0x39, 0xc8, 0x39, 0xc8, 0x39, 0xc8, 0x39, 0xc8, 0x39, 0xc8, 0x39, 0xc8, 0x39,
  0xc8, 0x39, 0xc8, 0x39, 0xc8, 0x39, 0xc8, 0x31, 0xc8, 0x39, 0xc8, 0x39, 0xc8, 0x31, 0xc8, 0x31, 0xc8, 0x31, 0xc8, 0x31, 0xc8, 0x31, 0xc8, 0x31,
  0xc8, 0x31, 0xc8, 0x31, 0xc8, 0x31, 0xc8, 0x31, 0xc8, 0x31, 0xc8, 0x31, 0xc8, 0x31, 0xc8, 0x31, 0xc8, 0x31, 0xc8, 0x31, 0xc8, 0x31, 0xc8, 0x31,
  0xc8, 0x31, 0xc8, 0x31, 0xc8, 0x31, 0xa8, 0x31, 0xc8, 0x31, 0xc8, 0x31, 0xc8, 0x31, 0xc8, 0x31, 0xc8, 0x31, 0xc8, 0x31, 0xc8, 0x31, 0xc8, 0x31,
  0x07, 0x4a, 0x07, 0x4a, 0x27, 0x4a, 0x07, 0x4a, 0x07, 0x4a, 0x07, 0x4a, 0x07, 0x4a, 0x07, 0x4a, 0x07, 0x4a, 0x07, 0x4a, 0x07, 0x4a, 0x07, 0x4a,
  0x07, 0x4a, 0x07, 0x4a, 0x07, 0x4a, 0x07, 0x4a, 0x07, 0x4a, 0x07, 0x4a, 0x07, 0x4a, 0x07, 0x4a, 0x07, 0x4a, 0x07, 0x4a, 0x07, 0x4a, 0x07, 0x4a,
  0x07, 0x4a, 0x07, 0x4a, 0x07, 0x4a, 0x07, 0x4a, 0x07, 0x4a, 0x07, 0x4a, 0x07, 0x4a, 0x07, 0x4a, 0x07, 0x4a, 0x07, 0x4a, 0x07, 0x4a, 0x07, 0x4a,
  0x07, 0x4a, 0x07, 0x4a, 0x07, 0x4a, 0x07, 0x4a, 0x07, 0x4a, 0x07, 0x4a, 0x07, 0x4a, 0x07, 0x4a, 0x07, 0x4a, 0x07, 0x4a, 0x07, 0x4a, 0x07, 0x4a,
  0x07, 0x4a, 0x07, 0x4a, 0x86, 0x4b, 0x86, 0x54, 0x26, 0x5d, 0x66, 0x5d, 0x46, 0x5d, 0x46, 0x5d, 0x46, 0x5d, 0x46, 0x5d, 0x46, 0x5d, 0x46, 0x5d,
  0x46, 0x5d, 0x46, 0x5d, 0x46, 0x5d, 0x46, 0x5d, 0x46, 0x5d, 0x45, 0x5d, 0x46, 0x5d, 0x46, 0x5d, 0x46, 0x5d, 0x46, 0x5d, 0x66, 0x5d, 0xe5, 0x54,
  0x04, 0x44, 0x23, 0x33, 0xa1, 0x19, 0x00, 0x11, 0x60, 0x00, 0x00, 0x00, 0x00, 0x00, 0x00, 0x00, 0x00, 0x00, 0x00, 0x00, 0x00, 0x00, 0x00, 0x00,
  0x00, 0x00, 0x00, 0x00, 0x00, 0x00, 0x00, 0x00, 0x00, 0x00, 0x00, 0x00, 0x00, 0x00, 0x00, 0x00, 0x00, 0x00, 0x00, 0x00, 0x00, 0x00, 0x00, 0x00,
  0x00, 0x00, 0x00, 0x00, 0x00, 0x00, 0x00, 0x00, 0x00, 0x00, 0x00, 0x00, 0x00, 0x00, 0x00, 0x00, 0x00, 0x00, 0x00, 0x00, 0x00, 0x00, 0x00, 0x00,
  0x00, 0x00, 0x00, 0x00, 0x00, 0x00, 0x00, 0x00, 0x00, 0x00, 0x00, 0x00, 0x00, 0x00, 0x00, 0x00, 0x00, 0x00, 0x00, 0x00, 0x00, 0x00, 0x00, 0x00,
  0x00, 0x00, 0x00, 0x00, 0x00, 0x00, 0x00, 0x00, 0x00, 0x00, 0x00, 0x00, 0x00, 0x00, 0x00, 0x00, 0x00, 0x00, 0x00, 0x00, 0x00, 0x00, 0x00, 0x00,
  0x00, 0x00, 0x00, 0x00, 0x00, 0x00, 0x00, 0x00, 0x00, 0x00, 0x00, 0x00, 0x00, 0x00, 0x00, 0x00, 0x00, 0x00, 0x00, 0x00, 0x00, 0x00, 0x00, 0x00,
  0x00, 0x00, 0x00, 0x00, 0x00, 0x00, 0x00, 0x00, 0x00, 0x00, 0x00, 0x00, 0x00, 0x00, 0x00, 0x00, 0x00, 0x00, 0x00, 0x00, 0x00, 0x00, 0x00, 0x00,
  0x00, 0x00, 0x00, 0x00, 0x00, 0x00, 0x00, 0x00, 0x00, 0x00, 0x00, 0x00, 0x00, 0x00, 0x00, 0x00, 0x00, 0x00, 0x00, 0x00, 0x00, 0x00, 0x00, 0x00,
  0x00, 0x00, 0x00, 0x00, 0x00, 0x00, 0x00, 0x00, 0x00, 0x00, 0x00, 0x00, 0x00, 0x00, 0x00, 0x00, 0x00, 0x00, 0x00, 0x00, 0x00, 0x00, 0x00, 0x00,
  0x00, 0x00, 0x00, 0x00, 0x00, 0x00, 0x00, 0x00, 0x00, 0x00, 0x00, 0x00, 0x00, 0x00, 0x00, 0x00, 0x00, 0x00, 0x00, 0x00, 0x00, 0x00, 0x00, 0x00,
  0x00, 0x00, 0x00, 0x00, 0x00, 0x00, 0x00, 0x00, 0x00, 0x00, 0x00, 0x00, 0x00, 0x00, 0x00, 0x00, 0x00, 0x00, 0x00, 0x00, 0x00, 0x00, 0x00, 0x00,
  0xa0, 0x08, 0x61, 0x11, 0xc2, 0x2a, 0xc4, 0x3b, 0xc5, 0x54, 0x46, 0x5d, 0x46, 0x5d, 0x46, 0x5d, 0x46, 0x5d, 0x45, 0x5d, 0x46, 0x5d, 0x46, 0x5d,
  0x46, 0x5d, 0x46, 0x5d, 0x46, 0x5d, 0x46, 0x5d, 0x46, 0x5d, 0x46, 0x5d, 0x46, 0x5d, 0x46, 0x5d, 0x46, 0x5d, 0x46, 0x5d, 0x46, 0x5d, 0x45, 0x5d,
  0x25, 0x55, 0x65, 0x4c, 0xc8, 0x39, 0xc8, 0x39, 0xc8, 0x39, 0xc8, 0x39, 0xc8, 0x39, 0xc8, 0x39, 0xc8, 0x39, 0xc8, 0x39, 0xc8, 0x39, 0xc8, 0x39,
  0xc8, 0x39, 0xc8, 0x39, 0xc8, 0x39, 0xc8, 0x31, 0xc8, 0x39, 0xc8, 0x31, 0xc8, 0x31, 0xc8, 0x39, 0xc8, 0x31, 0xc8, 0x31, 0xc8, 0x31, 0xc8, 0x31,
  0xc8, 0x31, 0xc8, 0x39, 0xc8, 0x31, 0xc8, 0x31, 0xc8, 0x31, 0xc8, 0x31, 0xc8, 0x31, 0xc8, 0x31, 0xc8, 0x31, 0xc8, 0x31, 0xc8, 0x31, 0xc8, 0x31,
  0xc8, 0x31, 0xc8, 0x31, 0xc8, 0x31, 0xc8, 0x31, 0xc8, 0x31, 0xc8, 0x31, 0xc8, 0x31, 0xc8, 0x31, 0xc8, 0x31, 0xc8, 0x31, 0xc8, 0x31, 0xc8, 0x31,
  0x07, 0x4a, 0x07, 0x4a, 0x07, 0x4a, 0x07, 0x4a, 0x07, 0x4a, 0x07, 0x4a, 0x07, 0x4a, 0x07, 0x4a, 0x07, 0x4a, 0x07, 0x4a, 0x07, 0x4a, 0x07, 0x4a,
  0x07, 0x4a, 0x07, 0x4a, 0x07, 0x4a, 0x07, 0x4a, 0x07, 0x4a, 0x07, 0x4a, 0x07, 0x4a, 0x07, 0x4a, 0x07, 0x4a, 0x07, 0x4a, 0x07, 0x4a, 0x07, 0x4a,
  0x07, 0x4a, 0x07, 0x4a, 0x07, 0x4a, 0x07, 0x4a, 0x07, 0x4a, 0x07, 0x4a, 0x07, 0x4a, 0x07, 0x4a, 0x07, 0x4a, 0x07, 0x4a, 0x07, 0x4a, 0x07, 0x4a,
  0x07, 0x4a, 0x07, 0x4a, 0x07, 0x4a, 0x07, 0x4a, 0x07, 0x4a, 0x07, 0x4a, 0x07, 0x4a, 0x07, 0x4a, 0x07, 0x4a, 0x07, 0x4a, 0x07, 0x4a, 0x07, 0x4a,
  0x07, 0x4a, 0x07, 0x4a, 0x66, 0x4b, 0x85, 0x54, 0x26, 0x5d, 0x46, 0x5d, 0x46, 0x5d, 0x26, 0x5d, 0x46, 0x5d, 0x46, 0x5d, 0x46, 0x5d, 0x46, 0x5d,
  0x46, 0x5d, 0x46, 0x5d, 0x46, 0x5d, 0x46, 0x5d, 0x46, 0x5d, 0x46, 0x5d, 0x46, 0x5d, 0x46, 0x5d, 0x46, 0x5d, 0x46, 0x5d, 0x46, 0x5d, 0x46, 0x5d,
  0xc5, 0x54, 0x44, 0x4c, 0x43, 0x33, 0x82, 0x2a, 0xc1, 0x19, 0x20, 0x11, 0x00, 0x11, 0xe0, 0x08, 0xe0, 0x08, 0xe0, 0x08, 0xe0, 0x08, 0xe0, 0x08,
  0xe0, 0x08, 0xe0, 0x08, 0xe0, 0x10, 0xe0, 0x08, 0xe0, 0x08, 0xe0, 0x08, 0xe0, 0x08, 0xe0, 0x08, 0xe0, 0x08, 0xe0, 0x08, 0xe0, 0x08, 0xe0, 0x08,
  0xe0, 0x08, 0xe0, 0x08, 0xe0, 0x08, 0xe0, 0x08, 0xe0, 0x08, 0xe0, 0x08, 0xe0, 0x08, 0xe0, 0x08, 0xe0, 0x08, 0xe0, 0x08, 0xe0, 0x08, 0xe0, 0x08,
  0xe0, 0x08, 0xe0, 0x08, 0xe0, 0x08, 0xe0, 0x08, 0xe0, 0x08, 0xe0, 0x08, 0xe0, 0x08, 0xe0, 0x08, 0xe0, 0x08, 0xe0, 0x08, 0xe0, 0x08, 0xe0, 0x08,
  0xe0, 0x08, 0xe0, 0x08, 0xe0, 0x08, 0xe0, 0x08, 0xe0, 0x08, 0xe0, 0x08, 0xe0, 0x08, 0xe0, 0x08, 0xe0, 0x08, 0xe0, 0x08, 0xe0, 0x08, 0xe0, 0x08,
  0xe0, 0x08, 0xe0, 0x08, 0xe0, 0x08, 0xe0, 0x08, 0xe0, 0x08, 0xe0, 0x08, 0xe0, 0x08, 0xe0, 0x08, 0xe0, 0x08, 0xe0, 0x08, 0xe0, 0x08, 0xe0, 0x08,
  0xe0, 0x08, 0xe0, 0x08, 0xe0, 0x08, 0xe0, 0x08, 0xe0, 0x08, 0xe0, 0x08, 0xe0, 0x08, 0xe0, 0x08, 0xe0, 0x08, 0xe0, 0x08, 0xe0, 0x08, 0xe0, 0x08,
  0xe0, 0x08, 0xe0, 0x08, 0xe0, 0x08, 0xe0, 0x08, 0xe0, 0x08, 0xe0, 0x08, 0xe0, 0x08, 0xe0, 0x08, 0xe0, 0x08, 0xe0, 0x08, 0xe0, 0x08, 0xe0, 0x08,
  0xe0, 0x08, 0xe0, 0x08, 0xe0, 0x08, 0xe0, 0x08, 0xe0, 0x08, 0xe0, 0x08, 0xe0, 0x08, 0xe0, 0x08, 0xe0, 0x08, 0xe0, 0x08, 0xe0, 0x08, 0xe0, 0x08,
  0xe0, 0x08, 0xe0, 0x08, 0xe0, 0x08, 0xe0, 0x08, 0xe0, 0x08, 0xe0, 0x08, 0xe0, 0x08, 0xe0, 0x08, 0xe0, 0x08, 0xe0, 0x08, 0xe0, 0x08, 0xe0, 0x08,
  0xe0, 0x08, 0xe0, 0x08, 0xe0, 0x08, 0xe0, 0x08, 0xe0, 0x08, 0xe0, 0x08, 0xe0, 0x08, 0xe0, 0x08, 0xe0, 0x08, 0x00, 0x11, 0x20, 0x11, 0x81, 0x19,
  0x42, 0x22, 0x03, 0x33, 0x04, 0x44, 0xa5, 0x4c, 0x25, 0x55, 0x46, 0x5d, 0x46, 0x5d, 0x46, 0x5d, 0x46, 0x5d, 0x46, 0x5d, 0x46, 0x5d, 0x46, 0x5d,
  0x46, 0x5d, 0x46, 0x5d, 0x46, 0x5d, 0x46, 0x5d, 0x46, 0x5d, 0x46, 0x5d, 0x46, 0x5d, 0x46, 0x5d, 0x46, 0x5d, 0x46, 0x5d, 0x46, 0x5d, 0x46, 0x5d,
  0x25, 0x55, 0x45, 0x4c, 0xc8, 0x39, 0xc8, 0x39, 0xc8, 0x39, 0xc8, 0x39, 0xc8, 0x39, 0xc8, 0x39, 0xc8, 0x39, 0xc8, 0x39, 0xc8, 0x39, 0xc8, 0x39,
  0xc8, 0x39, 0xc8, 0x31, 0xc8, 0x39, 0xc8, 0x31, 0xc8, 0x39, 0xc8, 0x39, 0xc8, 0x39, 0xc8, 0x31, 0xc8, 0x31, 0xc8, 0x31, 0xc8, 0x31, 0xc8, 0x39,
  0xc8, 0x31, 0xc8, 0x31, 0xc8, 0x31, 0xc8, 0x31, 0xc8, 0x39, 0xc8, 0x31, 0xc8, 0x31, 0xc8, 0x31, 0xc8, 0x31, 0xc8, 0x31, 0xc8, 0x31, 0xc8, 0x31,
  0xc8, 0x31, 0xa8, 0x39, 0xc8, 0x31, 0xc8, 0x31, 0xc8, 0x31, 0xc8, 0x31, 0xc8, 0x31, 0xc8, 0x31, 0xc8, 0x31, 0xc8, 0x31, 0xc8, 0x31, 0xc8, 0x31,
  0x07, 0x4a, 0x07, 0x4a, 0x07, 0x4a, 0x07, 0x4a, 0x07, 0x4a, 0x07, 0x4a, 0x07, 0x4a, 0x07, 0x4a, 0x07, 0x4a, 0x07, 0x4a, 0x07, 0x4a, 0x07, 0x4a,
  0x07, 0x4a, 0x07, 0x4a, 0x07, 0x4a, 0x07, 0x4a, 0x07, 0x4a, 0x07, 0x4a, 0x07, 0x4a, 0x07, 0x4a, 0x07, 0x4a, 0x07, 0x4a, 0x07, 0x4a, 0x07, 0x4a,
  0x07, 0x4a, 0x07, 0x4a, 0x27, 0x4a, 0x07, 0x4a, 0x07, 0x4a, 0x07, 0x4a, 0x07, 0x4a, 0x07, 0x4a, 0x27, 0x4a, 0x07, 0x4a, 0x07, 0x4a, 0x07, 0x4a,
  0x07, 0x4a, 0x07, 0x4a, 0x07, 0x4a, 0x07, 0x4a, 0x07, 0x4a, 0x07, 0x4a, 0x07, 0x4a, 0x07, 0x4a, 0x07, 0x4a, 0x07, 0x4a, 0x07, 0x4a, 0x07, 0x4a,
  0x07, 0x4a, 0x07, 0x4a, 0x46, 0x4b, 0x85, 0x54, 0x26, 0x5d, 0x46, 0x5d, 0x46, 0x5d, 0x25, 0x5d, 0x25, 0x55, 0x26, 0x5d, 0x26, 0x5d, 0x26, 0x5d,
  0x26, 0x5d, 0x25, 0x55, 0x26, 0x5d, 0x25, 0x55, 0x26, 0x5d, 0x26, 0x5d, 0x26, 0x5d, 0x46, 0x55, 0x46, 0x5d, 0x26, 0x5d, 0x26, 0x5d, 0x46, 0x5d,
  0x46, 0x5d, 0x46, 0x5d, 0xc5, 0x4c, 0x24, 0x44, 0x63, 0x3b, 0xa2, 0x2a, 0x62, 0x22, 0x21, 0x22, 0x01, 0x22, 0x01, 0x22, 0x01, 0x22, 0x01, 0x22,
  0x01, 0x22, 0x01, 0x22, 0x01, 0x22, 0x01, 0x22, 0x01, 0x22, 0x01, 0x22, 0x01, 0x22, 0x01, 0x22, 0x21, 0x22, 0x01, 0x22, 0x01, 0x22, 0x01, 0x22,
  0x01, 0x22, 0x01, 0x22, 0x01, 0x22, 0x01, 0x22, 0x01, 0x22, 0x01, 0x22, 0x01, 0x22, 0x21, 0x22, 0x01, 0x22, 0x01, 0x22, 0x21, 0x22, 0x21, 0x22,
  0x01, 0x22, 0x01, 0x22, 0x01, 0x22, 0x01, 0x22, 0x01, 0x22, 0x01, 0x22, 0x01, 0x22, 0x01, 0x22, 0x01, 0x22, 0x01, 0x22, 0x01, 0x22, 0x01, 0x22,
  0x01, 0x22, 0x01, 0x22, 0x01, 0x22, 0x01, 0x22, 0x01, 0x22, 0x01, 0x22, 0x01, 0x22, 0x01, 0x22, 0x01, 0x22, 0x01, 0x22, 0x01, 0x22, 0x01, 0x22,
  0x01, 0x22, 0x01, 0x22, 0x01, 0x22, 0x01, 0x22, 0x21, 0x22, 0x01, 0x22, 0x01, 0x22, 0x01, 0x22, 0x01, 0x22, 0x01, 0x22, 0x01, 0x22, 0x01, 0x22,
  0x01, 0x22, 0x01, 0x22, 0x01, 0x22, 0x01, 0x22, 0x01, 0x22, 0x01, 0x22, 0x01, 0x22, 0x01, 0x22, 0x01, 0x22, 0x01, 0x22, 0x01, 0x22, 0x01, 0x22,
  0x01, 0x22, 0x01, 0x22, 0x01, 0x22, 0x01, 0x22, 0x01, 0x22, 0x01, 0x22, 0x01, 0x22, 0x01, 0x22, 0x01, 0x22, 0x01, 0x22, 0x01, 0x22, 0x01, 0x22,
  0x01, 0x22, 0x01, 0x22, 0x01, 0x22, 0x01, 0x22, 0x01, 0x22, 0x01, 0x22, 0x01, 0x22, 0x21, 0x22, 0x21, 0x22, 0x01, 0x22, 0x01, 0x22, 0x01, 0x22,
  0x01, 0x22, 0x01, 0x22, 0x01, 0x22, 0x01, 0x22, 0x01, 0x22, 0x01, 0x22, 0x01, 0x22, 0x01, 0x22, 0x01, 0x22, 0x01, 0x22, 0x01, 0x22, 0x01, 0x22,
  0x01, 0x22, 0x01, 0x22, 0x01, 0x22, 0x01, 0x22, 0x01, 0x22, 0x01, 0x22, 0x01, 0x22, 0x01, 0x22, 0x21, 0x22, 0x42, 0x22, 0x82, 0x2a, 0x23, 0x33,
  0xe4, 0x43, 0x85, 0x4c, 0x26, 0x5d, 0x46, 0x5d, 0x66, 0x5d, 0x26, 0x5d, 0x26, 0x5d, 0x26, 0x5d, 0x26, 0x5d, 0x26, 0x5d, 0x26, 0x5d, 0x26, 0x5d,
  0x26, 0x5d, 0x26, 0x5d, 0x26, 0x5d, 0x26, 0x5d, 0x26, 0x5d, 0x26, 0x5d, 0x26, 0x5d, 0x26, 0x5d, 0x25, 0x55, 0x26, 0x5d, 0x46, 0x5d, 0x26, 0x5d,
  0x25, 0x55, 0x05, 0x4c, 0xc8, 0x39, 0xc8, 0x39, 0xc8, 0x39, 0xc7, 0x39, 0xc8, 0x39, 0xc8, 0x39, 0xc8, 0x39, 0xc8, 0x39, 0xc8, 0x39, 0xc8, 0x39,
  0xc8, 0x39, 0xc8, 0x39, 0xc8, 0x39, 0xc8, 0x39, 0xc8, 0x39, 0xc8, 0x39, 0xc8, 0x39, 0xc8, 0x39, 0xc8, 0x39, 0xc8, 0x39, 0xc8, 0x39, 0xc8, 0x39,
  0xc8, 0x39, 0xc8, 0x39, 0xc8, 0x31, 0xc8, 0x31, 0xc8, 0x31, 0xc8, 0x31, 0xc8, 0x31, 0xc8, 0x31, 0xa8, 0x31, 0xc8, 0x31, 0xc8, 0x31, 0xc8, 0x31,
  0xc8, 0x31, 0xc8, 0x31, 0xc8, 0x31, 0xc8, 0x31, 0xc8, 0x31, 0xc8, 0x31, 0xc8, 0x31, 0xc8, 0x31, 0xc8, 0x31, 0xc8, 0x31, 0xc8, 0x31, 0xc8, 0x31,
  0x07, 0x4a, 0x07, 0x4a, 0x07, 0x4a, 0x07, 0x4a, 0x07, 0x4a, 0x07, 0x4a, 0x07, 0x4a, 0x07, 0x4a, 0x07, 0x4a, 0x07, 0x4a, 0x07, 0x4a, 0x07, 0x4a,
  0x07, 0x4a, 0x07, 0x4a, 0x07, 0x4a, 0x07, 0x4a, 0x07, 0x4a, 0x07, 0x4a, 0x07, 0x4a, 0x07, 0x4a, 0x07, 0x4a, 0x07, 0x4a, 0x07, 0x4a, 0x07, 0x4a,
  0x07, 0x4a, 0x07, 0x4a, 0x07, 0x4a, 0x07, 0x4a, 0x07, 0x4a, 0x07, 0x4a, 0x07, 0x4a, 0x07, 0x4a, 0x07, 0x4a, 0x07, 0x4a, 0x07, 0x4a, 0x07, 0x4a,
  0x07, 0x4a, 0x07, 0x4a, 0x07, 0x4a, 0x07, 0x4a, 0x07, 0x4a, 0x07, 0x4a, 0x07, 0x4a, 0x07, 0x4a, 0x07, 0x4a, 0x07, 0x4a, 0x07, 0x4a, 0x07, 0x4a,
  0x07, 0x4a, 0x07, 0x4a, 0x26, 0x4b, 0x65, 0x4c, 0x26, 0x5d, 0x46, 0x5d, 0x45, 0x5d, 0x26, 0x5d, 0x26, 0x5d, 0x25, 0x55, 0x25, 0x5d, 0x25, 0x55,
  0x25, 0x55, 0x26, 0x5d, 0x25, 0x55, 0x26, 0x5d, 0x26, 0x5d, 0x26, 0x5d, 0x26, 0x5d, 0x46, 0x5d, 0x26, 0x5d, 0x25, 0x55, 0x25, 0x5d, 0x25, 0x55,
  0x25, 0x55, 0x46, 0x5d, 0x46, 0x5d, 0x45, 0x5d, 0x26, 0x55, 0xe5, 0x54, 0xe5, 0x54, 0xc5, 0x54, 0xa5, 0x4c, 0xa5, 0x4c, 0xa5, 0x4c, 0xa5, 0x54,
  0xa5, 0x4c, 0xa5, 0x4c, 0xa5, 0x4c, 0xa5, 0x4c, 0xa5, 0x4c, 0xa5, 0x4c, 0xa5, 0x4c, 0xa5, 0x4c, 0xa5, 0x4c, 0xa5, 0x4c, 0xa5, 0x4c, 0xa5, 0x4c,
  0xa5, 0x4c, 0xa5, 0x4c, 0xa5, 0x4c, 0xa5, 0x4c, 0xa5, 0x4c, 0xa5, 0x4c, 0xa5, 0x4c, 0xa5, 0x4c, 0xa5, 0x4c, 0xa5, 0x4c, 0xa5, 0x4c, 0xa5, 0x4c,
  0xa5, 0x4c, 0xa5, 0x4c, 0xa5, 0x4c, 0xa5, 0x4c, 0xa5, 0x4c, 0xa5, 0x4c, 0xa5, 0x4c, 0xa5, 0x4c, 0xa5, 0x4c, 0xa5, 0x4c, 0xa5, 0x4c, 0xa5, 0x4c,
  0xa5, 0x4c, 0xa5, 0x4c, 0xa5, 0x4c, 0xa5, 0x4c, 0xa5, 0x4c, 0xa5, 0x4c, 0xa5, 0x4c, 0xa5, 0x4c, 0xa5, 0x4c, 0xa5, 0x4c, 0xa5, 0x4c, 0xa5, 0x4c,
  0xa5, 0x4c, 0xa5, 0x4c, 0xa5, 0x4c, 0xa5, 0x4c, 0xa5, 0x4c, 0xa5, 0x4c, 0xa5, 0x4c, 0xa5, 0x4c, 0xa5, 0x4c, 0xa5, 0x4c, 0xa5, 0x4c, 0xa5, 0x4c,
  0xa5, 0x4c, 0xa5, 0x4c, 0xa5, 0x4c, 0xa5, 0x4c, 0xa5, 0x4c, 0xa5, 0x4c, 0xa5, 0x4c, 0xa5, 0x4c, 0xa5, 0x4c, 0xa5, 0x4c, 0xa5, 0x4c, 0xa5, 0x4c,
  0xa5, 0x4c, 0xa5, 0x4c, 0xa5, 0x4c, 0xa5, 0x4c, 0xa5, 0x4c, 0xa5, 0x4c, 0xa5, 0x4c, 0xa5, 0x4c, 0xa5, 0x4c, 0xa5, 0x4c, 0xa5, 0x4c, 0xa5, 0x4c,
  0xa5, 0x4c, 0xa5, 0x4c, 0xa5, 0x4c, 0xa5, 0x4c, 0xa5, 0x4c, 0xa5, 0x4c, 0xa5, 0x4c, 0xa5, 0x4c, 0xa5, 0x4c, 0xa5, 0x4c, 0xa5, 0x4c, 0xa5, 0x4c,
  0xa5, 0x4c, 0xa5, 0x4c, 0xa5, 0x4c, 0xa5, 0x4c, 0xa5, 0x4c, 0xa5, 0x4c, 0xa5, 0x4c, 0xa5, 0x4c, 0xa5, 0x4c, 0xa5, 0x4c, 0xa5, 0x4c, 0xa5, 0x4c,
  0xa5, 0x4c, 0xa5, 0x4c, 0xa5, 0x4c, 0xa5, 0x4c, 0xa5, 0x4c, 0xa5, 0x4c, 0xa5, 0x4c, 0xa5, 0x4c, 0xa5, 0x4c, 0xc5, 0x4c, 0xe5, 0x54, 0x05, 0x55,
  0x46, 0x5d, 0x46, 0x5d, 0x46, 0x5d, 0x46, 0x5d, 0x26, 0x5d, 0x25, 0x55, 0x46, 0x5d, 0x25, 0x5d, 0x25, 0x55, 0x26, 0x5d, 0x26, 0x5d, 0x26, 0x5d,
  0x26, 0x5d, 0x26, 0x5d, 0x26, 0x5d, 0x46, 0x5d, 0x46, 0x5d, 0x46, 0x5d, 0x46, 0x5d, 0x26, 0x5d, 0x25, 0x55, 0x25, 0x5d, 0x26, 0x5d, 0x46, 0x5d,
  0x05, 0x55, 0xe5, 0x4b, 0xc8, 0x39, 0xc7, 0x39, 0xc8, 0x39, 0xc8, 0x39, 0xc8, 0x39, 0xc8, 0x39, 0xc8, 0x39, 0xc8, 0x39, 0xc8, 0x39, 0xc8, 0x39,
  0xc8, 0x39, 0xc8, 0x31, 0xc8, 0x31, 0xc8, 0x39, 0xc8, 0x39, 0xc8, 0x39, 0xc8, 0x39, 0xc8, 0x39, 0xc8, 0x39, 0xc8, 0x39, 0xc8, 0x39, 0xc8, 0x31,
  0xc8, 0x39, 0xc8, 0x39, 0xc8, 0x39, 0xc8, 0x39, 0xc8, 0x31, 0xc8, 0x39, 0xc8, 0x31, 0xc8, 0x39, 0xc8, 0x31, 0xc8, 0x39, 0xc8, 0x31, 0xc8, 0x39,
  0xc8, 0x31, 0xc8, 0x39, 0xa8, 0x31, 0xc8, 0x31, 0xc8, 0x31, 0xc8, 0x31, 0xa8, 0x31, 0xc8, 0x31, 0xc8, 0x31, 0xc8, 0x31, 0xc8, 0x31, 0xc8, 0x31,
  0x07, 0x4a, 0x07, 0x4a, 0x07, 0x4a, 0x07, 0x4a, 0x27, 0x4a, 0x07, 0x4a, 0x07, 0x4a, 0x07, 0x4a, 0x07, 0x4a, 0x07, 0x4a, 0x07, 0x4a, 0x07, 0x4a,
  0x07, 0x4a, 0x07, 0x4a, 0x07, 0x4a, 0x07, 0x4a, 0x07, 0x4a, 0x07, 0x4a, 0x07, 0x4a, 0x27, 0x4a, 0x07, 0x4a, 0x07, 0x4a, 0x07, 0x4a, 0x07, 0x4a,
  0x07, 0x4a, 0x07, 0x4a, 0x07, 0x4a, 0x07, 0x4a, 0x07, 0x4a, 0x27, 0x4a, 0x07, 0x4a, 0x07, 0x4a, 0x07, 0x4a, 0x07, 0x4a, 0x07, 0x4a, 0x07, 0x4a,
  0x07, 0x4a, 0x07, 0x4a, 0x07, 0x4a, 0x07, 0x4a, 0x07, 0x4a, 0x07, 0x4a, 0x07, 0x4a, 0x07, 0x4a, 0x07, 0x4a, 0x07, 0x4a, 0x07, 0x4a, 0x07, 0x4a,
  0x07, 0x4a, 0x07, 0x4a, 0x06, 0x4b, 0x85, 0x54, 0x26, 0x55, 0x45, 0x5d, 0x26, 0x5d, 0x26, 0x5d, 0x25, 0x55, 0x25, 0x5d, 0x26, 0x5d, 0x25, 0x5d,
  0x26, 0x5d, 0x25, 0x5d, 0x25, 0x5d, 0x25, 0x5d, 0x25, 0x55, 0x25, 0x5d, 0x25, 0x55, 0x26, 0x55, 0x25, 0x5d, 0x25, 0x5d, 0x25, 0x5d, 0x25, 0x55,
  0x26, 0x5d, 0x26, 0x5d, 0x25, 0x5d, 0x46, 0x5d, 0x46, 0x5d, 0x46, 0x5d, 0x25, 0x55, 0x05, 0x5d, 0x05, 0x55, 0x05, 0x55, 0x05, 0x55, 0x05, 0x55,
  0x05, 0x55, 0x05, 0x55, 0x05, 0x55, 0x05, 0x55, 0x05, 0x55, 0x05, 0x55, 0x05, 0x55, 0x05, 0x55, 0x05, 0x55, 0x05, 0x55, 0x05, 0x55, 0x05, 0x55,
  0x05, 0x55, 0x05, 0x55, 0x05, 0x55, 0x05, 0x55, 0x05, 0x55, 0x05, 0x55, 0x05, 0x55, 0x05, 0x55, 0x05, 0x55, 0x05, 0x55, 0x05, 0x55, 0x05, 0x55,
  0x05, 0x55, 0x05, 0x55, 0x05, 0x55, 0x05, 0x55, 0x05, 0x55, 0x05, 0x55, 0x05, 0x55, 0x05, 0x55, 0x05, 0x55, 0x05, 0x55, 0x05, 0x55, 0x05, 0x55,
  0x05, 0x55, 0x05, 0x55, 0x05, 0x55, 0x05, 0x55, 0x05, 0x55, 0x05, 0x55, 0x05, 0x55, 0x05, 0x55, 0x05, 0x55, 0x05, 0x55, 0x05, 0x55, 0x05, 0x55,
  0x05, 0x55, 0x05, 0x55, 0x05, 0x55, 0x05, 0x55, 0x05, 0x55, 0x05, 0x55, 0x05, 0x55, 0x05, 0x55, 0x05, 0x55, 0x05, 0x55, 0x05, 0x55, 0x05, 0x55,
  0x05, 0x55, 0x05, 0x55, 0x05, 0x55, 0x05, 0x55, 0x05, 0x55, 0x05, 0x55, 0x05, 0x55, 0x05, 0x55, 0x05, 0x55, 0x05, 0x55, 0x05, 0x55, 0x05, 0x55,
  0x05, 0x55, 0x05, 0x55, 0x05, 0x55, 0x05, 0x55, 0x05, 0x55, 0x05, 0x55, 0x05, 0x55, 0x05, 0x55, 0x05, 0x55, 0x05, 0x55, 0x05, 0x55, 0x05, 0x55,
  0x05, 0x55, 0x05, 0x55, 0x05, 0x55, 0x05, 0x55, 0x05, 0x55, 0x05, 0x55, 0x05, 0x55, 0x05, 0x55, 0x05, 0x55, 0x05, 0x55, 0x05, 0x55, 0x05, 0x55,
  0x05, 0x55, 0x05, 0x55, 0x05, 0x55, 0x05, 0x55, 0x05, 0x55, 0x05, 0x55, 0x05, 0x55, 0x05, 0x55, 0x05, 0x55, 0x05, 0x55, 0x05, 0x55, 0x05, 0x55,
  0x05, 0x55, 0x05, 0x55, 0x25, 0x55, 0x25, 0x55, 0x05, 0x55, 0x05, 0x55, 0x05, 0x55, 0x05, 0x55, 0x25, 0x55, 0x25, 0x55, 0x25, 0x55, 0x45, 0x5d,
  0x46, 0x55, 0x45, 0x5d, 0x26, 0x5d, 0x25, 0x55, 0x25, 0x55, 0x25, 0x5d, 0x25, 0x55, 0x25, 0x55, 0x25, 0x5d, 0x25, 0x55, 0x25, 0x55, 0x25, 0x5d,
  0x25, 0x5d, 0x25, 0x5d, 0x25, 0x5d, 0x25, 0x55, 0x25, 0x5d, 0x25, 0x55, 0x25, 0x55, 0x25, 0x5d, 0x25, 0x5d, 0x25, 0x55, 0x25, 0x55, 0x25, 0x55,
  0x05, 0x55, 0xa5, 0x43, 0xa7, 0x39, 0xc8, 0x39, 0xc8, 0x39, 0xc8, 0x39, 0xc8, 0x31, 0xa8, 0x39, 0xc8, 0x31, 0xc8, 0x39, 0xc8, 0x31, 0xc8, 0x31,
  0xa8, 0x31, 0xc8, 0x39, 0xc8, 0x39, 0xc8, 0x39, 0xc8, 0x39, 0xc8, 0x39, 0xc8, 0x39, 0xc8, 0x39, 0xc8, 0x39, 0xc8, 0x39, 0xc8, 0x39, 0xc8, 0x39,
  0xc8, 0x39, 0xc8, 0x39, 0xc8, 0x39, 0xc8, 0x39, 0xc8, 0x31, 0xc8, 0x31, 0xa8, 0x39, 0xc8, 0x31, 0xc8, 0x31, 0xc8, 0x31, 0xc8, 0x31, 0xc8, 0x31,
  0xc8, 0x31, 0xc8, 0x31, 0xc8, 0x31, 0xc8, 0x31, 0xc8, 0x31, 0xa8, 0x31, 0xc8, 0x31, 0xc8, 0x31, 0xc8, 0x31, 0xc8, 0x31, 0xc8, 0x31, 0xc8, 0x31,
  0x07, 0x4a, 0x07, 0x4a, 0x07, 0x4a, 0x07, 0x4a, 0xe7, 0x49, 0x06, 0x4a, 0x07, 0x4a, 0x06, 0x4a, 0x07, 0x4a, 0x06, 0x4a, 0x06, 0x4a, 0x06, 0x4a,
  0x07, 0x4a, 0x06, 0x4a, 0x07, 0x4a, 0x07, 0x4a, 0x07, 0x4a, 0x06, 0x4a, 0x07, 0x4a, 0x06, 0x4a, 0x07, 0x4a, 0x07, 0x4a, 0x07, 0x4a, 0x07, 0x4a,
  0x07, 0x4a, 0x07, 0x4a, 0x07, 0x4a, 0x07, 0x4a, 0x07, 0x4a, 0x07, 0x4a, 0x27, 0x4a, 0x07, 0x4a, 0x07, 0x4a, 0x07, 0x4a, 0x07, 0x4a, 0x07, 0x4a,
  0x07, 0x4a, 0x07, 0x4a, 0x07, 0x4a, 0x07, 0x4a, 0x07, 0x4a, 0x07, 0x4a, 0x07, 0x4a, 0x07, 0x4a, 0x07, 0x4a, 0x06, 0x4a, 0x07, 0x4a, 0x07, 0x4a,
  0x07, 0x4a, 0x06, 0x4a, 0x06, 0x4b, 0x66, 0x54, 0x26, 0x55, 0x46, 0x55, 0x46, 0x5d, 0x26, 0x55, 0x25, 0x55, 0x25, 0x55, 0x25, 0x55, 0x25, 0x55,
  0x25, 0x55, 0x46, 0x55, 0x25, 0x55, 0x25, 0x55, 0x26, 0x5d, 0x26, 0x5d, 0x25, 0x5d, 0x25, 0x55, 0x25, 0x5d, 0x25, 0x55, 0x25, 0x55, 0x26, 0x5d,
  0x25, 0x55, 0x26, 0x55, 0x46, 0x5d, 0x45, 0x5d, 0x46, 0x5d, 0x46, 0x55, 0x46, 0x5d, 0x46, 0x5d, 0x46, 0x5d, 0x46, 0x5d, 0x46, 0x5d, 0x46, 0x5d,
  0x46, 0x5d, 0x46, 0x5d, 0x46, 0x5d, 0x46, 0x5d, 0x46, 0x5d, 0x46, 0x5d, 0x46, 0x5d, 0x46, 0x5d, 0x46, 0x5d, 0x46, 0x5d, 0x46, 0x5d, 0x46, 0x5d,
  0x46, 0x5d, 0x46, 0x5d, 0x46, 0x5d, 0x46, 0x5d, 0x46, 0x5d, 0x46, 0x5d, 0x46, 0x5d, 0x45, 0x5d, 0x46, 0x5d, 0x46, 0x5d, 0x45, 0x5d, 0x45, 0x5d,
  0x46, 0x5d, 0x46, 0x5d, 0x46, 0x5d, 0x46, 0x5d, 0x46, 0x5d, 0x46, 0x5d, 0x46, 0x5d, 0x46, 0x5d, 0x46, 0x5d, 0x46, 0x5d, 0x46, 0x5d, 0x46, 0x5d,
  0x46, 0x5d, 0x46, 0x5d, 0x46, 0x5d, 0x46, 0x5d, 0x46, 0x5d, 0x46, 0x5d, 0x46, 0x5d, 0x46, 0x5d, 0x46, 0x5d, 0x46, 0x5d, 0x46, 0x5d, 0x46, 0x5d,
  0x46, 0x5d, 0x46, 0x5d, 0x46, 0x5d, 0x46, 0x5d, 0x45, 0x5d, 0x46, 0x5d, 0x46, 0x5d, 0x46, 0x5d, 0x46, 0x5d, 0x46, 0x5d, 0x46, 0x5d, 0x46, 0x5d,
  0x46, 0x5d, 0x46, 0x5d, 0x46, 0x5d, 0x46, 0x5d, 0x46, 0x5d, 0x46, 0x5d, 0x46, 0x5d, 0x46, 0x5d, 0x46, 0x5d, 0x46, 0x5d, 0x46, 0x5d, 0x46, 0x5d,
  0x46, 0x5d, 0x46, 0x5d, 0x46, 0x5d, 0x46, 0x5d, 0x46, 0x5d, 0x46, 0x5d, 0x46, 0x5d, 0x46, 0x5d, 0x46, 0x5d, 0x46, 0x5d, 0x46, 0x5d, 0x46, 0x5d,
  0x46, 0x5d, 0x46, 0x5d, 0x45, 0x5d, 0x46, 0x5d, 0x46, 0x5d, 0x46, 0x5d, 0x46, 0x5d, 0x46, 0x5d, 0x45, 0x5d, 0x46, 0x5d, 0x46, 0x5d, 0x46, 0x5d,
  0x46, 0x5d, 0x46, 0x5d, 0x45, 0x5d, 0x46, 0x5d, 0x46, 0x5d, 0x46, 0x5d, 0x46, 0x5d, 0x46, 0x5d, 0x46, 0x5d, 0x46, 0x5d, 0x46, 0x5d, 0x46, 0x5d,
  0x46, 0x5d, 0x46, 0x5d, 0x46, 0x5d, 0x46, 0x5d, 0x46, 0x5d, 0x46, 0x5d, 0x46, 0x5d, 0x46, 0x5d, 0x46, 0x5d, 0x46, 0x5d, 0x46, 0x5d, 0x46, 0x5d,
  0x46, 0x5d, 0x46, 0x55, 0x26, 0x55, 0x26, 0x5d, 0x25, 0x5d, 0x25, 0x55, 0x26, 0x5d, 0x26, 0x5d, 0x25, 0x55, 0x25, 0x5d, 0x25, 0x55, 0x26, 0x5d,
  0x25, 0x55, 0x25, 0x55, 0x26, 0x5d, 0x26, 0x5d, 0x25, 0x55, 0x26, 0x5d, 0x26, 0x5d, 0x25, 0x55, 0x46, 0x55, 0x25, 0x5d, 0x25, 0x55, 0x25, 0x55,
  0x05, 0x55, 0x45, 0x43, 0xc8, 0x39, 0xa8, 0x39, 0xa7, 0x39, 0xa7, 0x39, 0xa8, 0x39, 0xa8, 0x39, 0xa7, 0x39, 0xa8, 0x39, 0xc8, 0x39, 0xc7, 0x39,
  0xc8, 0x39, 0xa8, 0x31, 0xa8, 0x31, 0xc8, 0x39, 0xa8, 0x31, 0xc8, 0x39, 0xc8, 0x39, 0xc8, 0x39, 0xa8, 0x31, 0xa8, 0x31, 0xc8, 0x39, 0xc8, 0x31,
  0xa8, 0x31, 0xc8, 0x31, 0xc8, 0x39, 0xa8, 0x39, 0xa8, 0x39, 0xc8, 0x39, 0xc8, 0x39, 0xa8, 0x39, 0xc8, 0x31, 0xa8, 0x39, 0xc8, 0x39, 0xa8, 0x39,
  0xc8, 0x39, 0xc8, 0x31, 0xa8, 0x31, 0xc8, 0x39, 0xa8, 0x39, 0xc8, 0x31, 0xc8, 0x31, 0xc8, 0x31, 0xc8, 0x31, 0xc8, 0x31, 0xc8, 0x31, 0xc8, 0x31,
  0x07, 0x4a, 0x07, 0x4a, 0x07, 0x4a, 0x07, 0x4a, 0x07, 0x4a, 0x07, 0x4a, 0x07, 0x4a, 0x07, 0x4a, 0x07, 0x4a, 0x07, 0x4a, 0x07, 0x4a, 0x07, 0x4a,
  0x07, 0x4a, 0x07, 0x4a, 0x07, 0x4a, 0x07, 0x4a, 0x07, 0x4a, 0x07, 0x4a, 0x07, 0x4a, 0x07, 0x4a, 0x07, 0x4a, 0x07, 0x4a, 0x07, 0x4a, 0x07, 0x4a,
  0x07, 0x4a, 0x07, 0x4a, 0x07, 0x4a, 0x07, 0x4a, 0x07, 0x4a, 0x07, 0x4a, 0x07, 0x4a, 0x07, 0x4a, 0x07, 0x4a, 0x07, 0x4a, 0x07, 0x4a, 0x07, 0x4a,
  0x07, 0x4a, 0x07, 0x4a, 0x07, 0x4a, 0x07, 0x4a, 0x07, 0x4a, 0x07, 0x4a, 0x07, 0x4a, 0x07, 0x4a, 0x07, 0x4a, 0x07, 0x4a, 0x07, 0x4a, 0x07, 0x4a,
  0x07, 0x4a, 0x07, 0x4a, 0xa6, 0x4a, 0x65, 0x54, 0x05, 0x55, 0x45, 0x5d, 0x25, 0x55, 0x25, 0x55, 0x25, 0x55, 0x25, 0x55, 0x25, 0x55, 0x25, 0x55,
  0x25, 0x55, 0x25, 0x55, 0x25, 0x55, 0x25, 0x55, 0x25, 0x55, 0x25, 0x55, 0x25, 0x55, 0x25, 0x55, 0x05, 0x5d, 0x25, 0x55, 0x25, 0x55, 0x25, 0x55,
  0x25, 0x55, 0x25, 0x55, 0x05, 0x5d, 0x06, 0x55, 0x05, 0x55, 0x05, 0x55, 0x25, 0x55, 0x05, 0x55, 0x25, 0x55, 0x25, 0x55, 0x05, 0x55, 0x25, 0x55,
  0x05, 0x55, 0x05, 0x55, 0x05, 0x55, 0x05, 0x55, 0x05, 0x55, 0x05, 0x55, 0x05, 0x55, 0x05, 0x55, 0x26, 0x55, 0x26, 0x55, 0x05, 0x55, 0x05, 0x55,
  0x05, 0x55, 0x05, 0x55, 0x05, 0x55, 0x05, 0x55, 0x25, 0x55, 0x25, 0x55, 0x25, 0x55, 0x25, 0x55, 0x25, 0x55, 0x25, 0x55, 0x25, 0x5d, 0x25, 0x5d,
  0x26, 0x55, 0x05, 0x55, 0x05, 0x55, 0x05, 0x55, 0x05, 0x55, 0x05, 0x55, 0x05, 0x55, 0x05, 0x55, 0x05, 0x55, 0x05, 0x55, 0x05, 0x55, 0x05, 0x55,
  0x05, 0x55, 0x05, 0x55, 0x05, 0x55, 0x05, 0x55, 0x05, 0x55, 0x05, 0x55, 0x05, 0x55, 0x05, 0x55, 0x05, 0x55, 0x05, 0x55, 0x25, 0x55, 0x05, 0x55,
  0x05, 0x55, 0x25, 0x55, 0x05, 0x55, 0x05, 0x55, 0x25, 0x55, 0x26, 0x55, 0x26, 0x55, 0x26, 0x55, 0x25, 0x55, 0x25, 0x55, 0x25, 0x55, 0x05, 0x55,
  0x05, 0x55, 0x05, 0x55, 0x05, 0x55, 0x05, 0x55, 0x05, 0x55, 0x05, 0x55, 0x05, 0x55, 0x05, 0x55, 0x05, 0x55, 0x05, 0x55, 0x25, 0x55, 0x05, 0x55,
  0x05, 0x55, 0x25, 0x55, 0x05, 0x55, 0x05, 0x55, 0x05, 0x55, 0x05, 0x55, 0x05, 0x55, 0x05, 0x55, 0x05, 0x55, 0x05, 0x55, 0x05, 0x55, 0x05, 0x55,
  0x05, 0x55, 0x05, 0x55, 0x25, 0x5d, 0x26, 0x55, 0x25, 0x55, 0x05, 0x55, 0x05, 0x55, 0x05, 0x55, 0x25, 0x55, 0x26, 0x55, 0x25, 0x55, 0x25, 0x55,
  0x05, 0x55, 0x05, 0x55, 0x25, 0x55, 0x26, 0x55, 0x05, 0x55, 0x05, 0x55, 0x05, 0x55, 0x05, 0x55, 0x05, 0x55, 0x05, 0x55, 0x05, 0x55, 0x05, 0x55,
  0x05, 0x55, 0x05, 0x55, 0x05, 0x55, 0x25, 0x55, 0x05, 0x55, 0x05, 0x55, 0x05, 0x55, 0x05, 0x55, 0x25, 0x55, 0x25, 0x55, 0x05, 0x55, 0x25, 0x5d,
  0x25, 0x55, 0x05, 0x55, 0x25, 0x55, 0x25, 0x55, 0x25, 0x55, 0x25, 0x55, 0x25, 0x55, 0x25, 0x55, 0x26, 0x55, 0x26, 0x55, 0x25, 0x55, 0x25, 0x55,
  0x25, 0x55, 0x25, 0x55, 0x25, 0x55, 0x25, 0x55, 0x25, 0x55, 0x25, 0x55, 0x25, 0x55, 0x25, 0x55, 0x25, 0x55, 0x25, 0x55, 0x25, 0x55, 0x05, 0x55,
  0x05, 0x55, 0x25, 0x43, 0xc8, 0x39, 0xc8, 0x39, 0xc7, 0x39, 0xc8, 0x39, 0xc7, 0x39, 0xc8, 0x39, 0xc8, 0x39, 0xc8, 0x39, 0xc8, 0x39, 0xa8, 0x39,
  0xc8, 0x39, 0xc8, 0x39, 0xc8, 0x39, 0xc8, 0x39, 0xc8, 0x39, 0xc8, 0x39, 0xc8, 0x39, 0xc8, 0x39, 0xc8, 0x39, 0xc8, 0x39, 0xc8, 0x39, 0xc8, 0x39,
  0xc8, 0x39, 0xc8, 0x39, 0xc8, 0x39, 0xc8, 0x31, 0xc8, 0x31, 0xc8, 0x39, 0xc8, 0x31, 0xa8, 0x31, 0xc8, 0x39, 0xc8, 0x39, 0xc8, 0x31, 0xc8, 0x31,
  0xc8, 0x31, 0xc8, 0x31, 0xc8, 0x31, 0xc8, 0x31, 0xc8, 0x39, 0xc8, 0x31, 0xc8, 0x31, 0xc8, 0x31, 0xa8, 0x31, 0xc8, 0x31, 0xc8, 0x31, 0xc8, 0x31,
  0x07, 0x4a, 0x06, 0x4a, 0x07, 0x4a, 0x07, 0x4a, 0x07, 0x4a, 0x07, 0x4a, 0x07, 0x4a, 0x07, 0x4a, 0x07, 0x4a, 0x07, 0x4a, 0x07, 0x4a, 0x07, 0x4a,
  0x07, 0x4a, 0x07, 0x4a, 0x07, 0x4a, 0x07, 0x4a, 0x07, 0x4a, 0x07, 0x4a, 0x07, 0x4a, 0x07, 0x4a, 0x07, 0x4a, 0x07, 0x4a, 0x07, 0x4a, 0x07, 0x4a,
  0x07, 0x4a, 0x07, 0x4a, 0x07, 0x4a, 0x07, 0x4a, 0x07, 0x4a, 0x07, 0x4a, 0x07, 0x4a, 0x06, 0x4a, 0x07, 0x4a, 0x07, 0x4a, 0x07, 0x4a, 0x07, 0x4a,
  0x07, 0x4a, 0x07, 0x4a, 0x07, 0x4a, 0x07, 0x4a, 0x07, 0x4a, 0x07, 0x4a, 0x07, 0x4a, 0x07, 0x4a, 0x07, 0x4a, 0xe6, 0x49, 0x07, 0x4a, 0x06, 0x4a,
  0x06, 0x4a, 0x07, 0x4a, 0x86, 0x4a, 0x65, 0x54, 0x06, 0x55, 0x46, 0x55, 0x25, 0x55, 0x05, 0x55, 0x05, 0x55, 0x05, 0x55, 0x05, 0x55, 0x05, 0x55,
  0x05, 0x55, 0x26, 0x55, 0x05, 0x55, 0x05, 0x55, 0x05, 0x55, 0x05, 0x55, 0x05, 0x55, 0x26, 0x55, 0x05, 0x55, 0x05, 0x55, 0x05, 0x55, 0x06, 0x5d,
  0x05, 0x55, 0x05, 0x5d, 0x05, 0x55, 0x05, 0x55, 0x26, 0x55, 0x05, 0x55, 0x05, 0x55, 0x05, 0x55, 0x05, 0x55, 0x05, 0x55, 0x06, 0x55, 0x05, 0x55,
  0x06, 0x55, 0x05, 0x55, 0x05, 0x55, 0x05, 0x55, 0x05, 0x55, 0x05, 0x55, 0x05, 0x55, 0x05, 0x55, 0x05, 0x55, 0x05, 0x55, 0x05, 0x55, 0x05, 0x55,
  0x05, 0x55, 0x05, 0x55, 0x05, 0x55, 0x05, 0x55, 0x05, 0x55, 0x05, 0x55, 0x05, 0x55, 0x05, 0x55, 0x05, 0x55, 0x05, 0x55, 0x05, 0x55, 0x05, 0x55,
  0x05, 0x55, 0x05, 0x55, 0x05, 0x55, 0x05, 0x55, 0x05, 0x55, 0x05, 0x55, 0x05, 0x55, 0x05, 0x55, 0x05, 0x55, 0x05, 0x55, 0x05, 0x55, 0x05, 0x55,
  0x05, 0x55, 0x05, 0x55, 0x05, 0x55, 0x05, 0x55, 0x05, 0x55, 0x05, 0x55, 0x05, 0x55, 0x05, 0x55, 0x05, 0x55, 0x05, 0x55, 0x05, 0x55, 0x05, 0x55,
  0x05, 0x55, 0x05, 0x55, 0x05, 0x55, 0x05, 0x55, 0x05, 0x55, 0x05, 0x55, 0x05, 0x55, 0x05, 0x55, 0x05, 0x55, 0x05, 0x55, 0x05, 0x55, 0x05, 0x55,
  0x05, 0x55, 0x05, 0x55, 0x05, 0x55, 0x05, 0x55, 0x05, 0x55, 0x05, 0x55, 0x05, 0x55, 0x05, 0x55, 0x05, 0x55, 0x05, 0x55, 0x05, 0x55, 0x05, 0x55,
  0x05, 0x55, 0x05, 0x55, 0x05, 0x55, 0x05, 0x55, 0x05, 0x55, 0x05, 0x55, 0x05, 0x55, 0x05, 0x55, 0x05, 0x55, 0x05, 0x55, 0x05, 0x55, 0x05, 0x55,
  0x05, 0x55, 0x05, 0x55, 0x05, 0x55, 0x05, 0x55, 0x05, 0x55, 0x05, 0x55, 0x05, 0x55, 0x05, 0x55, 0x05, 0x55, 0x05, 0x55, 0x05, 0x55, 0x05, 0x55,
  0x05, 0x55, 0x05, 0x55, 0x05, 0x55, 0x05, 0x55, 0x05, 0x55, 0x05, 0x55, 0x05, 0x55, 0x05, 0x55, 0x05, 0x55, 0x05, 0x55, 0x05, 0x55, 0x05, 0x55,
  0x05, 0x55, 0x05, 0x55, 0x05, 0x55, 0x05, 0x5d, 0x05, 0x55, 0x05, 0x55, 0x05, 0x55, 0x05, 0x55, 0x26, 0x55, 0x05, 0x55, 0x05, 0x5d, 0x26, 0x55,
  0x26, 0x55, 0x25, 0x55, 0x05, 0x55, 0x05, 0x55, 0x05, 0x55, 0x26, 0x55, 0x05, 0x55, 0x05, 0x55, 0x05, 0x55, 0x05, 0x55, 0x05, 0x55, 0x05, 0x55,
  0x05, 0x55, 0x05, 0x55, 0x05, 0x55, 0x05, 0x55, 0x05, 0x55, 0x05, 0x55, 0x05, 0x55, 0x05, 0x55, 0x05, 0x55, 0x06, 0x55, 0x05, 0x55, 0x26, 0x55,
  0x05, 0x55, 0xc6, 0x3a, 0xc8, 0x39, 0xc7, 0x39, 0xc8, 0x39, 0xc8, 0x39, 0xc8, 0x39, 0xc8, 0x39, 0xc8, 0x39, 0xc8, 0x39, 0xc8, 0x39, 0xc8, 0x39,
  0xc8, 0x39, 0xc8, 0x39, 0xc8, 0x39, 0xc8, 0x39, 0xa7, 0x39, 0xc8, 0x39, 0xc8, 0x39, 0xa8, 0x31, 0xc8, 0x39, 0xc8, 0x39, 0xc8, 0x31, 0xc8, 0x39,
  0xc8, 0x39, 0xc8, 0x39, 0xa8, 0x31, 0xc8, 0x39, 0xc8, 0x39, 0xc8, 0x39, 0xc8, 0x39, 0xa8, 0x39, 0xc8, 0x31, 0xc8, 0x39, 0xc8, 0x39, 0xc8, 0x39,
  0xa8, 0x39, 0xc8, 0x39, 0xc8, 0x39, 0xc8, 0x39, 0xc8, 0x31, 0xc8, 0x39, 0xc8, 0x39, 0xc8, 0x31, 0xc8, 0x31, 0xa8, 0x31, 0xc8, 0x31, 0xc8, 0x31,
  0x06, 0x4a, 0xe7, 0x49, 0x07, 0x4a, 0x07, 0x4a, 0x07, 0x4a, 0x07, 0x4a, 0x07, 0x4a, 0x06, 0x4a, 0x07, 0x4a, 0x07, 0x4a, 0x07, 0x4a, 0x07, 0x4a,
  0x07, 0x4a, 0x07, 0x4a, 0x06, 0x4a, 0x07, 0x4a, 0x06, 0x4a, 0x07, 0x4a, 0x07, 0x4a, 0x07, 0x4a, 0x07, 0x4a, 0x07, 0x4a, 0x07, 0x4a, 0x07, 0x4a,
  0x07, 0x4a, 0x06, 0x4a, 0x07, 0x4a, 0x07, 0x4a, 0x07, 0x4a, 0x07, 0x4a, 0x06, 0x4a, 0x07, 0x4a, 0x07, 0x4a, 0x07, 0x4a, 0x07, 0x4a, 0x07, 0x4a,
  0x07, 0x4a, 0x07, 0x4a, 0x07, 0x4a, 0x07, 0x4a, 0x07, 0x4a, 0x07, 0x4a, 0x07, 0x4a, 0x07, 0x4a, 0x07, 0x4a, 0x07, 0x4a, 0x07, 0x4a, 0x07, 0x4a,
  0x07, 0x4a, 0x07, 0x4a, 0x66, 0x4a, 0x65, 0x54, 0x06, 0x55, 0x25, 0x55, 0x25, 0x55, 0x05, 0x55, 0x25, 0x55, 0x25, 0x55, 0x25, 0x55, 0x25, 0x55,
  0x25, 0x55, 0x25, 0x55, 0x25, 0x55, 0x25, 0x55, 0x25, 0x55, 0x25, 0x55, 0x25, 0x55, 0x05, 0x55, 0x05, 0x55, 0x05, 0x55, 0x05, 0x55, 0x25, 0x55,
  0x25, 0x55, 0x25, 0x55, 0x25, 0x55, 0x26, 0x55, 0x05, 0x55, 0x25, 0x55, 0x25, 0x55, 0x25, 0x55, 0x05, 0x55, 0x05, 0x55, 0x25, 0x55, 0x25, 0x55,
  0x25, 0x55, 0x25, 0x55, 0x25, 0x55, 0x25, 0x55, 0x25, 0x55, 0x25, 0x55, 0x25, 0x55, 0x05, 0x55, 0x05, 0x55, 0x05, 0x55, 0x25, 0x55, 0x26, 0x55,
  0x25, 0x55, 0x25, 0x55, 0x25, 0x55, 0x25, 0x55, 0x25, 0x55, 0x25, 0x55, 0x25, 0x55, 0x25, 0x55, 0x25, 0x55, 0x25, 0x55, 0x05, 0x55, 0x05, 0x55,
  0x05, 0x55, 0x25, 0x55, 0x25, 0x55, 0x25, 0x55, 0x05, 0x55, 0x05, 0x55, 0x05, 0x55, 0x25, 0x55, 0x25, 0x55, 0x25, 0x55, 0x25, 0x55, 0x25, 0x55,
  0x25, 0x55, 0x25, 0x55, 0x25, 0x55, 0x25, 0x55, 0x25, 0x55, 0x25, 0x55, 0x25, 0x55, 0x25, 0x55, 0x26, 0x55, 0x25, 0x55, 0x05, 0x55, 0x25, 0x55,
  0x25, 0x55, 0x25, 0x55, 0x25, 0x55, 0x25, 0x55, 0x05, 0x55, 0x05, 0x55, 0x05, 0x55, 0x25, 0x55, 0x25, 0x55, 0x25, 0x55, 0x25, 0x55, 0x26, 0x55,
  0x25, 0x55, 0x25, 0x55, 0x25, 0x55, 0x25, 0x55, 0x25, 0x55, 0x25, 0x55, 0x25, 0x55, 0x25, 0x55, 0x05, 0x55, 0x05, 0x55, 0x25, 0x55, 0x25, 0x55,
  0x25, 0x55, 0x25, 0x55, 0x05, 0x55, 0x05, 0x55, 0x25, 0x55, 0x25, 0x55, 0x25, 0x55, 0x25, 0x55, 0x25, 0x55, 0x25, 0x55, 0x25, 0x55, 0x25, 0x55,
  0x25, 0x55, 0x05, 0x55, 0x05, 0x55, 0x05, 0x55, 0x05, 0x55, 0x25, 0x55, 0x25, 0x55, 0x25, 0x55, 0x05, 0x55, 0x05, 0x55, 0x25, 0x55, 0x25, 0x55,
  0x25, 0x55, 0x25, 0x55, 0x05, 0x55, 0x05, 0x55, 0x25, 0x55, 0x25, 0x55, 0x25, 0x55, 0x25, 0x55, 0x25, 0x55, 0x25, 0x55, 0x25, 0x55, 0x25, 0x55,
  0x05, 0x55, 0x25, 0x55, 0x25, 0x55, 0x25, 0x55, 0x05, 0x55, 0x05, 0x55, 0x05, 0x55, 0x05, 0x55, 0x25, 0x55, 0x25, 0x55, 0x25, 0x55, 0x25, 0x55,
  0x25, 0x55, 0x05, 0x55, 0x25, 0x55, 0x25, 0x55, 0x25, 0x55, 0x25, 0x55, 0x25, 0x55, 0x05, 0x55, 0x25, 0x55, 0x25, 0x55, 0x25, 0x55, 0x25, 0x55,
  0x25, 0x55, 0x25, 0x55, 0x25, 0x55, 0x25, 0x55, 0x25, 0x55, 0x25, 0x55, 0x25, 0x55, 0x25, 0x55, 0x05, 0x55, 0x05, 0x55, 0x25, 0x55, 0x25, 0x55,
  0x05, 0x55, 0x86, 0x3a, 0xc7, 0x39, 0xc7, 0x39, 0xc8, 0x39, 0xc7, 0x39, 0xa7, 0x39, 0xc8, 0x39, 0xc8, 0x39, 0xc8, 0x39, 0xc8, 0x39, 0xc8, 0x39,
  0xc8, 0x39, 0xa8, 0x39, 0xc8, 0x39, 0xc8, 0x39, 0xc8, 0x39, 0xc8, 0x39, 0xc8, 0x39, 0xc8, 0x39, 0xc8, 0x39, 0xc8, 0x39, 0xc8, 0x39, 0xc8, 0x39,
  0xc8, 0x39, 0xc8, 0x39, 0xc8, 0x39, 0xc8, 0x39, 0xc8, 0x39, 0xa8, 0x39, 0xc8, 0x31, 0xc8, 0x39, 0xc8, 0x39, 0xc8, 0x39, 0xc8, 0x39, 0xc8, 0x39,
  0xc8, 0x39, 0xa8, 0x39, 0xc8, 0x39, 0xc8, 0x39, 0xc8, 0x39, 0xc8, 0x39, 0xc8, 0x39, 0xc8, 0x39, 0xc8, 0x39, 0xc8, 0x39, 0xc8, 0x31, 0xc8, 0x31,
  0x07, 0x4a, 0x06, 0x4a, 0x06, 0x4a, 0x06, 0x4a, 0x06, 0x4a, 0x07, 0x4a, 0x07, 0x4a, 0xe7, 0x49, 0x06, 0x4a, 0x07, 0x4a, 0x06, 0x4a, 0x07, 0x4a,
  0x07, 0x4a, 0xe7, 0x49, 0x07, 0x4a, 0x07, 0x4a, 0x07, 0x4a, 0x06, 0x4a, 0xe7, 0x49, 0x07, 0x4a, 0x07, 0x4a, 0x07, 0x4a, 0x07, 0x4a, 0x07, 0x4a,
  0xe7, 0x49, 0x07, 0x4a, 0x07, 0x4a, 0x07, 0x4a, 0x07, 0x4a, 0x07, 0x4a, 0x07, 0x4a, 0x07, 0x4a, 0x07, 0x4a, 0x07, 0x4a, 0x07, 0x4a, 0x07, 0x4a,
  0x07, 0x4a, 0x07, 0x4a, 0x07, 0x4a, 0x07, 0x4a, 0x07, 0x4a, 0x07, 0x4a, 0x07, 0x4a, 0x07, 0x4a, 0x07, 0x4a, 0x07, 0x4a, 0x07, 0x4a, 0x07, 0x4a,
  0x07, 0x4a, 0xe7, 0x49, 0x26, 0x4a, 0x65, 0x54, 0x06, 0x55, 0x25, 0x55, 0x05, 0x55, 0x05, 0x55, 0x05, 0x55, 0x05, 0x55, 0x25, 0x55, 0x05, 0x55,
  0x05, 0x55, 0x05, 0x55, 0x05, 0x55, 0x05, 0x55, 0x05, 0x55, 0x05, 0x55, 0x05, 0x55, 0x05, 0x55, 0x05, 0x55, 0x05, 0x55, 0x05, 0x55, 0x05, 0x55,
  0x05, 0x55, 0x05, 0x55, 0x05, 0x55, 0x05, 0x55, 0x05, 0x55, 0x05, 0x55, 0x05, 0x55, 0x05, 0x55, 0x05, 0x55, 0x05, 0x55, 0x05, 0x55, 0x05, 0x55,
  0x05, 0x55, 0x05, 0x55, 0x05, 0x55, 0x05, 0x55, 0x05, 0x55, 0x05, 0x55, 0x05, 0x55, 0x05, 0x55, 0x05, 0x55, 0x05, 0x55, 0x05, 0x55, 0x05, 0x55,
  0x05, 0x55, 0x05, 0x55, 0x05, 0x55, 0x05, 0x55, 0x05, 0x55, 0x05, 0x55, 0x05, 0x55, 0x05, 0x55, 0x05, 0x55, 0x05, 0x55, 0x05, 0x55, 0x05, 0x55,
  0x05, 0x55, 0x05, 0x55, 0x05, 0x55, 0x05, 0x55, 0x05, 0x55, 0x05, 0x55, 0x05, 0x55, 0x05, 0x55, 0x05, 0x55, 0x05, 0x55, 0x05, 0x55, 0x05, 0x55,
  0x05, 0x55, 0x05, 0x55, 0x05, 0x55, 0x05, 0x55, 0x05, 0x55, 0x05, 0x55, 0x05, 0x55, 0x05, 0x55, 0x05, 0x55, 0x05, 0x55, 0x05, 0x55, 0x05, 0x55,
  0x05, 0x55, 0x05, 0x55, 0x05, 0x55, 0x05, 0x55, 0x05, 0x55, 0x05, 0x55, 0x05, 0x55, 0x05, 0x55, 0x05, 0x55, 0x05, 0x55, 0x05, 0x55, 0x05, 0x55,
  0x05, 0x55, 0x05, 0x55, 0x05, 0x55, 0x05, 0x55, 0x05, 0x55, 0x05, 0x55, 0x05, 0x55, 0x05, 0x55, 0x05, 0x55, 0x05, 0x55, 0x05, 0x55, 0x05, 0x55,
  0x05, 0x55, 0x05, 0x55, 0x05, 0x55, 0x05, 0x55, 0x05, 0x55, 0x05, 0x55, 0x05, 0x55, 0x05, 0x55, 0x05, 0x55, 0x05, 0x55, 0x05, 0x55, 0x05, 0x55,
  0x05, 0x55, 0x05, 0x55, 0x05, 0x55, 0x05, 0x55, 0x05, 0x55, 0x05, 0x55, 0x05, 0x55, 0x05, 0x55, 0x05, 0x55, 0x05, 0x55, 0x05, 0x55, 0x05, 0x55,
  0x05, 0x55, 0x05, 0x55, 0x05, 0x55, 0x05, 0x55, 0x05, 0x55, 0x05, 0x55, 0x05, 0x55, 0x05, 0x55, 0x05, 0x55, 0x05, 0x55, 0x05, 0x55, 0x05, 0x55,
  0x05, 0x55, 0x05, 0x55, 0x05, 0x55, 0x05, 0x55, 0x05, 0x55, 0x05, 0x55, 0x05, 0x55, 0x05, 0x55, 0x05, 0x55, 0x05, 0x55, 0x05, 0x55, 0x05, 0x55,
  0x05, 0x55, 0x05, 0x55, 0x05, 0x55, 0x05, 0x55, 0x05, 0x55, 0x05, 0x55, 0x05, 0x55, 0x05, 0x55, 0x05, 0x55, 0x05, 0x55, 0x05, 0x55, 0x05, 0x55,
  0x05, 0x55, 0x05, 0x55, 0x05, 0x55, 0x05, 0x55, 0x05, 0x55, 0x05, 0x55, 0x05, 0x55, 0x05, 0x55, 0x05, 0x55, 0x05, 0x55, 0x05, 0x55, 0x05, 0x55,
  0xe5, 0x54, 0x07, 0x3a, 0xc7, 0x39, 0xa7, 0x39, 0xc8, 0x39, 0xc8, 0x39, 0xc8, 0x39, 0xc8, 0x39, 0xc8, 0x39, 0xc8, 0x39, 0xc8, 0x39, 0xc8, 0x39,
  0xc8, 0x39, 0xc8, 0x39, 0xa8, 0x39, 0xc8, 0x39, 0xc8, 0x39, 0xc8, 0x39, 0xa8, 0x39, 0xc8, 0x39, 0xc8, 0x31, 0xc8, 0x39, 0xc8, 0x39, 0xa8, 0x31,
  0xc8, 0x39, 0xc8, 0x39, 0xc8, 0x39, 0xc8, 0x39, 0xc8, 0x39, 0xc8, 0x39, 0xc8, 0x39, 0xc8, 0x39, 0xc8, 0x39, 0xc8, 0x39, 0xc8, 0x39, 0xc8, 0x39,
  0xc8, 0x39, 0xa8, 0x31, 0xc8, 0x39, 0xc8, 0x39, 0xc8, 0x39, 0xc8, 0x39, 0xc8, 0x39, 0xc8, 0x39, 0xc8, 0x39, 0xc8, 0x39, 0xc8, 0x39, 0xc8, 0x39,
  0x07, 0x4a, 0x06, 0x4a, 0x06, 0x4a, 0xe7, 0x49, 0x06, 0x4a, 0x06, 0x4a, 0x06, 0x4a, 0x07, 0x4a, 0x06, 0x4a, 0x06, 0x4a, 0x07, 0x4a, 0x06, 0x4a,
  0x06, 0x4a, 0x06, 0x4a, 0xe7, 0x49, 0x06, 0x4a, 0x06, 0x4a, 0xe7, 0x49, 0x07, 0x4a, 0x06, 0x4a, 0x06, 0x4a, 0xe7, 0x49, 0x06, 0x4a, 0x06, 0x4a,
  0x07, 0x4a, 0x06, 0x4a, 0xe7, 0x49, 0x07, 0x4a, 0x07, 0x4a, 0x06, 0x4a, 0x06, 0x4a, 0xe7, 0x49, 0x06, 0x4a, 0x06, 0x4a, 0x07, 0x4a, 0x07, 0x4a,
  0x07, 0x4a, 0x06, 0x4a, 0x07, 0x4a, 0x07, 0x4a, 0x07, 0x4a, 0x07, 0x4a, 0x07, 0x4a, 0x06, 0x4a, 0x07, 0x4a, 0x07, 0x4a, 0x07, 0x4a, 0x07, 0x4a,
  0x07, 0x4a, 0x06, 0x4a, 0x07, 0x4a, 0x45, 0x4c, 0x06, 0x55, 0x26, 0x55, 0x25, 0x55, 0x06, 0x55, 0x05, 0x55, 0x05, 0x55, 0x05, 0x55, 0x05, 0x55,
  0x05, 0x55, 0x05, 0x55, 0x05, 0x55, 0x05, 0x55, 0x05, 0x55, 0x05, 0x55, 0x05, 0x55, 0x05, 0x55, 0x05, 0x55, 0x05, 0x55, 0x05, 0x55, 0x05, 0x55,
  0x05, 0x55, 0x05, 0x55, 0x05, 0x55, 0x05, 0x55, 0x05, 0x55, 0x05, 0x55, 0x05, 0x55, 0x05, 0x55, 0x05, 0x55, 0x05, 0x55, 0x05, 0x55, 0x05, 0x55,
  0x05, 0x55, 0x05, 0x55, 0x05, 0x55, 0x05, 0x55, 0x05, 0x55, 0x05, 0x55, 0x05, 0x55, 0x05, 0x55, 0x05, 0x55, 0x05, 0x55, 0x05, 0x55, 0x05, 0x55,
  0x05, 0x55, 0x05, 0x55, 0x05, 0x55, 0x05, 0x55, 0x05, 0x55, 0x05, 0x55, 0x05, 0x55, 0x05, 0x55, 0x05, 0x55, 0x05, 0x55, 0x05, 0x55, 0x05, 0x55,
  0x05, 0x55, 0x05, 0x55, 0x05, 0x55, 0x05, 0x55, 0x05, 0x55, 0x05, 0x55, 0x05, 0x55, 0x05, 0x55, 0x05, 0x55, 0x05, 0x55, 0x05, 0x55, 0x05, 0x55,
  0x05, 0x55, 0x05, 0x55, 0x05, 0x55, 0x05, 0x55, 0x05, 0x55, 0x05, 0x55, 0x05, 0x55, 0x05, 0x55, 0x05, 0x55, 0x05, 0x55, 0x05, 0x55, 0x05, 0x55,
  0x05, 0x55, 0x05, 0x55, 0x05, 0x55, 0x05, 0x55, 0x05, 0x55, 0x05, 0x55, 0x05, 0x55, 0x05, 0x55, 0x05, 0x55, 0x05, 0x55, 0x05, 0x55, 0x05, 0x55,
  0x05, 0x55, 0x05, 0x55, 0x05, 0x55, 0x05, 0x55, 0x05, 0x55, 0x05, 0x55, 0x05, 0x55, 0x05, 0x55, 0x05, 0x55, 0x05, 0x55, 0x05, 0x55, 0x05, 0x55,
  0x05, 0x55, 0x05, 0x55, 0x05, 0x55, 0x05, 0x55, 0x05, 0x55, 0x05, 0x55, 0x05, 0x55, 0x05, 0x55, 0x05, 0x55, 0x05, 0x55, 0x05, 0x55, 0x05, 0x55,
  0x05, 0x55, 0x05, 0x55, 0x05, 0x55, 0x05, 0x55, 0x05, 0x55, 0x05, 0x55, 0x05, 0x55, 0x05, 0x55, 0x05, 0x55, 0x05, 0x55, 0x05, 0x55, 0x05, 0x55,
  0x05, 0x55, 0x05, 0x55, 0x05, 0x55, 0x05, 0x55, 0x05, 0x55, 0x05, 0x55, 0x05, 0x55, 0x05, 0x55, 0x05, 0x55, 0x05, 0x55, 0x05, 0x55, 0x05, 0x55,
  0x05, 0x55, 0x05, 0x55, 0x05, 0x55, 0x05, 0x55, 0x05, 0x55, 0x05, 0x55, 0x05, 0x55, 0x05, 0x55, 0x05, 0x55, 0x05, 0x55, 0x05, 0x55, 0x05, 0x55,
  0x05, 0x55, 0x05, 0x55, 0x05, 0x55, 0x05, 0x55, 0x05, 0x55, 0x05, 0x55, 0x05, 0x55, 0x05, 0x55, 0x05, 0x55, 0x05, 0x55, 0x05, 0x55, 0x05, 0x55,
  0x05, 0x55, 0x05, 0x55, 0x05, 0x55, 0x05, 0x55, 0x05, 0x55, 0x05, 0x55, 0x05, 0x55, 0x05, 0x55, 0x05, 0x55, 0x05, 0x55, 0x05, 0x55, 0x05, 0x55,
  0xc5, 0x54, 0xa7, 0x39, 0xc7, 0x39, 0xc7, 0x39, 0xa7, 0x39, 0xc7, 0x39, 0xc7, 0x39, 0xc7, 0x39, 0xc7, 0x39, 0xc7, 0x39, 0xa7, 0x39, 0xc8, 0x39,
  0xc8, 0x39, 0xc8, 0x39, 0xc8, 0x39, 0xc8, 0x39, 0xa8, 0x39, 0xc8, 0x39, 0xc8, 0x39, 0xa8, 0x39, 0xc8, 0x39, 0xa8, 0x39, 0xc8, 0x39, 0xc8, 0x31,
  0xc8, 0x39, 0xc8, 0x39, 0xa7, 0x39, 0xc8, 0x39, 0xa8, 0x39, 0xc8, 0x31, 0xc8, 0x39, 0xc8, 0x39, 0xc8, 0x39, 0xc8, 0x39, 0xc8, 0x39, 0xc8, 0x39,
  0xa8, 0x39, 0xa8, 0x39, 0xc8, 0x31, 0xa8, 0x39, 0xc8, 0x39, 0xa8, 0x31, 0xc8, 0x39, 0xc8, 0x39, 0xc8, 0x31, 0xa8, 0x39, 0xc8, 0x39, 0xc8, 0x39,
  0xe6, 0x49, 0x06, 0x4a, 0xe6, 0x49, 0x06, 0x42, 0x06, 0x4a, 0x06, 0x4a, 0x06, 0x4a, 0x06, 0x4a, 0x07, 0x4a, 0x06, 0x4a, 0x07, 0x4a, 0xe6, 0x49,
  0x06, 0x4a, 0x06, 0x4a, 0xe6, 0x49, 0x06, 0x4a, 0x06, 0x4a, 0x06, 0x4a, 0x06, 0x4a, 0x06, 0x4a, 0xe7, 0x49, 0xe7, 0x49, 0x06, 0x4a, 0xe6, 0x49,
  0x06, 0x4a, 0xe6, 0x49, 0x06, 0x4a, 0x06, 0x4a, 0x06, 0x4a, 0xe7, 0x49, 0x06, 0x4a, 0x06, 0x4a, 0x06, 0x4a, 0xe7, 0x49, 0x07, 0x4a, 0xe7, 0x49,
  0x07, 0x4a, 0x06, 0x4a, 0x06, 0x4a, 0x06, 0x4a, 0x06, 0x4a, 0x06, 0x4a, 0x06, 0x4a, 0x06, 0x4a, 0x06, 0x4a, 0x06, 0x4a, 0x06, 0x4a, 0x06, 0x4a,
  0xe7, 0x49, 0xe6, 0x49, 0xe6, 0x49, 0xe5, 0x4b, 0xe5, 0x54, 0x26, 0x55, 0x05, 0x55, 0x05, 0x55, 0x05, 0x55, 0x05, 0x55, 0x05, 0x55, 0x06, 0x55,
  0x05, 0x55, 0x05, 0x55, 0x05, 0x55, 0x05, 0x55, 0x05, 0x55, 0x05, 0x55, 0x05, 0x55, 0x05, 0x55, 0x05, 0x55, 0x05, 0x55, 0x05, 0x55, 0x05, 0x55,
  0x05, 0x55, 0x05, 0x55, 0x05, 0x55, 0x05, 0x55, 0x05, 0x55, 0x05, 0x55, 0x05, 0x55, 0x05, 0x55, 0x05, 0x55, 0x05, 0x55, 0x05, 0x55, 0x05, 0x55,
  0x05, 0x55, 0x05, 0x55, 0x05, 0x55, 0x05, 0x55, 0x05, 0x55, 0x05, 0x55, 0x05, 0x55, 0x05, 0x55, 0x05, 0x55, 0x05, 0x55, 0x05, 0x55, 0x05, 0x55,
  0x05, 0x55, 0x05, 0x55, 0x05, 0x55, 0x05, 0x55, 0x05, 0x55, 0x05, 0x55, 0x05, 0x55, 0x05, 0x55, 0x05, 0x55, 0x05, 0x55, 0x05, 0x55, 0x05, 0x55,
  0x05, 0x55, 0x05, 0x55, 0x05, 0x55, 0x05, 0x55, 0x05, 0x55, 0x05, 0x55, 0x05, 0x55, 0x05, 0x55, 0x05, 0x55, 0x05, 0x55, 0x05, 0x55, 0x05, 0x55,
  0x05, 0x55, 0x05, 0x55, 0x05, 0x55, 0x05, 0x55, 0x05, 0x55, 0x05, 0x55, 0x05, 0x55, 0x05, 0x55, 0x05, 0x55, 0x05, 0x55, 0x05, 0x55, 0x05, 0x55,
  0x05, 0x55, 0x05, 0x55, 0x05, 0x55, 0x05, 0x55, 0x05, 0x55, 0x05, 0x55, 0x05, 0x55, 0x05, 0x55, 0x05, 0x55, 0x05, 0x55, 0x05, 0x55, 0x05, 0x55,
  0x05, 0x55, 0x05, 0x55, 0x05, 0x55, 0x05, 0x55, 0x05, 0x55, 0x05, 0x55, 0x05, 0x55, 0x05, 0x55, 0x05, 0x55, 0x05, 0x55, 0x05, 0x55, 0x05, 0x55,
  0x05, 0x55, 0x05, 0x55, 0x05, 0x55, 0x05, 0x55, 0x05, 0x55, 0x05, 0x55, 0x05, 0x55, 0x05, 0x55, 0x05, 0x55, 0x05, 0x55, 0x05, 0x55, 0x05, 0x55,
  0x05, 0x55, 0x05, 0x55, 0x05, 0x55, 0x05, 0x55, 0x05, 0x55, 0x05, 0x55, 0x05, 0x55, 0x05, 0x55, 0x05, 0x55, 0x05, 0x55, 0x05, 0x55, 0x05, 0x55,
  0x05, 0x55, 0x05, 0x55, 0x05, 0x55, 0x05, 0x55, 0x05, 0x55, 0x05, 0x55, 0x05, 0x55, 0x06, 0x55, 0x05, 0x55, 0x05, 0x55, 0x05, 0x55, 0x05, 0x55,
  0x05, 0x55, 0x05, 0x55, 0x05, 0x55, 0x05, 0x55, 0x05, 0x55, 0x05, 0x55, 0x05, 0x55, 0x05, 0x55, 0x05, 0x55, 0x05, 0x55, 0x05, 0x55, 0x05, 0x55,
  0x05, 0x55, 0x05, 0x55, 0x05, 0x55, 0x05, 0x55, 0x05, 0x55, 0x05, 0x55, 0x05, 0x55, 0x05, 0x55, 0x05, 0x55, 0x05, 0x55, 0x05, 0x55, 0x05, 0x55,
  0x05, 0x55, 0x05, 0x55, 0x05, 0x55, 0x05, 0x55, 0x05, 0x55, 0x05, 0x55, 0x05, 0x55, 0x05, 0x55, 0x05, 0x55, 0x05, 0x55, 0x05, 0x55, 0x06, 0x55,
  0x65, 0x4c, 0xa7, 0x39, 0xa7, 0x39, 0xa7, 0x39, 0xa8, 0x39, 0xa8, 0x39, 0xa8, 0x39, 0xa8, 0x39, 0xc7, 0x39, 0xc8, 0x39, 0xc8, 0x39, 0xc8, 0x39,
  0xc8, 0x39, 0xc8, 0x39, 0xc8, 0x39, 0xc8, 0x39, 0xc8, 0x39, 0xa7, 0x39, 0xc8, 0x39, 0xc8, 0x39, 0xc8, 0x39, 0xa8, 0x39, 0xc8, 0x39, 0xa7, 0x39,
  0xa8, 0x31, 0xa8, 0x39, 0xa8, 0x31, 0xc8, 0x39, 0xc8, 0x39, 0xa8, 0x39, 0xa8, 0x39, 0xa8, 0x39, 0xc8, 0x39, 0xa8, 0x39, 0xc8, 0x39, 0xa8, 0x39,
  0xa8, 0x31, 0xa8, 0x31, 0xa8, 0x39, 0xa8, 0x31, 0xc8, 0x39, 0xc8, 0x39, 0xc8, 0x31, 0xc8, 0x39, 0xc8, 0x39, 0xc8, 0x39, 0xc8, 0x39, 0xc8, 0x39,
  0x07, 0x4a, 0xe7, 0x49, 0xe7, 0x49, 0x07, 0x4a, 0xe7, 0x49, 0x06, 0x4a, 0x07, 0x4a, 0x07, 0x4a, 0x06, 0x4a, 0x07, 0x4a, 0xe6, 0x49, 0x07, 0x4a,
  0x06, 0x4a, 0x06, 0x4a, 0x07, 0x4a, 0x06, 0x4a, 0x06, 0x4a, 0x07, 0x4a, 0xe7, 0x49, 0x06, 0x4a, 0x06, 0x4a, 0x06, 0x4a, 0x06, 0x4a, 0x07, 0x4a,
  0x06, 0x4a, 0x07, 0x4a, 0x06, 0x4a, 0x06, 0x4a, 0x06, 0x4a, 0x06, 0x4a, 0x06, 0x4a, 0xe7, 0x49, 0x06, 0x4a, 0x06, 0x4a, 0xe7, 0x49, 0x06, 0x4a,
  0xe7, 0x49, 0x07, 0x4a, 0xe6, 0x49, 0xe7, 0x49, 0x06, 0x4a, 0x06, 0x4a, 0x06, 0x4a, 0xe7, 0x49, 0xe7, 0x49, 0x06, 0x4a, 0x06, 0x4a, 0x06, 0x4a,
  0x06, 0x4a, 0xe6, 0x49, 0xe7, 0x49, 0x85, 0x4b, 0x06, 0x55, 0x05, 0x55, 0x05, 0x55, 0x05, 0x55, 0x05, 0x55, 0x05, 0x55, 0x05, 0x55, 0x05, 0x55,
  0x05, 0x55, 0x05, 0x55, 0x05, 0x55, 0x05, 0x55, 0x05, 0x55, 0x05, 0x55, 0x05, 0x55, 0x05, 0x55, 0x05, 0x55, 0x05, 0x55, 0x05, 0x55, 0x05, 0x55,
  0x05, 0x55, 0x05, 0x55, 0x05, 0x55, 0x05, 0x55, 0x05, 0x55, 0x05, 0x55, 0x05, 0x55, 0x05, 0x55, 0x05, 0x55, 0x05, 0x55, 0x05, 0x55, 0x05, 0x55,
  0x05, 0x55, 0x05, 0x55, 0x05, 0x55, 0x05, 0x55, 0x05, 0x55, 0x05, 0x55, 0x05, 0x55, 0x05, 0x55, 0x05, 0x55, 0x05, 0x55, 0x05, 0x55, 0x05, 0x55,
  0x05, 0x55, 0x05, 0x55, 0x05, 0x55, 0x05, 0x55, 0x05, 0x55, 0x05, 0x55, 0x05, 0x55, 0x05, 0x55, 0x05, 0x55, 0x05, 0x55, 0x05, 0x55, 0x05, 0x55,
  0x05, 0x55, 0x05, 0x55, 0x05, 0x55, 0x05, 0x55, 0x05, 0x55, 0x05, 0x55, 0x05, 0x55, 0x05, 0x55, 0x05, 0x55, 0x05, 0x55, 0x05, 0x55, 0x05, 0x55,
  0x05, 0x55, 0x05, 0x55, 0x05, 0x55, 0x05, 0x55, 0x05, 0x55, 0x05, 0x55, 0x05, 0x55, 0x05, 0x55, 0x05, 0x55, 0x05, 0x55, 0x05, 0x55, 0x05, 0x55,
  0x05, 0x55, 0x05, 0x55, 0x05, 0x55, 0x05, 0x55, 0x05, 0x55, 0x05, 0x55, 0x05, 0x55, 0x05, 0x55, 0x05, 0x55, 0x05, 0x55, 0x05, 0x55, 0x05, 0x55,
  0x05, 0x55, 0x05, 0x55, 0x05, 0x55, 0x05, 0x55, 0x05, 0x55, 0x05, 0x55, 0x05, 0x55, 0x05, 0x55, 0x05, 0x55, 0x05, 0x55, 0x05, 0x55, 0x05, 0x55,
  0x05, 0x55, 0x05, 0x55, 0x05, 0x55, 0x05, 0x55, 0x05, 0x55, 0x05, 0x55, 0x05, 0x55, 0x05, 0x55, 0x05, 0x55, 0x05, 0x55, 0x05, 0x55, 0x05, 0x55,
  0x05, 0x55, 0x05, 0x55, 0x05, 0x55, 0x05, 0x55, 0x05, 0x55, 0x05, 0x55, 0x05, 0x55, 0x05, 0x55, 0x05, 0x55, 0x05, 0x55, 0x05, 0x55, 0x05, 0x55,
  0x05, 0x55, 0x05, 0x55, 0x05, 0x55, 0x05, 0x55, 0x05, 0x55, 0x05, 0x55, 0x05, 0x55, 0x05, 0x55, 0x05, 0x55, 0x05, 0x55, 0x05, 0x55, 0x05, 0x55,
  0x05, 0x55, 0x05, 0x55, 0x05, 0x55, 0x05, 0x55, 0x05, 0x55, 0x05, 0x55, 0x05, 0x55, 0x05, 0x55, 0x05, 0x55, 0x05, 0x55, 0x05, 0x55, 0x05, 0x55,
  0x05, 0x55, 0x05, 0x55, 0x05, 0x55, 0x05, 0x55, 0x05, 0x55, 0x05, 0x55, 0x05, 0x55, 0x05, 0x55, 0x05, 0x55, 0x05, 0x55, 0x05, 0x55, 0x05, 0x55,
  0x05, 0x55, 0x05, 0x55, 0x05, 0x55, 0x05, 0x55, 0x05, 0x55, 0x05, 0x55, 0x05, 0x55, 0x05, 0x55, 0x05, 0x55, 0x05, 0x55, 0x05, 0x55, 0x05, 0x55,
  0xc5, 0x43, 0xc7, 0x39, 0xa7, 0x39, 0xc8, 0x39, 0xc7, 0x39, 0xc7, 0x39, 0xa8, 0x39, 0xc7, 0x39, 0xa8, 0x39, 0xa8, 0x39, 0xc8, 0x39, 0xc8, 0x39,
  0xc8, 0x39, 0xc8, 0x39, 0xa7, 0x39, 0xc8, 0x39, 0xc8, 0x39, 0xc8, 0x39, 0xc8, 0x39, 0xc7, 0x39, 0xa8, 0x39, 0xc8, 0x39, 0xc8, 0x39, 0xc8, 0x39,
  0xa8, 0x39, 0xa8, 0x39, 0xa8, 0x39, 0xa8, 0x31, 0xa8, 0x39, 0xc8, 0x31, 0xa7, 0x31, 0xc8, 0x31, 0xa8, 0x39, 0xc8, 0x39, 0xa8, 0x31, 0xc8, 0x39,
  0xa8, 0x31, 0xc8, 0x31, 0xc8, 0x31, 0xc8, 0x39, 0xa8, 0x31, 0xc8, 0x31, 0xc8, 0x39, 0xc8, 0x39, 0xa8, 0x39, 0xc8, 0x39, 0xa8, 0x31, 0xa8, 0x31,
  0xe6, 0x41, 0x06, 0x42, 0xe6, 0x49, 0xe6, 0x41, 0x06, 0x4a, 0xe6, 0x49, 0x06, 0x4a, 0xe7, 0x49, 0x07, 0x4a, 0xe6, 0x49, 0x06, 0x4a, 0xe6, 0x49,
  0x06, 0x4a, 0x06, 0x42, 0xe7, 0x49, 0x06, 0x4a, 0xe6, 0x49, 0xe6, 0x49, 0x07, 0x4a, 0xe6, 0x49, 0x07, 0x4a, 0xe7, 0x49, 0x06, 0x4a, 0xe7, 0x49,
  0x06, 0x4a, 0xe6, 0x49, 0x06, 0x4a, 0x06, 0x4a, 0x06, 0x4a, 0xe7, 0x49, 0x06, 0x4a, 0x06, 0x4a, 0x06, 0x4a, 0xe7, 0x49, 0x06, 0x4a, 0xe7, 0x49,
  0x06, 0x4a, 0xe6, 0x49, 0x07, 0x4a, 0x06, 0x4a, 0x06, 0x4a, 0x06, 0x4a, 0x06, 0x4a, 0x06, 0x4a, 0x06, 0x4a, 0x06, 0x4a, 0x06, 0x4a, 0x06, 0x4a,
  0x06, 0x4a, 0xe7, 0x49, 0xe6, 0x49, 0x06, 0x4b, 0xe5, 0x54, 0x06, 0x55, 0x06, 0x55, 0x05, 0x55, 0x06, 0x55, 0x06, 0x55, 0x06, 0x55, 0x06, 0x55,
  0x06, 0x55, 0x06, 0x55, 0x06, 0x55, 0x06, 0x55, 0x06, 0x55, 0x06, 0x55, 0x06, 0x55, 0x06, 0x55, 0x06, 0x55, 0x06, 0x55, 0x06, 0x55, 0x06, 0x55,
  0x06, 0x55, 0x06, 0x55, 0x06, 0x55, 0x06, 0x55, 0x06, 0x55, 0x06, 0x55, 0x06, 0x55, 0x06, 0x55, 0x06, 0x55, 0x06, 0x55, 0x06, 0x55, 0x06, 0x55,
  0x06, 0x55, 0x06, 0x55, 0x06, 0x55, 0x06, 0x55, 0x06, 0x55, 0x06, 0x55, 0x06, 0x55, 0x06, 0x55, 0x06, 0x55, 0x06, 0x55, 0x06, 0x55, 0x06, 0x55,
  0x06, 0x55, 0x06, 0x55, 0x06, 0x55, 0x06, 0x55, 0x06, 0x55, 0x06, 0x55, 0x06, 0x55, 0x06, 0x55, 0x06, 0x55, 0x06, 0x55, 0x06, 0x55, 0x06, 0x55,
  0x06, 0x55, 0x06, 0x55, 0x06, 0x55, 0x06, 0x55, 0x06, 0x55, 0x06, 0x55, 0x06, 0x55, 0x06, 0x55, 0x06, 0x55, 0x06, 0x55, 0x06, 0x55, 0x06, 0x55,
  0x06, 0x55, 0x06, 0x55, 0x06, 0x55, 0x06, 0x55, 0x06, 0x55, 0x06, 0x55, 0x06, 0x55, 0x06, 0x55, 0x06, 0x55, 0x06, 0x55, 0x06, 0x55, 0x06, 0x55,
  0x06, 0x55, 0x06, 0x55, 0x06, 0x55, 0x06, 0x55, 0x06, 0x55, 0x06, 0x55, 0x06, 0x55, 0x06, 0x55, 0x06, 0x55, 0x06, 0x55, 0x06, 0x55, 0x06, 0x55,
  0x06, 0x55, 0x06, 0x55, 0x06, 0x55, 0x06, 0x55, 0x06, 0x55, 0x06, 0x55, 0x06, 0x55, 0x06, 0x55, 0x06, 0x55, 0x06, 0x55, 0x06, 0x55, 0x06, 0x55,
  0x06, 0x55, 0x06, 0x55, 0x06, 0x55, 0x06, 0x55, 0x06, 0x55, 0x06, 0x55, 0x06, 0x55, 0x06, 0x55, 0x06, 0x55, 0x06, 0x55, 0x06, 0x55, 0x06, 0x55,
  0x06, 0x55, 0x06, 0x55, 0x06, 0x55, 0x06, 0x55, 0x06, 0x55, 0x06, 0x55, 0x06, 0x55, 0x06, 0x55, 0x06, 0x55, 0x06, 0x55, 0x06, 0x55, 0x06, 0x55,
  0x06, 0x55, 0x06, 0x55, 0x06, 0x55, 0x06, 0x55, 0x06, 0x55, 0x06, 0x55, 0x06, 0x55, 0x06, 0x55, 0x06, 0x55, 0x06, 0x55, 0x06, 0x55, 0x06, 0x55,
  0x06, 0x55, 0x06, 0x55, 0x06, 0x55, 0x06, 0x55, 0x06, 0x55, 0x06, 0x55, 0x06, 0x55, 0x06, 0x55, 0x06, 0x55, 0x06, 0x55, 0x06, 0x55, 0x06, 0x55,
  0x06, 0x55, 0x06, 0x55, 0x06, 0x55, 0x06, 0x55, 0x06, 0x55, 0x06, 0x55, 0x06, 0x55, 0x06, 0x55, 0x06, 0x55, 0x06, 0x55, 0x06, 0x55, 0x06, 0x55,
  0x06, 0x55, 0x06, 0x55, 0x06, 0x55, 0x06, 0x55, 0x06, 0x55, 0x06, 0x55, 0x06, 0x55, 0x06, 0x55, 0x06, 0x55, 0x06, 0x55, 0x06, 0x55, 0x06, 0x55,
  0x25, 0x3b, 0xc8, 0x39, 0xc7, 0x39, 0xa7, 0x39, 0xa8, 0x39, 0xa8, 0x39, 0xc8, 0x39, 0xa8, 0x39, 0xa7, 0x39, 0xa7, 0x39, 0xc8, 0x39, 0xc8, 0x39,
  0xc8, 0x39, 0xc8, 0x39, 0xc8, 0x39, 0xa8, 0x39, 0xa8, 0x39, 0xa7, 0x39, 0xc8, 0x39, 0xc8, 0x39, 0xc8, 0x39, 0xa8, 0x39, 0xa8, 0x39, 0xa8, 0x39,
  0xc8, 0x39, 0xa7, 0x39, 0xa8, 0x39, 0xc8, 0x39, 0xa8, 0x31, 0xa7, 0x39, 0xa8, 0x39, 0xa7, 0x39, 0xc8, 0x39, 0xa8, 0x39, 0xc8, 0x39, 0xa8, 0x39,
  0xa8, 0x39, 0xa8, 0x39, 0xa8, 0x39, 0xc8, 0x39, 0xc8, 0x39, 0xc8, 0x39, 0xa8, 0x31, 0xa8, 0x39, 0xc8, 0x39, 0xa8, 0x31, 0xc8, 0x39, 0xc8, 0x39,
  0xe7, 0x49, 0xe7, 0x49, 0x06, 0x4a, 0xe7, 0x49, 0xe6, 0x49, 0xe7, 0x49, 0x06, 0x4a, 0xe6, 0x49, 0xe6, 0x49, 0xe6, 0x49, 0xe7, 0x49, 0xe7, 0x49,
  0xe6, 0x49, 0xe7, 0x49, 0xe7, 0x49, 0xe7, 0x49, 0xe7, 0x49, 0x06, 0x4a, 0x06, 0x4a, 0x06, 0x4a, 0xe6, 0x49, 0x06, 0x4a, 0x06, 0x4a, 0x06, 0x4a,
  0xe6, 0x49, 0x06, 0x4a, 0x06, 0x4a, 0xe7, 0x49, 0x06, 0x4a, 0xe6, 0x49, 0x06, 0x4a, 0xe7, 0x49, 0x06, 0x4a, 0xe6, 0x49, 0xe7, 0x49, 0x06, 0x4a,
  0x06, 0x4a, 0xe7, 0x49, 0x06, 0x4a, 0xe7, 0x49, 0xe6, 0x49, 0x06, 0x4a, 0xe7, 0x49, 0xe7, 0x49, 0xe7, 0x49, 0x06, 0x4a, 0xe7, 0x49, 0x06, 0x4a,
  0xe7, 0x49, 0xe7, 0x49, 0x06, 0x4a, 0x85, 0x42, 0xe6, 0x54, 0x06, 0x55, 0x05, 0x55, 0x05, 0x55, 0x05, 0x55, 0x05, 0x55, 0x06, 0x55, 0x05, 0x55,
  0x05, 0x55, 0x05, 0x55, 0x05, 0x55, 0x05, 0x55, 0x05, 0x55, 0x05, 0x55, 0x05, 0x55, 0x05, 0x55, 0x05, 0x55, 0x05, 0x55, 0x05, 0x55, 0x05, 0x55,
  0x05, 0x55, 0x05, 0x55, 0x05, 0x55, 0x05, 0x55, 0x05, 0x55, 0x05, 0x55, 0x05, 0x55, 0x05, 0x55, 0x05, 0x55, 0x05, 0x55, 0x05, 0x55, 0x05, 0x55,
  0x05, 0x55, 0x05, 0x55, 0x05, 0x55, 0x05, 0x55, 0x05, 0x55, 0x05, 0x55, 0x05, 0x55, 0x05, 0x55, 0x05, 0x55, 0x05, 0x55, 0x05, 0x55, 0x05, 0x55,
  0x05, 0x55, 0x05, 0x55, 0x05, 0x55, 0x05, 0x55, 0x05, 0x55, 0x05, 0x55, 0x05, 0x55, 0x05, 0x55, 0x05, 0x55, 0x05, 0x55, 0x05, 0x55, 0x05, 0x55,
  0x05, 0x55, 0x05, 0x55, 0x05, 0x55, 0x05, 0x55, 0x05, 0x55, 0x05, 0x55, 0x05, 0x55, 0x05, 0x55, 0x05, 0x55, 0x05, 0x55, 0x05, 0x55, 0x05, 0x55,
  0x05, 0x55, 0x05, 0x55, 0x05, 0x55, 0x05, 0x55, 0x05, 0x55, 0x05, 0x55, 0x05, 0x55, 0x05, 0x55, 0x05, 0x55, 0x05, 0x55, 0x05, 0x55, 0x05, 0x55,
  0x05, 0x55, 0x05, 0x55, 0x05, 0x55, 0x05, 0x55, 0x05, 0x55, 0x05, 0x55, 0x05, 0x55, 0x05, 0x55, 0x05, 0x55, 0x05, 0x55, 0x05, 0x55, 0x05, 0x55,
  0x05, 0x55, 0x05, 0x55, 0x05, 0x55, 0x05, 0x55, 0x05, 0x55, 0x05, 0x55, 0x05, 0x55, 0x05, 0x55, 0x05, 0x55, 0x05, 0x55, 0x05, 0x55, 0x05, 0x55,
  0x05, 0x55, 0x05, 0x55, 0x05, 0x55, 0x05, 0x55, 0x05, 0x55, 0x05, 0x55, 0x05, 0x55, 0x05, 0x55, 0x05, 0x55, 0x05, 0x55, 0x05, 0x55, 0x05, 0x55,
  0x05, 0x55, 0x05, 0x55, 0x05, 0x55, 0x05, 0x55, 0x05, 0x55, 0x05, 0x55, 0x05, 0x55, 0x05, 0x55, 0x05, 0x55, 0x05, 0x55, 0x05, 0x55, 0x05, 0x55,
  0x05, 0x55, 0x05, 0x55, 0x05, 0x55, 0x05, 0x55, 0x05, 0x55, 0x05, 0x55, 0x05, 0x55, 0x05, 0x55, 0x06, 0x55, 0x05, 0x55, 0x05, 0x55, 0x05, 0x55,
  0x05, 0x55, 0x05, 0x55, 0x05, 0x55, 0x05, 0x55, 0x05, 0x55, 0x05, 0x55, 0x05, 0x55, 0x05, 0x55, 0x05, 0x55, 0x05, 0x55, 0x05, 0x55, 0x05, 0x55,
  0x05, 0x55, 0x05, 0x55, 0x05, 0x55, 0x05, 0x55, 0x05, 0x55, 0x05, 0x55, 0x05, 0x55, 0x05, 0x55, 0x05, 0x55, 0x05, 0x55, 0x05, 0x55, 0x05, 0x55,
  0x05, 0x55, 0x05, 0x55, 0x05, 0x55, 0x05, 0x55, 0x05, 0x55, 0x05, 0x55, 0x05, 0x55, 0x05, 0x55, 0x06, 0x55, 0x06, 0x55, 0x05, 0x55, 0x05, 0x55,
  0x86, 0x3a, 0xc7, 0x39, 0xc7, 0x39, 0xc7, 0x39, 0xa7, 0x39, 0xa7, 0x39, 0xc8, 0x39, 0xa7, 0x39, 0xa8, 0x39, 0xa8, 0x39, 0xa8, 0x39, 0xa8, 0x39,
  0xc8, 0x39, 0xc8, 0x39, 0xa8, 0x39, 0xc8, 0x39, 0xc8, 0x39, 0xc8, 0x39, 0xc8, 0x39, 0xc8, 0x39, 0xa8, 0x39, 0xc8, 0x39, 0xc8, 0x39, 0xc8, 0x39,
  0xc8, 0x39, 0xa8, 0x39, 0xa8, 0x39, 0xa8, 0x39, 0xa8, 0x39, 0xa8, 0x31, 0xc8, 0x39, 0xc8, 0x39, 0xa8, 0x39, 0xa8, 0x39, 0xa8, 0x39, 0xa8, 0x39,
  0xc8, 0x39, 0xa8, 0x31, 0xc8, 0x39, 0xa8, 0x39, 0xa8, 0x39, 0xc8, 0x39, 0xa8, 0x31, 0xc8, 0x39, 0xa8, 0x31, 0xa8, 0x31, 0xc8, 0x39, 0xa8, 0x31,
  0xe6, 0x49, 0xe6, 0x49, 0xe6, 0x49, 0x07, 0x42, 0xe6, 0x49, 0xe6, 0x49, 0xe6, 0x49, 0xe6, 0x49, 0xe7, 0x49, 0x06, 0x4a, 0xe6, 0x49, 0xe6, 0x49,
  0xe6, 0x49, 0xe6, 0x49, 0xe6, 0x49, 0xe6, 0x49, 0xe6, 0x49, 0xe7, 0x49, 0xe6, 0x49, 0xe7, 0x49, 0xe7, 0x49, 0xe6, 0x49, 0x06, 0x4a, 0xe7, 0x49,
  0xe7, 0x49, 0x06, 0x4a, 0xe7, 0x49, 0x06, 0x4a, 0xe7, 0x49, 0xe7, 0x49, 0xe7, 0x49, 0xe7, 0x49, 0xe7, 0x49, 0xe7, 0x49, 0xe7, 0x49, 0xe7, 0x49,
  0x06, 0x4a, 0x06, 0x4a, 0xe7, 0x49, 0xe7, 0x49, 0xe6, 0x49, 0x06, 0x4a, 0xe7, 0x49, 0x06, 0x4a, 0xe6, 0x49, 0xe7, 0x49, 0x06, 0x4a, 0xe6, 0x49,
  0xe7, 0x49, 0xe7, 0x49, 0xe6, 0x49, 0x06, 0x4a, 0x05, 0x55, 0x05, 0x55, 0x05, 0x55, 0xe5, 0x54, 0x05, 0x55, 0x05, 0x55, 0x05, 0x55, 0x05, 0x55,
  0x05, 0x55, 0x05, 0x55, 0x05, 0x55, 0x05, 0x55, 0x05, 0x55, 0x05, 0x55, 0x05, 0x55, 0x05, 0x55, 0x05, 0x55, 0x05, 0x55, 0x05, 0x55, 0x05, 0x55,
  0x05, 0x55, 0x05, 0x55, 0x05, 0x55, 0x05, 0x55, 0x05, 0x55, 0x05, 0x55, 0x05, 0x55, 0x05, 0x55, 0x05, 0x55, 0x05, 0x55, 0x05, 0x55, 0x05, 0x55,
  0x05, 0x55, 0x05, 0x55, 0x05, 0x55, 0x05, 0x55, 0x05, 0x55, 0x05, 0x55, 0x05, 0x55, 0x05, 0x55, 0x05, 0x55, 0x05, 0x55, 0x05, 0x55, 0x05, 0x55,
  0x05, 0x55, 0x05, 0x55, 0x05, 0x55, 0x05, 0x55, 0x05, 0x55, 0x05, 0x55, 0x05, 0x55, 0x05, 0x55, 0x05, 0x55, 0x05, 0x55, 0x05, 0x55, 0x05, 0x55,
  0x05, 0x55, 0x05, 0x55, 0x05, 0x55, 0x05, 0x55, 0x05, 0x55, 0x05, 0x55, 0x05, 0x55, 0x05, 0x55, 0x05, 0x55, 0x05, 0x55, 0x05, 0x55, 0x05, 0x55,
  0x05, 0x55, 0x05, 0x55, 0x05, 0x55, 0x05, 0x55, 0x05, 0x55, 0x05, 0x55, 0x05, 0x55, 0x05, 0x55, 0x05, 0x55, 0x05, 0x55, 0x05, 0x55, 0x05, 0x55,
  0x05, 0x55, 0x05, 0x55, 0x05, 0x55, 0x05, 0x55, 0x05, 0x55, 0x05, 0x55, 0x05, 0x55, 0x05, 0x55, 0x05, 0x55, 0x05, 0x55, 0x05, 0x55, 0x05, 0x55,
  0x05, 0x55, 0x05, 0x55, 0x05, 0x55, 0x05, 0x55, 0x05, 0x55, 0x05, 0x55, 0x05, 0x55, 0x05, 0x55, 0x05, 0x55, 0x05, 0x55, 0x05, 0x55, 0x05, 0x55,
  0x05, 0x55, 0x05, 0x55, 0x05, 0x55, 0x05, 0x55, 0x05, 0x55, 0x05, 0x55, 0x05, 0x55, 0x05, 0x55, 0x05, 0x55, 0x05, 0x55, 0x05, 0x55, 0x05, 0x55,
  0x05, 0x55, 0x05, 0x55, 0x05, 0x55, 0x05, 0x55, 0x05, 0x55, 0x05, 0x55, 0x05, 0x55, 0x05, 0x55, 0x05, 0x55, 0x05, 0x55, 0x05, 0x55, 0x05, 0x55,
  0x05, 0x55, 0x05, 0x55, 0x05, 0x55, 0x05, 0x55, 0x05, 0x55, 0x05, 0x55, 0x05, 0x55, 0x05, 0x55, 0x05, 0x55, 0x05, 0x55, 0x05, 0x55, 0x05, 0x55,
  0x05, 0x55, 0x05, 0x55, 0x05, 0x55, 0x05, 0x55, 0x05, 0x55, 0x05, 0x55, 0x05, 0x55, 0x05, 0x55, 0x05, 0x55, 0x05, 0x55, 0x05, 0x55, 0x05, 0x55,
  0x05, 0x55, 0x05, 0x55, 0x05, 0x55, 0x05, 0x55, 0x05, 0x55, 0x05, 0x55, 0x05, 0x55, 0x05, 0x55, 0x05, 0x55, 0x05, 0x55, 0x05, 0x55, 0x05, 0x55,
  0x05, 0x55, 0x05, 0x55, 0x05, 0x55, 0x05, 0x55, 0x05, 0x55, 0x05, 0x55, 0x05, 0x55, 0x05, 0x55, 0xe5, 0x54, 0x05, 0x55, 0x05, 0x55, 0x05, 0x55,
  0xc7, 0x39, 0xa7, 0x39, 0xa7, 0x39, 0xa7, 0x39, 0xa7, 0x39, 0xa7, 0x39, 0xa7, 0x39, 0xa7, 0x39, 0xa7, 0x39, 0xa7, 0x39, 0xa7, 0x39, 0xa7, 0x39,
  0xa8, 0x39, 0xa8, 0x39, 0xc8, 0x39, 0xc8, 0x39, 0xc7, 0x39, 0xc8, 0x39, 0xc8, 0x39, 0xc8, 0x39, 0xc8, 0x39, 0xc8, 0x39, 0xc8, 0x39, 0xa7, 0x39,
  0xc8, 0x39, 0xa8, 0x39, 0xc8, 0x39, 0xa7, 0x39, 0xa8, 0x31, 0xa7, 0x39, 0xa8, 0x39, 0xa7, 0x39, 0xa8, 0x39, 0xa8, 0x39, 0xa8, 0x39, 0xa8, 0x39,
  0xa8, 0x39, 0xa7, 0x39, 0xa8, 0x39, 0xc8, 0x39, 0xa8, 0x31, 0xa8, 0x39, 0xa8, 0x39, 0xc8, 0x39, 0xa8, 0x39, 0xa8, 0x39, 0xa8, 0x31, 0xc8, 0x39,
  0xe6, 0x49, 0xe6, 0x49, 0xe6, 0x49, 0xe6, 0x49, 0xe7, 0x49, 0xe6, 0x41, 0xe6, 0x41, 0x06, 0x4a, 0xe6, 0x49, 0xe6, 0x49, 0xe7, 0x49, 0xe6, 0x49,
  0xe6, 0x49, 0xe6, 0x49, 0xe6, 0x49, 0xe6, 0x49, 0xe6, 0x49, 0xe6, 0x49, 0xe6, 0x49, 0xe6, 0x49, 0xe6, 0x49, 0xe6, 0x49, 0xe6, 0x49, 0xe6, 0x49,
  0xe6, 0x49, 0xe6, 0x49, 0xe7, 0x49, 0xe6, 0x49, 0xe6, 0x49, 0xe7, 0x49, 0xe6, 0x49, 0xe6, 0x49, 0xe7, 0x49, 0xe7, 0x49, 0xe7, 0x49, 0xe6, 0x49,
  0xe6, 0x49, 0xe6, 0x49, 0xe7, 0x49, 0xe7, 0x49, 0xe6, 0x49, 0xe6, 0x49, 0xe6, 0x49, 0xe6, 0x49, 0xe7, 0x49, 0xe6, 0x49, 0xe6, 0x49, 0xe6, 0x49,
  0xe6, 0x49, 0xe6, 0x49, 0xe6, 0x49, 0xe6, 0x49, 0x45, 0x4c, 0x05, 0x55, 0x05, 0x55, 0x05, 0x55, 0x05, 0x55, 0xe5, 0x54, 0xe5, 0x54, 0xe5, 0x54,
  0x05, 0x55, 0x05, 0x55, 0x05, 0x55, 0x05, 0x55, 0x05, 0x55, 0x05, 0x55, 0x05, 0x55, 0x05, 0x55, 0x05, 0x55, 0x05, 0x55, 0x05, 0x55, 0x05, 0x55,
  0x05, 0x55, 0x05, 0x55, 0x05, 0x55, 0x05, 0x55, 0x05, 0x55, 0x05, 0x55, 0x05, 0x55, 0x05, 0x55, 0x05, 0x55, 0x05, 0x55, 0x05, 0x55, 0x05, 0x55,
  0x05, 0x55, 0x05, 0x55, 0x05, 0x55, 0x05, 0x55, 0x05, 0x55, 0x05, 0x55, 0x05, 0x55, 0x05, 0x55, 0x05, 0x55, 0x05, 0x55, 0x05, 0x55, 0x05, 0x55,
  0x05, 0x55, 0x05, 0x55, 0x05, 0x55, 0x05, 0x55, 0x05, 0x55, 0x05, 0x55, 0x05, 0x55, 0x05, 0x55, 0x05, 0x55, 0x05, 0x55, 0x05, 0x55, 0x05, 0x55,
  0x05, 0x55, 0x05, 0x55, 0x05, 0x55, 0x05, 0x55, 0x05, 0x55, 0x05, 0x55, 0x05, 0x55, 0x05, 0x55, 0x05, 0x55, 0x05, 0x55, 0x05, 0x55, 0x05, 0x55,
  0x05, 0x55, 0x05, 0x55, 0x05, 0x55, 0x05, 0x55, 0x05, 0x55, 0x05, 0x55, 0x05, 0x55, 0x05, 0x55, 0x05, 0x55, 0x05, 0x55, 0x05, 0x55, 0x05, 0x55,
  0x05, 0x55, 0x05, 0x55, 0x05, 0x55, 0x05, 0x55, 0x05, 0x55, 0x05, 0x55, 0x05, 0x55, 0x05, 0x55, 0x05, 0x55, 0x05, 0x55, 0x05, 0x55, 0x05, 0x55,
  0x05, 0x55, 0x05, 0x55, 0x05, 0x55, 0x05, 0x55, 0x05, 0x55, 0x05, 0x55, 0x05, 0x55, 0x05, 0x55, 0x05, 0x55, 0x05, 0x55, 0x05, 0x55, 0x05, 0x55,
  0x05, 0x55, 0x05, 0x55, 0x05, 0x55, 0x05, 0x55, 0x05, 0x55, 0x05, 0x55, 0x05, 0x55, 0x05, 0x55, 0x05, 0x55, 0x05, 0x55, 0x05, 0x55, 0x05, 0x55,
  0x05, 0x55, 0x05, 0x55, 0x05, 0x55, 0x05, 0x55, 0x05, 0x55, 0x05, 0x55, 0x05, 0x55, 0x05, 0x55, 0x05, 0x55, 0x05, 0x55, 0x05, 0x55, 0x05, 0x55,
  0x05, 0x55, 0x05, 0x55, 0x05, 0x55, 0x05, 0x55, 0x05, 0x55, 0x05, 0x55, 0x05, 0x55, 0xe5, 0x54, 0x05, 0x55, 0x05, 0x55, 0x05, 0x55, 0x05, 0x55,
  0x05, 0x55, 0x05, 0x55, 0x05, 0x55, 0x05, 0x55, 0x05, 0x55, 0x05, 0x55, 0x05, 0x55, 0x05, 0x55, 0xe5, 0x54, 0x05, 0x55, 0x05, 0x55, 0x05, 0x55,
  0x05, 0x55, 0x05, 0x55, 0x05, 0x55, 0x05, 0x55, 0x05, 0x55, 0x05, 0x55, 0x05, 0x55, 0x05, 0x55, 0x05, 0x55, 0x05, 0x55, 0x05, 0x55, 0x05, 0x55,
  0x05, 0x55, 0x05, 0x55, 0x05, 0x55, 0x05, 0x55, 0x05, 0x55, 0x05, 0x55, 0x05, 0x55, 0x05, 0x55, 0xe5, 0x54, 0x05, 0x55, 0x05, 0x55, 0x45, 0x4c,
  0xa7, 0x39, 0xa7, 0x39, 0xa7, 0x39, 0xa7, 0x39, 0xa7, 0x39, 0xa7, 0x39, 0xa7, 0x39, 0xa7, 0x39, 0xa7, 0x39, 0xa7, 0x39, 0xa8, 0x39, 0xa8, 0x39,
  0xa7, 0x39, 0xa7, 0x39, 0xc8, 0x39, 0xc7, 0x39, 0xc8, 0x39, 0xc8, 0x39, 0xc8, 0x39, 0xa8, 0x39, 0xc7, 0x39, 0xa7, 0x39, 0xc8, 0x39, 0xa8, 0x39,
  0xc7, 0x39, 0xc8, 0x39, 0xa8, 0x39, 0xa8, 0x39, 0xa8, 0x39, 0xa8, 0x39, 0xc8, 0x39, 0xa8, 0x39, 0xa8, 0x39, 0xa8, 0x39, 0xa8, 0x39, 0xa8, 0x39,
  0xa8, 0x39, 0xa8, 0x39, 0xa8, 0x39, 0xa8, 0x39, 0xc8, 0x39, 0xa8, 0x39, 0xa8, 0x39, 0xa8, 0x39, 0xa8, 0x39, 0xa8, 0x39, 0xa8, 0x39, 0xa8, 0x39,
  0xe6, 0x49, 0xe6, 0x49, 0xe6, 0x49, 0xe6, 0x49, 0xe6, 0x49, 0xe6, 0x49, 0xe6, 0x49, 0x06, 0x4a, 0xe6, 0x49, 0xe6, 0x49, 0xe7, 0x49, 0xe6, 0x49,
  0xe7, 0x49, 0xe6, 0x49, 0xe6, 0x49, 0xe6, 0x49, 0xe6, 0x49, 0xe6, 0x49, 0xe6, 0x49, 0xe6, 0x49, 0x06, 0x4a, 0xe6, 0x49, 0xe6, 0x49, 0xe6, 0x49,
  0xe6, 0x49, 0xe6, 0x49, 0xe6, 0x49, 0xe6, 0x49, 0xe6, 0x49, 0xe6, 0x49, 0xe6, 0x49, 0xe6, 0x49, 0xe6, 0x49, 0xe6, 0x49, 0xe6, 0x49, 0xe6, 0x49,
  0x06, 0x4a, 0xe6, 0x49, 0xe6, 0x49, 0xe6, 0x49, 0xe6, 0x49, 0xe6, 0x49, 0xe6, 0x49, 0xe6, 0x49, 0xe6, 0x49, 0xe6, 0x49, 0xe6, 0x49, 0xe6, 0x49,
  0xe6, 0x49, 0xe6, 0x49, 0xe6, 0x49, 0xe6, 0x49, 0x65, 0x43, 0x05, 0x55, 0xe5, 0x54, 0xe5, 0x54, 0xe5, 0x54, 0xe5, 0x54, 0xe5, 0x54, 0xe5, 0x54,
  0xe5, 0x54, 0xe5, 0x54, 0xe5, 0x54, 0xe5, 0x54, 0xe5, 0x54, 0xe5, 0x54, 0xe5, 0x54, 0xe5, 0x54, 0xe5, 0x54, 0xe5, 0x54, 0xe5, 0x54, 0xe5, 0x54,
  0xe5, 0x54, 0xe5, 0x54, 0xe5, 0x54, 0xe5, 0x54, 0xe5, 0x54, 0xe5, 0x54, 0xe5, 0x54, 0xe5, 0x54, 0xe5, 0x54, 0xe5, 0x54, 0xe5, 0x54, 0xe5, 0x54,
  0xe5, 0x54, 0xe5, 0x54, 0xe5, 0x54, 0xe5, 0x54, 0xe5, 0x54, 0xe5, 0x54, 0xe5, 0x54, 0xe5, 0x54, 0xe5, 0x54, 0xe5, 0x54, 0xe5, 0x54, 0xe5, 0x54,
  0xe5, 0x54, 0xe5, 0x54, 0xe5, 0x54, 0xe5, 0x54, 0xe5, 0x54, 0xe5, 0x54, 0xe5, 0x54, 0xe5, 0x54, 0xe5, 0x54, 0xe5, 0x54, 0xe5, 0x54, 0xe5, 0x54,
  0xe5, 0x54, 0xe5, 0x54, 0xe5, 0x54, 0xe5, 0x54, 0xe5, 0x54, 0xe5, 0x54, 0xe5, 0x54, 0xe5, 0x54, 0xe5, 0x54, 0xe5, 0x54, 0xe5, 0x54, 0xe5, 0x54,
  0xe5, 0x54, 0xe5, 0x54, 0xe5, 0x54, 0xe5, 0x54, 0xe5, 0x54, 0xe5, 0x54, 0xe5, 0x54, 0xe5, 0x54, 0xe5, 0x54, 0xe5, 0x54, 0xe5, 0x54, 0xe5, 0x54,
  0xe5, 0x54, 0xe5, 0x54, 0xe5, 0x54, 0xe5, 0x54, 0xe5, 0x54, 0xe5, 0x54, 0xe5, 0x54, 0xe5, 0x54, 0xe5, 0x54, 0xe5, 0x54, 0xe5, 0x54, 0xe5, 0x54,
  0xe5, 0x54, 0xe5, 0x54, 0xe5, 0x54, 0xe5, 0x54, 0xe5, 0x54, 0xe5, 0x54, 0xe5, 0x54, 0xe5, 0x54, 0xe5, 0x54, 0xe5, 0x54, 0xe5, 0x54, 0xe5, 0x54,
  0xe5, 0x54, 0xe5, 0x54, 0xe5, 0x54, 0xe5, 0x54, 0xe5, 0x54, 0xe5, 0x54, 0xe5, 0x54, 0xe5, 0x54, 0xe5, 0x54, 0xe5, 0x54, 0xe5, 0x54, 0xe5, 0x54,
  0xe5, 0x54, 0xe5, 0x54, 0xe5, 0x54, 0xe5, 0x54, 0xe5, 0x54, 0xe5, 0x54, 0xe5, 0x54, 0xe5, 0x54, 0xe5, 0x54, 0xe5, 0x54, 0xe5, 0x54, 0xe5, 0x54,
  0xe5, 0x54, 0xe5, 0x54, 0xe5, 0x54, 0xe5, 0x54, 0xe5, 0x54, 0xe5, 0x54, 0xe5, 0x54, 0xe5, 0x54, 0xe5, 0x54, 0xe5, 0x54, 0xe5, 0x54, 0xe5, 0x54,
  0xe5, 0x54, 0xe5, 0x54, 0xe5, 0x54, 0xe5, 0x54, 0xe5, 0x54, 0xe5, 0x54, 0xe5, 0x54, 0xe5, 0x54, 0xe5, 0x54, 0xe5, 0x54, 0xe5, 0x54, 0xe5, 0x54,
  0xe5, 0x54, 0xe5, 0x54, 0xe5, 0x54, 0xe5, 0x54, 0xe5, 0x54, 0xe5, 0x54, 0xe5, 0x54, 0xe5, 0x54, 0xe5, 0x54, 0xe5, 0x54, 0xe5, 0x54, 0xe5, 0x54,
  0xe5, 0x54, 0xe5, 0x54, 0xe5, 0x54, 0xe5, 0x54, 0xe5, 0x54, 0xe5, 0x54, 0xe5, 0x54, 0xe5, 0x54, 0xe5, 0x54, 0xe5, 0x54, 0xe5, 0x54, 0x45, 0x43,
  0xa7, 0x39, 0xa7, 0x39, 0xa7, 0x39, 0xa7, 0x39, 0xa7, 0x39, 0xa7, 0x39, 0xa7, 0x39, 0xa7, 0x39, 0xc7, 0x39, 0xa7, 0x39, 0xa7, 0x39, 0xa7, 0x39,
  0xa7, 0x39, 0xa7, 0x39, 0xa7, 0x31, 0xa8, 0x39, 0xc8, 0x39, 0xa8, 0x39, 0xc8, 0x39, 0xc8, 0x39, 0xc8, 0x39, 0xa7, 0x39, 0xc8, 0x39, 0xc8, 0x39,
  0xc8, 0x39, 0xc8, 0x39, 0xa8, 0x39, 0xc8, 0x39, 0xa8, 0x39, 0xa8, 0x39, 0xa8, 0x39, 0xa8, 0x39, 0xa8, 0x39, 0xa8, 0x39, 0xc8, 0x39, 0xa8, 0x39,
  0xc8, 0x39, 0xa8, 0x31, 0xa8, 0x39, 0xa8, 0x39, 0xa8, 0x39, 0xa8, 0x39, 0xa8, 0x39, 0xa8, 0x39, 0xa8, 0x39, 0xa8, 0x39, 0xa8, 0x39, 0xa8, 0x39,
  0xe6, 0x49, 0xe6, 0x49, 0xe6, 0x49, 0xe6, 0x49, 0xe7, 0x49, 0xe6, 0x49, 0xe7, 0x49, 0xe6, 0x49, 0xe6, 0x49, 0xe6, 0x49, 0xe6, 0x49, 0xe6, 0x49,
  0xe6, 0x49, 0xe6, 0x49, 0xe6, 0x49, 0xe6, 0x49, 0xe6, 0x49, 0xe6, 0x49, 0xe6, 0x41, 0x06, 0x4a, 0xe6, 0x49, 0xe6, 0x49, 0xe6, 0x49, 0xe6, 0x49,
  0xe6, 0x49, 0xe7, 0x49, 0xe6, 0x49, 0xe6, 0x49, 0xe6, 0x49, 0xe6, 0x49, 0xe6, 0x49, 0xe6, 0x49, 0xe6, 0x49, 0x06, 0x4a, 0xe6, 0x49, 0xe6, 0x49,
  0xe6, 0x49, 0xe6, 0x49, 0xe6, 0x49, 0xe6, 0x49, 0xe6, 0x49, 0xe6, 0x49, 0xe6, 0x49, 0xe6, 0x41, 0xe6, 0x49, 0xe6, 0x49, 0xe6, 0x49, 0xe6, 0x49,
  0xe6, 0x49, 0xe6, 0x49, 0xe6, 0x41, 0xe6, 0x49, 0xa6, 0x42, 0xe5, 0x54, 0xe5, 0x54, 0xe5, 0x54, 0xe5, 0x54, 0xe5, 0x54, 0xe5, 0x54, 0xe5, 0x54,
  0xe5, 0x54, 0xe5, 0x54, 0xe5, 0x54, 0xe5, 0x54, 0xe5, 0x54, 0xe5, 0x54, 0xe5, 0x54, 0xe5, 0x54, 0xe5, 0x54, 0xe5, 0x54, 0xe5, 0x54, 0xe5, 0x54,
  0xe5, 0x54, 0xe5, 0x54, 0xe5, 0x54, 0xe5, 0x54, 0xe5, 0x54, 0xe5, 0x54, 0xe5, 0x54, 0xe5, 0x54, 0xe5, 0x54, 0xe5, 0x54, 0xe5, 0x54, 0xe5, 0x54,
  0xe5, 0x54, 0xe5, 0x54, 0xe5, 0x54, 0xe5, 0x54, 0xe5, 0x54, 0xe5, 0x54, 0xe5, 0x54, 0xe5, 0x54, 0xe5, 0x54, 0xe5, 0x54, 0xe5, 0x54, 0xe5, 0x54,
  0xe5, 0x54, 0xe5, 0x54, 0xe5, 0x54, 0xe5, 0x54, 0xe5, 0x54, 0xe5, 0x54, 0xe5, 0x54, 0xe5, 0x54, 0xe5, 0x54, 0xe5, 0x54, 0xe5, 0x54, 0xe5, 0x54,
  0xe5, 0x54, 0xe5, 0x54, 0xe5, 0x54, 0xe5, 0x54, 0xe5, 0x54, 0xe5, 0x54, 0xe5, 0x54, 0xe5, 0x54, 0xe5, 0x54, 0xe5, 0x54, 0xe5, 0x54, 0xe5, 0x54,
  0xe5, 0x54, 0xe5, 0x54, 0xe5, 0x54, 0xe5, 0x54, 0xe5, 0x54, 0xe5, 0x54, 0xe5, 0x54, 0xe5, 0x54, 0xe5, 0x54, 0xe5, 0x54, 0xe5, 0x54, 0xe5, 0x54,
  0xe5, 0x54, 0xe5, 0x54, 0xe5, 0x54, 0xe5, 0x54, 0xe5, 0x54, 0xe5, 0x54, 0xe5, 0x54, 0xe5, 0x54, 0xe5, 0x54, 0xe5, 0x54, 0xe5, 0x54, 0xe5, 0x54,
  0xe5, 0x54, 0xe5, 0x54, 0xe5, 0x54, 0xe5, 0x54, 0xe5, 0x54, 0xe5, 0x54, 0xe5, 0x54, 0xe5, 0x54, 0xe5, 0x54, 0xe5, 0x54, 0xe5, 0x54, 0xe5, 0x54,
  0xe5, 0x54, 0xe5, 0x54, 0xe5, 0x54, 0xe5, 0x54, 0xe5, 0x54, 0xe5, 0x54, 0xe5, 0x54, 0xe5, 0x54, 0xe5, 0x54, 0xe5, 0x54, 0xe5, 0x54, 0xe5, 0x54,
  0xe5, 0x54, 0xe5, 0x54, 0xe5, 0x54, 0xe5, 0x54, 0xe5, 0x54, 0xe5, 0x54, 0xe5, 0x54, 0xe5, 0x54, 0xe5, 0x54, 0xe5, 0x54, 0xe5, 0x54, 0xe5, 0x54,
  0xe5, 0x54, 0xe5, 0x54, 0xe5, 0x54, 0xe5, 0x54, 0xe5, 0x54, 0xe5, 0x54, 0xe5, 0x54, 0xe5, 0x54, 0xe5, 0x54, 0xe5, 0x54, 0xe5, 0x54, 0xe5, 0x54,
  0xe5, 0x54, 0xe5, 0x54, 0xe5, 0x54, 0xe5, 0x54, 0xe5, 0x54, 0xe5, 0x54, 0xe5, 0x54, 0xe5, 0x54, 0xe5, 0x54, 0xe5, 0x54, 0xe5, 0x54, 0xe5, 0x54,
  0xe5, 0x54, 0xe5, 0x54, 0xe5, 0x54, 0xe5, 0x54, 0xe5, 0x54, 0xe5, 0x54, 0xe5, 0x54, 0xe5, 0x54, 0xe5, 0x54, 0xe5, 0x54, 0xe5, 0x54, 0xe5, 0x54,
  0xe5, 0x54, 0xe5, 0x54, 0xe5, 0x54, 0xe5, 0x54, 0xe5, 0x54, 0xe5, 0x54, 0xe5, 0x54, 0xe5, 0x54, 0xe5, 0x54, 0xe5, 0x4c, 0xe5, 0x4c, 0x66, 0x3a,
  0xa7, 0x39, 0xa7, 0x39, 0xc7, 0x39, 0xa7, 0x39, 0xa7, 0x39, 0xc7, 0x39, 0xa8, 0x39, 0xc7, 0x39, 0xa8, 0x39, 0xa8, 0x39, 0xa7, 0x39, 0xa7, 0x39,
  0xc7, 0x39, 0xa7, 0x39, 0xa8, 0x39, 0xa8, 0x39, 0xa7, 0x39, 0xa7, 0x39, 0xc8, 0x39, 0xc8, 0x39, 0xa8, 0x39, 0xc8, 0x39, 0xc8, 0x39, 0xc8, 0x39,
  0xa7, 0x39, 0xc8, 0x39, 0xa8, 0x39, 0xc8, 0x39, 0xc8, 0x39, 0xc8, 0x39, 0xa8, 0x39, 0xa8, 0x39, 0xa8, 0x31, 0xa8, 0x39, 0xa8, 0x39, 0xa8, 0x39,
  0xa8, 0x39, 0xa8, 0x39, 0xa8, 0x39, 0xa8, 0x39, 0xa8, 0x39, 0xa8, 0x39, 0xa8, 0x39, 0xa8, 0x31, 0xa8, 0x31, 0xa8, 0x39, 0xa8, 0x39, 0xa8, 0x39,
  0xe6, 0x49, 0xe6, 0x49, 0xe6, 0x49, 0xe6, 0x49, 0xe6, 0x49, 0xe6, 0x49, 0xe6, 0x49, 0xe6, 0x49, 0xe6, 0x49, 0xe6, 0x41, 0xe6, 0x49, 0xe6, 0x41,
  0xe6, 0x49, 0xe6, 0x41, 0xe6, 0x49, 0xe6, 0x49, 0xe6, 0x49, 0xe6, 0x49, 0xe6, 0x49, 0xe6, 0x49, 0xe6, 0x49, 0xe7, 0x49, 0xe7, 0x49, 0xe6, 0x41,
  0xe6, 0x41, 0xe6, 0x49, 0xe6, 0x49, 0xe6, 0x49, 0xe6, 0x49, 0xe7, 0x49, 0xe6, 0x49, 0xe7, 0x49, 0xe6, 0x49, 0xe6, 0x49, 0xe6, 0x49, 0xe6, 0x49,
  0xe6, 0x49, 0xe6, 0x49, 0xe6, 0x49, 0xe6, 0x49, 0xe6, 0x41, 0xe7, 0x49, 0xe6, 0x49, 0xe6, 0x49, 0xe6, 0x49, 0xe7, 0x49, 0xe6, 0x49, 0xe7, 0x49,
  0xe6, 0x49, 0xe6, 0x49, 0xe6, 0x49, 0xe6, 0x49, 0xe7, 0x49, 0xa5, 0x4c, 0xe5, 0x4c, 0xe5, 0x4c, 0xe5, 0x4c, 0xe5, 0x4c, 0xe5, 0x4c, 0xe5, 0x4c,
  0xe5, 0x4c, 0xe5, 0x4c, 0xe5, 0x4c, 0xe5, 0x4c, 0xe5, 0x4c, 0xe5, 0x4c, 0xe5, 0x4c, 0xe5, 0x4c, 0xe5, 0x4c, 0xe5, 0x4c, 0xe5, 0x4c, 0xe5, 0x4c,
  0xe5, 0x4c, 0xe5, 0x4c, 0xe5, 0x4c, 0xe5, 0x4c, 0xe5, 0x4c, 0xe5, 0x4c, 0xe5, 0x4c, 0xe5, 0x4c, 0xe5, 0x4c, 0xe5, 0x4c, 0xe5, 0x4c, 0xe5, 0x4c,
  0xe5, 0x4c, 0xe5, 0x4c, 0xe5, 0x4c, 0xe5, 0x4c, 0xe5, 0x4c, 0xe5, 0x4c, 0xe5, 0x4c, 0xe5, 0x4c, 0xe5, 0x4c, 0xe5, 0x4c, 0xe5, 0x4c, 0xe5, 0x4c,
  0xe5, 0x4c, 0xe5, 0x4c, 0xe5, 0x4c, 0xe5, 0x4c, 0xe5, 0x4c, 0xe5, 0x4c, 0xe5, 0x4c, 0xe5, 0x4c, 0xe5, 0x4c, 0xe5, 0x4c, 0xe5, 0x4c, 0xe5, 0x4c,
  0xe5, 0x4c, 0xe5, 0x4c, 0xe5, 0x4c, 0xe5, 0x4c, 0xe5, 0x4c, 0xe5, 0x4c, 0xe5, 0x4c, 0xe5, 0x4c, 0xe5, 0x4c, 0xe5, 0x4c, 0xe5, 0x4c, 0xe5, 0x4c,
  0xe5, 0x4c, 0xe5, 0x4c, 0xe5, 0x4c, 0xe5, 0x4c, 0xe5, 0x4c, 0xe5, 0x4c, 0xe5, 0x4c, 0xe5, 0x4c, 0xe5, 0x4c, 0xe5, 0x4c, 0xe5, 0x4c, 0xe5, 0x4c,
  0xe5, 0x4c, 0xe5, 0x4c, 0xe5, 0x4c, 0xe5, 0x4c, 0xe5, 0x4c, 0xe5, 0x4c, 0xe5, 0x4c, 0xe5, 0x4c, 0xe5, 0x4c, 0xe5, 0x4c, 0xe5, 0x4c, 0xe5, 0x4c,
  0xe5, 0x4c, 0xe5, 0x4c, 0xe5, 0x4c, 0xe5, 0x4c, 0xe5, 0x4c, 0xe5, 0x4c, 0xe5, 0x4c, 0xe5, 0x4c, 0xe5, 0x4c, 0xe5, 0x4c, 0xe5, 0x4c, 0xe5, 0x4c,
  0xe5, 0x4c, 0xe5, 0x4c, 0xe5, 0x4c, 0xe5, 0x4c, 0xe5, 0x4c, 0xe5, 0x4c, 0xe5, 0x4c, 0xe5, 0x4c, 0xe5, 0x4c, 0xe5, 0x4c, 0xe5, 0x4c, 0xe5, 0x4c,
  0xe5, 0x4c, 0xe5, 0x4c, 0xe5, 0x4c, 0xe5, 0x4c, 0xe5, 0x4c, 0xe5, 0x4c, 0xe5, 0x4c, 0xe5, 0x4c, 0xe5, 0x4c, 0xe5, 0x4c, 0xe5, 0x4c, 0xe5, 0x4c,
  0xe5, 0x4c, 0xe5, 0x4c, 0xe5, 0x4c, 0xe5, 0x4c, 0xe5, 0x4c, 0xe5, 0x4c, 0xe5, 0x4c, 0xe5, 0x4c, 0xe5, 0x4c, 0xe5, 0x4c, 0xe5, 0x4c, 0xe5, 0x4c,
  0xe5, 0x4c, 0xe5, 0x4c, 0xe5, 0x4c, 0xe5, 0x4c, 0xe5, 0x4c, 0xe5, 0x4c, 0xe5, 0x4c, 0xe5, 0x4c, 0xe5, 0x4c, 0xe5, 0x4c, 0xe5, 0x4c, 0xe5, 0x4c,
  0xe5, 0x4c, 0xe5, 0x4c, 0xe5, 0x4c, 0xe5, 0x4c, 0xe5, 0x4c, 0xe5, 0x4c, 0xe5, 0x4c, 0xe5, 0x4c, 0xe5, 0x4c, 0xe5, 0x4c, 0xe5, 0x4c, 0xe5, 0x4c,
  0xe5, 0x4c, 0xe5, 0x4c, 0xe5, 0x4c, 0xe5, 0x4c, 0xe5, 0x4c, 0xe5, 0x4c, 0xe5, 0x4c, 0xe5, 0x4c, 0xe5, 0x4c, 0xc5, 0x54, 0xa5, 0x4c, 0xc7, 0x39,
  0xc7, 0x39, 0xa7, 0x39, 0xa7, 0x39, 0xc7, 0x39, 0xa7, 0x39, 0xa7, 0x39, 0xa7, 0x39, 0xa7, 0x39, 0xa7, 0x39, 0xa7, 0x39, 0xa7, 0x39, 0xa7, 0x39,
  0xa7, 0x39, 0xa7, 0x39, 0xc7, 0x39, 0xa7, 0x39, 0xa7, 0x39, 0xc7, 0x39, 0xa7, 0x39, 0xa7, 0x39, 0xc7, 0x31, 0xa8, 0x39, 0xa8, 0x39, 0xc7, 0x39,
  0xc8, 0x39, 0xa7, 0x39, 0xc8, 0x39, 0xa7, 0x39, 0xa7, 0x39, 0xa8, 0x39, 0xa8, 0x39, 0xc8, 0x39, 0xc8, 0x39, 0xa7, 0x39, 0xa8, 0x39, 0xc8, 0x39,
  0xa8, 0x39, 0xa7, 0x39, 0xa8, 0x39, 0xa7, 0x39, 0xa8, 0x39, 0xc8, 0x39, 0xa8, 0x39, 0xa8, 0x39, 0xa8, 0x39, 0xa8, 0x39, 0xa8, 0x39, 0xa8, 0x39,
  0xe6, 0x41, 0xe6, 0x49, 0xe6, 0x41, 0xe6, 0x49, 0xe6, 0x41, 0xe6, 0x49, 0xe6, 0x49, 0xe6, 0x41, 0xe6, 0x49, 0xe6, 0x49, 0xe6, 0x49, 0xe6, 0x41,
  0xe6, 0x49, 0xe6, 0x49, 0xe6, 0x49, 0xe6, 0x49, 0xe6, 0x49, 0xe6, 0x49, 0xe7, 0x49, 0xe6, 0x41, 0xe7, 0x49, 0xe6, 0x41, 0xe6, 0x49, 0xe6, 0x49,
  0xe7, 0x49, 0xe6, 0x49, 0xe6, 0x49, 0xe6, 0x49, 0xe6, 0x49, 0xe6, 0x49, 0xe7, 0x49, 0xe6, 0x49, 0xe6, 0x49, 0xe7, 0x49, 0xe6, 0x49, 0xe6, 0x49,
  0xe6, 0x49, 0xe6, 0x49, 0xe6, 0x49, 0xe6, 0x49, 0xe6, 0x49, 0xe6, 0x41, 0xe6, 0x49, 0xe6, 0x49, 0xe6, 0x41, 0xe6, 0x49, 0xe6, 0x49, 0xe6, 0x49,
  0xe6, 0x41, 0xe6, 0x49, 0xe6, 0x49, 0xe6, 0x41, 0xe6, 0x49, 0x84, 0x43, 0xe5, 0x4c, 0xc5, 0x4c, 0xe5, 0x4c, 0xe5, 0x4c, 0xe5, 0x4c, 0xe5, 0x4c,
  0xe5, 0x4c, 0xe5, 0x4c, 0xe5, 0x4c, 0xe5, 0x4c, 0xe5, 0x4c, 0xe5, 0x4c, 0xe5, 0x4c, 0xe5, 0x4c, 0xe5, 0x4c, 0xe5, 0x4c, 0xe5, 0x4c, 0xe5, 0x4c,
  0xe5, 0x4c, 0xe5, 0x4c, 0xe5, 0x4c, 0xe5, 0x4c, 0xe5, 0x4c, 0xe5, 0x4c, 0xe5, 0x4c, 0xe5, 0x4c, 0xe5, 0x4c, 0xe5, 0x4c, 0xe5, 0x4c, 0xe5, 0x4c,
  0xe5, 0x4c, 0xe5, 0x4c, 0xe5, 0x4c, 0xe5, 0x4c, 0xe5, 0x4c, 0xe5, 0x4c, 0xe5, 0x4c, 0xe5, 0x4c, 0xe5, 0x4c, 0xe5, 0x4c, 0xe5, 0x4c, 0xe5, 0x4c,
  0xe5, 0x4c, 0xe5, 0x4c, 0xe5, 0x4c, 0xe5, 0x4c, 0xe5, 0x4c, 0xe5, 0x4c, 0xe5, 0x4c, 0xe5, 0x4c, 0xe5, 0x4c, 0xe5, 0x4c, 0xe5, 0x4c, 0xe5, 0x4c,
  0xe5, 0x4c, 0xe5, 0x4c, 0xe5, 0x4c, 0xe5, 0x4c, 0xe5, 0x4c, 0xe5, 0x4c, 0xe5, 0x4c, 0xe5, 0x4c, 0xe5, 0x4c, 0xe5, 0x4c, 0xe5, 0x4c, 0xe5, 0x4c,
  0xe5, 0x4c, 0xe5, 0x4c, 0xe5, 0x4c, 0xe5, 0x4c, 0xe5, 0x4c, 0xe5, 0x4c, 0xe5, 0x4c, 0xe5, 0x4c, 0xe5, 0x4c, 0xe5, 0x4c, 0xe5, 0x4c, 0xe5, 0x4c,
  0xe5, 0x4c, 0xe5, 0x4c, 0xe5, 0x4c, 0xe5, 0x4c, 0xe5, 0x4c, 0xe5, 0x4c, 0xe5, 0x4c, 0xe5, 0x4c, 0xe5, 0x4c, 0xe5, 0x4c, 0xe5, 0x4c, 0xe5, 0x4c,
  0xe5, 0x4c, 0xe5, 0x4c, 0xe5, 0x4c, 0xe5, 0x4c, 0xe5, 0x4c, 0xe5, 0x4c, 0xe5, 0x4c, 0xe5, 0x4c, 0xe5, 0x4c, 0xe5, 0x4c, 0xe5, 0x4c, 0xe5, 0x4c,
  0xe5, 0x4c, 0xe5, 0x4c, 0xe5, 0x4c, 0xe5, 0x4c, 0xe5, 0x4c, 0xe5, 0x4c, 0xe5, 0x4c, 0xe5, 0x4c, 0xe5, 0x4c, 0xe5, 0x4c, 0xe5, 0x4c, 0xe5, 0x4c,
  0xe5, 0x4c, 0xe5, 0x4c, 0xe5, 0x4c, 0xe5, 0x4c, 0xe5, 0x4c, 0xe5, 0x4c, 0xe5, 0x4c, 0xe5, 0x4c, 0xe5, 0x4c, 0xe5, 0x4c, 0xe5, 0x4c, 0xe5, 0x4c,
  0xe5, 0x4c, 0xe5, 0x4c, 0xe5, 0x4c, 0xe5, 0x4c, 0xe5, 0x4c, 0xe5, 0x4c, 0xe5, 0x4c, 0xe5, 0x4c, 0xe5, 0x4c, 0xe5, 0x4c, 0xe5, 0x4c, 0xe5, 0x4c,
  0xe5, 0x4c, 0xe5, 0x4c, 0xe5, 0x4c, 0xe5, 0x4c, 0xe5, 0x4c, 0xe5, 0x4c, 0xe5, 0x4c, 0xe5, 0x4c, 0xe5, 0x4c, 0xe5, 0x4c, 0xe5, 0x4c, 0xe5, 0x4c,
  0xe5, 0x4c, 0xe5, 0x4c, 0xe5, 0x4c, 0xe5, 0x4c, 0xe5, 0x4c, 0xe5, 0x4c, 0xe5, 0x4c, 0xe5, 0x4c, 0xe5, 0x4c, 0xe5, 0x4c, 0xe5, 0x4c, 0xe5, 0x4c,
  0xe5, 0x4c, 0xe5, 0x4c, 0xe5, 0x4c, 0xe5, 0x4c, 0xe5, 0x4c, 0xe5, 0x4c, 0xe5, 0x4c, 0xe5, 0x4c, 0xe5, 0x4c, 0xc5, 0x4c, 0x65, 0x43, 0xa7, 0x39,
  0xa7, 0x39, 0xa7, 0x39, 0xa7, 0x39, 0xa7, 0x39, 0xa7, 0x39, 0xa7, 0x39, 0xa8, 0x39, 0xa7, 0x39, 0xa7, 0x39, 0xc7, 0x39, 0xa7, 0x39, 0xa7, 0x39,
  0xa7, 0x39, 0xc7, 0x39, 0xc8, 0x39, 0xc8, 0x39, 0xc7, 0x39, 0xa7, 0x39, 0xa8, 0x39, 0xa7, 0x39, 0xc8, 0x39, 0xc8, 0x39, 0xa8, 0x39, 0xa8, 0x39,
  0xa7, 0x39, 0xa8, 0x39, 0xa7, 0x39, 0xc8, 0x39, 0xa8, 0x39, 0xc8, 0x39, 0xa7, 0x31, 0xc8, 0x39, 0xa7, 0x39, 0xa8, 0x39, 0xa7, 0x39, 0xa7, 0x39,
  0xa8, 0x39, 0xa8, 0x39, 0xa7, 0x39, 0xc8, 0x39, 0xa8, 0x39, 0xa8, 0x39, 0xc8, 0x39, 0xa8, 0x39, 0xa8, 0x39, 0xa8, 0x39, 0xa8, 0x39, 0xa8, 0x39,
  0xe6, 0x41, 0xc6, 0x41, 0xe6, 0x49, 0xe6, 0x41, 0xe6, 0x49, 0xc6, 0x41, 0xe6, 0x41, 0xe6, 0x41, 0xe6, 0x41, 0xc6, 0x41, 0xe6, 0x49, 0xc6, 0x41,
  0xe6, 0x49, 0xc6, 0x41, 0xe6, 0x49, 0xe6, 0x41, 0xe6, 0x49, 0xe6, 0x49, 0xe6, 0x49, 0xc7, 0x49, 0xe6, 0x41, 0xe6, 0x49, 0xe6, 0x41, 0xe6, 0x41,
  0xe6, 0x49, 0xe6, 0x49, 0xe6, 0x49, 0xe6, 0x41, 0xe6, 0x49, 0xe6, 0x41, 0xe6, 0x49, 0xe6, 0x41, 0xe6, 0x49, 0xe6, 0x41, 0xe7, 0x49, 0xe6, 0x49,
  0xe6, 0x49, 0xe6, 0x49, 0xe6, 0x41, 0xe6, 0x41, 0xe6, 0x41, 0xe6, 0x49, 0xe6, 0x41, 0xe6, 0x49, 0xe6, 0x49, 0xe6, 0x49, 0xe6, 0x41, 0xe6, 0x49,
  0xe6, 0x49, 0xe6, 0x49, 0xe6, 0x49, 0xe6, 0x49, 0xe6, 0x49, 0x45, 0x42, 0xc5, 0x4c, 0xc5, 0x4c, 0xc5, 0x4c, 0xc5, 0x4c, 0xc5, 0x4c, 0xc5, 0x4c,
  0xc5, 0x4c, 0xc5, 0x4c, 0xc5, 0x4c, 0xc5, 0x4c, 0xc5, 0x4c, 0xc5, 0x4c, 0xc5, 0x4c, 0xc5, 0x4c, 0xc5, 0x4c, 0xc5, 0x4c, 0xc5, 0x4c, 0xc5, 0x4c,
  0xc5, 0x4c, 0xc5, 0x4c, 0xc5, 0x4c, 0xc5, 0x4c, 0xc5, 0x4c, 0xc5, 0x4c, 0xc5, 0x4c, 0xc5, 0x4c, 0xc5, 0x4c, 0xc5, 0x4c, 0xc5, 0x4c, 0xc5, 0x4c,
  0xc5, 0x4c, 0xc5, 0x4c, 0xc5, 0x4c, 0xc5, 0x4c, 0xc5, 0x4c, 0xc5, 0x4c, 0xc5, 0x4c, 0xc5, 0x4c, 0xc5, 0x4c, 0xc5, 0x4c, 0xc5, 0x4c, 0xc5, 0x4c,
  0xc5, 0x4c, 0xc5, 0x4c, 0xc5, 0x4c, 0xc5, 0x4c, 0xc5, 0x4c, 0xc5, 0x4c, 0xc5, 0x4c, 0xc5, 0x4c, 0xc5, 0x4c, 0xc5, 0x4c, 0xc5, 0x4c, 0xc5, 0x4c,
  0xc5, 0x4c, 0xc5, 0x4c, 0xc5, 0x4c, 0xc5, 0x4c, 0xc5, 0x4c, 0xc5, 0x4c, 0xc5, 0x4c, 0xc5, 0x4c, 0xc5, 0x4c, 0xc5, 0x4c, 0xc5, 0x4c, 0xc5, 0x4c,
  0xc5, 0x4c, 0xc5, 0x4c, 0xc5, 0x4c, 0xc5, 0x4c, 0xc5, 0x4c, 0xc5, 0x4c, 0xc5, 0x4c, 0xc5, 0x4c, 0xc5, 0x4c, 0xc5, 0x4c, 0xc5, 0x4c, 0xc5, 0x4c,
  0xc5, 0x4c, 0xc5, 0x4c, 0xc5, 0x4c, 0xc5, 0x4c, 0xc5, 0x4c, 0xc5, 0x4c, 0xc5, 0x4c, 0xc5, 0x4c, 0xc5, 0x4c, 0xc5, 0x4c, 0xc5, 0x4c, 0xc5, 0x4c,
  0xc5, 0x4c, 0xc5, 0x4c, 0xc5, 0x4c, 0xc5, 0x4c, 0xc5, 0x4c, 0xc5, 0x4c, 0xc5, 0x4c, 0xc5, 0x4c, 0xc5, 0x4c, 0xc5, 0x4c, 0xc5, 0x4c, 0xc5, 0x4c,
  0xc5, 0x4c, 0xc5, 0x4c, 0xc5, 0x4c, 0xc5, 0x4c, 0xc5, 0x4c, 0xc5, 0x4c, 0xc5, 0x4c, 0xc5, 0x4c, 0xc5, 0x4c, 0xc5, 0x4c, 0xc5, 0x4c, 0xc5, 0x4c,
  0xc5, 0x4c, 0xc5, 0x4c, 0xc5, 0x4c, 0xc5, 0x4c, 0xc5, 0x4c, 0xc5, 0x4c, 0xc5, 0x4c, 0xc5, 0x4c, 0xc5, 0x4c, 0xc5, 0x4c, 0xc5, 0x4c, 0xc5, 0x4c,
  0xc5, 0x4c, 0xc5, 0x4c, 0xc5, 0x4c, 0xc5, 0x4c, 0xc5, 0x4c, 0xc5, 0x4c, 0xc5, 0x4c, 0xc5, 0x4c, 0xc5, 0x4c, 0xc5, 0x4c, 0xc5, 0x4c, 0xc5, 0x4c,
  0xc5, 0x4c, 0xc5, 0x4c, 0xc5, 0x4c, 0xc5, 0x4c, 0xc5, 0x4c, 0xc5, 0x4c, 0xc5, 0x4c, 0xc5, 0x4c, 0xc5, 0x4c, 0xc5, 0x4c, 0xc5, 0x4c, 0xc5, 0x4c,
  0xc5, 0x4c, 0xc5, 0x4c, 0xc5, 0x4c, 0xc5, 0x4c, 0xc5, 0x4c, 0xc5, 0x4c, 0xc5, 0x4c, 0xc5, 0x4c, 0xc5, 0x4c, 0xc5, 0x4c, 0xc5, 0x4c, 0xc5, 0x4c,
  0xc5, 0x4c, 0xc5, 0x4c, 0xc5, 0x4c, 0xc5, 0x4c, 0xc5, 0x4c, 0xc5, 0x4c, 0xc5, 0x4c, 0xc5, 0x4c, 0xc5, 0x4c, 0xc5, 0x54, 0x26, 0x3a, 0xa7, 0x39,
  0xa7, 0x39, 0xa7, 0x39, 0xa7, 0x39, 0xa7, 0x39, 0xa7, 0x39, 0xa7, 0x39, 0xa7, 0x39, 0xa7, 0x39, 0xa7, 0x39, 0xa7, 0x39, 0xa7, 0x39, 0xa7, 0x39,
  0xa7, 0x39, 0xa7, 0x39, 0xa7, 0x39, 0xa7, 0x39, 0xa7, 0x39, 0xa7, 0x39, 0xa7, 0x39, 0xa7, 0x39, 0xa7, 0x39, 0xa7, 0x39, 0xa7, 0x39, 0xc7, 0x39,
  0xa8, 0x39, 0xa7, 0x39, 0xc8, 0x39, 0xa8, 0x39, 0xa7, 0x39, 0xa7, 0x39, 0xa8, 0x39, 0xa8, 0x39, 0xa8, 0x39, 0xc7, 0x39, 0xa8, 0x39, 0xa7, 0x39,
  0xc7, 0x39, 0xa7, 0x39, 0xa7, 0x39, 0xa7, 0x39, 0xa7, 0x39, 0xa7, 0x39, 0xa7, 0x39, 0xa7, 0x39, 0xa8, 0x39, 0xa7, 0x39, 0xa8, 0x39, 0xa8, 0x39,
  0xe6, 0x49, 0xe6, 0x41, 0xe6, 0x41, 0xe6, 0x49, 0xe6, 0x41, 0xe6, 0x41, 0xe6, 0x41, 0xe6, 0x41, 0xe6, 0x41, 0xe6, 0x49, 0xe6, 0x41, 0xe6, 0x49,
  0xe7, 0x41, 0xe6, 0x41, 0xe6, 0x41, 0xe6, 0x49, 0xe6, 0x41, 0xe6, 0x49, 0xe6, 0x49, 0xe6, 0x41, 0xe6, 0x49, 0xe6, 0x49, 0xe6, 0x49, 0xe6, 0x49,
  0xe6, 0x49, 0xe6, 0x49, 0xe6, 0x49, 0xe6, 0x49, 0xe6, 0x49, 0xe6, 0x49, 0xe6, 0x49, 0xe6, 0x49, 0xe6, 0x49, 0xe6, 0x49, 0xe6, 0x41, 0xe6, 0x41,
  0xe6, 0x49, 0xe6, 0x49, 0xe6, 0x49, 0xe6, 0x49, 0xe6, 0x49, 0xe6, 0x49, 0xe6, 0x49, 0xe6, 0x49, 0xe6, 0x49, 0xe6, 0x49, 0xe6, 0x49, 0xe6, 0x49,
  0xe6, 0x49, 0xe6, 0x49, 0xe6, 0x49, 0xe6, 0x49, 0xe6, 0x49, 0xe6, 0x49, 0xe5, 0x4b, 0xc5, 0x54, 0xc5, 0x4c, 0xc5, 0x4c, 0xc5, 0x4c, 0xc5, 0x4c,
  0xc5, 0x4c, 0xc5, 0x4c, 0xc5, 0x4c, 0xc5, 0x4c, 0xc5, 0x4c, 0xc5, 0x4c, 0xc5, 0x4c, 0xc5, 0x4c, 0xc5, 0x4c, 0xc5, 0x4c, 0xc5, 0x4c, 0xc5, 0x4c,
  0xc5, 0x4c, 0xc5, 0x4c, 0xc5, 0x4c, 0xc5, 0x4c, 0xc5, 0x4c, 0xc5, 0x4c, 0xc5, 0x4c, 0xc5, 0x4c, 0xc5, 0x4c, 0xc5, 0x4c, 0xc5, 0x4c, 0xc5, 0x4c,
  0xc5, 0x4c, 0xc5, 0x4c, 0xc5, 0x4c, 0xc5, 0x4c, 0xc5, 0x4c, 0xc5, 0x4c, 0xc5, 0x4c, 0xc5, 0x4c, 0xc5, 0x4c, 0xc5, 0x4c, 0xc5, 0x4c, 0xc5, 0x4c,
  0xc5, 0x4c, 0xc5, 0x4c, 0xc5, 0x4c, 0xc5, 0x4c, 0xc5, 0x4c, 0xc5, 0x4c, 0xc5, 0x4c, 0xc5, 0x4c, 0xc5, 0x4c, 0xc5, 0x4c, 0xc5, 0x4c, 0xc5, 0x4c,
  0xc5, 0x4c, 0xc5, 0x4c, 0xc5, 0x4c, 0xc5, 0x4c, 0xc5, 0x4c, 0xc5, 0x4c, 0xc5, 0x4c, 0xc5, 0x4c, 0xc5, 0x4c, 0xc5, 0x4c, 0xc5, 0x4c, 0xc5, 0x4c,
  0xc5, 0x4c, 0xc5, 0x4c, 0xc5, 0x4c, 0xc5, 0x4c, 0xc5, 0x4c, 0xc5, 0x4c, 0xc5, 0x4c, 0xc5, 0x4c, 0xc5, 0x4c, 0xc5, 0x4c, 0xc5, 0x4c, 0xc5, 0x4c,
  0xc5, 0x4c, 0xc5, 0x4c, 0xc5, 0x4c, 0xc5, 0x4c, 0xc5, 0x4c, 0xc5, 0x4c, 0xc5, 0x4c, 0xc5, 0x4c, 0xc5, 0x4c, 0xc5, 0x4c, 0xc5, 0x4c, 0xc5, 0x4c,
  0xc5, 0x4c, 0xc5, 0x4c, 0xc5, 0x4c, 0xc5, 0x4c, 0xc5, 0x4c, 0xc5, 0x4c, 0xc5, 0x4c, 0xc5, 0x4c, 0xc5, 0x4c, 0xc5, 0x4c, 0xc5, 0x4c, 0xc5, 0x4c,
  0xc5, 0x4c, 0xc5, 0x4c, 0xc5, 0x4c, 0xc5, 0x4c, 0xc5, 0x4c, 0xc5, 0x4c, 0xc5, 0x4c, 0xc5, 0x4c, 0xc5, 0x4c, 0xc5, 0x4c, 0xc5, 0x4c, 0xc5, 0x4c,
  0xc5, 0x4c, 0xc5, 0x4c, 0xc5, 0x4c, 0xc5, 0x4c, 0xc5, 0x4c, 0xc5, 0x4c, 0xc5, 0x4c, 0xc5, 0x4c, 0xc5, 0x4c, 0xc5, 0x4c, 0xc5, 0x4c, 0xc5, 0x4c,
  0xc5, 0x4c, 0xc5, 0x4c, 0xc5, 0x4c, 0xc5, 0x4c, 0xc5, 0x4c, 0xc5, 0x4c, 0xc5, 0x4c, 0xc5, 0x4c, 0xc5, 0x4c, 0xc5, 0x4c, 0xc5, 0x4c, 0xc5, 0x4c,
  0xc5, 0x4c, 0xc5, 0x4c, 0xc5, 0x4c, 0xc5, 0x4c, 0xc5, 0x4c, 0xc5, 0x4c, 0xc5, 0x4c, 0xc5, 0x4c, 0xc5, 0x4c, 0xc5, 0x4c, 0xc5, 0x4c, 0xc5, 0x4c,
  0xc5, 0x4c, 0xc5, 0x4c, 0xc5, 0x4c, 0xc5, 0x4c, 0xc5, 0x4c, 0xc5, 0x4c, 0xc5, 0x4c, 0xc5, 0x4c, 0xc5, 0x4c, 0xc5, 0x4c, 0xc5, 0x4c, 0xc5, 0x4c,
  0xc5, 0x4c, 0xc5, 0x4c, 0xc5, 0x4c, 0xc5, 0x4c, 0xc5, 0x4c, 0xc5, 0x4c, 0xc5, 0x4c, 0xc5, 0x4c, 0xc5, 0x4c, 0xc5, 0x43, 0xa7, 0x39, 0xa7, 0x39,
  0xa7, 0x39, 0xa7, 0x39, 0xa7, 0x39, 0xa7, 0x39, 0xa7, 0x39, 0xa7, 0x39, 0xa7, 0x39, 0xa7, 0x39, 0xa7, 0x39, 0xa7, 0x39, 0xa7, 0x39, 0xa7, 0x39,
  0xa7, 0x39, 0xa7, 0x39, 0xa7, 0x39, 0xa7, 0x39, 0xa7, 0x39, 0xa7, 0x39, 0xa7, 0x39, 0xa7, 0x39, 0xa8, 0x39, 0xa7, 0x39, 0xa7, 0x39, 0xa8, 0x39,
  0xa7, 0x39, 0xa8, 0x39, 0xa7, 0x39, 0xa7, 0x39, 0xa8, 0x39, 0xa8, 0x39, 0xa7, 0x39, 0xa8, 0x39, 0xa7, 0x39, 0xa8, 0x39, 0xa7, 0x39, 0xa8, 0x39,
  0xc8, 0x39, 0xc8, 0x39, 0xa7, 0x39, 0xa8, 0x39, 0xa7, 0x39, 0xa8, 0x39, 0xa7, 0x31, 0xc8, 0x39, 0xa8, 0x39, 0xa8, 0x39, 0xa8, 0x39, 0xa8, 0x39,
  0xe7, 0x41, 0xe6, 0x41, 0xe6, 0x41, 0xe6, 0x41, 0xe6, 0x41, 0xe6, 0x41, 0xe6, 0x41, 0xe6, 0x41, 0xe6, 0x41, 0xe7, 0x41, 0xe6, 0x41, 0xe6, 0x41,
  0xe6, 0x41, 0xe6, 0x41, 0xe6, 0x41, 0xe6, 0x41, 0xe6, 0x41, 0xe6, 0x41, 0xe6, 0x41, 0xe6, 0x41, 0xe6, 0x41, 0xe6, 0x41, 0xe6, 0x41, 0xe6, 0x41,
  0xe6, 0x41, 0xe6, 0x49, 0xe6, 0x49, 0xe6, 0x49, 0xe6, 0x49, 0xe6, 0x49, 0xe6, 0x49, 0xe6, 0x49, 0xe6, 0x49, 0xe6, 0x49, 0xe6, 0x49, 0xe6, 0x49,
  0xe6, 0x41, 0xe6, 0x49, 0xe6, 0x49, 0xe6, 0x49, 0xe6, 0x49, 0xe6, 0x49, 0xe6, 0x41, 0xe6, 0x49, 0xe6, 0x49, 0xe6, 0x49, 0xe6, 0x49, 0xe6, 0x49,
  0xe6, 0x49, 0xe6, 0x49, 0xe6, 0x49, 0xe6, 0x49, 0xe6, 0x49, 0xe6, 0x49, 0x66, 0x42, 0xc5, 0x4c, 0xc5, 0x4c, 0xc5, 0x4c, 0xc5, 0x4c, 0xc5, 0x4c,
  0xc5, 0x4c, 0xc5, 0x4c, 0xc5, 0x4c, 0xc5, 0x4c, 0xc5, 0x4c, 0xc5, 0x4c, 0xc5, 0x4c, 0xc5, 0x4c, 0xc5, 0x4c, 0xc5, 0x4c, 0xc5, 0x4c, 0xc5, 0x4c,
  0xc5, 0x4c, 0xc5, 0x4c, 0xc5, 0x4c, 0xc5, 0x4c, 0xc5, 0x4c, 0xc5, 0x4c, 0xc5, 0x4c, 0xc5, 0x4c, 0xc5, 0x4c, 0xc5, 0x4c, 0xc5, 0x4c, 0xc5, 0x4c,
  0xc5, 0x4c, 0xc5, 0x4c, 0xc5, 0x4c, 0xc5, 0x4c, 0xc5, 0x4c, 0xc5, 0x4c, 0xc5, 0x4c, 0xc5, 0x4c, 0xc5, 0x4c, 0xc5, 0x4c, 0xc5, 0x4c, 0xc5, 0x4c,
  0xc5, 0x4c, 0xc5, 0x4c, 0xc5, 0x4c, 0xc5, 0x4c, 0xc5, 0x4c, 0xc5, 0x4c, 0xc5, 0x4c, 0xc5, 0x4c, 0xc5, 0x4c, 0xc5, 0x4c, 0xc5, 0x4c, 0xc5, 0x4c,
  0xc5, 0x4c, 0xc5, 0x4c, 0xc5, 0x4c, 0xc5, 0x4c, 0xc5, 0x4c, 0xc5, 0x4c, 0xc5, 0x4c, 0xc5, 0x4c, 0xc5, 0x4c, 0xc5, 0x4c, 0xc5, 0x4c, 0xc5, 0x4c,
  0xc5, 0x4c, 0xc5, 0x4c, 0xc5, 0x4c, 0xc5, 0x4c, 0xc5, 0x4c, 0xc5, 0x4c, 0xc5, 0x4c, 0xc5, 0x4c, 0xc5, 0x4c, 0xc5, 0x4c, 0xc5, 0x4c, 0xc5, 0x4c,
  0xc5, 0x4c, 0xc5, 0x4c, 0xc5, 0x4c, 0xc5, 0x4c, 0xc5, 0x4c, 0xc5, 0x4c, 0xc5, 0x4c, 0xc5, 0x4c, 0xc5, 0x4c, 0xc5, 0x4c, 0xc5, 0x4c, 0xc5, 0x4c,
  0xc5, 0x4c, 0xc5, 0x4c, 0xc5, 0x4c, 0xc5, 0x4c, 0xc5, 0x4c, 0xc5, 0x4c, 0xc5, 0x4c, 0xc5, 0x4c, 0xc5, 0x4c, 0xc5, 0x4c, 0xc5, 0x4c, 0xc5, 0x4c,
  0xc5, 0x4c, 0xc5, 0x4c, 0xc5, 0x4c, 0xc5, 0x4c, 0xc5, 0x4c, 0xc5, 0x4c, 0xc5, 0x4c, 0xc5, 0x4c, 0xc5, 0x4c, 0xc5, 0x4c, 0xc5, 0x4c, 0xc5, 0x4c,
  0xc5, 0x4c, 0xc5, 0x4c, 0xc5, 0x4c, 0xc5, 0x4c, 0xc5, 0x4c, 0xc5, 0x4c, 0xc5, 0x4c, 0xc5, 0x4c, 0xc5, 0x4c, 0xc5, 0x4c, 0xc5, 0x4c, 0xc5, 0x4c,
  0xc5, 0x4c, 0xc5, 0x4c, 0xc5, 0x4c, 0xc5, 0x4c, 0xc5, 0x4c, 0xc5, 0x4c, 0xc5, 0x4c, 0xc5, 0x4c, 0xc5, 0x4c, 0xc5, 0x4c, 0xc5, 0x4c, 0xc5, 0x4c,
  0xc5, 0x4c, 0xc5, 0x4c, 0xc5, 0x4c, 0xc5, 0x4c, 0xc5, 0x4c, 0xc5, 0x4c, 0xc5, 0x4c, 0xc5, 0x4c, 0xc5, 0x4c, 0xc5, 0x4c, 0xc5, 0x4c, 0xc5, 0x4c,
  0xc5, 0x4c, 0xc5, 0x4c, 0xc5, 0x4c, 0xc5, 0x4c, 0xc5, 0x4c, 0xc5, 0x4c, 0xc5, 0x4c, 0xc5, 0x4c, 0xc5, 0x4c, 0xc5, 0x4c, 0xc5, 0x4c, 0xc5, 0x4c,
  0xc5, 0x4c, 0xc5, 0x4c, 0xc5, 0x4c, 0xc5, 0x4c, 0xc5, 0x4c, 0xc5, 0x4c, 0xc5, 0x4c, 0xc5, 0x4c, 0xc5, 0x4c, 0x46, 0x3a, 0xa7, 0x39, 0xa7, 0x39,
  0xa7, 0x39, 0xa7, 0x39, 0xa7, 0x39, 0xa7, 0x39, 0xa7, 0x39, 0xa7, 0x39, 0xa7, 0x39, 0xa7, 0x39, 0xa7, 0x39, 0xa7, 0x39, 0xa7, 0x39, 0xa7, 0x39,
  0xa7, 0x39, 0xa7, 0x39, 0xa7, 0x39, 0xa7, 0x39, 0xa7, 0x39, 0xa7, 0x39, 0xa7, 0x39, 0xa7, 0x39, 0xa7, 0x39, 0xa7, 0x39, 0xa7, 0x39, 0xa7, 0x39,
  0xa7, 0x39, 0xa7, 0x39, 0xa8, 0x39, 0xa7, 0x39, 0xa7, 0x39, 0xa7, 0x39, 0xa8, 0x39, 0xc8, 0x39, 0xc8, 0x39, 0xa7, 0x39, 0xa7, 0x39, 0xa7, 0x39,
  0xa7, 0x39, 0xa7, 0x39, 0xc8, 0x39, 0xc8, 0x39, 0xa7, 0x39, 0xa7, 0x39, 0xa7, 0x39, 0xa7, 0x39, 0xa8, 0x39, 0xa8, 0x39, 0xa8, 0x39, 0xa8, 0x39,
  0xc6, 0x41, 0xe6, 0x41, 0xe6, 0x41, 0xc6, 0x41, 0xe6, 0x49, 0xe6, 0x41, 0xe6, 0x41, 0xe6, 0x41, 0xe6, 0x41, 0xe6, 0x41, 0xe6, 0x41, 0xe6, 0x41,
  0xe6, 0x41, 0xe6, 0x41, 0xe6, 0x41, 0xe6, 0x41, 0xe6, 0x41, 0xe6, 0x49, 0xe6, 0x41, 0xe6, 0x49, 0xe6, 0x41, 0xe6, 0x41, 0xe6, 0x41, 0xe6, 0x41,
  0xe6, 0x49, 0xe6, 0x41, 0xe6, 0x41, 0xe6, 0x49, 0xe6, 0x41, 0xe6, 0x41, 0xe6, 0x41, 0xe6, 0x49, 0xe6, 0x49, 0xe6, 0x49, 0xe6, 0x49, 0xe6, 0x49,
  0xe6, 0x49, 0xe6, 0x49, 0xe6, 0x49, 0xe6, 0x49, 0xe6, 0x49, 0xe6, 0x49, 0xe6, 0x41, 0xe6, 0x49, 0xe6, 0x49, 0xe6, 0x49, 0xe6, 0x49, 0xe6, 0x49,
  0xe6, 0x49, 0xe6, 0x49, 0xe6, 0x49, 0xe6, 0x49, 0xe6, 0x49, 0xe6, 0x49, 0xe6, 0x49, 0xa5, 0x43, 0xc5, 0x4c, 0xc5, 0x4c, 0xc5, 0x4c, 0xc5, 0x4c,
  0xc5, 0x4c, 0xc5, 0x4c, 0xc5, 0x4c, 0xc5, 0x4c, 0xc5, 0x4c, 0xc5, 0x4c, 0xc5, 0x4c, 0xc5, 0x4c, 0xc5, 0x4c, 0xc5, 0x4c, 0xc5, 0x4c, 0xc5, 0x4c,
  0xc5, 0x4c, 0xc5, 0x4c, 0xc5, 0x4c, 0xc5, 0x4c, 0xc5, 0x4c, 0xc5, 0x4c, 0xc5, 0x4c, 0xc5, 0x4c, 0xc5, 0x4c, 0xc5, 0x4c, 0xc5, 0x4c, 0xc5, 0x4c,
  0xc5, 0x4c, 0xc5, 0x4c, 0xc5, 0x4c, 0xc5, 0x4c, 0xc5, 0x4c, 0xc5, 0x4c, 0xc5, 0x4c, 0xc5, 0x4c, 0xc5, 0x4c, 0xc5, 0x4c, 0xc5, 0x4c, 0xc5, 0x4c,
  0xc5, 0x4c, 0xc5, 0x4c, 0xc5, 0x4c, 0xc5, 0x4c, 0xc5, 0x4c, 0xc5, 0x4c, 0xc5, 0x4c, 0xc5, 0x4c, 0xc5, 0x4c, 0xc5, 0x4c, 0xc5, 0x4c, 0xc5, 0x4c,
  0xc5, 0x4c, 0xc5, 0x4c, 0xc5, 0x4c, 0xc5, 0x4c, 0xc5, 0x4c, 0xc5, 0x4c, 0xc5, 0x4c, 0xc5, 0x4c, 0xc5, 0x4c, 0xc5, 0x4c, 0xc5, 0x4c, 0xc5, 0x4c,
  0xc5, 0x4c, 0xc5, 0x4c, 0xc5, 0x4c, 0xc5, 0x4c, 0xc5, 0x4c, 0xc5, 0x4c, 0xc5, 0x4c, 0xc5, 0x4c, 0xc5, 0x4c, 0xc5, 0x4c, 0xc5, 0x4c, 0xc5, 0x4c,
  0xc5, 0x4c, 0xc5, 0x4c, 0xc5, 0x4c, 0xc5, 0x4c, 0xc5, 0x4c, 0xc5, 0x4c, 0xc5, 0x4c, 0xc5, 0x4c, 0xc5, 0x4c, 0xc5, 0x4c, 0xc5, 0x4c, 0xc5, 0x4c,
  0xc5, 0x4c, 0xc5, 0x4c, 0xc5, 0x4c, 0xc5, 0x4c, 0xc5, 0x4c, 0xc5, 0x4c, 0xc5, 0x4c, 0xc5, 0x4c, 0xc5, 0x4c, 0xc5, 0x4c, 0xc5, 0x4c, 0xc5, 0x4c,
  0xc5, 0x4c, 0xc5, 0x4c, 0xc5, 0x4c, 0xc5, 0x4c, 0xc5, 0x4c, 0xc5, 0x4c, 0xc5, 0x4c, 0xc5, 0x4c, 0xc5, 0x4c, 0xc5, 0x4c, 0xc5, 0x4c, 0xc5, 0x4c,
  0xc5, 0x4c, 0xc5, 0x4c, 0xc5, 0x4c, 0xc5, 0x4c, 0xc5, 0x4c, 0xc5, 0x4c, 0xc5, 0x4c, 0xc5, 0x4c, 0xc5, 0x4c, 0xc5, 0x4c, 0xc5, 0x4c, 0xc5, 0x4c,
  0xc5, 0x4c, 0xc5, 0x4c, 0xc5, 0x4c, 0xc5, 0x4c, 0xc5, 0x4c, 0xc5, 0x4c, 0xc5, 0x4c, 0xc5, 0x4c, 0xc5, 0x4c, 0xc5, 0x4c, 0xc5, 0x4c, 0xc5, 0x4c,
  0xc5, 0x4c, 0xc5, 0x4c, 0xc5, 0x4c, 0xc5, 0x4c, 0xc5, 0x4c, 0xc5, 0x4c, 0xc5, 0x4c, 0xc5, 0x4c, 0xc5, 0x4c, 0xc5, 0x4c, 0xc5, 0x4c, 0xc5, 0x4c,
  0xc5, 0x4c, 0xc5, 0x4c, 0xc5, 0x4c, 0xc5, 0x4c, 0xc5, 0x4c, 0xc5, 0x4c, 0xc5, 0x4c, 0xc5, 0x4c, 0xc5, 0x4c, 0xc5, 0x4c, 0xc5, 0x4c, 0xc5, 0x4c,
  0xc5, 0x4c, 0xc5, 0x4c, 0xc5, 0x4c, 0xc5, 0x4c, 0xc5, 0x4c, 0xc5, 0x4c, 0xc5, 0x4c, 0xc5, 0x4c, 0x84, 0x43, 0xa7, 0x39, 0xa7, 0x39, 0xa7, 0x39,
  0xa7, 0x39, 0xa7, 0x39, 0xa7, 0x39, 0xa7, 0x39, 0xa7, 0x39, 0xa7, 0x39, 0xa7, 0x39, 0xa7, 0x39, 0xa7, 0x39, 0xa7, 0x39, 0xa7, 0x39, 0xa7, 0x39,
  0xa7, 0x39, 0xa7, 0x39, 0xa7, 0x39, 0xa7, 0x39, 0xa7, 0x39, 0xa7, 0x39, 0xa7, 0x39, 0xa7, 0x39, 0xa7, 0x39, 0xa7, 0x39, 0xa7, 0x39, 0xa7, 0x39,
  0xa7, 0x39, 0xa7, 0x39, 0xa7, 0x39, 0xa7, 0x39, 0xa7, 0x39, 0xa7, 0x39, 0xa7, 0x39, 0xa7, 0x39, 0xa7, 0x39, 0xc8, 0x39, 0xa8, 0x39, 0xa8, 0x39,
  0xa7, 0x39, 0xa7, 0x39, 0xa7, 0x39, 0xa7, 0x39, 0xa7, 0x39, 0xc8, 0x39, 0xa7, 0x39, 0xa7, 0x39, 0xa7, 0x39, 0xa7, 0x39, 0xa7, 0x39, 0xa7, 0x39,
  0xe6, 0x41, 0xe6, 0x41, 0xc6, 0x41, 0xe6, 0x41, 0xe6, 0x41, 0xc6, 0x41, 0xc6, 0x41, 0xe6, 0x41, 0xc6, 0x41, 0xe6, 0x41, 0xe6, 0x41, 0xe6, 0x41,
  0xe6, 0x41, 0xe6, 0x41, 0xe6, 0x41, 0xe6, 0x41, 0xe6, 0x41, 0xe6, 0x41, 0xe6, 0x41, 0xe6, 0x49, 0xe6, 0x41, 0xe6, 0x49, 0xe6, 0x41, 0xe6, 0x41,
  0xe6, 0x41, 0xe6, 0x41, 0xe6, 0x49, 0xe6, 0x41, 0xe6, 0x41, 0xe6, 0x49, 0xe6, 0x49, 0xe6, 0x49, 0xe6, 0x49, 0xe6, 0x49, 0xe6, 0x49, 0xe6, 0x49,
  0xe6, 0x49, 0xe6, 0x49, 0xe6, 0x49, 0xe6, 0x49, 0xe6, 0x41, 0xe6, 0x41, 0xe6, 0x49, 0xe6, 0x41, 0xe6, 0x49, 0xe6, 0x41, 0xe6, 0x49, 0xe6, 0x41,
  0xe6, 0x49, 0xe6, 0x41, 0xe6, 0x49, 0xe6, 0x41, 0xe6, 0x41, 0xe6, 0x49, 0xe6, 0x49, 0x26, 0x42, 0xa5, 0x4c, 0xc5, 0x4c, 0xc5, 0x4c, 0xc5, 0x4c,
  0xc5, 0x4c, 0xc5, 0x4c, 0xc5, 0x4c, 0xc5, 0x4c, 0xc5, 0x4c, 0xc5, 0x4c, 0xc5, 0x4c, 0xc5, 0x4c, 0xc5, 0x4c, 0xc5, 0x4c, 0xc5, 0x4c, 0xc5, 0x4c,
  0xc5, 0x4c, 0xc5, 0x4c, 0xc5, 0x4c, 0xc5, 0x4c, 0xc5, 0x4c, 0xc5, 0x4c, 0xc5, 0x4c, 0xc5, 0x4c, 0xc5, 0x4c, 0xc5, 0x4c, 0xc5, 0x4c, 0xc5, 0x4c,
  0xc5, 0x4c, 0xc5, 0x4c, 0xc5, 0x4c, 0xc5, 0x4c, 0xc5, 0x4c, 0xc5, 0x4c, 0xc5, 0x4c, 0xc5, 0x4c, 0xc5, 0x4c, 0xc5, 0x4c, 0xc5, 0x4c, 0xc5, 0x4c,
  0xc5, 0x4c, 0xc5, 0x4c, 0xc5, 0x4c, 0xc5, 0x4c, 0xc5, 0x4c, 0xc5, 0x4c, 0xc5, 0x4c, 0xc5, 0x4c, 0xc5, 0x4c, 0xc5, 0x4c, 0xc5, 0x4c, 0xc5, 0x4c,
  0xc5, 0x4c, 0xc5, 0x4c, 0xc5, 0x4c, 0xc5, 0x4c, 0xc5, 0x4c, 0xc5, 0x4c, 0xc5, 0x4c, 0xc5, 0x4c, 0xc5, 0x4c, 0xc5, 0x4c, 0xc5, 0x4c, 0xc5, 0x4c,
  0xc5, 0x4c, 0xc5, 0x4c, 0xc5, 0x4c, 0xc5, 0x4c, 0xc5, 0x4c, 0xc5, 0x4c, 0xc5, 0x4c, 0xc5, 0x4c, 0xc5, 0x4c, 0xc5, 0x4c, 0xc5, 0x4c, 0xc5, 0x4c,
  0xc5, 0x4c, 0xc5, 0x4c, 0xc5, 0x4c, 0xc5, 0x4c, 0xc5, 0x4c, 0xc5, 0x4c, 0xc5, 0x4c, 0xc5, 0x4c, 0xc5, 0x4c, 0xc5, 0x4c, 0xc5, 0x4c, 0xc5, 0x4c,
  0xc5, 0x4c, 0xc5, 0x4c, 0xc5, 0x4c, 0xc5, 0x4c, 0xc5, 0x4c, 0xc5, 0x4c, 0xc5, 0x4c, 0xc5, 0x4c, 0xc5, 0x4c, 0xc5, 0x4c, 0xc5, 0x4c, 0xc5, 0x4c,
  0xc5, 0x4c, 0xc5, 0x4c, 0xc5, 0x4c, 0xc5, 0x4c, 0xc5, 0x4c, 0xc5, 0x4c, 0xc5, 0x4c, 0xc5, 0x4c, 0xc5, 0x4c, 0xc5, 0x4c, 0xc5, 0x4c, 0xc5, 0x4c,
  0xc5, 0x4c, 0xc5, 0x4c, 0xc5, 0x4c, 0xc5, 0x4c, 0xc5, 0x4c, 0xc5, 0x4c, 0xc5, 0x4c, 0xc5, 0x4c, 0xc5, 0x4c, 0xc5, 0x4c, 0xc5, 0x4c, 0xc5, 0x4c,
  0xc5, 0x4c, 0xc5, 0x4c, 0xc5, 0x4c, 0xc5, 0x4c, 0xc5, 0x4c, 0xc5, 0x4c, 0xc5, 0x4c, 0xc5, 0x4c, 0xc5, 0x4c, 0xc5, 0x4c, 0xc5, 0x4c, 0xc5, 0x4c,
  0xc5, 0x4c, 0xc5, 0x4c, 0xc5, 0x4c, 0xc5, 0x4c, 0xc5, 0x4c, 0xc5, 0x4c, 0xc5, 0x4c, 0xc5, 0x4c, 0xc5, 0x4c, 0xc5, 0x4c, 0xc5, 0x4c, 0xc5, 0x4c,
  0xc5, 0x4c, 0xc5, 0x4c, 0xc5, 0x4c, 0xc5, 0x4c, 0xc5, 0x4c, 0xc5, 0x4c, 0xc5, 0x4c, 0xc5, 0x4c, 0xc5, 0x4c, 0xc5, 0x4c, 0xc5, 0x4c, 0xc5, 0x4c,
  0xc5, 0x4c, 0xc5, 0x4c, 0xc5, 0x4c, 0xc5, 0x4c, 0xc5, 0x4c, 0xc5, 0x4c, 0xc5, 0x4c, 0xa5, 0x4c, 0x07, 0x3a, 0xa7, 0x39, 0xa7, 0x39, 0xa7, 0x39,
  0xa7, 0x39, 0xa7, 0x39, 0xa7, 0x39, 0xa7, 0x39, 0xa7, 0x39, 0xa7, 0x39, 0xa7, 0x39, 0xa7, 0x39, 0xa7, 0x39, 0xa7, 0x39, 0xa7, 0x39, 0xa7, 0x39,
  0xa7, 0x39, 0xa7, 0x39, 0xa7, 0x39, 0xa7, 0x39, 0xa7, 0x39, 0xa7, 0x39, 0xa7, 0x39, 0xa7, 0x39, 0xa7, 0x39, 0xa7, 0x39, 0xa7, 0x39, 0xa7, 0x39,
  0xa7, 0x39, 0xa7, 0x39, 0xa7, 0x39, 0xa7, 0x39, 0xa7, 0x39, 0xa7, 0x39, 0xa7, 0x39, 0xa7, 0x39, 0xa8, 0x39, 0xa7, 0x39, 0xa7, 0x39, 0xa7, 0x39,
  0xa7, 0x39, 0xa7, 0x39, 0xa7, 0x39, 0xa7, 0x39, 0xa7, 0x39, 0xa7, 0x39, 0xa7, 0x39, 0xa7, 0x39, 0xa7, 0x39, 0xa7, 0x39, 0xa7, 0x39, 0xa7, 0x39,
  0xc6, 0x41, 0xe6, 0x41, 0xe6, 0x41, 0xc6, 0x41, 0xe6, 0x41, 0xc6, 0x41, 0xe6, 0x41, 0xc6, 0x41, 0xe6, 0x49, 0xc6, 0x41, 0xc6, 0x41, 0xc6, 0x41,
  0xe6, 0x41, 0xe6, 0x49, 0xe6, 0x49, 0xe6, 0x49, 0xe6, 0x49, 0xe6, 0x41, 0xe6, 0x49, 0xe6, 0x49, 0xe6, 0x49, 0xe6, 0x41, 0xe6, 0x49, 0xe6, 0x41,
  0xe6, 0x49, 0xe6, 0x41, 0xe6, 0x49, 0xe6, 0x41, 0xe6, 0x49, 0xe6, 0x49, 0xe6, 0x41, 0xe6, 0x49, 0xe6, 0x41, 0xe6, 0x49, 0xe6, 0x41, 0xe6, 0x41,
  0xe6, 0x49, 0xe6, 0x49, 0xe6, 0x49, 0xc6, 0x49, 0xe6, 0x49, 0xe6, 0x49, 0xe6, 0x49, 0xe6, 0x49, 0xe6, 0x49, 0xe6, 0x49, 0xe6, 0x49, 0xe6, 0x49,
  0xe6, 0x49, 0xe6, 0x49, 0xe6, 0x49, 0xe6, 0x49, 0xe6, 0x49, 0xe6, 0x49, 0xe6, 0x49, 0xe6, 0x41, 0x44, 0x43, 0xc5, 0x4c, 0xc5, 0x4c, 0xc5, 0x4c,
  0xc5, 0x4c, 0xc5, 0x4c, 0xc5, 0x4c, 0xc5, 0x4c, 0xc5, 0x4c, 0xc5, 0x4c, 0xc5, 0x4c, 0xc5, 0x4c, 0xc5, 0x4c, 0xc5, 0x4c, 0xc5, 0x4c, 0xc5, 0x4c,
  0xc5, 0x4c, 0xc5, 0x4c, 0xc5, 0x4c, 0xc5, 0x4c, 0xc5, 0x4c, 0xc5, 0x4c, 0xc5, 0x4c, 0xc5, 0x4c, 0xc5, 0x4c, 0xc5, 0x4c, 0xc5, 0x4c, 0xc5, 0x4c,
  0xc5, 0x4c, 0xc5, 0x4c, 0xc5, 0x4c, 0xc5, 0x4c, 0xc5, 0x4c, 0xc5, 0x4c, 0xc5, 0x4c, 0xc5, 0x4c, 0xc5, 0x4c, 0xc5, 0x4c, 0xc5, 0x4c, 0xc5, 0x4c,
  0xc5, 0x4c, 0xc5, 0x4c, 0xc5, 0x4c, 0xc5, 0x4c, 0xc5, 0x4c, 0xc5, 0x4c, 0xc5, 0x4c, 0xc5, 0x4c, 0xc5, 0x4c, 0xc5, 0x4c, 0xc5, 0x4c, 0xc5, 0x4c,
  0xc5, 0x4c, 0xc5, 0x4c, 0xc5, 0x4c, 0xc5, 0x4c, 0xc5, 0x4c, 0xc5, 0x4c, 0xc5, 0x4c, 0xc5, 0x4c, 0xc5, 0x4c, 0xc5, 0x4c, 0xc5, 0x4c, 0xc5, 0x4c,
  0xc5, 0x4c, 0xc5, 0x4c, 0xc5, 0x4c, 0xc5, 0x4c, 0xc5, 0x4c, 0xc5, 0x4c, 0xc5, 0x4c, 0xc5, 0x4c, 0xc5, 0x4c, 0xc5, 0x4c, 0xc5, 0x4c, 0xc5, 0x4c,
  0xc5, 0x4c, 0xc5, 0x4c, 0xc5, 0x4c, 0xc5, 0x4c, 0xc5, 0x4c, 0xc5, 0x4c, 0xc5, 0x4c, 0xc5, 0x4c, 0xc5, 0x4c, 0xc5, 0x4c, 0xc5, 0x4c, 0xc5, 0x4c,
  0xc5, 0x4c, 0xc5, 0x4c, 0xc5, 0x4c, 0xc5, 0x4c, 0xc5, 0x4c, 0xc5, 0x4c, 0xc5, 0x4c, 0xc5, 0x4c, 0xc5, 0x4c, 0xc5, 0x4c, 0xc5, 0x4c, 0xc5, 0x4c,
  0xc5, 0x4c, 0xc5, 0x4c, 0xc5, 0x4c, 0xc5, 0x4c, 0xc5, 0x4c, 0xc5, 0x4c, 0xc5, 0x4c, 0xc5, 0x4c, 0xc5, 0x4c, 0xc5, 0x4c, 0xc5, 0x4c, 0xc5, 0x4c,
  0xc5, 0x4c, 0xc5, 0x4c, 0xc5, 0x4c, 0xc5, 0x4c, 0xc5, 0x4c, 0xc5, 0x4c, 0xc5, 0x4c, 0xc5, 0x4c, 0xc5, 0x4c, 0xc5, 0x4c, 0xc5, 0x4c, 0xc5, 0x4c,
  0xc5, 0x4c, 0xc5, 0x4c, 0xc5, 0x4c, 0xc5, 0x4c, 0xc5, 0x4c, 0xc5, 0x4c, 0xc5, 0x4c, 0xc5, 0x4c, 0xc5, 0x4c, 0xc5, 0x4c, 0xc5, 0x4c, 0xc5, 0x4c,
  0xc5, 0x4c, 0xc5, 0x4c, 0xc5, 0x4c, 0xc5, 0x4c, 0xc5, 0x4c, 0xc5, 0x4c, 0xc5, 0x4c, 0xc5, 0x4c, 0xc5, 0x4c, 0xc5, 0x4c, 0xc5, 0x4c, 0xc5, 0x4c,
  0xc5, 0x4c, 0xc5, 0x4c, 0xc5, 0x4c, 0xc5, 0x4c, 0xc5, 0x4c, 0xc5, 0x4c, 0xc5, 0x4c, 0xc5, 0x4c, 0xc5, 0x4c, 0xc5, 0x4c, 0xc5, 0x4c, 0xc5, 0x4c,
  0xc5, 0x4c, 0xa5, 0x4c, 0xc5, 0x4c, 0xa5, 0x4c, 0xc5, 0x4c, 0xc5, 0x4c, 0xc5, 0x4c, 0x24, 0x3b, 0xa7, 0x39, 0xa7, 0x39, 0xa7, 0x39, 0xa7, 0x39,
  0xa7, 0x39, 0xa7, 0x39, 0xa7, 0x39, 0xa7, 0x39, 0xa7, 0x39, 0xa7, 0x39, 0xa7, 0x39, 0xa7, 0x39, 0xa7, 0x39, 0xa7, 0x39, 0xa7, 0x39, 0xa7, 0x39,
  0xa7, 0x39, 0xa7, 0x39, 0xa7, 0x39, 0xa7, 0x39, 0xa7, 0x39, 0xa7, 0x39, 0xa7, 0x39, 0xa7, 0x39, 0xa7, 0x39, 0xa7, 0x39, 0xa7, 0x39, 0xa7, 0x39,
  0xa7, 0x39, 0xa7, 0x39, 0xa7, 0x39, 0xa7, 0x39, 0xa7, 0x39, 0xa7, 0x39, 0xa7, 0x39, 0xa7, 0x39, 0xa7, 0x39, 0xa7, 0x39, 0xa7, 0x39, 0xa8, 0x39,
  0xa7, 0x39, 0xa8, 0x39, 0xa7, 0x39, 0xa7, 0x39, 0xa7, 0x39, 0xa7, 0x39, 0xa7, 0x39, 0xa7, 0x39, 0xa7, 0x39, 0xa7, 0x39, 0xa7, 0x39, 0xa7, 0x39,
  0xe6, 0x41, 0xe6, 0x41, 0xc6, 0x41, 0xe6, 0x41, 0xc6, 0x41, 0xe6, 0x41, 0xc6, 0x41, 0xe6, 0x41, 0xe6, 0x41, 0xc6, 0x49, 0xe6, 0x49, 0xe6, 0x41,
  0xc6, 0x49, 0xe6, 0x41, 0xe6, 0x41, 0xc6, 0x41, 0xc6, 0x49, 0xc6, 0x49, 0xc6, 0x49, 0xc6, 0x49, 0xe6, 0x41, 0xe6, 0x49, 0xe6, 0x49, 0xe6, 0x49,
  0xc6, 0x49, 0xc6, 0x49, 0xe6, 0x49, 0xc6, 0x49, 0xe6, 0x49, 0xe6, 0x49, 0xe6, 0x41, 0xe6, 0x49, 0xe6, 0x49, 0xe6, 0x49, 0xe6, 0x49, 0xe6, 0x49,
  0xe6, 0x49, 0xc6, 0x49, 0xe6, 0x41, 0xe6, 0x41, 0xc6, 0x49, 0xe6, 0x49, 0xe6, 0x49, 0xe6, 0x49, 0xe6, 0x49, 0xe6, 0x49, 0xe6, 0x41, 0xe6, 0x49,
  0xe6, 0x49, 0xe6, 0x49, 0xe6, 0x49, 0xe6, 0x49, 0xc6, 0x49, 0xc6, 0x49, 0xe6, 0x49, 0xe6, 0x49, 0x06, 0x4a, 0x24, 0x4c, 0xa5, 0x4c, 0xa5, 0x4c,
  0xa5, 0x4c, 0xa5, 0x4c, 0xa5, 0x4c, 0xa5, 0x4c, 0xa5, 0x4c, 0xa5, 0x4c, 0xa5, 0x4c, 0xa5, 0x4c, 0xc5, 0x4c, 0xa5, 0x4c, 0xa5, 0x4c, 0xa5, 0x4c,
  0xa5, 0x4c, 0xa5, 0x4c, 0xa5, 0x4c, 0xa5, 0x4c, 0xa5, 0x4c, 0xa5, 0x4c, 0xa5, 0x4c, 0xa5, 0x4c, 0xa5, 0x4c, 0xa5, 0x4c, 0xa5, 0x4c, 0xc5, 0x4c,
  0xa5, 0x4c, 0xa5, 0x4c, 0xa5, 0x4c, 0xa5, 0x4c, 0xa5, 0x4c, 0xa5, 0x4c, 0xa5, 0x4c, 0xa5, 0x4c, 0xa5, 0x4c, 0xa5, 0x4c, 0xa5, 0x4c, 0xa5, 0x4c,
  0xa5, 0x4c, 0xa5, 0x4c, 0xa5, 0x4c, 0xa5, 0x4c, 0xa5, 0x4c, 0xa5, 0x4c, 0xa5, 0x4c, 0xa5, 0x4c, 0xa5, 0x4c, 0xa5, 0x4c, 0xa5, 0x4c, 0xa5, 0x4c,
  0xa5, 0x4c, 0xa5, 0x4c, 0xa5, 0x4c, 0xa5, 0x4c, 0xa5, 0x4c, 0xa5, 0x4c, 0xa5, 0x4c, 0xa5, 0x4c, 0xa5, 0x4c, 0xa5, 0x4c, 0xa5, 0x4c, 0xa5, 0x4c,
  0xa5, 0x4c, 0xa5, 0x4c, 0xa5, 0x4c, 0xa5, 0x4c, 0xa5, 0x4c, 0xa5, 0x4c, 0xa5, 0x4c, 0xa5, 0x4c, 0xa5, 0x4c, 0xa5, 0x4c, 0xa5, 0x4c, 0xa5, 0x4c,
  0xa5, 0x4c, 0xa5, 0x4c, 0xa5, 0x4c, 0xa5, 0x4c, 0xa5, 0x4c, 0xa5, 0x4c, 0xa5, 0x4c, 0xa5, 0x4c, 0xa5, 0x4c, 0xa5, 0x4c, 0xa5, 0x4c, 0xa5, 0x4c,
  0xa5, 0x4c, 0xa5, 0x4c, 0xa5, 0x4c, 0xa5, 0x4c, 0xa5, 0x4c, 0xa5, 0x4c, 0xa5, 0x4c, 0xa5, 0x4c, 0xa5, 0x4c, 0xa5, 0x4c, 0xa5, 0x4c, 0xa5, 0x4c,
  0xa5, 0x4c, 0xa5, 0x4c, 0xa5, 0x4c, 0xa5, 0x4c, 0xa5, 0x4c, 0xa5, 0x4c, 0xa5, 0x4c, 0xa5, 0x4c, 0xa5, 0x4c, 0xa5, 0x4c, 0xa5, 0x4c, 0xa5, 0x4c,
  0xa5, 0x4c, 0xa5, 0x4c, 0xa5, 0x4c, 0xa5, 0x4c, 0xa5, 0x4c, 0xa5, 0x4c, 0xa5, 0x4c, 0xa5, 0x4c, 0xa5, 0x4c, 0xa5, 0x4c, 0xa5, 0x4c, 0xa5, 0x4c,
  0xa5, 0x4c, 0xa5, 0x4c, 0xa5, 0x4c, 0xa5, 0x4c, 0xa5, 0x4c, 0xa5, 0x4c, 0xa5, 0x4c, 0xa5, 0x4c, 0xa5, 0x4c, 0xa5, 0x4c, 0xa5, 0x4c, 0xa5, 0x4c,
  0xa5, 0x4c, 0xa5, 0x4c, 0xa5, 0x4c, 0xa5, 0x4c, 0xa5, 0x4c, 0xa5, 0x4c, 0xa5, 0x4c, 0xa5, 0x4c, 0xa5, 0x4c, 0xa5, 0x4c, 0xa5, 0x4c, 0xa5, 0x4c,
  0xa5, 0x4c, 0xa5, 0x4c, 0xa5, 0x4c, 0xa5, 0x4c, 0xa5, 0x4c, 0xa5, 0x4c, 0xa5, 0x4c, 0xa5, 0x4c, 0xa5, 0x4c, 0xa5, 0x4c, 0xa5, 0x4c, 0xa5, 0x4c,
  0xa5, 0x4c, 0xa5, 0x4c, 0xa5, 0x4c, 0xc5, 0x4c, 0xa5, 0x4c, 0xc5, 0x4c, 0x24, 0x44, 0xc7, 0x39, 0xa7, 0x39, 0xa7, 0x39, 0xa7, 0x39, 0xa7, 0x39,
  0xa7, 0x39, 0xa7, 0x39, 0xa7, 0x39, 0xa7, 0x39, 0xa7, 0x39, 0xa7, 0x39, 0xa7, 0x39, 0xa7, 0x39, 0xa7, 0x39, 0xa7, 0x39, 0xa7, 0x39, 0xa7, 0x39,
  0xa7, 0x39, 0xa7, 0x39, 0xa7, 0x39, 0xa7, 0x39, 0xa7, 0x39, 0xa7, 0x39, 0xa7, 0x39, 0xa7, 0x39, 0xa7, 0x39, 0xa7, 0x39, 0xa7, 0x39, 0xc7, 0x39,
  0xa7, 0x39, 0xa7, 0x39, 0xa7, 0x39, 0xa7, 0x39, 0xa7, 0x39, 0xa7, 0x39, 0xa7, 0x39, 0xa7, 0x39, 0xa7, 0x39, 0xa7, 0x39, 0xa7, 0x39, 0xa7, 0x39,
  0xa7, 0x39, 0xa7, 0x39, 0xa7, 0x39, 0xa7, 0x39, 0xa8, 0x39, 0xa7, 0x39, 0xa8, 0x39, 0xa8, 0x39, 0xa7, 0x39, 0xa8, 0x39, 0xa7, 0x39, 0xa7, 0x39,
  0xc6, 0x49, 0xc6, 0x49, 0xc6, 0x41, 0xc6, 0x49, 0xc6, 0x49, 0xc6, 0x41, 0xc6, 0x41, 0xc6, 0x49, 0xc6, 0x41, 0xe6, 0x41, 0xe6, 0x41, 0xe6, 0x41,
  0xe6, 0x41, 0xc6, 0x49, 0xe6, 0x41, 0xc6, 0x49, 0xe6, 0x41, 0xe6, 0x41, 0xe6, 0x49, 0xe6, 0x41, 0xe6, 0x49, 0xe6, 0x49, 0xe6, 0x49, 0xe6, 0x49,
  0xe6, 0x49, 0xe6, 0x49, 0xe6, 0x49, 0xe6, 0x49, 0xe6, 0x49, 0xe6, 0x49, 0xe6, 0x49, 0xe6, 0x49, 0xe6, 0x41, 0xe6, 0x49, 0xe6, 0x49, 0xe6, 0x49,
  0xe6, 0x49, 0xe6, 0x41, 0xe6, 0x49, 0xc6, 0x49, 0xe6, 0x49, 0xe6, 0x49, 0xe6, 0x49, 0xe6, 0x49, 0xe6, 0x49, 0xe6, 0x49, 0xe6, 0x49, 0xe6, 0x49,
  0xe6, 0x49, 0xe6, 0x49, 0xe6, 0x49, 0xc6, 0x49, 0xe6, 0x49, 0xe6, 0x49, 0xe6, 0x49, 0xe6, 0x49, 0xc6, 0x49, 0x46, 0x42, 0x85, 0x4c, 0xa5, 0x4c,
  0xa5, 0x4c, 0xa5, 0x4c, 0xa5, 0x4c, 0xa5, 0x4c, 0xa5, 0x4c, 0xa5, 0x4c, 0xa5, 0x4c, 0xa5, 0x4c, 0xa5, 0x4c, 0xa5, 0x4c, 0xa5, 0x4c, 0xa5, 0x4c,
  0xa5, 0x4c, 0xa5, 0x4c, 0xa5, 0x4c, 0xa5, 0x4c, 0xa4, 0x4c, 0xa5, 0x4c, 0xa5, 0x4c, 0xa5, 0x4c, 0xa5, 0x4c, 0xa5, 0x4c, 0xa5, 0x4c, 0xa5, 0x4c,
  0xa5, 0x4c, 0xa5, 0x4c, 0xa5, 0x4c, 0xa5, 0x4c, 0xa5, 0x4c, 0xa5, 0x4c, 0xa5, 0x4c, 0xa5, 0x4c, 0xa5, 0x4c, 0xa5, 0x4c, 0xa5, 0x4c, 0xa5, 0x4c,
  0xa5, 0x4c, 0xa5, 0x4c, 0xa5, 0x4c, 0xa5, 0x4c, 0xa5, 0x4c, 0xa5, 0x4c, 0xa5, 0x4c, 0xa5, 0x4c, 0xa5, 0x4c, 0xa5, 0x4c, 0xa5, 0x4c, 0xa5, 0x4c,
  0xa5, 0x4c, 0xa5, 0x4c, 0xa5, 0x4c, 0xa5, 0x4c, 0xa5, 0x4c, 0xa5, 0x4c, 0xa5, 0x4c, 0xa5, 0x4c, 0xa5, 0x4c, 0xa5, 0x4c, 0xa5, 0x4c, 0xa5, 0x4c,
  0xa5, 0x4c, 0xa5, 0x4c, 0xa5, 0x4c, 0xa5, 0x4c, 0xa5, 0x4c, 0xa5, 0x4c, 0xa5, 0x4c, 0xa5, 0x4c, 0xa5, 0x4c, 0xa5, 0x4c, 0xa5, 0x4c, 0xa5, 0x4c,
  0xa5, 0x4c, 0xa5, 0x4c, 0xa5, 0x4c, 0xa5, 0x4c, 0xa5, 0x4c, 0xa5, 0x4c, 0xa5, 0x4c, 0xa5, 0x4c, 0xa5, 0x4c, 0xa5, 0x4c, 0xa5, 0x4c, 0xa5, 0x4c,
  0xa5, 0x4c, 0xa5, 0x4c, 0xa5, 0x4c, 0xa5, 0x4c, 0xa5, 0x4c, 0xa5, 0x4c, 0xa5, 0x4c, 0xa5, 0x4c, 0xa5, 0x4c, 0xa5, 0x4c, 0xa5, 0x4c, 0xa5, 0x4c,
  0xa5, 0x4c, 0xa5, 0x4c, 0xa5, 0x4c, 0xa5, 0x4c, 0xa5, 0x4c, 0xa5, 0x4c, 0xa5, 0x4c, 0xa5, 0x4c, 0xa5, 0x4c, 0xa5, 0x4c, 0xa5, 0x4c, 0xa5, 0x4c,
  0xa5, 0x4c, 0xa5, 0x4c, 0xa5, 0x4c, 0xa5, 0x4c, 0xa5, 0x4c, 0xa5, 0x4c, 0xa5, 0x4c, 0xa5, 0x4c, 0xa5, 0x4c, 0xa5, 0x4c, 0xa5, 0x4c, 0xa5, 0x4c,
  0xa5, 0x4c, 0xa5, 0x4c, 0xa5, 0x4c, 0xa5, 0x4c, 0xa5, 0x4c, 0xa5, 0x4c, 0xa5, 0x4c, 0xa4, 0x4c, 0xa5, 0x4c, 0xa5, 0x4c, 0xa5, 0x4c, 0xa5, 0x4c,
  0xa5, 0x4c, 0xa5, 0x4c, 0xa5, 0x4c, 0xa5, 0x4c, 0xa5, 0x4c, 0xa5, 0x4c, 0xa5, 0x4c, 0xa5, 0x4c, 0xa5, 0x4c, 0xa5, 0x4c, 0xa5, 0x4c, 0xa5, 0x4c,
  0xa5, 0x4c, 0xa5, 0x4c, 0xa5, 0x4c, 0xa5, 0x4c, 0xa5, 0x4c, 0xa5, 0x4c, 0xa5, 0x4c, 0xa5, 0x4c, 0xa5, 0x4c, 0xa5, 0x4c, 0xa5, 0x4c, 0xa5, 0x4c,
  0xa5, 0x4c, 0xa5, 0x4c, 0xa5, 0x4c, 0xa5, 0x4c, 0xa5, 0x4c, 0x85, 0x4c, 0x06, 0x3a, 0xa6, 0x39, 0xa7, 0x39, 0xa7, 0x39, 0xa7, 0x39, 0xa7, 0x39,
  0xa7, 0x39, 0xa7, 0x39, 0xa7, 0x39, 0xa7, 0x39, 0xa7, 0x39, 0xa7, 0x39, 0xa7, 0x39, 0xa7, 0x39, 0xa7, 0x39, 0xa7, 0x39, 0xa7, 0x39, 0xa7, 0x39,
  0xa7, 0x39, 0xa7, 0x39, 0xa7, 0x39, 0xa7, 0x39, 0xa7, 0x39, 0xa7, 0x39, 0xa7, 0x39, 0xa7, 0x39, 0xa7, 0x39, 0xa7, 0x39, 0xa7, 0x39, 0xa7, 0x39,
  0xa7, 0x39, 0xa7, 0x39, 0xa7, 0x39, 0xa7, 0x39, 0xa7, 0x39, 0xa7, 0x39, 0xa7, 0x39, 0xa7, 0x39, 0xa7, 0x39, 0xa7, 0x31, 0xa7, 0x39, 0xa7, 0x39,
  0xa7, 0x39, 0xa7, 0x39, 0xa7, 0x39, 0xa7, 0x39, 0xa7, 0x39, 0xa7, 0x39, 0xa7, 0x39, 0xa7, 0x39, 0xa7, 0x39, 0xa7, 0x39, 0xa7, 0x39, 0xa7, 0x39,
  0xc6, 0x49, 0xc6, 0x41, 0xc6, 0x41, 0xc6, 0x49, 0xc6, 0x41, 0xe6, 0x41, 0xc6, 0x49, 0xe6, 0x41, 0xe6, 0x41, 0xc6, 0x49, 0xc6, 0x49, 0xc6, 0x41,
  0xc6, 0x49, 0xe6, 0x41, 0xc6, 0x41, 0xe6, 0x41, 0xc6, 0x41, 0xc6, 0x49, 0xc6, 0x41, 0xc6, 0x49, 0xe6, 0x41, 0xe6, 0x41, 0xc6, 0x49, 0xc6, 0x49,
  0xc6, 0x49, 0xe6, 0x41, 0xe6, 0x49, 0xc6, 0x49, 0xc6, 0x49, 0xe6, 0x49, 0xc6, 0x49, 0xe6, 0x49, 0xc6, 0x49, 0xe6, 0x49, 0xe6, 0x49, 0xe6, 0x49,
  0xe6, 0x49, 0xe6, 0x49, 0xe6, 0x49, 0xe6, 0x41, 0xc6, 0x49, 0xe6, 0x49, 0xe6, 0x49, 0xc6, 0x49, 0xe6, 0x49, 0xe6, 0x49, 0xc6, 0x49, 0xc6, 0x49,
  0xe6, 0x49, 0xe6, 0x49, 0xc6, 0x41, 0xe6, 0x49, 0xc6, 0x49, 0xc6, 0x49, 0xc6, 0x41, 0xe6, 0x49, 0xc6, 0x49, 0xe6, 0x49, 0xe4, 0x42, 0xa5, 0x4c,
  0xa5, 0x4c, 0xa5, 0x4c, 0xa5, 0x4c, 0xa5, 0x4c, 0xa5, 0x4c, 0xa5, 0x4c, 0xa5, 0x4c, 0xa5, 0x4c, 0xa5, 0x4c, 0xa5, 0x4c, 0xa5, 0x4c, 0xa5, 0x4c,
  0xa5, 0x4c, 0xa5, 0x4c, 0xa5, 0x4c, 0xa5, 0x4c, 0xa5, 0x4c, 0xa5, 0x4c, 0xa5, 0x4c, 0xa5, 0x4c, 0xa5, 0x4c, 0xa5, 0x4c, 0xa5, 0x4c, 0xa5, 0x4c,
  0xa5, 0x4c, 0xa5, 0x4c, 0xa5, 0x4c, 0xa5, 0x4c, 0xa5, 0x4c, 0xa5, 0x4c, 0xa5, 0x4c, 0xa5, 0x4c, 0xa5, 0x4c, 0xa5, 0x4c, 0xa5, 0x4c, 0xa5, 0x4c,
  0xa5, 0x4c, 0xa5, 0x4c, 0xa5, 0x4c, 0xa5, 0x4c, 0xa5, 0x4c, 0xa5, 0x4c, 0xa5, 0x4c, 0xa5, 0x4c, 0xa5, 0x4c, 0xa5, 0x4c, 0xa5, 0x4c, 0xa5, 0x4c,
  0xa5, 0x4c, 0xa5, 0x4c, 0xa5, 0x4c, 0xa5, 0x4c, 0xa5, 0x4c, 0xa5, 0x4c, 0xa5, 0x4c, 0xa5, 0x4c, 0xa5, 0x4c, 0xa5, 0x4c, 0xa5, 0x4c, 0xa5, 0x4c,
  0xa5, 0x4c, 0xa5, 0x4c, 0xa5, 0x4c, 0xa5, 0x4c, 0xa5, 0x4c, 0xa5, 0x4c, 0xa5, 0x4c, 0xa5, 0x4c, 0xa5, 0x4c, 0xa5, 0x4c, 0xa5, 0x4c, 0xa5, 0x4c,
  0xa5, 0x4c, 0xa5, 0x4c, 0xa5, 0x4c, 0xa5, 0x4c, 0xa5, 0x4c, 0xa5, 0x4c, 0xa5, 0x4c, 0xa5, 0x4c, 0xa5, 0x4c, 0xa5, 0x4c, 0xa5, 0x4c, 0xa5, 0x4c,
  0xa5, 0x4c, 0xa5, 0x4c, 0xa5, 0x4c, 0xa5, 0x4c, 0xa5, 0x4c, 0xa5, 0x4c, 0xa5, 0x4c, 0xa5, 0x4c, 0xa5, 0x4c, 0xa5, 0x4c, 0xa5, 0x4c, 0xa5, 0x4c,
  0xa5, 0x4c, 0xa5, 0x4c, 0xa5, 0x4c, 0xa5, 0x4c, 0xa5, 0x4c, 0xa5, 0x4c, 0xa5, 0x4c, 0xa5, 0x4c, 0xa5, 0x4c, 0xa5, 0x4c, 0xa5, 0x4c, 0xa5, 0x4c,
  0xa5, 0x4c, 0xa5, 0x4c, 0xa5, 0x4c, 0xa5, 0x4c, 0xa5, 0x4c, 0xa5, 0x4c, 0xa5, 0x4c, 0xa5, 0x4c, 0xa5, 0x4c, 0xa5, 0x4c, 0xa5, 0x4c, 0xa5, 0x4c,
  0xa5, 0x4c, 0xa5, 0x4c, 0xa5, 0x4c, 0xa5, 0x4c, 0xa5, 0x4c, 0xa5, 0x4c, 0xa5, 0x4c, 0xa5, 0x4c, 0xa5, 0x4c, 0xa5, 0x4c, 0xa5, 0x4c, 0xa5, 0x4c,
  0xa5, 0x4c, 0xa5, 0x4c, 0xa5, 0x4c, 0xa5, 0x4c, 0xa5, 0x4c, 0xa5, 0x4c, 0xa5, 0x4c, 0xa5, 0x4c, 0xa5, 0x4c, 0xa5, 0x4c, 0xa5, 0x4c, 0xa5, 0x4c,
  0xa5, 0x4c, 0xa5, 0x4c, 0xa5, 0x4c, 0xa5, 0x4c, 0xa5, 0x4c, 0xa5, 0x4c, 0xa5, 0x4c, 0xa5, 0x4c, 0xa5, 0x4c, 0xa5, 0x4c, 0xa5, 0x4c, 0xa5, 0x4c,
  0xa5, 0x4c, 0xa5, 0x4c, 0xa5, 0x4c, 0xa5, 0x4c, 0xa5, 0x4c, 0xe5, 0x3a, 0xa7, 0x39, 0xa7, 0x39, 0xa7, 0x39, 0xa7, 0x39, 0xa7, 0x39, 0xa7, 0x39,
  0xa7, 0x39, 0xa7, 0x39, 0xa6, 0x39, 0xa7, 0x39, 0xa7, 0x39, 0xa7, 0x39, 0xa6, 0x39, 0xa7, 0x39, 0xa7, 0x39, 0xa7, 0x39, 0xa7, 0x39, 0xa7, 0x39,
  0xa7, 0x39, 0xa7, 0x39, 0xa7, 0x39, 0xa7, 0x39, 0xa7, 0x39, 0x87, 0x39, 0xa7, 0x39, 0xa7, 0x39, 0xa7, 0x39, 0xa7, 0x39, 0xa7, 0x39, 0xa7, 0x39,
  0xa7, 0x39, 0xa7, 0x39, 0xa7, 0x39, 0xa7, 0x39, 0xa7, 0x39, 0xa7, 0x39, 0xa7, 0x39, 0xa7, 0x39, 0xa7, 0x39, 0xa7, 0x39, 0xa7, 0x39, 0xa7, 0x39,
  0xa7, 0x39, 0xa7, 0x39, 0xa7, 0x39, 0xa7, 0x39, 0xa8, 0x39, 0xa7, 0x39, 0xa7, 0x39, 0xa7, 0x39, 0xa7, 0x39, 0xa7, 0x39, 0xa7, 0x39, 0xa7, 0x39,
  0xc6, 0x41, 0xc6, 0x41, 0xc6, 0x41, 0xc6, 0x41, 0xc6, 0x49, 0xc6, 0x49, 0xc6, 0x49, 0xc6, 0x49, 0xc6, 0x49, 0xc6, 0x49, 0xc6, 0x49, 0xc6, 0x49,
  0xc6, 0x49, 0xc6, 0x49, 0xc6, 0x49, 0xc6, 0x49, 0xc6, 0x49, 0xc6, 0x49, 0xe6, 0x41, 0xe6, 0x41, 0xc6, 0x49, 0xe6, 0x41, 0xe6, 0x49, 0xe6, 0x41,
  0xc6, 0x49, 0xc6, 0x49, 0xe6, 0x49, 0xe6, 0x49, 0xc6, 0x49, 0xc6, 0x49, 0xe6, 0x41, 0xe6, 0x49, 0xc6, 0x49, 0xc6, 0x49, 0xc6, 0x49, 0xc6, 0x49,
  0xe6, 0x49, 0xc6, 0x49, 0xe6, 0x49, 0xe6, 0x49, 0xe6, 0x49, 0xc6, 0x49, 0xc6, 0x49, 0xe6, 0x49, 0xc6, 0x49, 0xe6, 0x49, 0xc6, 0x49, 0xc6, 0x49,
  0xc6, 0x49, 0xe6, 0x49, 0xe6, 0x49, 0xc6, 0x41, 0xe6, 0x49, 0xe6, 0x49, 0xc6, 0x49, 0xe6, 0x49, 0xc6, 0x49, 0xc6, 0x49, 0xc6, 0x41, 0x84, 0x43,
  0xa5, 0x4c, 0xa4, 0x4c, 0xa5, 0x4c, 0xa5, 0x4c, 0xa5, 0x4c, 0xa5, 0x4c, 0xa5, 0x4c, 0xa5, 0x4c, 0xa5, 0x4c, 0xa5, 0x4c, 0xa5, 0x4c, 0xa5, 0x4c,
  0xa5, 0x4c, 0xa5, 0x4c, 0xa5, 0x4c, 0xa5, 0x4c, 0xa5, 0x4c, 0xa5, 0x4c, 0xa5, 0x4c, 0xa5, 0x4c, 0xa5, 0x4c, 0xa5, 0x4c, 0xa5, 0x4c, 0xa5, 0x4c,
  0xa5, 0x4c, 0xa5, 0x4c, 0xa5, 0x4c, 0xa5, 0x4c, 0xa5, 0x4c, 0xa5, 0x4c, 0xa5, 0x4c, 0xa5, 0x4c, 0xa5, 0x4c, 0xa5, 0x4c, 0xa5, 0x4c, 0xa5, 0x4c,
  0xa5, 0x4c, 0xa5, 0x4c, 0xa5, 0x4c, 0xa5, 0x4c, 0xa5, 0x4c, 0xa5, 0x4c, 0xa5, 0x4c, 0xa5, 0x4c, 0xa5, 0x4c, 0xa5, 0x4c, 0xa5, 0x4c, 0xa5, 0x4c,
  0xa5, 0x4c, 0xa5, 0x4c, 0xa5, 0x4c, 0xa5, 0x4c, 0xa5, 0x4c, 0xa5, 0x4c, 0xa5, 0x4c, 0xa5, 0x4c, 0xa5, 0x4c, 0xa5, 0x4c, 0xa5, 0x4c, 0xa5, 0x4c,
  0xa5, 0x4c, 0xa5, 0x4c, 0xa5, 0x4c, 0xa5, 0x4c, 0xa5, 0x4c, 0xa5, 0x4c, 0xa5, 0x4c, 0xa5, 0x4c, 0xa5, 0x4c, 0xa5, 0x4c, 0xa5, 0x4c, 0xa5, 0x4c,
  0xa5, 0x4c, 0xa5, 0x4c, 0xa5, 0x4c, 0xa5, 0x4c, 0xa5, 0x4c, 0xa5, 0x4c, 0xa5, 0x4c, 0xa5, 0x4c, 0xa5, 0x4c, 0xa5, 0x4c, 0xa5, 0x4c, 0xa5, 0x4c,
  0xa5, 0x4c, 0xa5, 0x4c, 0xa5, 0x4c, 0xa5, 0x4c, 0xa5, 0x4c, 0xa5, 0x4c, 0xa5, 0x4c, 0xa5, 0x4c, 0xa5, 0x4c, 0xa5, 0x4c, 0xa5, 0x4c, 0xa5, 0x4c,
  0xa5, 0x4c, 0xa5, 0x4c, 0xa5, 0x4c, 0xa5, 0x4c, 0xa5, 0x4c, 0xa5, 0x4c, 0xa5, 0x4c, 0xa5, 0x4c, 0xa5, 0x4c, 0xa5, 0x4c, 0xa5, 0x4c, 0xa5, 0x4c,
  0xa5, 0x4c, 0xa5, 0x4c, 0xa5, 0x4c, 0xa5, 0x4c, 0xa5, 0x4c, 0xa5, 0x4c, 0xa5, 0x4c, 0xa5, 0x4c, 0xa5, 0x4c, 0xa5, 0x4c, 0xa5, 0x4c, 0xa5, 0x4c,
  0xa5, 0x4c, 0xa5, 0x4c, 0xa5, 0x4c, 0xa5, 0x4c, 0xa5, 0x4c, 0xa5, 0x4c, 0xa5, 0x4c, 0xa5, 0x4c, 0xa5, 0x4c, 0xa5, 0x4c, 0xa5, 0x4c, 0xa5, 0x4c,
  0xa5, 0x4c, 0xa5, 0x4c, 0xa5, 0x4c, 0xa5, 0x4c, 0xa5, 0x4c, 0xa5, 0x4c, 0xa5, 0x4c, 0xa5, 0x4c, 0xa5, 0x4c, 0xa5, 0x4c, 0xa5, 0x4c, 0xa5, 0x4c,
  0xa5, 0x4c, 0xa5, 0x4c, 0xa5, 0x4c, 0xa5, 0x4c, 0xa5, 0x4c, 0xa5, 0x4c, 0xa5, 0x4c, 0xa5, 0x4c, 0xa5, 0x4c, 0xa5, 0x4c, 0xa5, 0x4c, 0xa5, 0x4c,
  0xa5, 0x4c, 0xa5, 0x4c, 0xa5, 0x4c, 0xa5, 0x4c, 0x64, 0x3b, 0xa7, 0x39, 0xa7, 0x39, 0xa7, 0x39, 0xa7, 0x39, 0x87, 0x39, 0xa7, 0x39, 0xa7, 0x39,
  0xa7, 0x39, 0xa7, 0x39, 0xa7, 0x39, 0xa7, 0x39, 0xa7, 0x39, 0xa7, 0x39, 0xa7, 0x39, 0xa7, 0x39, 0xa7, 0x39, 0xa7, 0x39, 0xa7, 0x39, 0xa7, 0x39,
  0xa7, 0x39, 0xa7, 0x39, 0xa7, 0x39, 0xa7, 0x39, 0xa7, 0x39, 0xa7, 0x39, 0xa7, 0x39, 0xa7, 0x39, 0xa7, 0x39, 0xa7, 0x39, 0xa7, 0x39, 0xa7, 0x39,
  0xa7, 0x39, 0xa7, 0x39, 0xa7, 0x39, 0xa7, 0x39, 0xa7, 0x39, 0xa7, 0x39, 0xa7, 0x39, 0xa7, 0x39, 0xa7, 0x39, 0xa7, 0x31, 0xa7, 0x39, 0xa7, 0x39,
  0xa7, 0x39, 0xa7, 0x39, 0xa7, 0x39, 0xa8, 0x39, 0xa7, 0x39, 0xa7, 0x39, 0xa7, 0x39, 0xa7, 0x39, 0xa7, 0x39, 0xa7, 0x39, 0xa7, 0x39, 0xa7, 0x39,
  0xc6, 0x41, 0xc6, 0x41, 0xe6, 0x41, 0xc6, 0x41, 0xc6, 0x41, 0xc6, 0x41, 0xc6, 0x49, 0xc6, 0x41, 0xc6, 0x49, 0xc6, 0x49, 0xc6, 0x49, 0xc6, 0x49,
  0xc6, 0x49, 0xc6, 0x41, 0xc6, 0x49, 0xc6, 0x49, 0xc6, 0x49, 0xc6, 0x49, 0xc6, 0x49, 0xe6, 0x41, 0xc6, 0x49, 0xc6, 0x49, 0xc6, 0x49, 0xc6, 0x49,
  0xc6, 0x49, 0xc6, 0x41, 0xc6, 0x49, 0xc6, 0x41, 0xc6, 0x49, 0xe6, 0x49, 0xc6, 0x49, 0xe6, 0x41, 0xc6, 0x49, 0xc6, 0x49, 0xe6, 0x49, 0xc6, 0x49,
  0xc6, 0x49, 0xc6, 0x49, 0xc6, 0x49, 0xc6, 0x49, 0xc6, 0x41, 0xe6, 0x41, 0xc6, 0x49, 0xc6, 0x49, 0xc6, 0x49, 0xe6, 0x49, 0xc6, 0x49, 0xc6, 0x49,
  0xe6, 0x49, 0xc6, 0x49, 0xe6, 0x49, 0xe6, 0x49, 0xc6, 0x49, 0xc6, 0x49, 0xc6, 0x49, 0xc6, 0x49, 0xe6, 0x41, 0xc6, 0x49, 0xc6, 0x49, 0xe6, 0x41,
  0xc4, 0x43, 0xa5, 0x4c, 0xa5, 0x4c, 0xa5, 0x4c, 0xa5, 0x4c, 0xa5, 0x4c, 0xa5, 0x4c, 0xa5, 0x4c, 0xa4, 0x4c, 0xa5, 0x4c, 0xa5, 0x4c, 0xa5, 0x4c,
  0xa5, 0x4c, 0xa5, 0x4c, 0xa5, 0x4c, 0xa5, 0x4c, 0x85, 0x4c, 0xa5, 0x4c, 0xa5, 0x4c, 0xa5, 0x4c, 0xa5, 0x4c, 0xa5, 0x4c, 0xa5, 0x4c, 0xa4, 0x4c,
  0xa5, 0x4c, 0xa5, 0x4c, 0xa5, 0x4c, 0xa5, 0x4c, 0xa5, 0x4c, 0xa5, 0x4c, 0xa5, 0x4c, 0xa5, 0x4c, 0xa5, 0x4c, 0xa5, 0x4c, 0xa5, 0x4c, 0xa5, 0x4c,
  0xa5, 0x4c, 0xa5, 0x4c, 0xa5, 0x4c, 0xa5, 0x4c, 0xa5, 0x4c, 0xa5, 0x4c, 0xa5, 0x4c, 0xa5, 0x4c, 0xa5, 0x4c, 0xa5, 0x4c, 0xa5, 0x4c, 0xa5, 0x4c,
  0xa5, 0x4c, 0xa5, 0x4c, 0xa5, 0x4c, 0xa5, 0x4c, 0xa5, 0x4c, 0xa5, 0x4c, 0xa5, 0x4c, 0xa4, 0x4c, 0xa5, 0x4c, 0xa5, 0x4c, 0xa5, 0x4c, 0xa5, 0x4c,
  0xa5, 0x4c, 0xa5, 0x4c, 0xa5, 0x4c, 0x84, 0x44, 0xa5, 0x4c, 0xa5, 0x4c, 0xa5, 0x4c, 0xa5, 0x4c, 0xa5, 0x4c, 0xa5, 0x4c, 0xa5, 0x4c, 0xa5, 0x4c,
  0xa5, 0x4c, 0xa5, 0x4c, 0xa5, 0x4c, 0xa5, 0x4c, 0xa5, 0x4c, 0xa5, 0x4c, 0xa5, 0x4c, 0xa5, 0x4c, 0xa5, 0x4c, 0xa5, 0x4c, 0xa5, 0x4c, 0xa5, 0x4c,
  0xa5, 0x4c, 0xa5, 0x4c, 0xa5, 0x4c, 0xa5, 0x4c, 0xa5, 0x4c, 0xa5, 0x4c, 0xa5, 0x4c, 0xa5, 0x4c, 0xa5, 0x4c, 0xa5, 0x4c, 0xa5, 0x4c, 0xa5, 0x4c,
  0xa5, 0x4c, 0xa5, 0x4c, 0xa5, 0x4c, 0xa5, 0x4c, 0xa5, 0x4c, 0xa5, 0x4c, 0xa5, 0x4c, 0xa5, 0x4c, 0xa5, 0x4c, 0xa5, 0x4c, 0xa5, 0x4c, 0xa5, 0x4c,
  0xa5, 0x4c, 0xa5, 0x4c, 0xa5, 0x4c, 0xa5, 0x4c, 0xa5, 0x4c, 0xa5, 0x4c, 0xa5, 0x4c, 0xa5, 0x4c, 0xa5, 0x4c, 0xa5, 0x4c, 0xa5, 0x4c, 0xa5, 0x4c,
  0xa5, 0x4c, 0xa5, 0x4c, 0xa5, 0x4c, 0xa5, 0x4c, 0xa5, 0x4c, 0xa5, 0x4c, 0xa5, 0x4c, 0x85, 0x4c, 0xa5, 0x4c, 0xa5, 0x4c, 0xa5, 0x4c, 0xa5, 0x4c,
  0xa5, 0x4c, 0xa5, 0x4c, 0xa5, 0x4c, 0xa5, 0x4c, 0xa5, 0x4c, 0xa5, 0x4c, 0xa5, 0x4c, 0xa5, 0x4c, 0xa5, 0x4c, 0xa5, 0x4c, 0xa5, 0x4c, 0xa5, 0x4c,
  0xa5, 0x4c, 0xa5, 0x4c, 0xa5, 0x4c, 0xa5, 0x4c, 0xa5, 0x4c, 0xa5, 0x4c, 0xa5, 0x4c, 0xa5, 0x4c, 0xa5, 0x4c, 0xa5, 0x4c, 0xa5, 0x4c, 0xa5, 0x4c,
  0xa5, 0x4c, 0xa5, 0x4c, 0xa5, 0x4c, 0xc4, 0x43, 0xa7, 0x39, 0xa7, 0x39, 0xa6, 0x39, 0xa7, 0x39, 0xa7, 0x39, 0xa7, 0x39, 0xa7, 0x39, 0xa7, 0x39,
  0xa7, 0x39, 0x87, 0x39, 0xa7, 0x39, 0xa7, 0x39, 0xa7, 0x39, 0x87, 0x39, 0xa7, 0x39, 0xa7, 0x39, 0xa6, 0x39, 0xa7, 0x39, 0xa7, 0x39, 0xa7, 0x39,
  0xa7, 0x39, 0xa7, 0x39, 0xa7, 0x39, 0xa7, 0x39, 0x87, 0x39, 0x87, 0x39, 0xa7, 0x39, 0xa7, 0x39, 0xa7, 0x39, 0xa7, 0x39, 0xa7, 0x39, 0xa7, 0x39,
  0xa7, 0x39, 0xa7, 0x39, 0xa7, 0x39, 0xa7, 0x39, 0xa7, 0x39, 0xa7, 0x39, 0xa7, 0x39, 0xa7, 0x39, 0xa7, 0x39, 0xa7, 0x39, 0xa7, 0x39, 0xa7, 0x39,
  0xa7, 0x39, 0xa7, 0x39, 0xa7, 0x39, 0xa7, 0x39, 0xa8, 0x39, 0xa7, 0x39, 0xa7, 0x39, 0xa7, 0x39, 0xa7, 0x39, 0xa7, 0x39, 0xa7, 0x39, 0xa7, 0x39,
  0xc6, 0x41, 0xc6, 0x41, 0xc6, 0x41, 0xc6, 0x41, 0xc6, 0x41, 0xc6, 0x41, 0xc6, 0x49, 0xc6, 0x41, 0xc6, 0x49, 0xc6, 0x49, 0xc6, 0x49, 0xc6, 0x49,
  0xc6, 0x49, 0xc6, 0x49, 0xe6, 0x41, 0xc6, 0x49, 0xc6, 0x49, 0xc6, 0x49, 0xc6, 0x49, 0xc6, 0x49, 0xc6, 0x49, 0xc6, 0x49, 0xc6, 0x49, 0xc6, 0x49,
  0xc6, 0x49, 0xc6, 0x49, 0xc6, 0x49, 0xc6, 0x49, 0xc6, 0x49, 0xc6, 0x49, 0xc6, 0x49, 0xc6, 0x49, 0xc6, 0x49, 0xc6, 0x49, 0xc6, 0x49, 0xc6, 0x49,
  0xc6, 0x49, 0xc6, 0x49, 0xc6, 0x49, 0xc6, 0x49, 0xc6, 0x49, 0xc6, 0x49, 0xc6, 0x49, 0xc6, 0x49, 0xc6, 0x49, 0xc6, 0x41, 0xc6, 0x49, 0xc6, 0x49,
  0xc6, 0x49, 0xc6, 0x49, 0xc6, 0x41, 0xc6, 0x49, 0xe6, 0x49, 0xc6, 0x49, 0xc6, 0x41, 0xc6, 0x49, 0xc6, 0x49, 0xc6, 0x49, 0xc6, 0x49, 0xc6, 0x49,
  0xe6, 0x41, 0xe4, 0x43, 0xa5, 0x4c, 0xa5, 0x4c, 0xa5, 0x4c, 0xa5, 0x4c, 0xa5, 0x4c, 0xa5, 0x4c, 0x85, 0x44, 0x85, 0x44, 0x85, 0x44, 0x85, 0x44,
  0x85, 0x44, 0x84, 0x44, 0x85, 0x44, 0x85, 0x44, 0x84, 0x44, 0x85, 0x44, 0x85, 0x44, 0x85, 0x44, 0x85, 0x44, 0x85, 0x44, 0x85, 0x44, 0x85, 0x44,
  0xa5, 0x4c, 0xa5, 0x4c, 0xa5, 0x4c, 0xa5, 0x4c, 0xa5, 0x4c, 0xa5, 0x4c, 0x85, 0x44, 0x85, 0x44, 0x85, 0x44, 0x85, 0x44, 0xa5, 0x4c, 0xa5, 0x4c,
  0xa5, 0x4c, 0xa5, 0x4c, 0xa5, 0x4c, 0xa5, 0x4c, 0xa5, 0x4c, 0xa5, 0x4c, 0xa5, 0x4c, 0xa5, 0x4c, 0x85, 0x44, 0x85, 0x44, 0x85, 0x44, 0x85, 0x44,
  0x85, 0x4c, 0xa5, 0x4c, 0xa5, 0x4c, 0xa5, 0x4c, 0x85, 0x44, 0x85, 0x44, 0x85, 0x44, 0x85, 0x44, 0x85, 0x44, 0x85, 0x44, 0x85, 0x44, 0x85, 0x44,
  0xa5, 0x4c, 0xa5, 0x4c, 0x85, 0x44, 0x85, 0x44, 0x85, 0x44, 0xa5, 0x4c, 0xa5, 0x4c, 0xa5, 0x4c, 0x85, 0x44, 0x85, 0x44, 0x85, 0x44, 0x85, 0x44,
  0x85, 0x44, 0x85, 0x44, 0x85, 0x44, 0x85, 0x44, 0x85, 0x44, 0x85, 0x44, 0x85, 0x44, 0x85, 0x44, 0x85, 0x44, 0x85, 0x44, 0x84, 0x44, 0x85, 0x44,
  0xa5, 0x4c, 0x85, 0x4c, 0x85, 0x4c, 0x85, 0x4c, 0xa5, 0x4c, 0xa5, 0x4c, 0xa5, 0x4c, 0x85, 0x4c, 0x85, 0x44, 0x85, 0x44, 0xa5, 0x4c, 0xa5, 0x4c,
  0xa5, 0x4c, 0x85, 0x44, 0x85, 0x44, 0x85, 0x44, 0x85, 0x44, 0x84, 0x44, 0x84, 0x44, 0x84, 0x44, 0x85, 0x44, 0x85, 0x44, 0x85, 0x44, 0x85, 0x44,
  0x85, 0x44, 0x85, 0x44, 0x85, 0x44, 0x85, 0x44, 0x85, 0x44, 0x85, 0x44, 0x85, 0x44, 0x85, 0x44, 0x85, 0x44, 0x85, 0x44, 0x85, 0x44, 0x85, 0x44,
  0x85, 0x44, 0x85, 0x44, 0x85, 0x44, 0x85, 0x44, 0x85, 0x44, 0x85, 0x44, 0x85, 0x44, 0x84, 0x44, 0x85, 0x44, 0x85, 0x44, 0x84, 0x44, 0x85, 0x44,
  0x85, 0x44, 0x85, 0x44, 0x85, 0x44, 0x85, 0x44, 0x85, 0x44, 0x85, 0x44, 0x85, 0x44, 0x85, 0x44, 0x85, 0x44, 0x85, 0x44, 0x85, 0x44, 0x85, 0x44,
  0x85, 0x44, 0x85, 0x4c, 0xa5, 0x4c, 0xa5, 0x4c, 0x85, 0x4c, 0x85, 0x4c, 0x85, 0x4c, 0xa5, 0x4c, 0x85, 0x4c, 0xa5, 0x4c, 0x85, 0x4c, 0xa5, 0x4c,
  0xa5, 0x4c, 0xa5, 0x4c, 0xe4, 0x43, 0xc6, 0x39, 0xa7, 0x39, 0xa7, 0x39, 0xa7, 0x39, 0xa7, 0x39, 0xa7, 0x39, 0xa7, 0x39, 0x87, 0x39, 0xa7, 0x39,
  0xa7, 0x39, 0x87, 0x39, 0xa7, 0x39, 0xa7, 0x39, 0x87, 0x39, 0xa7, 0x39, 0xa7, 0x39, 0x87, 0x39, 0xa7, 0x39, 0xa7, 0x39, 0xa7, 0x39, 0xa7, 0x39,
  0xa7, 0x39, 0x87, 0x39, 0xa7, 0x39, 0xa7, 0x39, 0xa7, 0x39, 0xa7, 0x39, 0xa7, 0x39, 0xa7, 0x39, 0xa7, 0x39, 0xa7, 0x39, 0xa7, 0x39, 0xa7, 0x39,
  0xa7, 0x39, 0xa7, 0x39, 0xa7, 0x39, 0xa7, 0x39, 0xa7, 0x39, 0xa7, 0x39, 0xa7, 0x39, 0xa7, 0x39, 0xa7, 0x39, 0xa7, 0x39, 0xa7, 0x39, 0xa7, 0x39,
  0xa7, 0x39, 0xa7, 0x39, 0xa7, 0x39, 0xa7, 0x39, 0xa7, 0x39, 0xa7, 0x39, 0xa7, 0x39, 0xa7, 0x39, 0xa7, 0x39, 0xa7, 0x39, 0xa7, 0x39, 0xa7, 0x39,
  0xc6, 0x41, 0xc6, 0x41, 0xc6, 0x41, 0xc6, 0x49, 0xc6, 0x41, 0xc6, 0x41, 0xc6, 0x41, 0xc6, 0x41, 0xc6, 0x49, 0xc6, 0x41, 0xc6, 0x49, 0xc6, 0x49,
  0xc6, 0x41, 0xc6, 0x41, 0xc6, 0x49, 0xc6, 0x41, 0xc6, 0x41, 0xc6, 0x41, 0xc6, 0x49, 0xc6, 0x41, 0xc6, 0x49, 0xc6, 0x41, 0xc6, 0x49, 0xc6, 0x49,
  0xc6, 0x41, 0xc6, 0x41, 0xc6, 0x49, 0xc6, 0x49, 0xc6, 0x49, 0xc6, 0x49, 0xc6, 0x49, 0xc6, 0x49, 0xc6, 0x49, 0xc6, 0x49, 0xc6, 0x49, 0xc6, 0x49,
  0xc6, 0x49, 0xc6, 0x49, 0xc6, 0x49, 0xc6, 0x49, 0xc6, 0x49, 0xc6, 0x49, 0xc6, 0x49, 0xc6, 0x49, 0xc6, 0x49, 0xc6, 0x49, 0xc6, 0x41, 0xc6, 0x49,
  0xc6, 0x49, 0xc6, 0x41, 0xc6, 0x49, 0xc6, 0x41, 0xc6, 0x49, 0xc6, 0x49, 0xc6, 0x49, 0xc6, 0x49, 0xc6, 0x41, 0xc6, 0x49, 0xc6, 0x49, 0xc6, 0x41,
  0xc6, 0x49, 0x05, 0x42, 0xe4, 0x43, 0x85, 0x44, 0x85, 0x44, 0x85, 0x4c, 0x85, 0x44, 0x85, 0x44, 0x85, 0x4c, 0x85, 0x44, 0x85, 0x44, 0x85, 0x44,
  0x85, 0x44, 0x85, 0x44, 0x85, 0x44, 0x85, 0x44, 0x85, 0x44, 0x85, 0x44, 0x85, 0x44, 0x84, 0x44, 0x85, 0x44, 0x85, 0x44, 0x85, 0x44, 0x85, 0x44,
  0x85, 0x44, 0x85, 0x44, 0x85, 0x44, 0x85, 0x44, 0x85, 0x44, 0x85, 0x44, 0x85, 0x44, 0x85, 0x44, 0x85, 0x44, 0x85, 0x44, 0x85, 0x44, 0x85, 0x44,
  0x85, 0x44, 0x85, 0x44, 0x85, 0x44, 0x85, 0x44, 0x85, 0x44, 0x85, 0x44, 0x85, 0x44, 0x85, 0x44, 0x85, 0x44, 0x85, 0x44, 0x85, 0x44, 0x85, 0x44,
  0x85, 0x44, 0x85, 0x44, 0x85, 0x44, 0x85, 0x44, 0x85, 0x44, 0x85, 0x44, 0x85, 0x44, 0x85, 0x44, 0x85, 0x44, 0x85, 0x44, 0x85, 0x44, 0x85, 0x44,
  0x85, 0x44, 0x85, 0x44, 0x85, 0x44, 0x85, 0x44, 0x85, 0x44, 0x85, 0x44, 0x85, 0x44, 0x85, 0x44, 0x85, 0x44, 0x85, 0x44, 0x85, 0x44, 0x85, 0x44,
  0x85, 0x44, 0x85, 0x44, 0x85, 0x44, 0x85, 0x44, 0x85, 0x44, 0x85, 0x44, 0x85, 0x44, 0x85, 0x44, 0x85, 0x44, 0x85, 0x44, 0x85, 0x44, 0x85, 0x44,
  0x85, 0x44, 0x85, 0x44, 0x85, 0x44, 0x85, 0x44, 0x85, 0x44, 0x85, 0x44, 0x85, 0x44, 0x85, 0x44, 0x85, 0x44, 0x85, 0x44, 0x85, 0x44, 0x85, 0x44,
  0x85, 0x44, 0x85, 0x44, 0x85, 0x44, 0x85, 0x44, 0x85, 0x44, 0x85, 0x44, 0x85, 0x44, 0x85, 0x44, 0x85, 0x44, 0x85, 0x44, 0x85, 0x44, 0x85, 0x44,
  0x85, 0x44, 0x85, 0x44, 0x85, 0x44, 0x85, 0x44, 0x85, 0x44, 0x85, 0x44, 0x85, 0x44, 0x85, 0x44, 0x85, 0x44, 0x85, 0x44, 0x85, 0x44, 0x85, 0x44,
  0x85, 0x44, 0x85, 0x44, 0x85, 0x44, 0x85, 0x44, 0x85, 0x44, 0x85, 0x44, 0x85, 0x44, 0x85, 0x44, 0x85, 0x44, 0x85, 0x44, 0x85, 0x44, 0x85, 0x44,
  0x85, 0x44, 0x85, 0x44, 0x85, 0x44, 0x85, 0x44, 0x85, 0x44, 0x85, 0x44, 0x85, 0x44, 0x85, 0x44, 0x85, 0x44, 0x85, 0x44, 0x84, 0x44, 0x85, 0x44,
  0x85, 0x44, 0x85, 0x44, 0x85, 0x44, 0x85, 0x44, 0x85, 0x44, 0x85, 0x44, 0x85, 0x44, 0x85, 0x44, 0x85, 0x4c, 0x85, 0x44, 0x85, 0x44, 0x85, 0x44,
  0x85, 0x44, 0xe4, 0x43, 0xc6, 0x39, 0xa7, 0x39, 0xa7, 0x39, 0xa7, 0x39, 0xa7, 0x39, 0xa6, 0x39, 0xa7, 0x39, 0xa6, 0x39, 0xa7, 0x39, 0xa7, 0x39,
  0xa7, 0x39, 0xa7, 0x39, 0xa7, 0x39, 0x87, 0x39, 0x87, 0x39, 0x87, 0x39, 0xa7, 0x39, 0xa7, 0x39, 0xa7, 0x39, 0xa7, 0x39, 0xa7, 0x39, 0x87, 0x39,
  0x87, 0x39, 0xa7, 0x39, 0x87, 0x39, 0x87, 0x39, 0xa7, 0x39, 0xa7, 0x39, 0xa7, 0x39, 0xa7, 0x39, 0xa7, 0x39, 0xa7, 0x39, 0xa7, 0x39, 0xa7, 0x39,
  0xa7, 0x39, 0xa7, 0x39, 0xa7, 0x39, 0xa7, 0x39, 0xa7, 0x39, 0xa7, 0x39, 0xa7, 0x39, 0xa7, 0x39, 0xa7, 0x39, 0xa7, 0x39, 0xa7, 0x39, 0xa7, 0x39,
  0xa7, 0x39, 0xa7, 0x39, 0xa7, 0x39, 0xa7, 0x39, 0xa7, 0x39, 0xa7, 0x39, 0xa7, 0x39, 0xa7, 0x39, 0xa7, 0x39, 0xa7, 0x39, 0xa7, 0x39, 0xa7, 0x39,
  0xc6, 0x41, 0xc6, 0x41, 0xc6, 0x41, 0xc6, 0x41, 0xc6, 0x41, 0xc6, 0x41, 0xc6, 0x41, 0xc6, 0x49, 0xc6, 0x41, 0xc6, 0x41, 0xc6, 0x41, 0xc6, 0x41,
  0xc6, 0x41, 0xc6, 0x41, 0xc6, 0x41, 0xc6, 0x41, 0xc6, 0x41, 0xc6, 0x41, 0xc6, 0x49, 0xc6, 0x41, 0xc6, 0x49, 0xc6, 0x41, 0xc6, 0x41, 0xc6, 0x41,
  0xc6, 0x41, 0xc6, 0x49, 0xc6, 0x41, 0xc6, 0x41, 0xc6, 0x41, 0xc6, 0x41, 0xc6, 0x49, 0xc6, 0x49, 0xc6, 0x49, 0xc6, 0x49, 0xc6, 0x41, 0xc6, 0x49,
  0xc6, 0x41, 0xc6, 0x49, 0xc6, 0x41, 0xc6, 0x49, 0xc6, 0x41, 0xc6, 0x49, 0xc6, 0x41, 0xc6, 0x49, 0xc6, 0x49, 0xe6, 0x49, 0xc6, 0x41, 0xc6, 0x49,
  0xc6, 0x41, 0xc6, 0x41, 0xc6, 0x49, 0xc6, 0x49, 0xc6, 0x41, 0xc6, 0x41, 0xc6, 0x49, 0xc6, 0x41, 0xc6, 0x49, 0xc6, 0x49, 0xc6, 0x49, 0xc6, 0x49,
  0xc6, 0x49, 0xc6, 0x41, 0xe6, 0x41, 0xc4, 0x43, 0x84, 0x44, 0x85, 0x44, 0x85, 0x44, 0x85, 0x44, 0x85, 0x44, 0x85, 0x44, 0x85, 0x44, 0x85, 0x44,
  0xa4, 0x44, 0x84, 0x44, 0x85, 0x44, 0x85, 0x44, 0x85, 0x44, 0x85, 0x44, 0x85, 0x44, 0x85, 0x44, 0x85, 0x44, 0x85, 0x44, 0x85, 0x44, 0x85, 0x44,
  0x85, 0x44, 0x85, 0x44, 0x85, 0x44, 0x85, 0x44, 0x85, 0x44, 0x85, 0x44, 0x85, 0x44, 0x85, 0x44, 0x85, 0x44, 0x85, 0x44, 0x85, 0x44, 0x85, 0x44,
  0x85, 0x44, 0x85, 0x44, 0x85, 0x44, 0x85, 0x44, 0x85, 0x44, 0x85, 0x44, 0x85, 0x44, 0x85, 0x44, 0x85, 0x44, 0x85, 0x44, 0x85, 0x44, 0x85, 0x44,
  0x85, 0x44, 0x85, 0x44, 0x85, 0x44, 0x85, 0x44, 0x85, 0x44, 0x85, 0x44, 0x85, 0x44, 0x85, 0x44, 0x85, 0x44, 0x85, 0x44, 0x85, 0x44, 0x85, 0x44,
  0x85, 0x44, 0x85, 0x4c, 0x85, 0x44, 0x85, 0x44, 0x85, 0x44, 0x85, 0x44, 0x85, 0x44, 0x85, 0x44, 0x85, 0x44, 0x85, 0x44, 0x85, 0x44, 0x85, 0x44,
  0x85, 0x44, 0x85, 0x44, 0x85, 0x44, 0x85, 0x44, 0x85, 0x44, 0x85, 0x44, 0x85, 0x44, 0x85, 0x44, 0x85, 0x44, 0x85, 0x44, 0x85, 0x44, 0x85, 0x44,
  0x85, 0x44, 0x85, 0x44, 0x85, 0x44, 0x85, 0x44, 0x85, 0x44, 0x85, 0x44, 0x85, 0x44, 0x85, 0x44, 0x85, 0x44, 0x85, 0x44, 0x85, 0x44, 0x85, 0x44,
  0x85, 0x44, 0x85, 0x44, 0x85, 0x44, 0x85, 0x44, 0x85, 0x44, 0x85, 0x44, 0x85, 0x44, 0x85, 0x44, 0x85, 0x44, 0x85, 0x44, 0x85, 0x44, 0x85, 0x44,
  0x85, 0x44, 0x85, 0x44, 0x85, 0x44, 0x85, 0x44, 0x85, 0x44, 0x85, 0x44, 0x85, 0x44, 0x85, 0x44, 0x85, 0x44, 0x85, 0x44, 0x85, 0x44, 0x85, 0x44,
  0x85, 0x44, 0x85, 0x44, 0x85, 0x44, 0x85, 0x44, 0x85, 0x44, 0x85, 0x44, 0x85, 0x44, 0x85, 0x44, 0x85, 0x44, 0x85, 0x44, 0x85, 0x44, 0x85, 0x44,
  0x85, 0x44, 0x85, 0x44, 0x85, 0x44, 0x85, 0x44, 0x85, 0x44, 0x85, 0x44, 0x85, 0x44, 0x85, 0x44, 0x85, 0x44, 0x85, 0x44, 0x85, 0x44, 0x85, 0x44,
  0x85, 0x44, 0x85, 0x44, 0x85, 0x44, 0x85, 0x44, 0x85, 0x44, 0x85, 0x4c, 0x85, 0x44, 0x85, 0x44, 0x85, 0x44, 0x85, 0x4c, 0x84, 0x44, 0x85, 0x44,
  0xa4, 0x43, 0xc6, 0x39, 0xa6, 0x39, 0x87, 0x39, 0xa7, 0x39, 0xa6, 0x39, 0x86, 0x39, 0xa7, 0x39, 0xa7, 0x39, 0xa7, 0x41, 0xa6, 0x39, 0xa7, 0x39,
  0x87, 0x39, 0xa7, 0x39, 0xa7, 0x39, 0xa7, 0x39, 0x87, 0x39, 0x87, 0x39, 0xa7, 0x39, 0xa7, 0x39, 0x87, 0x39, 0xa7, 0x39, 0x87, 0x39, 0x87, 0x39,
  0x87, 0x39, 0x87, 0x39, 0xa7, 0x39, 0x87, 0x39, 0xa7, 0x39, 0xa7, 0x39, 0x87, 0x39, 0xa7, 0x39, 0xa7, 0x39, 0xa7, 0x39, 0xa7, 0x39, 0xa7, 0x39,
  0xa7, 0x39, 0xa7, 0x39, 0xa7, 0x39, 0xa7, 0x39, 0xa7, 0x39, 0xa7, 0x39, 0xa7, 0x39, 0xa7, 0x39, 0xa7, 0x39, 0xa7, 0x39, 0xa7, 0x39, 0xa7, 0x39,
  0xa7, 0x39, 0xa7, 0x39, 0xa7, 0x39, 0xa7, 0x39, 0xa7, 0x39, 0xa7, 0x39, 0xa7, 0x39, 0xa7, 0x39, 0xa7, 0x39, 0xa7, 0x39, 0xa7, 0x39, 0xa7, 0x39,
  0xc6, 0x41, 0xc6, 0x41, 0xc6, 0x41, 0xc6, 0x41, 0xc6, 0x41, 0xc6, 0x41, 0xc6, 0x41, 0xc6, 0x41, 0xc6, 0x41, 0xc6, 0x41, 0xc6, 0x41, 0xc6, 0x41,
  0xc6, 0x41, 0xc6, 0x41, 0xc6, 0x41, 0xc6, 0x41, 0xc6, 0x41, 0xc6, 0x41, 0xc6, 0x41, 0xc6, 0x41, 0xc6, 0x41, 0xc6, 0x41, 0xc6, 0x41, 0xc6, 0x41,
  0xc6, 0x41, 0xc6, 0x41, 0xc6, 0x49, 0xc6, 0x49, 0xc6, 0x41, 0xc6, 0x49, 0xc6, 0x41, 0xc6, 0x41, 0xc6, 0x41, 0xc6, 0x41, 0xc6, 0x49, 0xc6, 0x41,
  0xe6, 0x49, 0xc6, 0x49, 0xc6, 0x41, 0xc6, 0x41, 0xc6, 0x41, 0xc6, 0x49, 0xc6, 0x41, 0xc6, 0x49, 0xc6, 0x41, 0xc6, 0x49, 0xc6, 0x41, 0xc6, 0x49,
  0xc6, 0x41, 0xc6, 0x49, 0xc6, 0x41, 0xc6, 0x41, 0xc6, 0x41, 0xc6, 0x41, 0xc6, 0x41, 0xc6, 0x49, 0xc6, 0x41, 0xc6, 0x41, 0xc6, 0x41, 0xc6, 0x49,
  0xc6, 0x41, 0xc6, 0x41, 0xc6, 0x41, 0xc6, 0x49, 0x64, 0x43, 0x85, 0x44, 0x85, 0x44, 0x85, 0x4c, 0x85, 0x44, 0x84, 0x4c, 0x85, 0x4c, 0x84, 0x44,
  0x85, 0x4c, 0x85, 0x44, 0x85, 0x4c, 0x85, 0x44, 0x85, 0x44, 0x84, 0x44, 0x85, 0x4c, 0x85, 0x44, 0x85, 0x44, 0x85, 0x44, 0x85, 0x44, 0x85, 0x44,
  0x85, 0x44, 0x85, 0x44, 0x85, 0x44, 0x85, 0x44, 0x85, 0x44, 0x85, 0x44, 0x85, 0x44, 0x85, 0x44, 0x84, 0x44, 0x85, 0x44, 0x85, 0x44, 0x85, 0x44,
  0x85, 0x44, 0x85, 0x44, 0x85, 0x44, 0x84, 0x44, 0x85, 0x44, 0x84, 0x44, 0x84, 0x44, 0x85, 0x44, 0x85, 0x44, 0xa5, 0x4c, 0x85, 0x44, 0x85, 0x44,
  0x85, 0x44, 0x85, 0x44, 0x85, 0x44, 0x85, 0x44, 0x85, 0x44, 0x85, 0x44, 0x84, 0x44, 0x84, 0x44, 0x85, 0x44, 0x85, 0x44, 0x85, 0x44, 0x85, 0x44,
  0x85, 0x44, 0x85, 0x44, 0x85, 0x44, 0x85, 0x44, 0x85, 0x44, 0x85, 0x44, 0x85, 0x44, 0x85, 0x44, 0x85, 0x44, 0x85, 0x44, 0x85, 0x44, 0x85, 0x44,
  0x85, 0x44, 0x85, 0x44, 0x85, 0x44, 0x84, 0x44, 0x85, 0x44, 0x85, 0x44, 0x84, 0x44, 0x84, 0x44, 0x85, 0x44, 0x85, 0x44, 0x85, 0x44, 0x85, 0x44,
  0x85, 0x44, 0x85, 0x44, 0x85, 0x44, 0xa5, 0x4c, 0x85, 0x44, 0x85, 0x44, 0x85, 0x44, 0x85, 0x44, 0x85, 0x44, 0x84, 0x44, 0x85, 0x44, 0x85, 0x44,
  0x85, 0x44, 0x85, 0x44, 0x85, 0x44, 0x85, 0x44, 0x85, 0x44, 0x85, 0x44, 0x85, 0x44, 0x85, 0x44, 0x85, 0x44, 0x85, 0x44, 0x85, 0x44, 0x85, 0x44,
  0x84, 0x44, 0x85, 0x44, 0x85, 0x44, 0x85, 0x44, 0x85, 0x44, 0x85, 0x44, 0x84, 0x44, 0x85, 0x44, 0x85, 0x44, 0x85, 0x44, 0x85, 0x44, 0x85, 0x44,
  0x84, 0x44, 0x85, 0x44, 0x85, 0x44, 0x85, 0x44, 0x85, 0x44, 0x85, 0x44, 0x85, 0x44, 0x85, 0x44, 0x85, 0x44, 0x85, 0x44, 0x85, 0x44, 0x85, 0x44,
  0x84, 0x44, 0x85, 0x44, 0x85, 0x44, 0x85, 0x44, 0x85, 0x44, 0x84, 0x44, 0x85, 0x44, 0x84, 0x44, 0x84, 0x44, 0x85, 0x44, 0x85, 0x44, 0x84, 0x44,
  0x84, 0x44, 0x84, 0x44, 0x85, 0x44, 0x84, 0x4c, 0x85, 0x44, 0x85, 0x44, 0x85, 0x44, 0x85, 0x4c, 0x85, 0x44, 0x85, 0x44, 0x85, 0x4c, 0x64, 0x43,
  0xc6, 0x39, 0xa7, 0x41, 0xa7, 0x39, 0xa7, 0x39, 0x86, 0x39, 0x86, 0x39, 0x86, 0x39, 0xa6, 0x39, 0xa6, 0x39, 0xa6, 0x39, 0xa6, 0x39, 0x87, 0x39,
  0xa6, 0x39, 0xa7, 0x39, 0x87, 0x39, 0xa6, 0x39, 0xa6, 0x39, 0xa7, 0x39, 0xa7, 0x39, 0xa7, 0x39, 0xa6, 0x39, 0xa7, 0x39, 0x87, 0x39, 0xa7, 0x39,
  0xa7, 0x39, 0xa7, 0x39, 0x87, 0x39, 0xa7, 0x39, 0x87, 0x39, 0x87, 0x39, 0xa7, 0x39, 0x87, 0x39, 0xa7, 0x39, 0xa7, 0x39, 0xa7, 0x39, 0x87, 0x39,
  0xa7, 0x39, 0xa7, 0x39, 0x87, 0x39, 0xa7, 0x39, 0xa7, 0x39, 0xa7, 0x39, 0xa7, 0x39, 0xa7, 0x39, 0xa7, 0x39, 0xa7, 0x39, 0xa7, 0x39, 0xa7, 0x39,
  0xa7, 0x39, 0xa7, 0x39, 0xa7, 0x39, 0xa7, 0x39, 0xa7, 0x39, 0xa7, 0x39, 0xa7, 0x39, 0xa7, 0x39, 0xa7, 0x39, 0xa7, 0x39, 0xa7, 0x39, 0xa7, 0x39,
  0xc6, 0x41, 0xc6, 0x41, 0xc6, 0x41, 0xc6, 0x41, 0xc6, 0x49, 0xc6, 0x41, 0xc6, 0x41, 0xc6, 0x41, 0xc6, 0x41, 0xc6, 0x41, 0xc6, 0x49, 0xc6, 0x41,
  0xe6, 0x49, 0xc6, 0x41, 0xc6, 0x41, 0xc6, 0x49, 0xc6, 0x49, 0xc6, 0x41, 0xc6, 0x41, 0xc6, 0x49, 0xc6, 0x41, 0xc6, 0x41, 0xc6, 0x41, 0xc6, 0x41,
  0xc6, 0x49, 0xc6, 0x49, 0xc6, 0x49, 0xc6, 0x41, 0xc6, 0x41, 0xc6, 0x41, 0xc6, 0x41, 0xc6, 0x49, 0xc6, 0x41, 0xc6, 0x41, 0xc6, 0x41, 0xc6, 0x41,
  0xc6, 0x41, 0xc6, 0x41, 0xc6, 0x41, 0xc6, 0x41, 0xc6, 0x41, 0xc6, 0x41, 0xc6, 0x41, 0xc6, 0x41, 0xc6, 0x41, 0xc6, 0x41, 0xc6, 0x41, 0xc6, 0x41,
  0xc6, 0x41, 0xc6, 0x49, 0xc6, 0x41, 0xc6, 0x49, 0xc6, 0x41, 0xc6, 0x41, 0xc6, 0x41, 0xc6, 0x41, 0xc6, 0x41, 0xc6, 0x49, 0xc6, 0x41, 0xc6, 0x41,
  0xc6, 0x49, 0xc6, 0x49, 0xc6, 0x41, 0xc6, 0x41, 0xc6, 0x49, 0xc4, 0x42, 0x65, 0x44, 0x85, 0x44, 0x85, 0x44, 0x85, 0x44, 0x84, 0x44, 0x85, 0x44,
  0x85, 0x44, 0x85, 0x44, 0x85, 0x44, 0x84, 0x44, 0x84, 0x44, 0x84, 0x44, 0x85, 0x44, 0x84, 0x44, 0x85, 0x44, 0x85, 0x44, 0x84, 0x44, 0x85, 0x44,
  0x84, 0x44, 0x85, 0x44, 0x84, 0x44, 0x85, 0x44, 0x85, 0x44, 0x85, 0x44, 0x85, 0x44, 0x85, 0x44, 0x84, 0x44, 0x85, 0x44, 0x85, 0x44, 0x85, 0x44,
  0x85, 0x44, 0x85, 0x44, 0x85, 0x44, 0x85, 0x44, 0x84, 0x44, 0x85, 0x44, 0x84, 0x44, 0x85, 0x44, 0x85, 0x44, 0x85, 0x44, 0x85, 0x44, 0x85, 0x44,
  0x85, 0x44, 0x85, 0x44, 0x84, 0x44, 0x85, 0x44, 0x84, 0x44, 0x85, 0x44, 0x84, 0x44, 0x85, 0x44, 0x85, 0x44, 0x85, 0x44, 0x85, 0x44, 0x85, 0x44,
  0x85, 0x44, 0x85, 0x44, 0x84, 0x44, 0x85, 0x44, 0x85, 0x44, 0x84, 0x44, 0x85, 0x44, 0x85, 0x44, 0x85, 0x44, 0x85, 0x44, 0x85, 0x44, 0x85, 0x44,
  0x85, 0x44, 0x85, 0x44, 0x85, 0x44, 0x84, 0x44, 0x84, 0x44, 0x85, 0x44, 0x84, 0x44, 0x85, 0x44, 0x85, 0x44, 0x85, 0x44, 0x85, 0x44, 0x85, 0x44,
  0x85, 0x44, 0x85, 0x44, 0x85, 0x44, 0x85, 0x44, 0x85, 0x44, 0x85, 0x44, 0x85, 0x44, 0x85, 0x44, 0x85, 0x44, 0x85, 0x44, 0x84, 0x44, 0x85, 0x44,
  0x85, 0x44, 0x84, 0x44, 0x85, 0x44, 0x85, 0x44, 0x84, 0x44, 0x84, 0x44, 0x84, 0x44, 0x84, 0x44, 0x84, 0x44, 0x84, 0x44, 0x84, 0x44, 0x84, 0x44,
  0x85, 0x44, 0x85, 0x44, 0x85, 0x44, 0x85, 0x44, 0x85, 0x44, 0x85, 0x44, 0x84, 0x44, 0x84, 0x44, 0x85, 0x44, 0x85, 0x44, 0x85, 0x44, 0x85, 0x44,
  0x85, 0x44, 0x84, 0x44, 0x85, 0x44, 0x85, 0x44, 0x84, 0x44, 0x84, 0x44, 0x84, 0x44, 0x84, 0x44, 0x84, 0x44, 0x84, 0x44, 0x84, 0x44, 0x84, 0x44,
  0x84, 0x44, 0x85, 0x44, 0x85, 0x44, 0x85, 0x44, 0x85, 0x44, 0x85, 0x44, 0x85, 0x44, 0x85, 0x44, 0x84, 0x44, 0x85, 0x44, 0x85, 0x44, 0x84, 0x44,
  0x85, 0x44, 0x84, 0x44, 0x85, 0x44, 0x85, 0x44, 0x85, 0x44, 0x84, 0x44, 0x85, 0x44, 0x85, 0x44, 0x85, 0x44, 0x65, 0x44, 0xa4, 0x3a, 0x86, 0x39,
  0x86, 0x39, 0xa6, 0x39, 0xa6, 0x39, 0xa7, 0x39, 0xa7, 0x41, 0xa7, 0x39, 0xa6, 0x39, 0xa6, 0x39, 0xa6, 0x39, 0xa7, 0x39, 0xa6, 0x39, 0x87, 0x39,
  0xa7, 0x39, 0xa6, 0x39, 0xa6, 0x39, 0x87, 0x39, 0x87, 0x39, 0x87, 0x39, 0xa7, 0x39, 0xa7, 0x39, 0x87, 0x39, 0x87, 0x39, 0xa7, 0x39, 0xa7, 0x39,
  0xa7, 0x39, 0x87, 0x39, 0x87, 0x39, 0x87, 0x39, 0x87, 0x39, 0x87, 0x39, 0x87, 0x39, 0x87, 0x39, 0xa7, 0x39, 0x87, 0x39, 0xa7, 0x39, 0xa7, 0x39,
  0xa7, 0x39, 0xa7, 0x39, 0xa7, 0x39, 0xa7, 0x39, 0xa7, 0x39, 0xa7, 0x39, 0xa7, 0x39, 0x87, 0x39, 0xa7, 0x39, 0xa7, 0x39, 0x87, 0x39, 0xa7, 0x39,
  0xa7, 0x39, 0xa7, 0x39, 0xa7, 0x39, 0xa7, 0x39, 0xa7, 0x39, 0xc7, 0x39, 0xa7, 0x39, 0xa7, 0x39, 0xa7, 0x39, 0xa7, 0x39, 0xa7, 0x39, 0xa7, 0x39,
  0xc6, 0x41, 0xc6, 0x41, 0xc6, 0x41, 0xc6, 0x41, 0xc6, 0x41, 0xc6, 0x41, 0xc6, 0x41, 0xc6, 0x41, 0xc6, 0x41, 0xc6, 0x41, 0xc6, 0x41, 0xc6, 0x41,
  0xc6, 0x41, 0xc6, 0x41, 0xc6, 0x41, 0xc6, 0x41, 0xc6, 0x41, 0xc6, 0x41, 0xc6, 0x41, 0xc6, 0x41, 0xc6, 0x41, 0xc6, 0x41, 0xc6, 0x41, 0xc6, 0x41,
  0xc6, 0x41, 0xc6, 0x41, 0xc6, 0x41, 0xc6, 0x41, 0xc6, 0x41, 0xc6, 0x41, 0xc6, 0x49, 0xc6, 0x41, 0xc6, 0x41, 0xc6, 0x41, 0xc6, 0x41, 0xc6, 0x41,
  0xc6, 0x41, 0xc6, 0x49, 0xc6, 0x41, 0xc6, 0x41, 0xc6, 0x41, 0xc6, 0x41, 0xc6, 0x41, 0xc6, 0x41, 0xc6, 0x41, 0xc6, 0x41, 0xc6, 0x41, 0xc6, 0x41,
  0xc6, 0x41, 0xc6, 0x41, 0xc6, 0x41, 0xc6, 0x41, 0xc6, 0x41, 0xc6, 0x41, 0xc6, 0x41, 0xc6, 0x41, 0xc6, 0x41, 0xc6, 0x41, 0xc6, 0x41, 0xc6, 0x49,
  0xc6, 0x41, 0xc6, 0x41, 0xc6, 0x41, 0xc6, 0x49, 0xc6, 0x41, 0xc6, 0x41, 0x25, 0x42, 0xe4, 0x43, 0x85, 0x44, 0x65, 0x44, 0x85, 0x4c, 0x85, 0x44,
  0x84, 0x44, 0x85, 0x44, 0x85, 0x4c, 0x85, 0x4c, 0x85, 0x44, 0x84, 0x44, 0x84, 0x44, 0x85, 0x44, 0x85, 0x44, 0x85, 0x44, 0x85, 0x44, 0x85, 0x44,
  0x85, 0x44, 0x85, 0x44, 0x85, 0x44, 0x85, 0x44, 0x85, 0x44, 0x85, 0x44, 0x85, 0x44, 0x85, 0x44, 0x85, 0x44, 0x85, 0x44, 0x85, 0x44, 0x85, 0x44,
  0x85, 0x44, 0x84, 0x44, 0x85, 0x44, 0x84, 0x44, 0x85, 0x44, 0x84, 0x44, 0x85, 0x44, 0x85, 0x44, 0x85, 0x44, 0x84, 0x44, 0x85, 0x44, 0x84, 0x44,
  0x85, 0x44, 0x84, 0x44, 0x85, 0x44, 0x84, 0x44, 0x85, 0x44, 0x85, 0x44, 0x84, 0x44, 0x84, 0x44, 0x85, 0x44, 0x85, 0x44, 0x85, 0x44, 0x85, 0x44,
  0x85, 0x44, 0x85, 0x44, 0x85, 0x44, 0x85, 0x44, 0x85, 0x44, 0x85, 0x44, 0x85, 0x44, 0x85, 0x44, 0x85, 0x44, 0x85, 0x44, 0x84, 0x44, 0x85, 0x44,
  0x85, 0x44, 0x85, 0x44, 0x85, 0x44, 0x85, 0x44, 0x85, 0x44, 0x85, 0x44, 0x84, 0x44, 0x84, 0x44, 0x85, 0x44, 0x85, 0x44, 0x85, 0x44, 0x85, 0x44,
  0x85, 0x44, 0x85, 0x44, 0x85, 0x44, 0x84, 0x44, 0x85, 0x44, 0x84, 0x44, 0x84, 0x44, 0x85, 0x44, 0x85, 0x44, 0x84, 0x44, 0x85, 0x44, 0x84, 0x44,
  0x85, 0x44, 0x84, 0x44, 0x85, 0x44, 0x85, 0x44, 0x85, 0x44, 0x85, 0x44, 0x85, 0x44, 0x85, 0x44, 0x85, 0x44, 0x85, 0x44, 0x85, 0x44, 0x85, 0x44,
  0x84, 0x44, 0x85, 0x44, 0x85, 0x44, 0x85, 0x44, 0x85, 0x44, 0x85, 0x44, 0x84, 0x44, 0x85, 0x44, 0x85, 0x44, 0x84, 0x44, 0x84, 0x44, 0x85, 0x44,
  0x84, 0x44, 0x85, 0x44, 0x84, 0x44, 0x85, 0x44, 0x85, 0x44, 0x85, 0x44, 0x85, 0x44, 0x85, 0x44, 0x85, 0x44, 0x85, 0x44, 0x85, 0x44, 0x85, 0x44,
  0x85, 0x44, 0x85, 0x44, 0x85, 0x44, 0x85, 0x44, 0x85, 0x44, 0x84, 0x44, 0x85, 0x44, 0x85, 0x44, 0x85, 0x44, 0x85, 0x44, 0x85, 0x44, 0x84, 0x44,
  0x85, 0x4c, 0x85, 0x4c, 0x85, 0x44, 0x84, 0x44, 0x85, 0x44, 0x85, 0x44, 0x85, 0x44, 0x85, 0x44, 0xe4, 0x43, 0x06, 0x3a, 0xa7, 0x41, 0x86, 0x39,
  0xa6, 0x39, 0x86, 0x39, 0xa7, 0x39, 0x86, 0x39, 0xa6, 0x39, 0xa6, 0x39, 0xa6, 0x39, 0x86, 0x39, 0xa7, 0x39, 0x86, 0x39, 0xa6, 0x39, 0xa6, 0x39,
  0x87, 0x39, 0x87, 0x39, 0xa7, 0x39, 0x86, 0x39, 0x86, 0x39, 0xa6, 0x39, 0xa7, 0x39, 0xa7, 0x39, 0x87, 0x39, 0xa6, 0x39, 0x87, 0x39, 0xa7, 0x39,
  0x87, 0x39, 0xa6, 0x39, 0xa7, 0x39, 0xa6, 0x39, 0x87, 0x39, 0xa7, 0x39, 0xa7, 0x39, 0x87, 0x39, 0x87, 0x39, 0x87, 0x39, 0x87, 0x39, 0xa7, 0x39,
  0x87, 0x39, 0x87, 0x39, 0x87, 0x39, 0xa7, 0x39, 0xa7, 0x39, 0xa7, 0x39, 0xa7, 0x39, 0xa7, 0x39, 0xa7, 0x39, 0xa7, 0x39, 0xa7, 0x39, 0xa7, 0x39,
  0x87, 0x39, 0x87, 0x39, 0xa7, 0x39, 0x87, 0x39, 0x87, 0x39, 0xa7, 0x39, 0xa7, 0x39, 0xa7, 0x39, 0xa7, 0x39, 0x87, 0x39, 0xa7, 0x39, 0xa7, 0x39,
  0xc6, 0x41, 0xc6, 0x41, 0xc6, 0x41, 0xc6, 0x41, 0xc6, 0x41, 0xc6, 0x41, 0xc6, 0x41, 0xc6, 0x41, 0xc6, 0x41, 0xc6, 0x41, 0xc6, 0x41, 0xc6, 0x41,
  0xc6, 0x41, 0xc6, 0x41, 0xc6, 0x41, 0xc6, 0x41, 0xc6, 0x41, 0xc6, 0x41, 0xc6, 0x41, 0xc6, 0x41, 0xc6, 0x41, 0xc6, 0x41, 0xc6, 0x41, 0xc6, 0x41,
  0xc6, 0x41, 0xc6, 0x41, 0xc6, 0x49, 0xc6, 0x41, 0xc6, 0x41, 0xc6, 0x49, 0xc6, 0x41, 0xc6, 0x41, 0xc6, 0x41, 0xc6, 0x41, 0xc6, 0x41, 0xc6, 0x41,
  0xc6, 0x41, 0xc6, 0x41, 0xc6, 0x41, 0xc6, 0x41, 0xc6, 0x41, 0xc6, 0x41, 0xc6, 0x41, 0xc6, 0x41, 0xc6, 0x41, 0xc6, 0x41, 0xc6, 0x41, 0xc6, 0x41,
  0xc6, 0x41, 0xc6, 0x41, 0xc6, 0x49, 0xc6, 0x41, 0xc6, 0x41, 0xc6, 0x41, 0xc6, 0x41, 0xc6, 0x41, 0xc6, 0x41, 0xc6, 0x41, 0xc6, 0x41, 0xc6, 0x41,
  0xc6, 0x41, 0xc6, 0x41, 0xc6, 0x41, 0xc6, 0x41, 0xc5, 0x41, 0xc6, 0x41, 0xc5, 0x41, 0xc6, 0x41, 0x24, 0x43, 0x64, 0x44, 0x65, 0x44, 0x85, 0x44,
  0x85, 0x44, 0x85, 0x44, 0x85, 0x44, 0x65, 0x44, 0x65, 0x44, 0x85, 0x44, 0x85, 0x44, 0x85, 0x44, 0x85, 0x44, 0x85, 0x44, 0x85, 0x44, 0x85, 0x44,
  0x85, 0x44, 0x65, 0x44, 0x85, 0x44, 0x85, 0x44, 0x85, 0x44, 0x85, 0x44, 0x85, 0x44, 0x85, 0x44, 0x85, 0x44, 0x85, 0x44, 0x85, 0x44, 0x85, 0x44,
  0x85, 0x44, 0x85, 0x44, 0x85, 0x44, 0x65, 0x44, 0x85, 0x44, 0x85, 0x44, 0x85, 0x44, 0x85, 0x44, 0x85, 0x44, 0x85, 0x44, 0x85, 0x44, 0x85, 0x44,
  0x85, 0x44, 0x65, 0x44, 0x85, 0x44, 0x85, 0x44, 0x85, 0x44, 0x85, 0x44, 0x85, 0x44, 0x65, 0x44, 0x85, 0x44, 0x85, 0x44, 0x85, 0x44, 0x85, 0x44,
  0x85, 0x44, 0x85, 0x44, 0x85, 0x44, 0x85, 0x44, 0x85, 0x44, 0x85, 0x44, 0x85, 0x44, 0x85, 0x44, 0x85, 0x44, 0x85, 0x44, 0x65, 0x44, 0x85, 0x44,
  0x85, 0x44, 0x85, 0x44, 0x85, 0x44, 0x65, 0x44, 0x65, 0x44, 0x85, 0x44, 0x65, 0x44, 0x65, 0x44, 0x85, 0x44, 0x85, 0x44, 0x85, 0x44, 0x85, 0x44,
  0x85, 0x44, 0x85, 0x44, 0x85, 0x44, 0x85, 0x44, 0x85, 0x44, 0x85, 0x44, 0x65, 0x44, 0x85, 0x44, 0x85, 0x44, 0x65, 0x44, 0x85, 0x44, 0x65, 0x44,
  0x85, 0x44, 0x65, 0x44, 0x85, 0x44, 0x85, 0x44, 0x85, 0x44, 0x85, 0x44, 0x85, 0x44, 0x85, 0x44, 0x85, 0x44, 0x85, 0x44, 0x85, 0x44, 0x85, 0x44,
  0x65, 0x44, 0x85, 0x44, 0x85, 0x44, 0x85, 0x44, 0x85, 0x44, 0x85, 0x44, 0x65, 0x44, 0x65, 0x44, 0x85, 0x44, 0x85, 0x44, 0x85, 0x44, 0x85, 0x44,
  0x85, 0x44, 0x85, 0x44, 0x85, 0x44, 0x85, 0x44, 0x85, 0x44, 0x85, 0x44, 0x85, 0x44, 0x85, 0x44, 0x85, 0x44, 0x85, 0x44, 0x85, 0x44, 0x85, 0x44,
  0x85, 0x44, 0x85, 0x44, 0x84, 0x44, 0x85, 0x44, 0x85, 0x44, 0x85, 0x44, 0x85, 0x44, 0x85, 0x44, 0x85, 0x44, 0x85, 0x44, 0x85, 0x44, 0x84, 0x44,
  0x85, 0x4c, 0x65, 0x44, 0x85, 0x44, 0x85, 0x44, 0x85, 0x44, 0x85, 0x44, 0x65, 0x44, 0x04, 0x3b, 0xa6, 0x39, 0xa6, 0x39, 0x86, 0x39, 0xa6, 0x39,
  0x86, 0x39, 0xa6, 0x39, 0xa6, 0x39, 0x86, 0x39, 0x86, 0x39, 0x86, 0x39, 0xa6, 0x39, 0x87, 0x39, 0xa6, 0x39, 0x86, 0x39, 0x86, 0x39, 0xa6, 0x39,
  0x86, 0x39, 0xa6, 0x39, 0x86, 0x39, 0x87, 0x39, 0xa7, 0x39, 0xa7, 0x39, 0xa6, 0x39, 0xa7, 0x39, 0x87, 0x39, 0x87, 0x39, 0x87, 0x39, 0x86, 0x39,
  0xa7, 0x39, 0x87, 0x39, 0x86, 0x39, 0xa7, 0x39, 0x87, 0x39, 0xa7, 0x39, 0x87, 0x39, 0xa7, 0x39, 0x87, 0x39, 0x87, 0x39, 0xa7, 0x39, 0x87, 0x39,
  0xa7, 0x39, 0x87, 0x39, 0x87, 0x39, 0x87, 0x39, 0x87, 0x39, 0xa7, 0x39, 0xa7, 0x39, 0x87, 0x39, 0xa7, 0x39, 0xa7, 0x39, 0xa7, 0x39, 0xa7, 0x39,
  0xa7, 0x39, 0xa7, 0x39, 0xa7, 0x39, 0xa7, 0x39, 0xa7, 0x39, 0xa7, 0x39, 0xa7, 0x39, 0xa7, 0x39, 0x87, 0x39, 0xa7, 0x39, 0xa7, 0x39, 0xa7, 0x39,
  0xc6, 0x41, 0xc6, 0x41, 0xc6, 0x41, 0xc6, 0x41, 0xc6, 0x41, 0xc6, 0x41, 0xc6, 0x41, 0xc6, 0x41, 0xc6, 0x41, 0xc6, 0x41, 0xc6, 0x41, 0xc6, 0x41,
  0xc6, 0x41, 0xc6, 0x41, 0xc6, 0x41, 0xc6, 0x41, 0xc6, 0x41, 0xc6, 0x41, 0xc6, 0x41, 0xc6, 0x41, 0xc6, 0x41, 0xc6, 0x41, 0xc6, 0x41, 0xc6, 0x41,
  0xc6, 0x41, 0xc6, 0x41, 0xc6, 0x41, 0xc6, 0x41, 0xc6, 0x41, 0xc6, 0x41, 0xc6, 0x41, 0xc6, 0x41, 0xc6, 0x41, 0xc6, 0x41, 0xc6, 0x41, 0xc6, 0x41,
  0xc6, 0x41, 0xc6, 0x41, 0xc6, 0x41, 0xc6, 0x41, 0xc6, 0x41, 0xc6, 0x41, 0xc6, 0x41, 0xc6, 0x41, 0xc6, 0x49, 0xc6, 0x41, 0xc6, 0x41, 0xc6, 0x41,
  0xc6, 0x41, 0xc6, 0x41, 0xc6, 0x41, 0xc6, 0x41, 0xc6, 0x41, 0xc6, 0x41, 0xc6, 0x41, 0xc6, 0x41, 0xc6, 0x41, 0xc6, 0x41, 0xc6, 0x41, 0xc6, 0x41,
  0xc6, 0x41, 0xc6, 0x41, 0xc6, 0x41, 0xc6, 0x41, 0xc6, 0x41, 0xc6, 0x41, 0xc6, 0x49, 0xa6, 0x41, 0xc6, 0x41, 0x05, 0x42, 0x64, 0x43, 0x84, 0x44,
  0x85, 0x44, 0x85, 0x44, 0x85, 0x44, 0x85, 0x44, 0x64, 0x44, 0x85, 0x44, 0x84, 0x44, 0x84, 0x44, 0x85, 0x44, 0x85, 0x44, 0x85, 0x44, 0x85, 0x44,
  0x84, 0x44, 0x84, 0x44, 0x84, 0x44, 0x84, 0x44, 0x85, 0x44, 0x85, 0x44, 0x85, 0x44, 0x84, 0x44, 0x85, 0x44, 0x85, 0x44, 0x85, 0x44, 0x85, 0x44,
  0x84, 0x44, 0x85, 0x44, 0x84, 0x44, 0x84, 0x44, 0x85, 0x44, 0x84, 0x44, 0x84, 0x44, 0x85, 0x44, 0x85, 0x44, 0x85, 0x44, 0x85, 0x44, 0x85, 0x44,
  0x85, 0x44, 0x84, 0x44, 0x85, 0x44, 0x85, 0x44, 0x84, 0x44, 0x84, 0x44, 0x84, 0x44, 0x84, 0x44, 0x84, 0x44, 0x84, 0x44, 0x84, 0x44, 0x84, 0x44,
  0x84, 0x44, 0x84, 0x44, 0x85, 0x44, 0x85, 0x44, 0x85, 0x44, 0x84, 0x44, 0x84, 0x44, 0x85, 0x44, 0x84, 0x44, 0x84, 0x44, 0x85, 0x44, 0x85, 0x44,
  0x85, 0x44, 0x85, 0x44, 0x85, 0x44, 0x84, 0x44, 0x84, 0x44, 0x84, 0x44, 0x84, 0x44, 0x84, 0x44, 0x85, 0x44, 0x85, 0x44, 0x85, 0x44, 0x85, 0x44,
  0x85, 0x44, 0x85, 0x44, 0x85, 0x44, 0x85, 0x44, 0x84, 0x44, 0x84, 0x44, 0x84, 0x44, 0x84, 0x44, 0x84, 0x44, 0x84, 0x44, 0x85, 0x44, 0x84, 0x44,
  0x84, 0x44, 0x84, 0x44, 0x85, 0x44, 0x85, 0x44, 0x84, 0x44, 0x84, 0x44, 0x84, 0x44, 0x84, 0x44, 0x84, 0x44, 0x84, 0x44, 0x84, 0x44, 0x84, 0x44,
  0x84, 0x44, 0x85, 0x44, 0x85, 0x44, 0x85, 0x44, 0x85, 0x44, 0x84, 0x44, 0x84, 0x44, 0x84, 0x44, 0x85, 0x44, 0x85, 0x44, 0x85, 0x44, 0x85, 0x44,
  0x85, 0x44, 0x84, 0x44, 0x85, 0x44, 0x85, 0x44, 0x84, 0x44, 0x84, 0x44, 0x84, 0x44, 0x84, 0x44, 0x84, 0x44, 0x84, 0x44, 0x84, 0x44, 0x84, 0x44,
  0x84, 0x44, 0x85, 0x44, 0x84, 0x44, 0x84, 0x44, 0x85, 0x44, 0x84, 0x44, 0x84, 0x44, 0x85, 0x44, 0x84, 0x44, 0x84, 0x44, 0x85, 0x44, 0x85, 0x44,
  0x85, 0x44, 0x85, 0x44, 0x84, 0x44, 0x84, 0x44, 0x65, 0x44, 0x64, 0x3b, 0xe6, 0x39, 0xa6, 0x39, 0x86, 0x39, 0x86, 0x39, 0x86, 0x39, 0xa6, 0x39,
  0x86, 0x39, 0x86, 0x39, 0xa6, 0x39, 0x86, 0x39, 0xa6, 0x39, 0x86, 0x39, 0xa6, 0x39, 0x86, 0x39, 0x86, 0x39, 0x86, 0x39, 0x86, 0x39, 0x87, 0x39,
  0xa6, 0x39, 0x87, 0x39, 0xa7, 0x39, 0xa7, 0x39, 0xa6, 0x39, 0xa6, 0x39, 0x87, 0x39, 0x87, 0x39, 0xa6, 0x39, 0x86, 0x39, 0xa7, 0x39, 0xa7, 0x39,
  0xa7, 0x39, 0xa7, 0x39, 0xa7, 0x39, 0xa7, 0x39, 0xa7, 0x39, 0xa7, 0x39, 0x87, 0x39, 0x87, 0x39, 0x87, 0x39, 0x87, 0x39, 0x87, 0x39, 0x87, 0x39,
  0xa7, 0x39, 0x87, 0x39, 0x87, 0x39, 0xa7, 0x39, 0x87, 0x39, 0xa7, 0x39, 0x87, 0x39, 0xa7, 0x39, 0xa7, 0x39, 0xa7, 0x39, 0xa7, 0x39, 0xa7, 0x39,
  0xa7, 0x39, 0xa7, 0x39, 0xa7, 0x39, 0xa7, 0x39, 0x87, 0x39, 0xa7, 0x39, 0xa7, 0x39, 0xa7, 0x39, 0xa7, 0x39, 0x87, 0x39, 0xa7, 0x39, 0x87, 0x39,
  0xc6, 0x41, 0xc6, 0x41, 0xc6, 0x41, 0xc6, 0x41, 0xc6, 0x41, 0xc6, 0x41, 0xc6, 0x41, 0xc6, 0x41, 0xc6, 0x41, 0xc6, 0x41, 0xc6, 0x41, 0xc6, 0x41,
  0xc6, 0x41, 0xc6, 0x41, 0xc6, 0x41, 0xc6, 0x41, 0xc6, 0x41, 0xc6, 0x41, 0xc6, 0x41, 0xc6, 0x41, 0xc6, 0x41, 0xc6, 0x41, 0xc6, 0x41, 0xc6, 0x41,
  0xc6, 0x41, 0xc6, 0x41, 0xc6, 0x41, 0xc6, 0x41, 0xc6, 0x41, 0xc6, 0x41, 0xc6, 0x41, 0xc6, 0x41, 0xc6, 0x41, 0xc6, 0x41, 0xc6, 0x41, 0xc6, 0x41,
  0xc6, 0x41, 0xc6, 0x41, 0xc6, 0x41, 0xc6, 0x41, 0xc6, 0x41, 0xc6, 0x41, 0xc6, 0x41, 0xc6, 0x41, 0xc6, 0x41, 0xc6, 0x41, 0xc6, 0x41, 0xc6, 0x41,
  0xc6, 0x41, 0xc6, 0x41, 0xc6, 0x41, 0xc6, 0x41, 0xc6, 0x41, 0xc6, 0x41, 0xc6, 0x41, 0xc6, 0x41, 0xc6, 0x41, 0xc6, 0x49, 0xc6, 0x41, 0xc6, 0x41,
  0xc6, 0x41, 0xc6, 0x41, 0xc6, 0x41, 0xc6, 0x41, 0xc6, 0x41, 0xc6, 0x41, 0xc6, 0x41, 0xc6, 0x41, 0xc6, 0x41, 0xc6, 0x41, 0xc6, 0x41, 0x45, 0x42,
  0x84, 0x3b, 0x65, 0x44, 0x65, 0x44, 0x65, 0x44, 0x64, 0x44, 0x65, 0x44, 0x85, 0x44, 0x64, 0x44, 0x65, 0x44, 0x65, 0x44, 0x65, 0x44, 0x64, 0x44,
  0x65, 0x44, 0x64, 0x44, 0x64, 0x44, 0x64, 0x44, 0x65, 0x44, 0x65, 0x44, 0x65, 0x44, 0x64, 0x44, 0x64, 0x44, 0x65, 0x44, 0x65, 0x44, 0x65, 0x44,
  0x65, 0x44, 0x65, 0x44, 0x64, 0x44, 0x64, 0x44, 0x65, 0x44, 0x64, 0x44, 0x64, 0x44, 0x65, 0x44, 0x65, 0x44, 0x65, 0x44, 0x85, 0x44, 0x65, 0x44,
  0x65, 0x44, 0x64, 0x44, 0x65, 0x44, 0x65, 0x44, 0x64, 0x44, 0x64, 0x44, 0x64, 0x44, 0x64, 0x44, 0x64, 0x44, 0x64, 0x44, 0x64, 0x44, 0x64, 0x44,
  0x64, 0x44, 0x64, 0x44, 0x65, 0x44, 0x85, 0x44, 0x65, 0x44, 0x64, 0x44, 0x64, 0x44, 0x65, 0x44, 0x64, 0x44, 0x64, 0x44, 0x64, 0x44, 0x65, 0x44,
  0x65, 0x44, 0x65, 0x44, 0x64, 0x44, 0x64, 0x44, 0x64, 0x44, 0x65, 0x44, 0x64, 0x44, 0x64, 0x44, 0x65, 0x44, 0x65, 0x44, 0x64, 0x44, 0x65, 0x44,
  0x65, 0x44, 0x65, 0x44, 0x65, 0x44, 0x64, 0x44, 0x64, 0x44, 0x64, 0x44, 0x64, 0x44, 0x64, 0x44, 0x64, 0x44, 0x64, 0x44, 0x65, 0x44, 0x64, 0x44,
  0x65, 0x44, 0x64, 0x44, 0x65, 0x44, 0x65, 0x44, 0x64, 0x44, 0x64, 0x44, 0x64, 0x44, 0x64, 0x44, 0x64, 0x44, 0x64, 0x44, 0x64, 0x44, 0x64, 0x44,
  0x64, 0x44, 0x65, 0x44, 0x65, 0x44, 0x65, 0x44, 0x65, 0x44, 0x64, 0x44, 0x64, 0x44, 0x64, 0x44, 0x65, 0x44, 0x65, 0x44, 0x65, 0x44, 0x65, 0x44,
  0x65, 0x44, 0x65, 0x44, 0x65, 0x44, 0x65, 0x44, 0x64, 0x44, 0x64, 0x44, 0x64, 0x44, 0x64, 0x44, 0x64, 0x44, 0x64, 0x44, 0x64, 0x44, 0x64, 0x44,
  0x64, 0x44, 0x65, 0x44, 0x64, 0x44, 0x64, 0x44, 0x65, 0x44, 0x64, 0x44, 0x64, 0x44, 0x64, 0x44, 0x64, 0x44, 0x64, 0x44, 0x65, 0x44, 0x85, 0x44,
  0x65, 0x44, 0x64, 0x44, 0x64, 0x44, 0x84, 0x3b, 0x25, 0x3a, 0x86, 0x39, 0xa6, 0x39, 0xa6, 0x39, 0x86, 0x39, 0x86, 0x39, 0x86, 0x39, 0xa6, 0x39,
  0x86, 0x39, 0x86, 0x39, 0x86, 0x39, 0x86, 0x39, 0x87, 0x39, 0x86, 0x39, 0x86, 0x39, 0x86, 0x39, 0x86, 0x39, 0xa6, 0x39, 0x86, 0x39, 0x86, 0x39,
  0x86, 0x39, 0x87, 0x39, 0x86, 0x39, 0x87, 0x39, 0x87, 0x39, 0x87, 0x39, 0x87, 0x39, 0x87, 0x39, 0xa6, 0x39, 0x87, 0x39, 0x87, 0x39, 0xa6, 0x39,
  0x87, 0x39, 0x87, 0x39, 0xa6, 0x39, 0xa7, 0x39, 0x87, 0x39, 0x87, 0x39, 0x87, 0x39, 0xa7, 0x39, 0xa7, 0x39, 0xa7, 0x39, 0x87, 0x39, 0x87, 0x39,
  0x87, 0x39, 0x87, 0x39, 0x87, 0x39, 0x87, 0x39, 0x87, 0x39, 0x87, 0x39, 0x87, 0x39, 0x87, 0x39, 0xa7, 0x39, 0x87, 0x39, 0x87, 0x39, 0xa7, 0x39,
  0xa7, 0x39, 0xa7, 0x39, 0x87, 0x39, 0xa7, 0x39, 0xa7, 0x39, 0xa7, 0x39, 0xa7, 0x39, 0xa7, 0x39, 0xa7, 0x39, 0xa7, 0x39, 0xa7, 0x39, 0xa7, 0x39,
  0xc6, 0x41, 0xc6, 0x41, 0xc6, 0x41, 0xc6, 0x41, 0xc6, 0x41, 0xc6, 0x41, 0xc6, 0x41, 0xc6, 0x41, 0xc6, 0x41, 0xc6, 0x41, 0xc6, 0x41, 0xc6, 0x41,
  0xc6, 0x41, 0xc6, 0x41, 0xc6, 0x41, 0xc6, 0x41, 0xc6, 0x41, 0xc6, 0x41, 0xc6, 0x41, 0xc6, 0x41, 0xc6, 0x41, 0xc6, 0x41, 0xc6, 0x41, 0xc6, 0x41,
  0xc6, 0x41, 0xc6, 0x41, 0xc6, 0x41, 0xc6, 0x41, 0xc6, 0x41, 0xc6, 0x41, 0xc6, 0x41, 0xc6, 0x41, 0xc6, 0x41, 0xc6, 0x41, 0xc6, 0x41, 0xc6, 0x41,
  0xc6, 0x41, 0xc6, 0x41, 0xc6, 0x41, 0xc6, 0x41, 0xc6, 0x41, 0xc6, 0x41, 0xc6, 0x41, 0xc6, 0x41, 0xc6, 0x41, 0xc6, 0x41, 0xc6, 0x41, 0xc6, 0x41,
  0xc6, 0x41, 0xc6, 0x41, 0xc6, 0x41, 0xc6, 0x41, 0xc6, 0x41, 0xc6, 0x41, 0xc6, 0x41, 0xc6, 0x41, 0xc6, 0x41, 0xc6, 0x41, 0xc6, 0x41, 0xc6, 0x41,
  0xc6, 0x41, 0xc6, 0x41, 0xc6, 0x41, 0xc6, 0x41, 0xc6, 0x41, 0xc6, 0x41, 0xc6, 0x41, 0xc5, 0x41, 0xc6, 0x41, 0xc6, 0x41, 0xc6, 0x41, 0xc6, 0x41,
  0xa6, 0x41, 0x25, 0x42, 0x24, 0x3b, 0x24, 0x3c, 0x65, 0x44, 0x65, 0x44, 0x65, 0x44, 0x64, 0x44, 0x65, 0x44, 0x65, 0x44, 0x65, 0x44, 0x65, 0x44,
  0x65, 0x44, 0x64, 0x44, 0x65, 0x44, 0x64, 0x44, 0x64, 0x44, 0x64, 0x44, 0x64, 0x44, 0x64, 0x44, 0x64, 0x44, 0x64, 0x44, 0x64, 0x44, 0x64, 0x44,
  0x64, 0x44, 0x64, 0x44, 0x64, 0x44, 0x64, 0x44, 0x64, 0x44, 0x64, 0x44, 0x64, 0x44, 0x64, 0x44, 0x64, 0x44, 0x64, 0x44, 0x64, 0x44, 0x64, 0x44,
  0x64, 0x44, 0x64, 0x44, 0x64, 0x44, 0x64, 0x44, 0x65, 0x44, 0x65, 0x44, 0x64, 0x44, 0x64, 0x44, 0x64, 0x44, 0x65, 0x44, 0x64, 0x44, 0x65, 0x44,
  0x64, 0x44, 0x64, 0x44, 0x64, 0x44, 0x64, 0x44, 0x64, 0x44, 0x64, 0x44, 0x64, 0x44, 0x64, 0x44, 0x64, 0x44, 0x64, 0x44, 0x64, 0x44, 0x64, 0x44,
  0x64, 0x44, 0x64, 0x44, 0x64, 0x44, 0x65, 0x44, 0x64, 0x44, 0x64, 0x44, 0x64, 0x44, 0x64, 0x44, 0x64, 0x44, 0x64, 0x44, 0x64, 0x44, 0x64, 0x44,
  0x64, 0x44, 0x64, 0x44, 0x64, 0x44, 0x84, 0x44, 0x64, 0x44, 0x64, 0x44, 0x85, 0x44, 0x64, 0x44, 0x64, 0x44, 0x64, 0x44, 0x64, 0x44, 0x64, 0x44,
  0x64, 0x44, 0x64, 0x44, 0x64, 0x44, 0x64, 0x44, 0x64, 0x44, 0x64, 0x44, 0x64, 0x44, 0x64, 0x44, 0x64, 0x44, 0x64, 0x44, 0x64, 0x44, 0x64, 0x44,
  0x64, 0x44, 0x64, 0x44, 0x64, 0x44, 0x64, 0x44, 0x65, 0x44, 0x64, 0x44, 0x85, 0x44, 0x64, 0x44, 0x64, 0x44, 0x64, 0x44, 0x64, 0x44, 0x64, 0x44,
  0x65, 0x44, 0x64, 0x44, 0x65, 0x44, 0x65, 0x44, 0x65, 0x44, 0x65, 0x44, 0x64, 0x44, 0x65, 0x44, 0x65, 0x44, 0x64, 0x44, 0x65, 0x44, 0x64, 0x44,
  0x64, 0x44, 0x64, 0x44, 0x64, 0x44, 0x64, 0x44, 0x64, 0x44, 0x64, 0x44, 0x64, 0x44, 0x64, 0x44, 0x64, 0x44, 0x64, 0x44, 0x64, 0x44, 0x65, 0x44,
  0x24, 0x44, 0x24, 0x3b, 0x05, 0x3a, 0x86, 0x39, 0x86, 0x39, 0x86, 0x39, 0x86, 0x39, 0x86, 0x39, 0x86, 0x39, 0xa6, 0x39, 0x86, 0x39, 0x86, 0x39,
  0x86, 0x39, 0x86, 0x39, 0x86, 0x39, 0x86, 0x39, 0x86, 0x39, 0x86, 0x39, 0x86, 0x39, 0x86, 0x39, 0x86, 0x39, 0x86, 0x39, 0x86, 0x39, 0x86, 0x39,
  0x86, 0x39, 0x86, 0x39, 0x86, 0x39, 0x86, 0x39, 0x86, 0x39, 0x86, 0x39, 0x87, 0x39, 0x87, 0x39, 0x87, 0x39, 0x87, 0x39, 0x87, 0x39, 0x87, 0x39,
  0x87, 0x39, 0x87, 0x39, 0x87, 0x39, 0x87, 0x39, 0x87, 0x39, 0x87, 0x39, 0x87, 0x39, 0x87, 0x39, 0x87, 0x39, 0xa7, 0x39, 0x87, 0x39, 0xa7, 0x39,
  0x87, 0x39, 0xa7, 0x39, 0x87, 0x39, 0xa7, 0x39, 0xa7, 0x39, 0x87, 0x39, 0x87, 0x39, 0x87, 0x39, 0xa7, 0x39, 0xa7, 0x39, 0x87, 0x39, 0x87, 0x39,
  0x87, 0x39, 0x87, 0x39, 0xa7, 0x39, 0xa7, 0x39, 0xa7, 0x39, 0x87, 0x39, 0xa7, 0x39, 0xa7, 0x39, 0xa7, 0x39, 0xa7, 0x39, 0xa7, 0x39, 0xa7, 0x39,
  0xc6, 0x41, 0xc6, 0x41, 0xc6, 0x41, 0xc6, 0x41, 0xa5, 0x41, 0xc6, 0x41, 0xc6, 0x41, 0xc6, 0x41, 0xc6, 0x41, 0xc6, 0x41, 0xc6, 0x41, 0xc6, 0x41,
  0xc6, 0x41, 0xc6, 0x41, 0xc6, 0x41, 0xc6, 0x41, 0xc6, 0x41, 0xc6, 0x41, 0xc6, 0x41, 0xc6, 0x41, 0xc6, 0x41, 0xc6, 0x41, 0xc6, 0x41, 0xc6, 0x41,
  0xc6, 0x41, 0xc6, 0x41, 0xc6, 0x41, 0xc6, 0x41, 0xc6, 0x41, 0xc6, 0x41, 0xc6, 0x41, 0xc6, 0x41, 0xc6, 0x41, 0xc6, 0x41, 0xc6, 0x41, 0xc6, 0x41,
  0xc6, 0x41, 0xc6, 0x41, 0xc6, 0x41, 0xc6, 0x41, 0xc6, 0x41, 0xc6, 0x41, 0xc6, 0x41, 0xc6, 0x41, 0xc6, 0x41, 0xc6, 0x41, 0xc6, 0x41, 0xc5, 0x41,
  0xc6, 0x41, 0xc6, 0x41, 0xc6, 0x41, 0xc6, 0x41, 0xc6, 0x41, 0xc6, 0x41, 0xc6, 0x41, 0xc6, 0x41, 0xc6, 0x41, 0xc6, 0x41, 0xc6, 0x41, 0xc6, 0x41,
  0xc6, 0x41, 0xc6, 0x41, 0xc6, 0x41, 0xc6, 0x41, 0xa6, 0x41, 0xc6, 0x41, 0xc6, 0x41, 0xc6, 0x41, 0xc6, 0x41, 0xa6, 0x41, 0xc6, 0x41, 0xc6, 0x41,
  0xc6, 0x41, 0xc5, 0x41, 0xc6, 0x41, 0xc5, 0x41, 0x46, 0x42, 0x05, 0x3b, 0xc5, 0x43, 0x66, 0x44, 0x66, 0x44, 0x66, 0x44, 0x66, 0x44, 0x66, 0x44,
  0x66, 0x44, 0x66, 0x4c, 0x66, 0x44, 0x66, 0x44, 0x66, 0x44, 0x66, 0x44, 0x66, 0x4c, 0x66, 0x44, 0x66, 0x4c, 0x66, 0x44, 0x65, 0x44, 0x65, 0x44,
  0x66, 0x44, 0x66, 0x44, 0x65, 0x44, 0x66, 0x4c, 0x66, 0x44, 0x66, 0x4c, 0x66, 0x44, 0x66, 0x44, 0x66, 0x44, 0x66, 0x44, 0x66, 0x44, 0x65, 0x44,
  0x66, 0x44, 0x65, 0x44, 0x66, 0x44, 0x66, 0x44, 0x66, 0x44, 0x66, 0x44, 0x66, 0x44, 0x66, 0x44, 0x66, 0x44, 0x65, 0x44, 0x66, 0x44, 0x66, 0x44,
  0x66, 0x44, 0x66, 0x44, 0x65, 0x44, 0x65, 0x44, 0x65, 0x44, 0x66, 0x44, 0x66, 0x44, 0x66, 0x44, 0x65, 0x44, 0x66, 0x44, 0x65, 0x44, 0x66, 0x44,
  0x65, 0x44, 0x66, 0x44, 0x66, 0x44, 0x66, 0x44, 0x66, 0x4c, 0x66, 0x4c, 0x66, 0x44, 0x66, 0x4c, 0x66, 0x44, 0x66, 0x4c, 0x66, 0x44, 0x66, 0x44,
  0x66, 0x4c, 0x65, 0x44, 0x66, 0x44, 0x66, 0x44, 0x66, 0x44, 0x65, 0x44, 0x66, 0x44, 0x66, 0x44, 0x65, 0x44, 0x65, 0x44, 0x65, 0x44, 0x65, 0x44,
  0x65, 0x44, 0x65, 0x44, 0x65, 0x44, 0x65, 0x44, 0x66, 0x44, 0x65, 0x44, 0x66, 0x4c, 0x66, 0x44, 0x66, 0x4c, 0x66, 0x44, 0x66, 0x44, 0x66, 0x44,
  0x66, 0x44, 0x66, 0x44, 0x66, 0x44, 0x66, 0x4c, 0x65, 0x44, 0x66, 0x4c, 0x66, 0x44, 0x66, 0x44, 0x66, 0x44, 0x66, 0x44, 0x66, 0x44, 0x66, 0x44,
  0x65, 0x44, 0x66, 0x44, 0x66, 0x44, 0x66, 0x44, 0x66, 0x44, 0x66, 0x44, 0x65, 0x44, 0x66, 0x44, 0x66, 0x4c, 0x66, 0x44, 0x65, 0x4c, 0x66, 0x44,
  0x66, 0x4c, 0x66, 0x44, 0x66, 0x44, 0x66, 0x44, 0x65, 0x44, 0x65, 0x44, 0x65, 0x44, 0x66, 0x44, 0x65, 0x44, 0xc5, 0x43, 0x05, 0x43, 0x26, 0x3a,
  0xa6, 0x41, 0xa6, 0x39, 0x86, 0x39, 0x86, 0x39, 0x86, 0x39, 0x86, 0x39, 0xa6, 0x39, 0x86, 0x41, 0xa6, 0x39, 0x86, 0x39, 0x86, 0x39, 0xa6, 0x39,
  0x86, 0x39, 0x86, 0x39, 0x86, 0x39, 0x86, 0x39, 0xa7, 0x39, 0x86, 0x39, 0xa6, 0x39, 0x86, 0x39, 0x86, 0x39, 0x86, 0x39, 0x86, 0x39, 0xa6, 0x39,
  0x86, 0x39, 0x86, 0x39, 0x86, 0x39, 0x86, 0x39, 0x86, 0x39, 0x86, 0x39, 0x86, 0x39, 0x86, 0x39, 0x86, 0x39, 0x86, 0x39, 0x87, 0x39, 0x87, 0x39,
  0xa6, 0x39, 0xa7, 0x39, 0x87, 0x39, 0x87, 0x39, 0x87, 0x39, 0xa7, 0x39, 0x87, 0x39, 0x87, 0x39, 0x87, 0x39, 0x87, 0x39, 0x87, 0x39, 0xa7, 0x39,
  0x87, 0x39, 0x87, 0x39, 0x87, 0x39, 0x87, 0x39, 0x87, 0x39, 0x87, 0x39, 0xa7, 0x39, 0x87, 0x39, 0x87, 0x39, 0x87, 0x39, 0xa7, 0x39, 0x87, 0x39,
  0xa7, 0x39, 0x87, 0x39, 0x87, 0x39, 0xa7, 0x39, 0x87, 0x39, 0xa7, 0x39, 0x87, 0x39, 0x87, 0x39, 0xa7, 0x39, 0xa7, 0x39, 0xa7, 0x39, 0xa7, 0x39,
  0xa5, 0x41, 0xc6, 0x41, 0xc6, 0x41, 0xa5, 0x41, 0xc6, 0x41, 0xc6, 0x41, 0xc6, 0x41, 0xc6, 0x41, 0xc6, 0x41, 0xc6, 0x41, 0xc6, 0x41, 0xa5, 0x41,
  0xc6, 0x41, 0xc6, 0x41, 0xc6, 0x41, 0xc6, 0x41, 0xc6, 0x41, 0xc6, 0x41, 0xc6, 0x41, 0xc6, 0x41, 0xc6, 0x41, 0xc6, 0x41, 0xc6, 0x41, 0xc6, 0x41,
  0xc6, 0x41, 0xc6, 0x41, 0xc6, 0x41, 0xc6, 0x41, 0xc6, 0x41, 0xc6, 0x41, 0xc6, 0x41, 0xc6, 0x41, 0xc6, 0x41, 0xc6, 0x41, 0xc6, 0x41, 0xc6, 0x41,
  0xc6, 0x41, 0xc6, 0x41, 0xc6, 0x41, 0xc6, 0x41, 0xc6, 0x41, 0xc6, 0x41, 0xc6, 0x41, 0xa6, 0x41, 0xc6, 0x41, 0xc6, 0x41, 0xc6, 0x41, 0xc6, 0x41,
  0xc6, 0x41, 0xc6, 0x41, 0xc5, 0x41, 0xc6, 0x41, 0xc6, 0x41, 0xc6, 0x41, 0xc6, 0x41, 0xc6, 0x41, 0xc6, 0x41, 0xc6, 0x41, 0xc6, 0x41, 0xa6, 0x41,
  0xa6, 0x41, 0xa6, 0x41, 0xc6, 0x41, 0xc6, 0x41, 0xc6, 0x41, 0xa6, 0x41, 0xc6, 0x41, 0xc6, 0x41, 0xc6, 0x41, 0xa6, 0x41, 0xa6, 0x41, 0xa6, 0x41,
  0xa6, 0x41, 0xc6, 0x41, 0xa6, 0x41, 0xa6, 0x49, 0xa5, 0x41, 0xa6, 0x41, 0xa5, 0x41, 0xe6, 0x41, 0x86, 0x4a, 0x27, 0x4b, 0xc7, 0x53, 0x47, 0x5c,
  0xc8, 0x5c, 0xe8, 0x5c, 0xe8, 0x5c, 0xe8, 0x5c, 0xe8, 0x5c, 0xe8, 0x5c, 0xe8, 0x5c, 0xe8, 0x5c, 0xe8, 0x5c, 0xe8, 0x5c, 0xe8, 0x5c, 0xe8, 0x5c,
  0xe8, 0x5c, 0xe8, 0x5c, 0xe8, 0x5c, 0xe8, 0x5c, 0xe8, 0x5c, 0xe8, 0x5c, 0xe8, 0x5c, 0xe8, 0x5c, 0xe8, 0x5c, 0xe8, 0x5c, 0xe8, 0x5c, 0xe8, 0x5c,
  0xe8, 0x5c, 0xe8, 0x5c, 0xe8, 0x5c, 0xe8, 0x5c, 0xe8, 0x5c, 0xe8, 0x5c, 0xe8, 0x5c, 0xe8, 0x5c, 0xe8, 0x5c, 0xe8, 0x5c, 0xe8, 0x5c, 0xe8, 0x5c,
  0xe8, 0x5c, 0xe8, 0x5c, 0xe8, 0x5c, 0xe8, 0x5c, 0xe8, 0x5c, 0xe8, 0x5c, 0xe8, 0x5c, 0xe8, 0x5c, 0xe8, 0x5c, 0xe8, 0x5c, 0xe8, 0x5c, 0xe8, 0x5c,
  0xe8, 0x5c, 0xe8, 0x5c, 0xe8, 0x5c, 0xe8, 0x5c, 0xe8, 0x5c, 0xe8, 0x5c, 0xe8, 0x5c, 0x08, 0x5d, 0xe8, 0x5c, 0x08, 0x5d, 0xe8, 0x5c, 0xe8, 0x5c,
  0xe8, 0x5c, 0xe8, 0x5c, 0xe8, 0x5c, 0x08, 0x5d, 0xe8, 0x5c, 0x08, 0x5d, 0xe8, 0x5c, 0xe8, 0x5c, 0xe8, 0x5c, 0x08, 0x5d, 0xe8, 0x5c, 0xe8, 0x5c,
  0xe8, 0x5c, 0xe8, 0x5c, 0xe8, 0x5c, 0xe8, 0x5c, 0xe8, 0x5c, 0xe8, 0x5c, 0xe8, 0x5c, 0xe8, 0x5c, 0xe8, 0x5c, 0xe8, 0x5c, 0xe8, 0x5c, 0xe8, 0x5c,
  0xe8, 0x5c, 0xe8, 0x5c, 0xe8, 0x5c, 0xe8, 0x5c, 0xe8, 0x5c, 0xe8, 0x5c, 0xe8, 0x5c, 0xe8, 0x5c, 0xe8, 0x5c, 0xe8, 0x5c, 0xe8, 0x5c, 0xe8, 0x5c,
  0xe8, 0x5c, 0xe8, 0x5c, 0xe8, 0x5c, 0xe8, 0x5c, 0xe8, 0x5c, 0xe8, 0x5c, 0xe8, 0x5c, 0xe8, 0x5c, 0xe8, 0x5c, 0xe8, 0x5c, 0xe8, 0x5c, 0xe8, 0x5c,
  0xe8, 0x5c, 0xe8, 0x5c, 0xe8, 0x5c, 0xc8, 0x5c, 0x48, 0x54, 0xc7, 0x53, 0x07, 0x4b, 0x66, 0x42, 0xc6, 0x41, 0xa6, 0x39, 0x86, 0x39, 0x86, 0x41,
  0x86, 0x39, 0x86, 0x39, 0x86, 0x39, 0x86, 0x39, 0xa6, 0x41, 0x86, 0x39, 0x86, 0x39, 0x86, 0x39, 0x86, 0x39, 0xa6, 0x39, 0x86, 0x39, 0xa6, 0x39,
  0x86, 0x39, 0xa6, 0x41, 0x86, 0x39, 0x86, 0x39, 0x86, 0x39, 0x86, 0x39, 0x86, 0x39, 0x86, 0x39, 0x86, 0x39, 0xa6, 0x41, 0x86, 0x39, 0x86, 0x39,
  0xa7, 0x39, 0x86, 0x39, 0x86, 0x39, 0x86, 0x39, 0x86, 0x39, 0x86, 0x39, 0x86, 0x39, 0x86, 0x39, 0x87, 0x41, 0x86, 0x39, 0x86, 0x39, 0x87, 0x39,
  0x87, 0x39, 0x86, 0x39, 0x87, 0x39, 0x87, 0x39, 0xa7, 0x41, 0x86, 0x39, 0x87, 0x39, 0xa7, 0x39, 0x87, 0x39, 0x87, 0x39, 0x87, 0x39, 0xa7, 0x39,
  0x87, 0x39, 0x87, 0x39, 0x87, 0x39, 0x87, 0x39, 0x87, 0x39, 0xa7, 0x39, 0x87, 0x39, 0x86, 0x39, 0x87, 0x39, 0x87, 0x39, 0x87, 0x39, 0x87, 0x39,
  0x87, 0x39, 0x87, 0x39, 0x87, 0x39, 0xa7, 0x39, 0x87, 0x39, 0xa7, 0x39, 0x87, 0x39, 0x87, 0x39, 0x87, 0x39, 0x87, 0x39, 0xa7, 0x39, 0xa7, 0x39,
  0xc6, 0x41, 0xc6, 0x41, 0xc6, 0x41, 0xc6, 0x41, 0xc6, 0x41, 0xc6, 0x41, 0xa5, 0x41, 0xc6, 0x41, 0xc6, 0x41, 0xc6, 0x41, 0xc6, 0x41, 0xc6, 0x41,
  0xc6, 0x41, 0xc6, 0x41, 0xc6, 0x41, 0xc6, 0x41, 0xc6, 0x41, 0xa5, 0x41, 0xc6, 0x41, 0xc6, 0x41, 0xc6, 0x41, 0xc6, 0x41, 0xc6, 0x41, 0xc6, 0x41,
  0xc6, 0x41, 0xc6, 0x41, 0xc6, 0x41, 0xc6, 0x41, 0xc6, 0x41, 0xc6, 0x41, 0xc6, 0x41, 0xc6, 0x41, 0xc6, 0x41, 0xc6, 0x41, 0xc6, 0x41, 0xc6, 0x41,
  0xc6, 0x41, 0xc6, 0x41, 0xc6, 0x41, 0xc6, 0x41, 0xc6, 0x41, 0xc6, 0x41, 0xc6, 0x41, 0xc6, 0x41, 0xa6, 0x41, 0xc6, 0x41, 0xc6, 0x41, 0xc6, 0x41,
  0xc6, 0x41, 0xc6, 0x41, 0xa6, 0x41, 0xc6, 0x41, 0xa6, 0x41, 0xc6, 0x41, 0xc6, 0x41, 0xc6, 0x41, 0xa6, 0x41, 0xc6, 0x41, 0xc6, 0x41, 0xc6, 0x41,
  0xc6, 0x41, 0xc5, 0x41, 0xc6, 0x41, 0xa6, 0x41, 0xc6, 0x41, 0xa6, 0x41, 0xa6, 0x41, 0xa6, 0x41, 0xa6, 0x41, 0xc6, 0x41, 0xc5, 0x41, 0xa6, 0x41,
  0xa6, 0x41, 0xc5, 0x41, 0xa6, 0x49, 0xc5, 0x41, 0xc6, 0x41, 0xa6, 0x41, 0xc6, 0x41, 0xa6, 0x41, 0xc6, 0x41, 0xc6, 0x41, 0xa6, 0x41, 0xc6, 0x41,
  0xc6, 0x41, 0x26, 0x4a, 0xa7, 0x4a, 0x07, 0x53, 0x48, 0x53, 0xa8, 0x5b, 0xe9, 0x63, 0x29, 0x64, 0x69, 0x64, 0x8a, 0x64, 0xaa, 0x6c, 0xca, 0x6c,
  0xea, 0x6c, 0x0a, 0x6d, 0x2a, 0x6d, 0x2b, 0x75, 0x4a, 0x6d, 0x4b, 0x75, 0x4a, 0x75, 0x6b, 0x75, 0x6b, 0x75, 0x6b, 0x75, 0x6b, 0x75, 0x6b, 0x75,
  0x6b, 0x6d, 0x6b, 0x75, 0x6b, 0x75, 0x6b, 0x75, 0x6b, 0x75, 0x6b, 0x6d, 0x6b, 0x75, 0x6b, 0x75, 0x6b, 0x75, 0x6a, 0x75, 0x6b, 0x75, 0x6b, 0x75,
  0x6b, 0x75, 0x6b, 0x75, 0x6b, 0x75, 0x6b, 0x75, 0x6b, 0x75, 0x6b, 0x75, 0x6b, 0x75, 0x6b, 0x75, 0x6b, 0x75, 0x6b, 0x75, 0x6b, 0x75, 0x6b, 0x75,
  0x6a, 0x75, 0x6b, 0x75, 0x6a, 0x75, 0x6b, 0x75, 0x6b, 0x75, 0x6b, 0x75, 0x6b, 0x75, 0x6b, 0x75, 0x6b, 0x75, 0x6b, 0x75, 0x6b, 0x75, 0x6b, 0x75,
  0x6b, 0x75, 0x6b, 0x75, 0x6a, 0x75, 0x6a, 0x75, 0x6b, 0x75, 0x6b, 0x75, 0x6b, 0x75, 0x6b, 0x75, 0x6b, 0x75, 0x6a, 0x75, 0x6b, 0x75, 0x6b, 0x75,
  0x6b, 0x75, 0x6b, 0x6d, 0x6b, 0x75, 0x6b, 0x75, 0x6b, 0x75, 0x6b, 0x75, 0x6b, 0x75, 0x6b, 0x75, 0x6b, 0x75, 0x6b, 0x75, 0x6b, 0x75, 0x6b, 0x75,
  0x6a, 0x75, 0x6b, 0x75, 0x6b, 0x75, 0x6b, 0x75, 0x6b, 0x75, 0x6a, 0x75, 0x6b, 0x75, 0x6a, 0x75, 0x4b, 0x75, 0x4a, 0x75, 0x4b, 0x75, 0x4a, 0x75,
  0x2a, 0x6d, 0x0a, 0x6d, 0xea, 0x6c, 0xea, 0x6c, 0xea, 0x6c, 0xaa, 0x6c, 0x89, 0x64, 0x69, 0x64, 0x29, 0x5c, 0xe9, 0x5b, 0x88, 0x5b, 0x28, 0x53,
  0xe8, 0x4a, 0x87, 0x4a, 0xe6, 0x41, 0x86, 0x39, 0x86, 0x39, 0x86, 0x39, 0x86, 0x41, 0x86, 0x41, 0x86, 0x39, 0x86, 0x41, 0xa6, 0x41, 0x86, 0x39,
  0x86, 0x39, 0xa6, 0x39, 0x86, 0x39, 0x86, 0x39, 0x86, 0x39, 0x86, 0x39, 0x86, 0x39, 0x86, 0x39, 0xa6, 0x39, 0x86, 0x41, 0xa6, 0x39, 0xa6, 0x41,
  0x86, 0x39, 0x86, 0x39, 0xa6, 0x39, 0xa7, 0x39, 0xa6, 0x39, 0xa6, 0x39, 0xa7, 0x39, 0xa7, 0x39, 0xa7, 0x39, 0x86, 0x39, 0x87, 0x39, 0xa6, 0x39,
  0x86, 0x39, 0x86, 0x39, 0x86, 0x39, 0x86, 0x39, 0xa6, 0x39, 0x86, 0x39, 0xa6, 0x39, 0x86, 0x39, 0x86, 0x39, 0x86, 0x39, 0x87, 0x39, 0x86, 0x39,
  0xa7, 0x39, 0xa7, 0x39, 0x86, 0x39, 0xa7, 0x39, 0x87, 0x39, 0xa7, 0x39, 0x87, 0x39, 0x87, 0x39, 0x87, 0x39, 0x87, 0x39, 0x86, 0x39, 0x86, 0x39,
  0x87, 0x39, 0x87, 0x39, 0x87, 0x39, 0xa7, 0x39, 0x87, 0x39, 0x87, 0x39, 0xa6, 0x39, 0xa7, 0x39, 0x87, 0x39, 0x87, 0x39, 0x87, 0x39, 0xa7, 0x39,
  0xa7, 0x39, 0xa7, 0x39, 0xa7, 0x39, 0xa7, 0x39, 0x87, 0x39, 0x87, 0x39, 0x87, 0x39, 0x87, 0x39, 0x87, 0x39, 0x87, 0x39, 0x87, 0x39, 0x87, 0x39,
  0xa5, 0x41, 0xa5, 0x41, 0xa5, 0x41, 0xa5, 0x41, 0xc6, 0x41, 0xc6, 0x41, 0xc6, 0x41, 0xc6, 0x41, 0xc6, 0x41, 0xc6, 0x41, 0xc6, 0x41, 0xc6, 0x41,
  0xa5, 0x41, 0xa5, 0x41, 0xc6, 0x41, 0xa5, 0x41, 0xc6, 0x41, 0xc6, 0x41, 0xa5, 0x41, 0xc6, 0x41, 0xc6, 0x41, 0xa5, 0x41, 0xc6, 0x41, 0xa5, 0x41,
  0xc6, 0x41, 0xc6, 0x41, 0xc6, 0x41, 0xc6, 0x41, 0xc6, 0x41, 0xa5, 0x41, 0xa5, 0x41, 0xc6, 0x41, 0xa5, 0x41, 0xc6, 0x41, 0xa6, 0x41, 0xa5, 0x41,
  0xc6, 0x41, 0xa6, 0x41, 0xc5, 0x41, 0xc6, 0x41, 0xc6, 0x41, 0xc6, 0x41, 0xc6, 0x41, 0xc6, 0x41, 0xc6, 0x41, 0xa5, 0x41, 0xc6, 0x41, 0xa5, 0x41,
  0xa5, 0x41, 0xa6, 0x41, 0xc5, 0x41, 0xa6, 0x41, 0xa6, 0x41, 0xc6, 0x41, 0xa5, 0x41, 0xa5, 0x41, 0xa6, 0x49, 0xa5, 0x41, 0xc6, 0x49, 0xa6, 0x41,
  0xa6, 0x49, 0xc6, 0x41, 0xa5, 0x41, 0xc6, 0x41, 0xa6, 0x41, 0xc6, 0x41, 0xc5, 0x41, 0xc6, 0x41, 0xa6, 0x41, 0xa6, 0x49, 0xc6, 0x41, 0xa6, 0x41,
  0xc6, 0x41, 0xc6, 0x41, 0xc6, 0x41, 0xa6, 0x41, 0xa5, 0x41, 0xa5, 0x41, 0xa6, 0x41, 0xc6, 0x41, 0xa6, 0x41, 0xa6, 0x41, 0xa5, 0x41, 0xa5, 0x41,
  0xa5, 0x41, 0xa6, 0x41, 0xa5, 0x41, 0xa5, 0x41, 0xa5, 0x41, 0xa6, 0x41, 0xa5, 0x41, 0xa5, 0x41, 0xc5, 0x41, 0xa6, 0x41, 0xa5, 0x41, 0xa5, 0x49,
  0xa5, 0x41, 0xa5, 0x41, 0xa6, 0x41, 0xa5, 0x41, 0xa6, 0x41, 0xa5, 0x41, 0xa6, 0x41, 0xa6, 0x41, 0xa5, 0x41, 0xa5, 0x41, 0xa5, 0x41, 0xa5, 0x41,
  0xa5, 0x49, 0xa5, 0x41, 0xa5, 0x41, 0xa5, 0x41, 0xa5, 0x41, 0xa6, 0x41, 0xa5, 0x41, 0xa6, 0x41, 0xa5, 0x41, 0xa6, 0x41, 0xa5, 0x41, 0xa5, 0x41,
  0xa6, 0x41, 0xa5, 0x41, 0xa6, 0x41, 0xa5, 0x41, 0xa6, 0x41, 0xa6, 0x41, 0xa6, 0x41, 0xa6, 0x41, 0xa5, 0x41, 0xa5, 0x41, 0xa5, 0x41, 0xa5, 0x41,
  0xa6, 0x41, 0xa5, 0x41, 0xa6, 0x41, 0xa5, 0x41, 0xa6, 0x41, 0xa6, 0x41, 0xa5, 0x41, 0xa6, 0x41, 0xa6, 0x41, 0xa6, 0x41, 0xa6, 0x41, 0xa6, 0x41,
  0xa6, 0x41, 0xa5, 0x41, 0xa5, 0x41, 0xa6, 0x41, 0xa6, 0x41, 0xa6, 0x41, 0xa6, 0x41, 0xa6, 0x41, 0xa6, 0x41, 0xa6, 0x41, 0xa6, 0x41, 0xa6, 0x41,
  0xa6, 0x41, 0xa6, 0x41, 0xa6, 0x41, 0xa6, 0x41, 0xa6, 0x41, 0xa6, 0x41, 0xa6, 0x41, 0xa6, 0x41, 0xa6, 0x39, 0xa6, 0x41, 0xa6, 0x41, 0xa6, 0x39,
  0x86, 0x41, 0xa6, 0x41, 0xa6, 0x41, 0x86, 0x41, 0xa6, 0x41, 0x86, 0x41, 0xa6, 0x41, 0xa6, 0x41, 0xa6, 0x41, 0x86, 0x41, 0xa6, 0x41, 0xa6, 0x41,
  0xa6, 0x41, 0x86, 0x41, 0xa6, 0x41, 0x86, 0x41, 0xa6, 0x41, 0x86, 0x41, 0x86, 0x41, 0x86, 0x41, 0xa6, 0x41, 0x86, 0x41, 0x86, 0x39, 0xa6, 0x41,
  0x86, 0x41, 0xa6, 0x41, 0xa6, 0x41, 0x86, 0x41, 0x86, 0x41, 0x86, 0x39, 0xa6, 0x39, 0xa6, 0x39, 0x86, 0x39, 0xa6, 0x39, 0x86, 0x39, 0xa6, 0x39,
  0x86, 0x39, 0x86, 0x41, 0x86, 0x39, 0xa7, 0x41, 0x86, 0x39, 0x86, 0x39, 0xa6, 0x41, 0x86, 0x39, 0x86, 0x39, 0x86, 0x39, 0x86, 0x41, 0x86, 0x39,
  0x86, 0x41, 0x86, 0x41, 0x86, 0x41, 0x86, 0x39, 0x86, 0x39, 0x86, 0x39, 0x86, 0x39, 0x86, 0x39, 0x86, 0x39, 0x86, 0x39, 0x86, 0x39, 0x86, 0x39,
  0xa7, 0x39, 0x86, 0x39, 0x86, 0x39, 0x86, 0x39, 0x86, 0x39, 0x86, 0x39, 0x87, 0x39, 0xa6, 0x39, 0x87, 0x41, 0x86, 0x39, 0x86, 0x39, 0xa6, 0x39,
  0x87, 0x39, 0x86, 0x39, 0xa7, 0x39, 0x87, 0x39, 0x86, 0x39, 0x86, 0x39, 0x87, 0x39, 0x87, 0x39, 0x87, 0x39, 0x87, 0x39, 0x87, 0x39, 0x87, 0x39,
  0x87, 0x39, 0x87, 0x39, 0x87, 0x39, 0x87, 0x39, 0x87, 0x39, 0x86, 0x39, 0x87, 0x39, 0x87, 0x39, 0xa7, 0x39, 0x87, 0x39, 0x87, 0x39, 0x87, 0x39,
  0x87, 0x39, 0x87, 0x39, 0x87, 0x39, 0x87, 0x39, 0xa7, 0x39, 0x87, 0x39, 0xa7, 0x39, 0x87, 0x39, 0x87, 0x39, 0x87, 0x39, 0xa7, 0x39, 0x87, 0x39,
  0xc6, 0x41, 0xa5, 0x41, 0xc6, 0x41, 0xc6, 0x41, 0xa5, 0x41, 0xa5, 0x41, 0xc6, 0x41, 0xa5, 0x41, 0xa5, 0x41, 0xc6, 0x41, 0xc6, 0x41, 0xc6, 0x41,
  0xc6, 0x41, 0xc6, 0x41, 0xc6, 0x41, 0xc6, 0x41, 0xc6, 0x41, 0xc6, 0x41, 0xc6, 0x41, 0xc6, 0x41, 0xc6, 0x41, 0xc6, 0x41, 0xc6, 0x41, 0xc6, 0x41,
  0xc6, 0x41, 0xc6, 0x41, 0xc6, 0x41, 0xc6, 0x41, 0xc6, 0x41, 0xc6, 0x41, 0xc6, 0x41, 0xc6, 0x41, 0xc6, 0x41, 0xc6, 0x41, 0xc6, 0x41, 0xc6, 0x41,
  0xc6, 0x41, 0xc6, 0x41, 0xc6, 0x41, 0xc6, 0x41, 0xc6, 0x41, 0xc6, 0x41, 0xc6, 0x41, 0xa6, 0x41, 0xc6, 0x41, 0xc6, 0x41, 0xc6, 0x41, 0xc6, 0x41,
  0xa6, 0x41, 0xc6, 0x41, 0xa6, 0x41, 0xc6, 0x41, 0xa6, 0x41, 0xa5, 0x41, 0xc6, 0x41, 0xa6, 0x41, 0xc6, 0x41, 0xa5, 0x49, 0xa5, 0x41, 0xa6, 0x41,
  0xc5, 0x41, 0xc6, 0x41, 0xc6, 0x41, 0xa6, 0x49, 0xc5, 0x41, 0xa5, 0x41, 0xa6, 0x41, 0xc6, 0x41, 0xc6, 0x41, 0xc6, 0x41, 0xc5, 0x41, 0xc6, 0x41,
  0xc6, 0x41, 0xa5, 0x41, 0xa6, 0x49, 0xc6, 0x41, 0xa6, 0x41, 0xa6, 0x49, 0xc5, 0x41, 0xa5, 0x41, 0xa5, 0x41, 0xa5, 0x41, 0xa6, 0x41, 0xa5, 0x41,
  0xa5, 0x41, 0xa5, 0x41, 0xa6, 0x41, 0xa6, 0x41, 0xa5, 0x41, 0xa5, 0x41, 0xa5, 0x41, 0xa5, 0x41, 0xa6, 0x41, 0xa5, 0x41, 0xa5, 0x41, 0xc6, 0x41,
  0xa5, 0x41, 0xa5, 0x41, 0xa5, 0x41, 0xa6, 0x41, 0xa5, 0x41, 0xa6, 0x41, 0xa6, 0x41, 0xa5, 0x41, 0xa6, 0x41, 0xa5, 0x41, 0xc6, 0x41, 0xa5, 0x41,
  0xa5, 0x41, 0xa5, 0x41, 0xa5, 0x41, 0xa5, 0x41, 0xa5, 0x41, 0xa5, 0x41, 0xa5, 0x41, 0xa5, 0x41, 0xa5, 0x41, 0xa5, 0x41, 0xa5, 0x41, 0xa5, 0x41,
  0xa5, 0x41, 0xa5, 0x41, 0xa5, 0x41, 0xa5, 0x41, 0xa5, 0x41, 0xa5, 0x41, 0xa5, 0x41, 0xa5, 0x41, 0xa5, 0x41, 0xa6, 0x41, 0xa5, 0x41, 0xa5, 0x41,
  0xa6, 0x41, 0xa5, 0x41, 0xa5, 0x41, 0xa6, 0x41, 0xa5, 0x41, 0xa5, 0x41, 0xa6, 0x41, 0xa5, 0x41, 0xa5, 0x41, 0xa5, 0x41, 0xa5, 0x41, 0xa6, 0x41,
  0xa5, 0x41, 0xa6, 0x41, 0xa6, 0x41, 0x85, 0x41, 0xa6, 0x41, 0xa5, 0x41, 0xa6, 0x41, 0xa6, 0x41, 0xa6, 0x41, 0xa5, 0x41, 0xa6, 0x41, 0xa6, 0x41,
  0xa6, 0x41, 0xa6, 0x41, 0xa6, 0x41, 0xa6, 0x41, 0x86, 0x41, 0xa6, 0x41, 0xa6, 0x41, 0xa6, 0x39, 0xa6, 0x41, 0xa6, 0x41, 0xa6, 0x41, 0xa6, 0x41,
  0xa6, 0x41, 0xa6, 0x41, 0x86, 0x41, 0xa6, 0x41, 0x86, 0x39, 0xa6, 0x41, 0x86, 0x41, 0xa6, 0x41, 0x86, 0x41, 0x86, 0x41, 0xa6, 0x41, 0x86, 0x41,
  0x86, 0x41, 0x86, 0x41, 0x86, 0x41, 0x86, 0x41, 0x86, 0x41, 0x86, 0x41, 0x86, 0x41, 0x86, 0x41, 0x86, 0x41, 0x86, 0x41, 0x86, 0x41, 0x86, 0x41,
  0x86, 0x41, 0x86, 0x41, 0x86, 0x41, 0x86, 0x41, 0xa6, 0x39, 0x86, 0x41, 0x86, 0x41, 0x86, 0x41, 0x86, 0x39, 0x86, 0x39, 0xa6, 0x41, 0x86, 0x39,
  0x86, 0x39, 0x86, 0x39, 0x86, 0x39, 0x86, 0x39, 0x86, 0x39, 0x86, 0x39, 0x86, 0x39, 0x86, 0x39, 0x86, 0x39, 0x86, 0x41, 0x86, 0x39, 0x86, 0x39,
  0x86, 0x39, 0x86, 0x39, 0x86, 0x39, 0x86, 0x39, 0xa6, 0x39, 0x86, 0x39, 0x86, 0x39, 0x86, 0x39, 0x86, 0x39, 0x86, 0x39, 0x86, 0x39, 0x86, 0x39,
  0x86, 0x39, 0x86, 0x39, 0x86, 0x39, 0x86, 0x39, 0x86, 0x39, 0x86, 0x39, 0x86, 0x39, 0x86, 0x39, 0x86, 0x39, 0x86, 0x39, 0x86, 0x39, 0x86, 0x39,
  0x86, 0x39, 0x87, 0x39, 0x87, 0x39, 0x86, 0x39, 0x87, 0x39, 0x86, 0x39, 0x86, 0x39, 0x87, 0x39, 0x87, 0x39, 0x87, 0x39, 0x87, 0x39, 0x87, 0x39,
  0x87, 0x39, 0x87, 0x39, 0x87, 0x39, 0x87, 0x39, 0x87, 0x39, 0x87, 0x39, 0xa6, 0x39, 0xa7, 0x39, 0xa7, 0x39, 0x87, 0x39, 0x87, 0x39, 0xa7, 0x39,
  0xa7, 0x39, 0x87, 0x39, 0x87, 0x39, 0x87, 0x39, 0x87, 0x39, 0x87, 0x39, 0xa7, 0x39, 0x87, 0x39, 0x87, 0x39, 0x87, 0x39, 0x87, 0x39, 0x87, 0x39,
  0xa5, 0x41, 0xa5, 0x41, 0xc6, 0x41, 0xa5, 0x41, 0xa5, 0x41, 0xc6, 0x41, 0xa5, 0x41, 0xc6, 0x41, 0xc6, 0x41, 0xc6, 0x41, 0xa5, 0x41, 0xc6, 0x41,
  0xa5, 0x41, 0xc6, 0x41, 0xa5, 0x41, 0xa5, 0x41, 0xc6, 0x41, 0xc6, 0x41, 0xa5, 0x41, 0xa6, 0x41, 0xc6, 0x41, 0xa5, 0x41, 0xc6, 0x41, 0xc6, 0x41,
  0xc6, 0x41, 0xc6, 0x41, 0xc6, 0x41, 0xa5, 0x41, 0xc6, 0x41, 0xc6, 0x41, 0xc6, 0x41, 0xc6, 0x41, 0xc6, 0x41, 0xc6, 0x41, 0xa6, 0x41, 0xc6, 0x41,
  0xa6, 0x41, 0xc6, 0x41, 0xc5, 0x41, 0xc6, 0x41, 0xa6, 0x41, 0xc6, 0x41, 0xc6, 0x41, 0xc6, 0x41, 0xa5, 0x41, 0xc6, 0x41, 0xc6, 0x41, 0xc6, 0x41,
  0xc6, 0x41, 0xc6, 0x41, 0xa5, 0x41, 0xc6, 0x41, 0xc5, 0x41, 0xa5, 0x41, 0xc5, 0x41, 0xc6, 0x41, 0xa5, 0x41, 0xc5, 0x41, 0xa5, 0x41, 0xa5, 0x41,
  0xa5, 0x41, 0xa5, 0x41, 0xa5, 0x41, 0xa5, 0x41, 0xc6, 0x41, 0xc5, 0x41, 0xa5, 0x41, 0xa6, 0x41, 0xa6, 0x41, 0xc6, 0x41, 0xc5, 0x41, 0xc5, 0x41,
  0xa6, 0x41, 0xc5, 0x41, 0xa6, 0x41, 0xc5, 0x41, 0xa5, 0x41, 0xa5, 0x41, 0xa5, 0x41, 0xa5, 0x41, 0xa5, 0x41, 0xa6, 0x41, 0xa5, 0x41, 0xa5, 0x41,
  0xa6, 0x41, 0xa6, 0x41, 0xc5, 0x41, 0xa5, 0x41, 0xa5, 0x41, 0xa5, 0x41, 0xc5, 0x41, 0xa5, 0x41, 0xa5, 0x41, 0xa5, 0x41, 0xa5, 0x41, 0xa5, 0x41,
  0xa6, 0x41, 0xa5, 0x41, 0xa5, 0x41, 0xa5, 0x41, 0xa5, 0x41, 0xa5, 0x41, 0xa5, 0x41, 0xa5, 0x41, 0xa5, 0x41, 0xa5, 0x41, 0xa5, 0x41, 0xa5, 0x41,
  0xa5, 0x41, 0xa5, 0x41, 0xa5, 0x41, 0xa5, 0x41, 0xa5, 0x41, 0xa5, 0x41, 0xa5, 0x41, 0xa5, 0x41, 0xa5, 0x41, 0xa6, 0x41, 0xa5, 0x41, 0xa5, 0x41,
  0xa5, 0x41, 0xa5, 0x41, 0xa5, 0x41, 0xa5, 0x41, 0xa5, 0x41, 0xa5, 0x41, 0xa5, 0x41, 0xa5, 0x41, 0xa5, 0x41, 0xa5, 0x41, 0xa6, 0x41, 0xa6, 0x41,
  0xa6, 0x41, 0xa6, 0x41, 0xa6, 0x41, 0xa5, 0x41, 0xa6, 0x41, 0xa6, 0x41, 0xa5, 0x41, 0xa6, 0x41, 0xa5, 0x41, 0xa6, 0x41, 0xa6, 0x41, 0xa6, 0x41,
  0xa6, 0x41, 0xa5, 0x41, 0xa6, 0x41, 0xa6, 0x41, 0xa6, 0x41, 0xa6, 0x41, 0xa6, 0x41, 0xa5, 0x41, 0xa6, 0x41, 0xa6, 0x41, 0xa6, 0x41, 0xa6, 0x41,
  0xa6, 0x41, 0xa6, 0x41, 0xa6, 0x41, 0xa6, 0x41, 0xa6, 0x41, 0xa6, 0x41, 0xa6, 0x41, 0xa6, 0x41, 0xa6, 0x39, 0xa6, 0x41, 0x86, 0x41, 0x86, 0x41,
  0xa6, 0x41, 0xa6, 0x41, 0x86, 0x41, 0x86, 0x41, 0x86, 0x41, 0x86, 0x41, 0x86, 0x41, 0x86, 0x41, 0x86, 0x41, 0x86, 0x41, 0x86, 0x41, 0xa6, 0x41,
  0x86, 0x41, 0x86, 0x41, 0xa6, 0x41, 0x86, 0x41, 0x86, 0x41, 0xa6, 0x41, 0x86, 0x41, 0x86, 0x41, 0x86, 0x41, 0x86, 0x41, 0x86, 0x41, 0x86, 0x41,
  0x86, 0x41, 0x86, 0x41, 0x86, 0x41, 0xa6, 0x41, 0x86, 0x41, 0x86, 0x41, 0x86, 0x41, 0x86, 0x41, 0x86, 0x41, 0x86, 0x41, 0xa6, 0x39, 0x86, 0x39,
  0x86, 0x39, 0x86, 0x39, 0x86, 0x41, 0xa6, 0x39, 0x86, 0x39, 0xa6, 0x41, 0x86, 0x39, 0x86, 0x39, 0x86, 0x39, 0x86, 0x39, 0x86, 0x39, 0x86, 0x39,
  0x86, 0x39, 0x86, 0x41, 0x86, 0x39, 0x86, 0x41, 0x86, 0x39, 0x86, 0x39, 0x86, 0x39, 0x86, 0x39, 0x86, 0x39, 0x86, 0x39, 0x86, 0x39, 0x86, 0x39,
  0x86, 0x39, 0x86, 0x39, 0x86, 0x39, 0x86, 0x39, 0x86, 0x39, 0x87, 0x39, 0x86, 0x39, 0x86, 0x39, 0x86, 0x39, 0x86, 0x39, 0x86, 0x39, 0x86, 0x39,
  0x86, 0x39, 0x86, 0x39, 0x86, 0x39, 0x86, 0x39, 0xa7, 0x39, 0x86, 0x39, 0x86, 0x39, 0xa7, 0x39, 0x87, 0x39, 0x87, 0x39, 0x87, 0x39, 0x87, 0x39,
  0x87, 0x39, 0x87, 0x39, 0x87, 0x39, 0x86, 0x39, 0x87, 0x39, 0x86, 0x39, 0x87, 0x39, 0x86, 0x39, 0xa7, 0x39, 0x87, 0x39, 0x87, 0x39, 0x87, 0x39,
  0xa7, 0x39, 0x87, 0x39, 0x87, 0x39, 0x87, 0x39, 0xa6, 0x39, 0x87, 0x39, 0xa7, 0x39, 0x87, 0x39, 0x87, 0x39, 0x87, 0x39, 0x87, 0x39, 0x87, 0x39,
  0xa5, 0x41, 0xa5, 0x41, 0xa5, 0x41, 0xa5, 0x41, 0xa5, 0x41, 0xa5, 0x41, 0xa5, 0x41, 0xa5, 0x41, 0xc6, 0x41, 0xa5, 0x41, 0xa5, 0x41, 0xa5, 0x41,
  0xa5, 0x41, 0xa5, 0x41, 0xa5, 0x41, 0xa5, 0x41, 0xa5, 0x41, 0xa5, 0x41, 0xc6, 0x41, 0xa5, 0x41, 0xa5, 0x41, 0xa5, 0x41, 0xa5, 0x41, 0xa5, 0x41,
  0xa5, 0x41, 0xa5, 0x41, 0xc6, 0x41, 0xa6, 0x41, 0xa5, 0x41, 0xc6, 0x41, 0xa5, 0x41, 0xa6, 0x41, 0xc6, 0x41, 0xc6, 0x41, 0xc6, 0x41, 0xa5, 0x41,
  0xa5, 0x41, 0xa5, 0x41, 0xc5, 0x41, 0xc6, 0x41, 0xa5, 0x41, 0xc5, 0x41, 0xa5, 0x41, 0xa5, 0x41, 0xc6, 0x41, 0xa5, 0x41, 0xa5, 0x41, 0xa5, 0x41,
  0xa5, 0x41, 0xa5, 0x41, 0xa6, 0x41, 0xa5, 0x41, 0xa5, 0x41, 0xa5, 0x41, 0xa5, 0x41, 0xa5, 0x41, 0xa5, 0x41, 0xa5, 0x41, 0xc5, 0x41, 0xa5, 0x41,
  0xa6, 0x41, 0xa5, 0x41, 0xc5, 0x41, 0xa5, 0x41, 0xa5, 0x41, 0xa5, 0x41, 0xa5, 0x41, 0xa5, 0x41, 0xa5, 0x41, 0xa5, 0x41, 0xa5, 0x41, 0xa5, 0x41,
  0xa5, 0x41, 0xa5, 0x41, 0xa5, 0x41, 0xa5, 0x41, 0xa5, 0x41, 0xa6, 0x41, 0xa5, 0x41, 0xa5, 0x41, 0xa6, 0x41, 0xa5, 0x41, 0xa5, 0x41, 0xa5, 0x41,
  0xa5, 0x41, 0xa5, 0x41, 0xa5, 0x41, 0xa6, 0x41, 0xa5, 0x41, 0xa6, 0x41, 0xa6, 0x41, 0xa5, 0x41, 0xa5, 0x41, 0xa6, 0x41, 0xa5, 0x41, 0xa5, 0x41,
  0xa6, 0x41, 0xa5, 0x41, 0xa5, 0x41, 0xa5, 0x41, 0xa5, 0x41, 0xa5, 0x41, 0xa5, 0x41, 0xa5, 0x41, 0xa5, 0x41, 0xa5, 0x41, 0xa5, 0x41, 0xa5, 0x41,
  0xa5, 0x41, 0xa5, 0x41, 0xa5, 0x41, 0xa5, 0x41, 0xa5, 0x41, 0xa5, 0x41, 0xa5, 0x41, 0xa5, 0x41, 0xa5, 0x41, 0xa5, 0x41, 0xa5, 0x41, 0xa5, 0x41,
  0xa5, 0x41, 0xa5, 0x41, 0xa5, 0x41, 0xa5, 0x41, 0xa5, 0x41, 0xa5, 0x41, 0xa6, 0x41, 0xa6, 0x41, 0xa5, 0x41, 0xa6, 0x41, 0xa6, 0x41, 0x86, 0x41,
  0xa6, 0x41, 0xa5, 0x41, 0xa5, 0x41, 0xa5, 0x41, 0xa5, 0x41, 0xa6, 0x41, 0xa5, 0x41, 0xa6, 0x41, 0xa5, 0x41, 0xa5, 0x41, 0xa5, 0x41, 0xa5, 0x41,
  0xa5, 0x41, 0xa5, 0x41, 0xa5, 0x41, 0xa5, 0x41, 0xa6, 0x41, 0xa6, 0x41, 0xa6, 0x41, 0xa6, 0x41, 0xa6, 0x41, 0xa6, 0x41, 0xa6, 0x41, 0xa6, 0x41,
  0xa6, 0x41, 0xa6, 0x41, 0xa6, 0x41, 0xa6, 0x41, 0xa6, 0x41, 0xa6, 0x41, 0xa6, 0x41, 0x86, 0x41, 0xa6, 0x41, 0x86, 0x41, 0xa6, 0x41, 0x86, 0x41,
  0x86, 0x41, 0xa6, 0x41, 0x86, 0x41, 0x86, 0x41, 0x86, 0x41, 0x86, 0x41, 0x86, 0x41, 0x86, 0x41, 0x86, 0x41, 0x86, 0x41, 0x86, 0x41, 0x86, 0x41,
  0x86, 0x41, 0x86, 0x41, 0x86, 0x41, 0x86, 0x41, 0x86, 0x41, 0x86, 0x41, 0x86, 0x41, 0x86, 0x41, 0x86, 0x41, 0x86, 0x41, 0x86, 0x41, 0x86, 0x41,
  0x86, 0x41, 0x86, 0x41, 0x86, 0x41, 0x86, 0x41, 0x86, 0x41, 0x86, 0x41, 0x86, 0x41, 0x86, 0x41, 0x86, 0x39, 0x86, 0x39, 0x86, 0x39, 0x86, 0x41,
  0x86, 0x41, 0x86, 0x39, 0x86, 0x39, 0x86, 0x39, 0x86, 0x41, 0x86, 0x39, 0x86, 0x39, 0x86, 0x39, 0x86, 0x39, 0x86, 0x39, 0x86, 0x39, 0x86, 0x39,
  0x86, 0x39, 0x86, 0x39, 0x86, 0x39, 0x86, 0x39, 0x86, 0x39, 0x86, 0x39, 0x86, 0x39, 0x86, 0x39, 0x86, 0x39, 0x86, 0x39, 0x86, 0x39, 0x86, 0x39,
  0x86, 0x39, 0x86, 0x39, 0x86, 0x39, 0x86, 0x39, 0x86, 0x39, 0x86, 0x39, 0x86, 0x39, 0x86, 0x39, 0x86, 0x39, 0x86, 0x39, 0x86, 0x39, 0x86, 0x39,
  0x86, 0x39, 0x86, 0x39, 0x86, 0x39, 0x86, 0x39, 0x86, 0x41, 0x86, 0x39, 0x86, 0x39, 0x86, 0x39, 0x86, 0x39, 0x87, 0x39, 0x87, 0x39, 0x86, 0x39,
  0x86, 0x39, 0x87, 0x39, 0x87, 0x39, 0x87, 0x39, 0x87, 0x39, 0x87, 0x39, 0x87, 0x39, 0x87, 0x39, 0x87, 0x39, 0x87, 0x39, 0x87, 0x39, 0x87, 0x39,
  0x87, 0x39, 0x87, 0x39, 0x87, 0x39, 0x87, 0x39, 0x87, 0x39, 0x87, 0x39, 0x87, 0x39, 0x87, 0x39, 0x87, 0x39, 0x87, 0x39, 0x87, 0x39, 0x87, 0x39,
  0xa5, 0x41, 0xa5, 0x41, 0xa5, 0x41, 0xa5, 0x41, 0xa5, 0x41, 0xa5, 0x41, 0xa5, 0x41, 0xa5, 0x41, 0xa5, 0x41, 0xa5, 0x41, 0xa5, 0x41, 0xa5, 0x41,
  0xa5, 0x41, 0xa5, 0x41, 0xa5, 0x41, 0xa5, 0x41, 0xa5, 0x41, 0xa5, 0x41, 0xa5, 0x41, 0xa5, 0x41, 0xa5, 0x41, 0xc6, 0x41, 0xa5, 0x41, 0xa5, 0x41,
  0xa6, 0x41, 0xa5, 0x41, 0xa5, 0x41, 0xa6, 0x41, 0xa5, 0x41, 0xc6, 0x41, 0xa5, 0x41, 0xa5, 0x41, 0xa6, 0x41, 0xa5, 0x41, 0xa5, 0x41, 0xc5, 0x41,
  0xc6, 0x41, 0xc5, 0x41, 0xa5, 0x41, 0xc6, 0x41, 0xa5, 0x41, 0xa5, 0x41, 0xa5, 0x41, 0xa5, 0x41, 0xc5, 0x41, 0xa6, 0x41, 0xa5, 0x41, 0xa5, 0x41,
  0xa5, 0x41, 0xa5, 0x41, 0xa5, 0x41, 0xa5, 0x41, 0xa5, 0x41, 0xa5, 0x41, 0xa5, 0x41, 0xa5, 0x41, 0xa5, 0x41, 0xa5, 0x41, 0xa5, 0x41, 0xa5, 0x41,
  0xa6, 0x41, 0xa5, 0x41, 0xa5, 0x41, 0xa5, 0x41, 0xa5, 0x41, 0xa5, 0x41, 0xa5, 0x41, 0xa5, 0x41, 0xa5, 0x41, 0xa5, 0x41, 0xa5, 0x41, 0xa5, 0x41,
  0xa5, 0x41, 0xa5, 0x41, 0xa5, 0x41, 0xa6, 0x41, 0xa5, 0x41, 0xa5, 0x41, 0xa5, 0x41, 0xa5, 0x41, 0xa5, 0x41, 0xa5, 0x41, 0xa5, 0x41, 0xa5, 0x41,
  0xa5, 0x41, 0xa5, 0x41, 0xa5, 0x41, 0xa5, 0x41, 0xa5, 0x41, 0xa5, 0x41, 0xa5, 0x41, 0xa5, 0x41, 0xa5, 0x41, 0xa5, 0x41, 0xa5, 0x41, 0xa5, 0x41,
  0xa5, 0x41, 0xa5, 0x41, 0xa5, 0x41, 0xa5, 0x41, 0xa5, 0x41, 0xa5, 0x41, 0xa5, 0x41, 0xa5, 0x41, 0xa5, 0x41, 0xa5, 0x41, 0xa5, 0x41, 0xa5, 0x41,
  0xa5, 0x41, 0xa5, 0x41, 0xa5, 0x41, 0xa5, 0x41, 0xa5, 0x41, 0xa5, 0x41, 0xa5, 0x41, 0xa5, 0x41, 0xa5, 0x41, 0xa5, 0x41, 0xa5, 0x41, 0xa5, 0x41,
  0xa5, 0x41, 0xa6, 0x41, 0xa5, 0x41, 0xa6, 0x41, 0xa6, 0x41, 0xa5, 0x41, 0xa6, 0x41, 0xa5, 0x41, 0xa5, 0x41, 0xa5, 0x41, 0xa5, 0x41, 0xa5, 0x41,
  0xa5, 0x41, 0xa5, 0x41, 0xa5, 0x41, 0xa6, 0x41, 0xa5, 0x41, 0xa5, 0x41, 0xa5, 0x41, 0xa5, 0x41, 0xa5, 0x41, 0xa5, 0x41, 0xa5, 0x41, 0xa6, 0x41,
  0xa5, 0x41, 0xa5, 0x41, 0xa5, 0x41, 0xa6, 0x41, 0xa5, 0x41, 0xa5, 0x41, 0xa5, 0x41, 0xa5, 0x41, 0xa6, 0x41, 0x86, 0x41, 0xa5, 0x41, 0x86, 0x41,
  0xa6, 0x41, 0xa6, 0x41, 0x86, 0x41, 0xa6, 0x41, 0x86, 0x41, 0x86, 0x41, 0x86, 0x41, 0x86, 0x41, 0xa6, 0x41, 0x85, 0x41, 0x86, 0x41, 0xa6, 0x41,
  0x86, 0x41, 0x86, 0x41, 0x86, 0x41, 0xa6, 0x41, 0xa6, 0x39, 0x86, 0x41, 0x86, 0x41, 0x86, 0x41, 0x86, 0x41, 0x86, 0x41, 0x86, 0x41, 0x86, 0x41,
  0x86, 0x41, 0x86, 0x41, 0x86, 0x41, 0x86, 0x41, 0x86, 0x41, 0x86, 0x41, 0x86, 0x41, 0x86, 0x41, 0x86, 0x41, 0x86, 0x41, 0x86, 0x41, 0x86, 0x41,
  0x86, 0x41, 0x86, 0x41, 0x86, 0x41, 0x86, 0x41, 0x86, 0x41, 0x86, 0x41, 0x86, 0x41, 0x86, 0x41, 0x86, 0x41, 0x86, 0x41, 0x86, 0x41, 0x86, 0x41,
  0x86, 0x41, 0x86, 0x39, 0x86, 0x39, 0x86, 0x39, 0x86, 0x39, 0x86, 0x41, 0x86, 0x39, 0x86, 0x39, 0x86, 0x41, 0x86, 0x39, 0x86, 0x39, 0x86, 0x39,
  0x86, 0x39, 0x86, 0x39, 0x86, 0x39, 0x86, 0x39, 0x86, 0x39, 0x86, 0x39, 0x86, 0x39, 0x86, 0x39, 0x86, 0x39, 0x86, 0x39, 0x86, 0x39, 0x86, 0x39,
  0x86, 0x39, 0x86, 0x39, 0x86, 0x39, 0x86, 0x39, 0x86, 0x39, 0x86, 0x39, 0x86, 0x39, 0x86, 0x39, 0x86, 0x39, 0x86, 0x39, 0x86, 0x39, 0x86, 0x39,
  0x86, 0x39, 0x86, 0x39, 0x86, 0x39, 0x86, 0x39, 0x86, 0x39, 0x86, 0x39, 0x86, 0x39, 0x86, 0x39, 0x86, 0x39, 0x86, 0x39, 0x86, 0x39, 0x87, 0x39,
  0x87, 0x39, 0x86, 0x39, 0x86, 0x39, 0x86, 0x39, 0x87, 0x39, 0x87, 0x39, 0x87, 0x39, 0x87, 0x39, 0x87, 0x39, 0x87, 0x39, 0x87, 0x39, 0x87, 0x39,
  0x86, 0x39, 0x87, 0x39, 0x87, 0x39, 0x87, 0x39, 0x87, 0x39, 0x87, 0x39, 0x87, 0x39, 0x87, 0x39, 0x87, 0x39, 0x87, 0x39, 0x87, 0x39, 0x87, 0x39,
  0xa5, 0x41, 0xa5, 0x41, 0xa5, 0x41, 0xa5, 0x41, 0xa5, 0x41, 0xa5, 0x41, 0xa5, 0x41, 0xa5, 0x41, 0xa5, 0x41, 0xa5, 0x41, 0xa5, 0x41, 0xa5, 0x41,
  0xa5, 0x41, 0xc6, 0x41, 0xa5, 0x41, 0xa5, 0x41, 0xa5, 0x41, 0xa5, 0x41, 0xa6, 0x41, 0xa5, 0x41, 0xc6, 0x41, 0xa5, 0x41, 0xa5, 0x41, 0xa5, 0x41,
  0xa5, 0x41, 0xa5, 0x41, 0xa6, 0x41, 0xa5, 0x41, 0xa5, 0x41, 0xa5, 0x41, 0xa5, 0x41, 0xa6, 0x41, 0xa5, 0x41, 0xa5, 0x41, 0xc5, 0x41, 0xc6, 0x41,
  0xa5, 0x41, 0xa5, 0x41, 0xa5, 0x41, 0xa5, 0x41, 0xa5, 0x41, 0xc5, 0x41, 0xa6, 0x41, 0xa5, 0x41, 0xa6, 0x41, 0xa5, 0x41, 0xc6, 0x41, 0xa5, 0x41,
  0xa5, 0x41, 0xa5, 0x41, 0xa5, 0x41, 0xa5, 0x41, 0xa5, 0x41, 0xa5, 0x41, 0xa5, 0x41, 0xa5, 0x41, 0xa5, 0x41, 0xa5, 0x41, 0xa5, 0x41, 0xa6, 0x41,
  0xa5, 0x41, 0xa5, 0x41, 0xa5, 0x41, 0xa5, 0x41, 0xa6, 0x41, 0xa5, 0x41, 0xa5, 0x41, 0xa5, 0x41, 0xa5, 0x41, 0xa5, 0x41, 0xa6, 0x41, 0xa6, 0x41,
  0xa5, 0x41, 0xa5, 0x41, 0xa5, 0x41, 0xa5, 0x41, 0xa5, 0x41, 0xa5, 0x41, 0xa5, 0x41, 0xa5, 0x41, 0xa6, 0x41, 0xa5, 0x41, 0xa5, 0x41, 0xa6, 0x41,
  0xa5, 0x41, 0xc5, 0x41, 0xa5, 0x41, 0xa5, 0x41, 0xa5, 0x41, 0xa5, 0x41, 0xa5, 0x41, 0xa5, 0x41, 0xa5, 0x41, 0xa5, 0x41, 0xa5, 0x41, 0xa5, 0x41,
  0xa5, 0x41, 0xa5, 0x41, 0xa5, 0x41, 0xa5, 0x41, 0xa5, 0x41, 0xa5, 0x41, 0xa5, 0x41, 0xa5, 0x41, 0xa5, 0x41, 0xa5, 0x41, 0xa5, 0x41, 0xa5, 0x41,
  0xa5, 0x41, 0xa5, 0x41, 0xa5, 0x41, 0xa5, 0x41, 0xa5, 0x41, 0xa5, 0x41, 0xa5, 0x41, 0xa5, 0x41, 0xa5, 0x41, 0xa5, 0x41, 0xa5, 0x41, 0xa5, 0x41,
  0xa5, 0x41, 0xa5, 0x41, 0xa5, 0x41, 0x85, 0x41, 0xa5, 0x41, 0xa5, 0x41, 0xa5, 0x41, 0xa5, 0x41, 0xa5, 0x41, 0x85, 0x41, 0xa5, 0x41, 0xa5, 0x41,
  0xa5, 0x41, 0xa5, 0x41, 0xa5, 0x41, 0xa5, 0x41, 0xa5, 0x41, 0xa5, 0x41, 0xa6, 0x41, 0xa5, 0x41, 0xa5, 0x41, 0xa5, 0x41, 0xa5, 0x41, 0xa5, 0x41,
  0xa5, 0x41, 0xa5, 0x41, 0x85, 0x41, 0xa5, 0x41, 0xa5, 0x41, 0xa5, 0x41, 0x85, 0x41, 0xa5, 0x41, 0x85, 0x41, 0xa6, 0x41, 0x85, 0x41, 0xa6, 0x41,
  0x85, 0x41, 0xa5, 0x41, 0x85, 0x41, 0x86, 0x41, 0xa6, 0x41, 0x86, 0x41, 0x85, 0x41, 0x86, 0x41, 0x85, 0x39, 0xa6, 0x39, 0x86, 0x41, 0x86, 0x41,
  0x86, 0x41, 0x86, 0x41, 0xa6, 0x41, 0x86, 0x41, 0xa6, 0x41, 0x86, 0x41, 0x86, 0x41, 0xa6, 0x39, 0x86, 0x41, 0x86, 0x41, 0x86, 0x41, 0xa6, 0x41,
  0x86, 0x41, 0xa6, 0x41, 0x86, 0x41, 0x86, 0x41, 0x86, 0x41, 0x86, 0x41, 0x86, 0x41, 0x86, 0x41, 0x86, 0x41, 0x86, 0x41, 0x86, 0x41, 0x86, 0x41,
  0x86, 0x41, 0x86, 0x41, 0x86, 0x41, 0x86, 0x41, 0x86, 0x39, 0x86, 0x41, 0x86, 0x41, 0x86, 0x41, 0x86, 0x41, 0x86, 0x41, 0x86, 0x41, 0x86, 0x41,
  0x86, 0x41, 0x86, 0x41, 0x86, 0x41, 0x86, 0x41, 0x86, 0x41, 0x86, 0x41, 0x86, 0x39, 0x86, 0x39, 0x86, 0x39, 0x86, 0x39, 0x86, 0x39, 0x86, 0x39,
  0x86, 0x39, 0x86, 0x39, 0x86, 0x39, 0x86, 0x39, 0x86, 0x39, 0x86, 0x39, 0x86, 0x39, 0x86, 0x39, 0x86, 0x39, 0x86, 0x41, 0x86, 0x39, 0x86, 0x41,
  0x86, 0x39, 0x86, 0x39, 0x86, 0x39, 0x86, 0x39, 0x86, 0x39, 0x86, 0x39, 0x86, 0x39, 0x86, 0x39, 0x86, 0x39, 0x86, 0x39, 0x86, 0x39, 0x86, 0x39,
  0x86, 0x39, 0x86, 0x39, 0x86, 0x39, 0x86, 0x39, 0x87, 0x39, 0x87, 0x39, 0x86, 0x39, 0x86, 0x39, 0x86, 0x39, 0x86, 0x39, 0x86, 0x39, 0x86, 0x39,
  0x86, 0x39, 0x86, 0x39, 0x86, 0x39, 0x86, 0x39, 0x87, 0x39, 0x87, 0x39, 0x87, 0x39, 0x87, 0x39, 0x87, 0x39, 0x87, 0x39, 0x87, 0x39, 0x87, 0x39,
  0x87, 0x39, 0x87, 0x39, 0x87, 0x39, 0x87, 0x39, 0x87, 0x39, 0x87, 0x39, 0x87, 0x39, 0x87, 0x39, 0x87, 0x39, 0x87, 0x39, 0x87, 0x39, 0x87, 0x39,
  0xa5, 0x41, 0xa5, 0x41, 0xa5, 0x41, 0xa5, 0x41, 0xa5, 0x41, 0xa5, 0x41, 0xa5, 0x41, 0xa5, 0x41, 0xa5, 0x41, 0xa5, 0x41, 0xa5, 0x41, 0xa5, 0x41,
  0xa5, 0x41, 0xa5, 0x41, 0xa5, 0x41, 0xa5, 0x41, 0xa5, 0x41, 0xa5, 0x41, 0xa5, 0x41, 0xa5, 0x41, 0xa5, 0x41, 0xa5, 0x41, 0xa5, 0x41, 0xa5, 0x41,
  0xa5, 0x41, 0xa5, 0x41, 0xa5, 0x41, 0xa5, 0x41, 0xa5, 0x41, 0xa5, 0x41, 0xa5, 0x41, 0xa5, 0x41, 0xa5, 0x41, 0xa5, 0x41, 0xa5, 0x41, 0xa5, 0x41,
  0xa5, 0x41, 0xa5, 0x41, 0xa5, 0x41, 0xa5, 0x41, 0xa6, 0x41, 0xa5, 0x41, 0xa5, 0x41, 0xa5, 0x41, 0xa5, 0x41, 0xa5, 0x41, 0xa5, 0x41, 0xa6, 0x41,
  0xa5, 0x41, 0xa5, 0x41, 0xa5, 0x41, 0xa5, 0x41, 0xa5, 0x41, 0xa6, 0x41, 0xa5, 0x41, 0xa5, 0x41, 0xa5, 0x41, 0xa5, 0x41, 0xa6, 0x41, 0xa5, 0x41,
  0xa5, 0x41, 0xa5, 0x41, 0xa5, 0x41, 0xa5, 0x41, 0xa5, 0x41, 0xa5, 0x41, 0xa5, 0x41, 0xa5, 0x41, 0xa5, 0x41, 0xa5, 0x41, 0xa5, 0x41, 0xa5, 0x41,
  0xa5, 0x41, 0xa5, 0x41, 0xa5, 0x41, 0xa5, 0x41, 0xa5, 0x41, 0xa5, 0x41, 0xa5, 0x41, 0xa5, 0x41, 0xa5, 0x41, 0xa5, 0x41, 0xa5, 0x41, 0xa5, 0x41,
  0xa5, 0x41, 0xa5, 0x41, 0xc5, 0x41, 0xa6, 0x41, 0xa5, 0x41, 0xa5, 0x41, 0xc5, 0x41, 0xa5, 0x41, 0xa5, 0x41, 0xa5, 0x41, 0xa5, 0x41, 0xa5, 0x41,
  0xa5, 0x41, 0xa5, 0x41, 0xa5, 0x41, 0xa5, 0x41, 0xa5, 0x41, 0xa5, 0x41, 0xa5, 0x41, 0xa5, 0x41, 0xa5, 0x41, 0xa5, 0x41, 0xa6, 0x41, 0xa5, 0x41,
  0xa5, 0x41, 0xa5, 0x41, 0xa5, 0x41, 0xa5, 0x41, 0xa5, 0x41, 0xa5, 0x41, 0xa5, 0x41, 0xa5, 0x41, 0xa5, 0x41, 0xa5, 0x41, 0xa5, 0x41, 0xa5, 0x41,
  0xa5, 0x41, 0xa5, 0x41, 0xa5, 0x41, 0xa5, 0x41, 0xa5, 0x41, 0xa5, 0x41, 0xa5, 0x41, 0xa5, 0x41, 0x85, 0x41, 0xa5, 0x41, 0x85, 0x41, 0xa5, 0x41,
  0x85, 0x41, 0x85, 0x41, 0x85, 0x41, 0xa5, 0x41, 0xa5, 0x41, 0x85, 0x41, 0x85, 0x41, 0xa5, 0x41, 0xa5, 0x41, 0x85, 0x41, 0x85, 0x41, 0x85, 0x41,
  0x85, 0x41, 0x85, 0x41, 0xa5, 0x41, 0x85, 0x41, 0x85, 0x41, 0x85, 0x41, 0xa5, 0x41, 0x85, 0x41, 0x85, 0x41, 0x85, 0x41, 0xa6, 0x41, 0x85, 0x41,
  0xa6, 0x41, 0x85, 0x41, 0x86, 0x41, 0x86, 0x41, 0x85, 0x41, 0x86, 0x41, 0x85, 0x41, 0x86, 0x41, 0xa6, 0x41, 0x85, 0x41, 0x86, 0x41, 0x86, 0x41,
  0xa6, 0x39, 0xa6, 0x41, 0x86, 0x41, 0xa6, 0x41, 0x85, 0x41, 0x86, 0x41, 0x85, 0x41, 0x85, 0x41, 0x85, 0x41, 0x85, 0x41, 0xa6, 0x39, 0x86, 0x41,
  0x85, 0x41, 0x85, 0x41, 0xa6, 0x41, 0x86, 0x41, 0x86, 0x41, 0x86, 0x41, 0xa6, 0x39, 0x86, 0x41, 0x86, 0x41, 0x86, 0x41, 0x86, 0x41, 0x86, 0x41,
  0x85, 0x41, 0x86, 0x41, 0x86, 0x41, 0x86, 0x41, 0x86, 0x41, 0x86, 0x39, 0x86, 0x41, 0x86, 0x41, 0x86, 0x41, 0x86, 0x41, 0x86, 0x41, 0x86, 0x41,
  0x86, 0x41, 0x86, 0x41, 0x86, 0x41, 0x86, 0x39, 0x86, 0x41, 0x86, 0x39, 0x86, 0x39, 0x86, 0x39, 0x86, 0x41, 0x86, 0x41, 0x86, 0x41, 0x86, 0x39,
  0x86, 0x39, 0x86, 0x41, 0x86, 0x39, 0x86, 0x39, 0x86, 0x41, 0x86, 0x41, 0x86, 0x39, 0x86, 0x41, 0x86, 0x41, 0x86, 0x39, 0x86, 0x39, 0x86, 0x39,
  0x86, 0x41, 0x86, 0x39, 0x86, 0x39, 0x86, 0x39, 0x86, 0x39, 0x86, 0x39, 0x86, 0x39, 0x86, 0x39, 0x86, 0x39, 0x86, 0x39, 0x86, 0x39, 0x86, 0x39,
  0x86, 0x39, 0x86, 0x39, 0x86, 0x39, 0x87, 0x39, 0x86, 0x39, 0x86, 0x39, 0x86, 0x39, 0x87, 0x39, 0x86, 0x39, 0x86, 0x39, 0x86, 0x39, 0x86, 0x39,
  0x86, 0x39, 0x86, 0x39, 0x87, 0x39, 0x87, 0x39, 0x86, 0x39, 0x87, 0x39, 0x86, 0x39, 0x86, 0x39, 0x86, 0x39, 0x87, 0x39, 0x87, 0x39, 0x87, 0x39,
  0x87, 0x39, 0x87, 0x39, 0x87, 0x39, 0x86, 0x39, 0x87, 0x39, 0x87, 0x39, 0x87, 0x39, 0x87, 0x39, 0x87, 0x39, 0x86, 0x39, 0x87, 0x39, 0x87, 0x39,
  0xa5, 0x41, 0xa5, 0x41, 0xa5, 0x41, 0xa5, 0x41, 0xa5, 0x41, 0xa5, 0x41, 0xa5, 0x41, 0xa5, 0x41, 0xa5, 0x41, 0xa5, 0x41, 0xa5, 0x41, 0xa6, 0x41,
  0xa5, 0x41, 0xa5, 0x41, 0xa5, 0x41, 0xa5, 0x41, 0xa5, 0x41, 0xc6, 0x41, 0xa5, 0x41, 0xa5, 0x41, 0xc6, 0x41, 0xa5, 0x41, 0xa5, 0x41, 0xa5, 0x41,
  0xa5, 0x41, 0xa5, 0x41, 0xa5, 0x41, 0xa5, 0x41, 0xc6, 0x41, 0xc5, 0x41, 0xa5, 0x41, 0xa5, 0x41, 0xa5, 0x41, 0xc6, 0x41, 0xa5, 0x41, 0xc5, 0x41,
  0xa5, 0x41, 0xa6, 0x41, 0xc6, 0x41, 0xa5, 0x41, 0xa5, 0x41, 0xa5, 0x41, 0xa6, 0x41, 0xc5, 0x41, 0xc6, 0x41, 0xc5, 0x41, 0xc5, 0x41, 0xa5, 0x41,
  0xa6, 0x41, 0xc5, 0x41, 0xa5, 0x41, 0xa5, 0x41, 0xa6, 0x41, 0xa6, 0x41, 0xa6, 0x41, 0xa5, 0x41, 0xa6, 0x41, 0xc5, 0x41, 0xc5, 0x41, 0xc5, 0x41,
  0xa5, 0x41, 0xc5, 0x41, 0xa5, 0x41, 0xc5, 0x41, 0xc5, 0x41, 0xc5, 0x41, 0xc5, 0x41, 0xa6, 0x41, 0xa5, 0x41, 0xa5, 0x41, 0xa5, 0x41, 0xa5, 0x41,
  0xa6, 0x41, 0xa5, 0x41, 0xc5, 0x41, 0xc5, 0x41, 0xa5, 0x41, 0xa5, 0x41, 0xc5, 0x41, 0xa6, 0x41, 0xa5, 0x41, 0xa5, 0x41, 0xa5, 0x41, 0xa6, 0x41,
  0xa5, 0x41, 0xa5, 0x41, 0xa5, 0x41, 0xa5, 0x41, 0xa5, 0x41, 0xa5, 0x41, 0xa5, 0x41, 0xa5, 0x41, 0xa6, 0x41, 0xa5, 0x41, 0xa6, 0x41, 0xa5, 0x41,
  0xa5, 0x41, 0xa5, 0x41, 0xa5, 0x41, 0xa6, 0x41, 0xa5, 0x41, 0xa6, 0x41, 0xa5, 0x41, 0xa5, 0x41, 0xa5, 0x41, 0xa5, 0x41, 0xa5, 0x41, 0xa5, 0x41,
  0xa5, 0x41, 0xa5, 0x41, 0xa5, 0x41, 0xa5, 0x41, 0xa5, 0x41, 0xa5, 0x41, 0xa5, 0x41, 0xa5, 0x41, 0xa5, 0x41, 0xa5, 0x41, 0xa5, 0x41, 0xa5, 0x41,
  0xa5, 0x41, 0xa5, 0x41, 0xa5, 0x41, 0xa5, 0x41, 0xa5, 0x41, 0xa5, 0x41, 0xa5, 0x41, 0xa6, 0x41, 0xa5, 0x41, 0xa5, 0x41, 0xa5, 0x41, 0xa5, 0x41,
  0xa5, 0x41, 0xa5, 0x41, 0xa5, 0x41, 0x86, 0x41, 0xa5, 0x41, 0xa5, 0x41, 0xa5, 0x41, 0xa5, 0x41, 0x85, 0x41, 0xa5, 0x41, 0xa5, 0x41, 0x85, 0x41,
  0xa5, 0x41, 0xa5, 0x41, 0xa5, 0x41, 0x85, 0x41, 0x85, 0x41, 0xa5, 0x41, 0x85, 0x41, 0x85, 0x41, 0x86, 0x41, 0x85, 0x41, 0x85, 0x41, 0xa5, 0x41,
  0x85, 0x41, 0x85, 0x41, 0x86, 0x41, 0x85, 0x41, 0x86, 0x41, 0x85, 0x41, 0xa6, 0x41, 0x86, 0x41, 0x86, 0x41, 0x86, 0x41, 0xa6, 0x41, 0x85, 0x41,
  0x86, 0x41, 0x85, 0x41, 0xa6, 0x41, 0x85, 0x41, 0x86, 0x41, 0xa6, 0x39, 0x86, 0x41, 0x85, 0x41, 0x86, 0x41, 0xa6, 0x41, 0x86, 0x41, 0x86, 0x41,
  0x86, 0x41, 0x86, 0x41, 0x86, 0x41, 0x86, 0x41, 0x86, 0x41, 0x86, 0x41, 0x86, 0x41, 0x86, 0x41, 0x86, 0x41, 0x86, 0x41, 0x86, 0x41, 0x86, 0x41,
  0x86, 0x41, 0x85, 0x41, 0x86, 0x41, 0x86, 0x41, 0x86, 0x39, 0x86, 0x41, 0x86, 0x41, 0x86, 0x41, 0x86, 0x41, 0x86, 0x41, 0x86, 0x41, 0x86, 0x39,
  0x86, 0x41, 0x86, 0x41, 0x86, 0x41, 0x86, 0x41, 0x86, 0x41, 0x86, 0x41, 0x86, 0x39, 0x86, 0x39, 0x86, 0x41, 0x86, 0x39, 0x86, 0x39, 0x86, 0x39,
  0x86, 0x39, 0x86, 0x39, 0x86, 0x39, 0x86, 0x39, 0x86, 0x39, 0x86, 0x39, 0x86, 0x39, 0x86, 0x39, 0x86, 0x39, 0x86, 0x39, 0x86, 0x39, 0x86, 0x39,
  0x86, 0x39, 0x86, 0x39, 0x86, 0x39, 0x86, 0x39, 0x86, 0x39, 0x86, 0x39, 0x86, 0x39, 0x86, 0x39, 0x86, 0x39, 0x86, 0x39, 0x86, 0x39, 0x86, 0x39,
  0x86, 0x39, 0x86, 0x39, 0x87, 0x39, 0x86, 0x39, 0x87, 0x39, 0x86, 0x39, 0x86, 0x39, 0x86, 0x39, 0x86, 0x39, 0x86, 0x39, 0x86, 0x39, 0x86, 0x39,
  0x86, 0x39, 0x86, 0x39, 0x86, 0x39, 0x86, 0x39, 0x86, 0x39, 0x87, 0x39, 0x87, 0x39, 0x87, 0x39, 0x87, 0x39, 0x87, 0x39, 0x87, 0x39, 0x87, 0x39,
  0x86, 0x39, 0x87, 0x39, 0x87, 0x39, 0xa7, 0x39, 0x87, 0x39, 0x86, 0x39, 0x87, 0x39, 0x87, 0x39, 0x87, 0x39, 0x87, 0x39, 0x87, 0x39, 0x87, 0x39,
  0xa5, 0x41, 0xa5, 0x41, 0xa5, 0x41, 0xa5, 0x41, 0xa5, 0x41, 0xa5, 0x41, 0xa5, 0x41, 0xa5, 0x41, 0xa5, 0x41, 0xa5, 0x41, 0xa5, 0x41, 0xa5, 0x41,
  0xa5, 0x41, 0xa5, 0x41, 0xa5, 0x41, 0xa5, 0x41, 0xa5, 0x41, 0xa5, 0x41, 0xa5, 0x41, 0xa5, 0x41, 0xa5, 0x41, 0xa5, 0x41, 0xa5, 0x41, 0xa5, 0x41,
  0xa5, 0x41, 0xa5, 0x41, 0xa5, 0x41, 0xa5, 0x41, 0xa5, 0x41, 0xa5, 0x41, 0xa5, 0x41, 0xa5, 0x41, 0xa5, 0x41, 0xa5, 0x41, 0xc5, 0x41, 0xa5, 0x41,
  0xa5, 0x41, 0xa5, 0x41, 0xa5, 0x41, 0xa5, 0x41, 0xa5, 0x41, 0xa5, 0x41, 0xa5, 0x41, 0xa5, 0x41, 0xa5, 0x41, 0xa6, 0x41, 0xa5, 0x41, 0xa5, 0x41,
  0xa5, 0x41, 0xa5, 0x41, 0xa5, 0x41, 0xa5, 0x41, 0xa5, 0x41, 0xa5, 0x41, 0xa5, 0x41, 0xa5, 0x41, 0xa5, 0x41, 0xa5, 0x41, 0xa5, 0x41, 0xa5, 0x41,
  0xa5, 0x41, 0xa5, 0x41, 0xa5, 0x41, 0xa5, 0x41, 0xa5, 0x41, 0xa5, 0x41, 0xa5, 0x41, 0xa5, 0x41, 0xa5, 0x41, 0xa5, 0x41, 0xa5, 0x41, 0xa5, 0x41,
  0xa5, 0x41, 0xa5, 0x41, 0xa6, 0x41, 0xa5, 0x41, 0xa5, 0x41, 0xa5, 0x41, 0xa5, 0x41, 0xa5, 0x41, 0xa5, 0x41, 0xa5, 0x41, 0xa5, 0x41, 0xa5, 0x41,
  0xa5, 0x41, 0xa5, 0x41, 0xa5, 0x41, 0xa5, 0x41, 0xa5, 0x41, 0xa5, 0x41, 0xa5, 0x41, 0xa5, 0x41, 0xa5, 0x41, 0xa5, 0x41, 0xa5, 0x41, 0xa5, 0x41,
  0xa5, 0x41, 0xa5, 0x41, 0xa5, 0x41, 0xa5, 0x41, 0xa5, 0x41, 0xa5, 0x41, 0xa5, 0x41, 0xa5, 0x41, 0xa5, 0x41, 0xa5, 0x41, 0xa6, 0x41, 0xa5, 0x41,
  0x85, 0x41, 0xa5, 0x41, 0xa5, 0x41, 0xa5, 0x41, 0xa5, 0x41, 0xa5, 0x41, 0xa5, 0x41, 0xa5, 0x41, 0xa5, 0x41, 0x85, 0x41, 0x85, 0x41, 0x85, 0x41,
  0xa5, 0x41, 0xa5, 0x41, 0x85, 0x41, 0xa5, 0x41, 0xa5, 0x41, 0xa5, 0x41, 0xa5, 0x41, 0xa5, 0x41, 0x85, 0x41, 0xa5, 0x41, 0x85, 0x41, 0xa5, 0x41,
  0x85, 0x41, 0x85, 0x41, 0x85, 0x41, 0x85, 0x41, 0xa5, 0x41, 0x85, 0x41, 0x85, 0x41, 0x85, 0x41, 0x85, 0x41, 0x85, 0x41, 0x85, 0x41, 0x85, 0x41,
  0x85, 0x41, 0x85, 0x41, 0x85, 0x41, 0xa5, 0x41, 0x85, 0x41, 0x85, 0x41, 0x85, 0x41, 0x85, 0x41, 0x85, 0x41, 0x85, 0x41, 0x85, 0x41, 0x85, 0x41,
  0x86, 0x41, 0x85, 0x41, 0x85, 0x41, 0x85, 0x41, 0x85, 0x41, 0x86, 0x41, 0x85, 0x41, 0xa6, 0x41, 0xa6, 0x39, 0x86, 0x41, 0x85, 0x41, 0xa6, 0x41,
  0x86, 0x41, 0x86, 0x41, 0x85, 0x41, 0x86, 0x41, 0x86, 0x41, 0x85, 0x41, 0x85, 0x39, 0x85, 0x41, 0x86, 0x41, 0x85, 0x41, 0x85, 0x41, 0x85, 0x41,
  0x85, 0x41, 0x85, 0x41, 0x86, 0x41, 0x85, 0x41, 0x85, 0x41, 0x85, 0x41, 0x86, 0x41, 0x86, 0x41, 0x86, 0x41, 0x85, 0x41, 0x85, 0x41, 0x86, 0x41,
  0x86, 0x41, 0x86, 0x41, 0x85, 0x41, 0x86, 0x41, 0x86, 0x41, 0x86, 0x39, 0x86, 0x41, 0x86, 0x41, 0x86, 0x41, 0x86, 0x41, 0x86, 0x41, 0x86, 0x41,
  0x86, 0x39, 0x86, 0x41, 0x86, 0x41, 0x86, 0x41, 0x86, 0x41, 0x86, 0x41, 0x86, 0x41, 0x86, 0x41, 0x86, 0x41, 0x86, 0x41, 0x86, 0x41, 0x86, 0x41,
  0x86, 0x41, 0x86, 0x41, 0x86, 0x39, 0x86, 0x39, 0x86, 0x41, 0x86, 0x41, 0x86, 0x41, 0x86, 0x41, 0x86, 0x41, 0x86, 0x39, 0x86, 0x39, 0x86, 0x39,
  0x86, 0x41, 0x86, 0x39, 0x86, 0x41, 0x86, 0x39, 0x86, 0x39, 0x86, 0x41, 0x86, 0x39, 0x87, 0x41, 0x86, 0x39, 0x86, 0x39, 0x86, 0x39, 0x86, 0x39,
  0x86, 0x39, 0x86, 0x39, 0x86, 0x39, 0x86, 0x39, 0x86, 0x39, 0x86, 0x39, 0x86, 0x39, 0x86, 0x39, 0x86, 0x39, 0x86, 0x39, 0x86, 0x39, 0x86, 0x39,
  0x86, 0x39, 0x86, 0x39, 0x86, 0x39, 0x87, 0x39, 0x86, 0x39, 0x86, 0x39, 0x86, 0x39, 0x86, 0x39, 0x86, 0x39, 0x86, 0x39, 0x87, 0x39, 0x86, 0x39,
  0x87, 0x39, 0x86, 0x39, 0x87, 0x39, 0x87, 0x39, 0x87, 0x41, 0x87, 0x39, 0x87, 0x41, 0x86, 0x39, 0x87, 0x41, 0x87, 0x39, 0x87, 0x41, 0x87, 0x39,
  0xa5, 0x41, 0xa5, 0x41, 0xa5, 0x41, 0xa5, 0x41, 0xa5, 0x41, 0xa5, 0x41, 0xa5, 0x41, 0xa5, 0x41, 0xa5, 0x41, 0xa5, 0x41, 0xa5, 0x41, 0xa5, 0x41,
  0xa5, 0x41, 0xa5, 0x41, 0xa5, 0x41, 0xa5, 0x41, 0xa5, 0x41, 0xa5, 0x41, 0xa5, 0x41, 0xa5, 0x41, 0xa5, 0x41, 0xa5, 0x41, 0xa5, 0x41, 0xa5, 0x41,
  0xa5, 0x41, 0xa5, 0x41, 0xa5, 0x41, 0xa5, 0x41, 0xa5, 0x41, 0xa5, 0x41, 0xa5, 0x41, 0xa5, 0x41, 0xa5, 0x41, 0xa5, 0x41, 0xa5, 0x41, 0xa5, 0x41,
  0xa5, 0x41, 0xa5, 0x41, 0xa5, 0x41, 0xa5, 0x41, 0xa5, 0x41, 0xa5, 0x41, 0xa5, 0x41, 0xa5, 0x41, 0xa5, 0x41, 0xa5, 0x41, 0xa6, 0x41, 0xa5, 0x41,
  0xa6, 0x41, 0xa5, 0x41, 0xa5, 0x41, 0xa5, 0x41, 0xa5, 0x41, 0xa5, 0x41, 0xa5, 0x41, 0xa5, 0x41, 0xa5, 0x41, 0xa5, 0x41, 0xa5, 0x41, 0xa5, 0x41,
  0xa5, 0x41, 0xa5, 0x41, 0xa5, 0x41, 0xa5, 0x41, 0xa6, 0x41, 0xa5, 0x41, 0xa6, 0x41, 0xa5, 0x41, 0xa5, 0x41, 0xa5, 0x41, 0xa6, 0x41, 0xa5, 0x41,
  0xa5, 0x41, 0xa5, 0x41, 0xa5, 0x41, 0xa5, 0x41, 0xa5, 0x41, 0xa5, 0x41, 0xa5, 0x41, 0xa5, 0x41, 0xa5, 0x41, 0xa5, 0x41, 0xa5, 0x41, 0xa5, 0x41,
  0xa5, 0x41, 0xa5, 0x41, 0xa5, 0x41, 0xa5, 0x41, 0xa5, 0x41, 0xa5, 0x41, 0xa5, 0x41, 0xa5, 0x41, 0xa5, 0x41, 0xa5, 0x41, 0xa5, 0x41, 0xa5, 0x41,
  0xa5, 0x41, 0xa5, 0x41, 0xa5, 0x41, 0xa5, 0x41, 0xa5, 0x41, 0xa5, 0x41, 0xa5, 0x41, 0xa5, 0x41, 0xa5, 0x41, 0xa5, 0x41, 0xa5, 0x41, 0xa6, 0x41,
  0xa5, 0x41, 0xa5, 0x41, 0xa5, 0x41, 0xa5, 0x41, 0xa5, 0x41, 0xa5, 0x41, 0xa5, 0x41, 0xa5, 0x41, 0xa5, 0x41, 0xa5, 0x41, 0xa5, 0x41, 0x85, 0x41,
  0x85, 0x41, 0xa5, 0x41, 0x85, 0x41, 0xa5, 0x41, 0xa5, 0x41, 0x85, 0x41, 0xa5, 0x41, 0xa5, 0x41, 0xa5, 0x41, 0xa5, 0x41, 0xa5, 0x41, 0x85, 0x41,
  0xa5, 0x41, 0xa5, 0x41, 0xa5, 0x41, 0x85, 0x41, 0xa6, 0x41, 0xa5, 0x41, 0xa5, 0x41, 0xa5, 0x41, 0x85, 0x41, 0x85, 0x41, 0xa6, 0x41, 0x85, 0x41,
  0x85, 0x41, 0x85, 0x41, 0x85, 0x41, 0x85, 0x41, 0x85, 0x41, 0x85, 0x41, 0x85, 0x41, 0x85, 0x41, 0x85, 0x41, 0x85, 0x41, 0x85, 0x41, 0x85, 0x41,
  0x85, 0x41, 0x85, 0x41, 0x86, 0x41, 0x85, 0x41, 0x85, 0x41, 0x85, 0x41, 0x86, 0x41, 0x85, 0x41, 0x85, 0x41, 0x85, 0x41, 0x86, 0x41, 0x86, 0x41,
  0x86, 0x41, 0x85, 0x41, 0x86, 0x41, 0x86, 0x41, 0x85, 0x41, 0x85, 0x41, 0x86, 0x41, 0x85, 0x41, 0x85, 0x41, 0x86, 0x41, 0x85, 0x41, 0x85, 0x41,
  0x85, 0x41, 0x85, 0x41, 0x85, 0x41, 0x85, 0x41, 0x85, 0x41, 0x86, 0x41, 0x86, 0x41, 0x85, 0x41, 0x86, 0x41, 0x85, 0x41, 0x86, 0x41, 0x86, 0x39,
  0x86, 0x41, 0x86, 0x41, 0x86, 0x41, 0x85, 0x41, 0x86, 0x41, 0x86, 0x41, 0x86, 0x41, 0x86, 0x41, 0x86, 0x41, 0x86, 0x41, 0x86, 0x41, 0x86, 0x41,
  0x86, 0x41, 0x86, 0x41, 0x86, 0x41, 0x86, 0x41, 0x86, 0x41, 0x86, 0x41, 0x86, 0x39, 0x86, 0x41, 0x86, 0x41, 0x86, 0x41, 0x86, 0x41, 0x86, 0x39,
  0x86, 0x39, 0x86, 0x41, 0x86, 0x39, 0x86, 0x39, 0x86, 0x41, 0x86, 0x39, 0x86, 0x39, 0x86, 0x39, 0x86, 0x39, 0x86, 0x41, 0x86, 0x39, 0x86, 0x39,
  0x86, 0x39, 0x86, 0x41, 0x86, 0x39, 0x86, 0x39, 0x86, 0x39, 0x86, 0x39, 0x86, 0x39, 0x86, 0x39, 0x86, 0x39, 0x86, 0x39, 0x86, 0x39, 0x86, 0x39,
  0x86, 0x39, 0x86, 0x39, 0x86, 0x39, 0x86, 0x39, 0x86, 0x39, 0x86, 0x39, 0x86, 0x39, 0x86, 0x39, 0x86, 0x39, 0x86, 0x39, 0x86, 0x39, 0x86, 0x39,
  0x86, 0x39, 0x86, 0x39, 0x86, 0x39, 0x86, 0x39, 0x86, 0x39, 0x87, 0x39, 0x87, 0x39, 0x86, 0x39, 0x87, 0x39, 0x87, 0x39, 0x87, 0x39, 0x87, 0x39,
  0x87, 0x39, 0x87, 0x39, 0x86, 0x39, 0x87, 0x39, 0x87, 0x39, 0x87, 0x39, 0x87, 0x39, 0xa7, 0x39, 0x87, 0x39, 0x87, 0x39, 0x87, 0x39, 0x87, 0x39,
  0xa5, 0x41, 0xa5, 0x41, 0xa5, 0x41, 0xa5, 0x41, 0xa5, 0x41, 0xa5, 0x41, 0xa5, 0x41, 0xa5, 0x41, 0xa5, 0x41, 0xa5, 0x41, 0xa5, 0x41, 0xa5, 0x41,
  0xa5, 0x41, 0xa5, 0x41, 0xa5, 0x41, 0xa5, 0x41, 0xa5, 0x41, 0xa5, 0x41, 0xa5, 0x41, 0xa5, 0x41, 0xa5, 0x41, 0xa5, 0x41, 0x85, 0x41, 0xa5, 0x41,
  0xa5, 0x41, 0xa5, 0x41, 0xa5, 0x41, 0xa5, 0x41, 0xa5, 0x41, 0xa5, 0x41, 0xa6, 0x41, 0xa5, 0x41, 0xa5, 0x41, 0xa5, 0x41, 0xa5, 0x41, 0xa5, 0x41,
  0xa5, 0x41, 0xa5, 0x41, 0xa5, 0x41, 0xa5, 0x41, 0xa5, 0x41, 0xa5, 0x41, 0xa5, 0x41, 0xa5, 0x41, 0xa5, 0x41, 0xa5, 0x41, 0xa5, 0x41, 0xa5, 0x41,
  0xa5, 0x41, 0xa5, 0x41, 0xa5, 0x41, 0xa5, 0x41, 0xa6, 0x41, 0xa5, 0x41, 0xa5, 0x41, 0xa5, 0x41, 0xa5, 0x41, 0xa5, 0x41, 0xa5, 0x41, 0xa5, 0x41,
  0xa5, 0x41, 0xa5, 0x41, 0xa5, 0x41, 0xa5, 0x41, 0xa5, 0x41, 0xa5, 0x41, 0xa5, 0x41, 0xa5, 0x41, 0xa5, 0x41, 0xa5, 0x41, 0xa5, 0x41, 0xa5, 0x41,
  0xa5, 0x41, 0xa5, 0x41, 0xa5, 0x41, 0xa5, 0x41, 0xa5, 0x41, 0xa5, 0x41, 0xa5, 0x41, 0xa5, 0x41, 0xa5, 0x41, 0xa5, 0x41, 0xa5, 0x41, 0xa5, 0x41,
  0xa5, 0x41, 0xa5, 0x41, 0xa5, 0x41, 0xa5, 0x41, 0xa5, 0x41, 0xa5, 0x41, 0xa5, 0x41, 0xa5, 0x41, 0xa5, 0x41, 0xa5, 0x41, 0xa5, 0x41, 0xa5, 0x41,
  0xa5, 0x41, 0xa5, 0x41, 0xa5, 0x41, 0xa5, 0x41, 0xa5, 0x41, 0xa5, 0x41, 0xa5, 0x41, 0xa5, 0x41, 0xa5, 0x41, 0xa5, 0x41, 0x85, 0x41, 0xa5, 0x41,
  0x85, 0x41, 0xa5, 0x41, 0x85, 0x41, 0xa5, 0x41, 0xa5, 0x41, 0xa5, 0x41, 0xa5, 0x41, 0xa5, 0x41, 0xa5, 0x41, 0xa5, 0x41, 0x85, 0x41, 0x85, 0x41,
  0xa5, 0x41, 0x85, 0x41, 0xa5, 0x41, 0xa5, 0x41, 0x85, 0x41, 0x85, 0x41, 0xa5, 0x41, 0x85, 0x41, 0x85, 0x41, 0x85, 0x41, 0x85, 0x41, 0xa5, 0x41,
  0x85, 0x41, 0x85, 0x41, 0x85, 0x41, 0x85, 0x41, 0x85, 0x41, 0x85, 0x41, 0x85, 0x41, 0x85, 0x41, 0x85, 0x41, 0x85, 0x41, 0x85, 0x41, 0x85, 0x41,
  0x85, 0x41, 0x85, 0x41, 0x85, 0x41, 0x85, 0x41, 0x85, 0x41, 0x85, 0x41, 0x85, 0x41, 0x85, 0x41, 0x85, 0x41, 0x85, 0x41, 0xa5, 0x41, 0x85, 0x41,
  0x85, 0x41, 0x85, 0x41, 0x85, 0x41, 0x85, 0x41, 0x85, 0x41, 0x86, 0x41, 0x85, 0x41, 0x86, 0x41, 0x85, 0x41, 0x85, 0x41, 0x85, 0x41, 0x85, 0x41,
  0x85, 0x41, 0x86, 0x41, 0x85, 0x41, 0x86, 0x41, 0x85, 0x41, 0x85, 0x41, 0x85, 0x41, 0x85, 0x41, 0x85, 0x41, 0x85, 0x41, 0x85, 0x41, 0x85, 0x41,
  0x85, 0x41, 0x85, 0x41, 0x86, 0x41, 0x85, 0x41, 0x86, 0x41, 0x85, 0x41, 0x85, 0x41, 0x85, 0x41, 0x86, 0x41, 0x85, 0x41, 0x86, 0x41, 0x85, 0x41,
  0x86, 0x41, 0x86, 0x41, 0x86, 0x41, 0x86, 0x41, 0x86, 0x41, 0x86, 0x41, 0x86, 0x41, 0x86, 0x41, 0x86, 0x41, 0x86, 0x41, 0x86, 0x41, 0x86, 0x41,
  0x86, 0x41, 0x86, 0x41, 0x86, 0x41, 0x86, 0x41, 0x86, 0x41, 0x86, 0x41, 0x86, 0x41, 0x86, 0x41, 0x86, 0x41, 0x86, 0x41, 0x86, 0x41, 0x86, 0x41,
  0x86, 0x41, 0x86, 0x41, 0x86, 0x41, 0x86, 0x41, 0x86, 0x41, 0x86, 0x41, 0x86, 0x39, 0x86, 0x41, 0x86, 0x41, 0x86, 0x39, 0x86, 0x41, 0x86, 0x39,
  0x86, 0x41, 0x86, 0x39, 0x86, 0x41, 0x86, 0x39, 0x86, 0x41, 0x86, 0x39, 0x86, 0x39, 0x86, 0x39, 0x86, 0x39, 0x86, 0x41, 0x86, 0x39, 0x86, 0x39,
  0x86, 0x39, 0x86, 0x41, 0x86, 0x39, 0x86, 0x39, 0x86, 0x39, 0x86, 0x41, 0x86, 0x39, 0x86, 0x39, 0x86, 0x39, 0x86, 0x39, 0x86, 0x39, 0x86, 0x39,
  0x86, 0x39, 0x86, 0x39, 0x86, 0x39, 0x86, 0x39, 0x86, 0x39, 0x86, 0x39, 0x86, 0x39, 0x86, 0x39, 0x86, 0x39, 0x86, 0x39, 0x86, 0x39, 0x86, 0x39,
  0x87, 0x39, 0x87, 0x39, 0x87, 0x39, 0x86, 0x39, 0x86, 0x39, 0x87, 0x39, 0x87, 0x39, 0x87, 0x39, 0x87, 0x39, 0x87, 0x39, 0x87, 0x39, 0x87, 0x39,
  0xa5, 0x41, 0xa5, 0x41, 0xa5, 0x41, 0xa5, 0x41, 0xa5, 0x41, 0xa5, 0x41, 0xa5, 0x41, 0xa5, 0x41, 0xa5, 0x41, 0xa5, 0x41, 0xa5, 0x41, 0xa5, 0x41,
  0xa5, 0x41, 0xa5, 0x41, 0xa5, 0x41, 0xa5, 0x41, 0xa5, 0x41, 0xa5, 0x41, 0xa5, 0x41, 0xa5, 0x41, 0xa5, 0x41, 0xa5, 0x41, 0xa5, 0x41, 0xa5, 0x41,
  0xa5, 0x41, 0xa5, 0x41, 0xa5, 0x41, 0xa5, 0x41, 0xa5, 0x41, 0xa5, 0x41, 0xa5, 0x41, 0xa5, 0x41, 0xa5, 0x41, 0xa5, 0x41, 0xa5, 0x41, 0xa5, 0x41,
  0xa5, 0x41, 0xa5, 0x41, 0xa5, 0x41, 0xa5, 0x41, 0xa5, 0x41, 0xa5, 0x41, 0xa6, 0x41, 0xa5, 0x41, 0xa5, 0x41, 0xa5, 0x41, 0xa5, 0x41, 0xa5, 0x41,
  0xa5, 0x41, 0xa5, 0x41, 0xa5, 0x41, 0xa5, 0x41, 0xa5, 0x41, 0xa5, 0x41, 0xa5, 0x41, 0xa5, 0x41, 0xa5, 0x41, 0xa5, 0x41, 0xa5, 0x41, 0xa5, 0x41,
  0xa5, 0x41, 0xa5, 0x41, 0xa5, 0x41, 0xa5, 0x41, 0xa5, 0x41, 0xa5, 0x41, 0xa5, 0x41, 0xa5, 0x41, 0xa5, 0x41, 0xa5, 0x41, 0xa5, 0x41, 0xa5, 0x41,
  0xa5, 0x41, 0xa5, 0x41, 0xa5, 0x41, 0xa5, 0x41, 0xa5, 0x41, 0xa5, 0x41, 0xa5, 0x41, 0xa5, 0x41, 0xa5, 0x41, 0xa5, 0x41, 0xa5, 0x41, 0xa5, 0x41,
  0xa5, 0x41, 0xa5, 0x41, 0xa5, 0x41, 0xa5, 0x41, 0xa5, 0x41, 0xa5, 0x41, 0xa5, 0x41, 0xa5, 0x41, 0xa5, 0x41, 0xa5, 0x41, 0xa5, 0x41, 0xa5, 0x41,
  0xa5, 0x41, 0xa5, 0x41, 0xa5, 0x41, 0xa5, 0x41, 0x85, 0x41, 0xa5, 0x41, 0xa5, 0x41, 0xa5, 0x41, 0xa5, 0x41, 0xa5, 0x41, 0xa5, 0x41, 0xa5, 0x41,
  0xa5, 0x41, 0xa5, 0x41, 0xa5, 0x41, 0xa5, 0x41, 0xa5, 0x41, 0x85, 0x41, 0xa5, 0x41, 0xa5, 0x41, 0xa5, 0x41, 0xa5, 0x41, 0x85, 0x41, 0xa5, 0x41,
  0x85, 0x41, 0xa5, 0x41, 0xa5, 0x41, 0xa5, 0x41, 0x85, 0x41, 0x85, 0x41, 0x85, 0x41, 0x85, 0x41, 0x85, 0x41, 0x85, 0x41, 0x85, 0x41, 0x85, 0x41,
  0x85, 0x41, 0x85, 0x41, 0x85, 0x41, 0xa5, 0x41, 0x85, 0x41, 0x85, 0x41, 0x85, 0x41, 0x85, 0x41, 0x85, 0x41, 0x85, 0x41, 0x85, 0x41, 0x85, 0x41,
  0x85, 0x41, 0x85, 0x41, 0x85, 0x41, 0xa5, 0x41, 0x85, 0x41, 0xa5, 0x41, 0x85, 0x41, 0x85, 0x41, 0x85, 0x41, 0x85, 0x41, 0x86, 0x41, 0x85, 0x41,
  0x85, 0x41, 0x85, 0x41, 0x85, 0x41, 0x85, 0x41, 0x85, 0x41, 0x85, 0x41, 0x85, 0x41, 0x85, 0x41, 0x85, 0x41, 0x86, 0x41, 0x85, 0x41, 0x85, 0x41,
  0x85, 0x41, 0x85, 0x41, 0x85, 0x41, 0x86, 0x41, 0x85, 0x41, 0x86, 0x41, 0x85, 0x41, 0x85, 0x41, 0x85, 0x41, 0x85, 0x41, 0x86, 0x41, 0x85, 0x41,
  0x85, 0x41, 0x85, 0x41, 0x86, 0x41, 0x86, 0x41, 0x86, 0x41, 0x85, 0x41, 0x86, 0x41, 0x86, 0x41, 0x86, 0x41, 0x86, 0x41, 0x86, 0x41, 0x86, 0x41,
  0x86, 0x41, 0x86, 0x41, 0x86, 0x41, 0x86, 0x41, 0x86, 0x41, 0x86, 0x41, 0x86, 0x41, 0x86, 0x41, 0x86, 0x41, 0x86, 0x41, 0x86, 0x41, 0x86, 0x41,
  0x86, 0x41, 0x86, 0x41, 0x86, 0x39, 0x86, 0x41, 0x86, 0x41, 0x86, 0x41, 0x86, 0x41, 0x86, 0x41, 0x86, 0x41, 0x86, 0x41, 0x86, 0x41, 0x86, 0x41,
  0x86, 0x41, 0x86, 0x41, 0x86, 0x41, 0x86, 0x41, 0x86, 0x41, 0x86, 0x41, 0x86, 0x41, 0x86, 0x41, 0x86, 0x39, 0x86, 0x41, 0x86, 0x41, 0x86, 0x41,
  0x86, 0x41, 0x86, 0x39, 0x86, 0x41, 0x86, 0x41, 0x86, 0x41, 0x86, 0x41, 0x86, 0x41, 0x86, 0x41, 0x86, 0x41, 0x86, 0x39, 0x86, 0x41, 0x87, 0x41,
  0x86, 0x39, 0x86, 0x41, 0x86, 0x41, 0x86, 0x39, 0x86, 0x39, 0x86, 0x41, 0x86, 0x41, 0x86, 0x39, 0x86, 0x39, 0x86, 0x41, 0x86, 0x39, 0x86, 0x41,
  0x86, 0x39, 0x86, 0x39, 0x86, 0x39, 0x86, 0x39, 0x86, 0x39, 0x86, 0x39, 0x86, 0x39, 0x86, 0x39, 0x86, 0x39, 0x86, 0x39, 0x86, 0x39, 0x86, 0x39,
  0x86, 0x39, 0x86, 0x39, 0x87, 0x39, 0x87, 0x39, 0x87, 0x39, 0x87, 0x39, 0x86, 0x39, 0x87, 0x39, 0x87, 0x39, 0x87, 0x39, 0x87, 0x39, 0x87, 0x39,
  0xa5, 0x41, 0xa5, 0x41, 0xa5, 0x41, 0xa5, 0x41, 0xa5, 0x41, 0xa5, 0x41, 0xa5, 0x41, 0xa5, 0x41, 0xa5, 0x41, 0xa5, 0x41, 0xa5, 0x41, 0xa5, 0x41,
  0xa5, 0x41, 0xa5, 0x41, 0xa5, 0x41, 0xa5, 0x41, 0xa5, 0x41, 0xa5, 0x41, 0xa5, 0x41, 0xa5, 0x41, 0xa5, 0x41, 0xa5, 0x41, 0xa5, 0x41, 0xa5, 0x41,
  0xa5, 0x41, 0xa5, 0x41, 0xa5, 0x41, 0xa5, 0x41, 0xa5, 0x41, 0xa5, 0x41, 0xa5, 0x41, 0xa5, 0x41, 0xa5, 0x41, 0xa5, 0x41, 0xa5, 0x41, 0xa5, 0x41,
  0xa5, 0x41, 0xa5, 0x41, 0xa5, 0x41, 0xa5, 0x41, 0xa5, 0x41, 0xa5, 0x41, 0xa5, 0x41, 0xa5, 0x41, 0xa5, 0x41, 0xa5, 0x41, 0xa5, 0x41, 0xa5, 0x41,
  0xa5, 0x41, 0xa5, 0x41, 0xa5, 0x41, 0xa6, 0x41, 0xa5, 0x41, 0xa5, 0x41, 0xa5, 0x41, 0xa5, 0x41, 0xa5, 0x41, 0xa5, 0x41, 0xa5, 0x41, 0xa5, 0x41,
  0xa5, 0x41, 0xa5, 0x41, 0xa5, 0x41, 0xa5, 0x41, 0xa5, 0x41, 0xa5, 0x41, 0xa5, 0x41, 0xa5, 0x41, 0xa5, 0x41, 0xa5, 0x41, 0xa5, 0x41, 0xa5, 0x41,
  0xa5, 0x41, 0xa5, 0x41, 0xa5, 0x41, 0xa5, 0x41, 0xa5, 0x41, 0xa5, 0x41, 0xa5, 0x41, 0xa5, 0x41, 0xa5, 0x41, 0xa5, 0x41, 0xa5, 0x41, 0xa5, 0x41,
  0xa5, 0x41, 0xa5, 0x41, 0x85, 0x41, 0xa5, 0x41, 0xa5, 0x41, 0xa5, 0x41, 0xa5, 0x41, 0xa5, 0x41, 0xa5, 0x41, 0x85, 0x41, 0xa5, 0x41, 0xa5, 0x41,
  0xa5, 0x41, 0xa5, 0x41, 0xa5, 0x41, 0xa5, 0x41, 0xa5, 0x41, 0xa5, 0x41, 0xa5, 0x41, 0xa5, 0x41, 0xa5, 0x41, 0xa5, 0x41, 0xa5, 0x41, 0xa5, 0x41,
  0xa5, 0x41, 0xa5, 0x41, 0xa5, 0x41, 0xa5, 0x41, 0xa5, 0x41, 0xa5, 0x41, 0xa5, 0x41, 0x85, 0x41, 0xa5, 0x41, 0xa5, 0x41, 0x85, 0x41, 0x85, 0x41,
  0xa5, 0x41, 0x85, 0x41, 0x85, 0x41, 0x85, 0x41, 0x85, 0x41, 0x85, 0x41, 0x85, 0x41, 0x85, 0x41, 0x85, 0x41, 0x85, 0x41, 0x85, 0x41, 0x85, 0x41,
  0x85, 0x41, 0x85, 0x41, 0x85, 0x41, 0x85, 0x41, 0x85, 0x41, 0x85, 0x41, 0x85, 0x41, 0x85, 0x41, 0x85, 0x41, 0x85, 0x41, 0x85, 0x41, 0x85, 0x41,
  0x85, 0x41, 0x85, 0x41, 0x86, 0x41, 0x85, 0x41, 0x85, 0x41, 0x85, 0x41, 0x85, 0x41, 0x85, 0x41, 0x85, 0x41, 0x85, 0x41, 0x85, 0x41, 0x85, 0x41,
  0x85, 0x41, 0x85, 0x41, 0x85, 0x41, 0x85, 0x41, 0x85, 0x41, 0x85, 0x41, 0x85, 0x41, 0x85, 0x41, 0x85, 0x41, 0x85, 0x41, 0x85, 0x41, 0x85, 0x41,
  0x86, 0x41, 0x85, 0x41, 0x85, 0x41, 0x85, 0x41, 0x85, 0x41, 0x86, 0x41, 0x85, 0x41, 0x85, 0x41, 0x85, 0x41, 0x85, 0x41, 0x85, 0x41, 0x85, 0x41,
  0x85, 0x41, 0x85, 0x41, 0x85, 0x41, 0x85, 0x41, 0x86, 0x41, 0x85, 0x41, 0x86, 0x41, 0x85, 0x41, 0x85, 0x41, 0x86, 0x41, 0x86, 0x41, 0x86, 0x41,
  0x86, 0x41, 0x86, 0x41, 0x86, 0x41, 0x86, 0x41, 0x86, 0x41, 0x86, 0x41, 0x86, 0x41, 0x86, 0x41, 0x86, 0x41, 0x86, 0x41, 0x86, 0x41, 0x86, 0x41,
  0x86, 0x41, 0x86, 0x41, 0x86, 0x41, 0x66, 0x41, 0x86, 0x41, 0x86, 0x41, 0x86, 0x41, 0x86, 0x41, 0x86, 0x41, 0x86, 0x41, 0x86, 0x41, 0x86, 0x41,
  0x86, 0x41, 0x86, 0x41, 0x86, 0x41, 0x86, 0x41, 0x86, 0x41, 0x86, 0x41, 0x86, 0x41, 0x86, 0x41, 0x86, 0x41, 0x86, 0x41, 0x86, 0x41, 0x86, 0x41,
  0x86, 0x41, 0x86, 0x41, 0x86, 0x41, 0x86, 0x41, 0x86, 0x41, 0x86, 0x39, 0x86, 0x41, 0x86, 0x39, 0x86, 0x41, 0x86, 0x39, 0x86, 0x41, 0x86, 0x41,
  0x86, 0x41, 0x86, 0x41, 0x86, 0x41, 0x86, 0x39, 0x86, 0x41, 0x86, 0x41, 0x86, 0x41, 0x86, 0x41, 0x86, 0x39, 0x86, 0x39, 0x86, 0x41, 0x86, 0x39,
  0x86, 0x39, 0x86, 0x41, 0x86, 0x41, 0x86, 0x39, 0x86, 0x39, 0x86, 0x41, 0x86, 0x39, 0x86, 0x39, 0x86, 0x41, 0x87, 0x41, 0x86, 0x39, 0x86, 0x39,
  0x86, 0x39, 0x86, 0x39, 0x86, 0x39, 0x86, 0x39, 0x86, 0x39, 0x87, 0x39, 0x86, 0x39, 0x86, 0x39, 0x87, 0x39, 0x87, 0x39, 0x87, 0x39, 0x87, 0x39,
  0xa5, 0x41, 0x85, 0x41, 0xa5, 0x41, 0xa5, 0x41, 0xa5, 0x41, 0xa5, 0x41, 0xa5, 0x41, 0xa5, 0x41, 0xa5, 0x41, 0xa5, 0x41, 0xa5, 0x41, 0xa5, 0x41,
  0xa5, 0x41, 0xa5, 0x41, 0xa5, 0x41, 0xa5, 0x41, 0xa5, 0x41, 0xa5, 0x41, 0xa5, 0x41, 0xa5, 0x41, 0xa5, 0x41, 0xa5, 0x41, 0xa5, 0x41, 0xa5, 0x41,
  0xa5, 0x41, 0xa5, 0x41, 0xa5, 0x41, 0xa5, 0x41, 0xa5, 0x41, 0xa5, 0x41, 0xa5, 0x41, 0xa5, 0x41, 0xa5, 0x41, 0xa5, 0x41, 0xa5, 0x41, 0xa5, 0x41,
  0xa5, 0x41, 0xa5, 0x41, 0xa5, 0x41, 0xa5, 0x41, 0xa5, 0x41, 0xa5, 0x41, 0xa5, 0x41, 0xa5, 0x41, 0xa5, 0x41, 0xa5, 0x41, 0xa5, 0x41, 0xa5, 0x41,
  0xa5, 0x41, 0xa5, 0x41, 0xa5, 0x41, 0xa5, 0x41, 0xa5, 0x41, 0xa5, 0x41, 0xa5, 0x41, 0xa5, 0x41, 0xa5, 0x41, 0xa5, 0x41, 0xa5, 0x41, 0xa5, 0x41,
  0xa5, 0x41, 0xa5, 0x41, 0xa5, 0x41, 0xa5, 0x41, 0xa5, 0x41, 0xa5, 0x41, 0xa5, 0x41, 0xa5, 0x41, 0xa5, 0x41, 0xa5, 0x41, 0xa5, 0x41, 0xa5, 0x41,
  0xa5, 0x41, 0xa5, 0x41, 0xa5, 0x41, 0x85, 0x41, 0xa5, 0x41, 0xa5, 0x41, 0xa5, 0x41, 0xa5, 0x41, 0xa5, 0x41, 0xa5, 0x41, 0xa5, 0x41, 0xa5, 0x41,
  0xa5, 0x41, 0xa5, 0x41, 0xa5, 0x41, 0xa5, 0x41, 0xa5, 0x41, 0xa5, 0x41, 0xa5, 0x41, 0xa5, 0x41, 0xa5, 0x41, 0xa5, 0x41, 0x85, 0x41, 0xa5, 0x41,
  0xa5, 0x41, 0xa5, 0x41, 0x85, 0x41, 0xa5, 0x41, 0x85, 0x41, 0xa5, 0x41, 0x85, 0x41, 0xa5, 0x41, 0x85, 0x41, 0x85, 0x41, 0xa5, 0x41, 0x85, 0x41,
  0xa5, 0x41, 0x85, 0x41, 0x85, 0x41, 0x85, 0x41, 0x85, 0x41, 0x85, 0x41, 0x85, 0x41, 0x85, 0x41, 0xa5, 0x41, 0xa5, 0x41, 0x85, 0x41, 0x85, 0x41,
  0xa5, 0x41, 0x85, 0x41, 0xa5, 0x41, 0x85, 0x41, 0x85, 0x41, 0x85, 0x41, 0x85, 0x41, 0x85, 0x41, 0x85, 0x41, 0x85, 0x41, 0x85, 0x41, 0x85, 0x41,
  0x85, 0x41, 0x85, 0x41, 0x85, 0x41, 0x85, 0x41, 0x85, 0x41, 0x85, 0x41, 0x85, 0x41, 0x85, 0x41, 0x85, 0x41, 0x85, 0x41, 0x85, 0x41, 0x85, 0x41,
  0x85, 0x41, 0x85, 0x41, 0x85, 0x41, 0x85, 0x41, 0x85, 0x41, 0x85, 0x41, 0x85, 0x41, 0x85, 0x41, 0x85, 0x41, 0x85, 0x41, 0x85, 0x41, 0x85, 0x41,
  0x85, 0x41, 0x85, 0x41, 0x85, 0x41, 0x85, 0x41, 0x85, 0x41, 0x85, 0x41, 0x85, 0x41, 0x85, 0x41, 0x85, 0x41, 0x85, 0x41, 0x85, 0x41, 0x85, 0x41,
  0x85, 0x41, 0x85, 0x41, 0x85, 0x41, 0x85, 0x41, 0x85, 0x41, 0x85, 0x41, 0x85, 0x41, 0x86, 0x41, 0x85, 0x41, 0x85, 0x41, 0x85, 0x41, 0x85, 0x41,
  0x85, 0x41, 0x85, 0x41, 0x85, 0x41, 0x85, 0x41, 0x85, 0x41, 0x86, 0x41, 0x86, 0x41, 0x86, 0x41, 0x85, 0x41, 0x86, 0x41, 0x86, 0x41, 0x86, 0x41,
  0x86, 0x41, 0x86, 0x41, 0x86, 0x41, 0x86, 0x41, 0x86, 0x41, 0x86, 0x41, 0x86, 0x41, 0x86, 0x41, 0x86, 0x41, 0x86, 0x41, 0x86, 0x41, 0x86, 0x41,
  0x86, 0x41, 0x86, 0x41, 0x86, 0x41, 0x86, 0x41, 0x86, 0x41, 0x86, 0x41, 0x86, 0x41, 0x86, 0x41, 0x86, 0x41, 0x86, 0x41, 0x86, 0x41, 0x86, 0x41,
  0x86, 0x41, 0x86, 0x39, 0x86, 0x41, 0x86, 0x41, 0x86, 0x39, 0x86, 0x41, 0x86, 0x41, 0x86, 0x41, 0x86, 0x41, 0x86, 0x41, 0x86, 0x41, 0x86, 0x41,
  0x86, 0x41, 0x86, 0x41, 0x86, 0x41, 0x86, 0x41, 0x86, 0x41, 0x86, 0x41, 0x86, 0x41, 0x86, 0x41, 0x86, 0x41, 0x86, 0x41, 0x86, 0x41, 0x86, 0x41,
  0x86, 0x41, 0x86, 0x41, 0x86, 0x41, 0x86, 0x41, 0x86, 0x41, 0x86, 0x41, 0x86, 0x41, 0x86, 0x41, 0x86, 0x41, 0x86, 0x41, 0x86, 0x41, 0x86, 0x41,
  0x86, 0x41, 0x86, 0x41, 0x86, 0x41, 0x86, 0x39, 0x86, 0x41, 0x86, 0x41, 0x86, 0x39, 0x87, 0x39, 0x86, 0x39, 0x86, 0x41, 0x86, 0x41, 0x87, 0x41,
  0x86, 0x41, 0x86, 0x39, 0x86, 0x39, 0x87, 0x41, 0x86, 0x39, 0x86, 0x41, 0x86, 0x39, 0x87, 0x39, 0x86, 0x39, 0x87, 0x41, 0x87, 0x39, 0x87, 0x41,
  0x85, 0x41, 0xa5, 0x41, 0xa5, 0x41, 0xa5, 0x41, 0x85, 0x41, 0xa5, 0x41, 0xa5, 0x41, 0x85, 0x41, 0xa5, 0x41, 0xa5, 0x41, 0xa5, 0x41, 0x85, 0x41,
  0x85, 0x41, 0xa5, 0x41, 0xa5, 0x41, 0xa5, 0x41, 0xa5, 0x41, 0xa5, 0x41, 0x85, 0x41, 0xa6, 0x41, 0xa5, 0x41, 0xa5, 0x41, 0xa5, 0x41, 0xa5, 0x41,
  0xa5, 0x41, 0xa5, 0x41, 0xa5, 0x41, 0xa5, 0x41, 0xa5, 0x41, 0x85, 0x41, 0xa5, 0x41, 0xa5, 0x41, 0xa5, 0x41, 0xa5, 0x41, 0xa5, 0x41, 0xa5, 0x41,
  0xa5, 0x41, 0xa5, 0x41, 0xa5, 0x41, 0xa5, 0x41, 0xa5, 0x41, 0xa5, 0x41, 0xa5, 0x41, 0xa5, 0x41, 0xa5, 0x41, 0xa5, 0x41, 0xa5, 0x41, 0xa5, 0x41,
  0xa5, 0x41, 0xa5, 0x41, 0xa5, 0x41, 0xa5, 0x41, 0x85, 0x41, 0xa5, 0x41, 0xa5, 0x41, 0xa5, 0x41, 0xa5, 0x41, 0xa5, 0x41, 0xa5, 0x41, 0xa5, 0x41,
  0xa5, 0x41, 0xa5, 0x41, 0xa5, 0x41, 0xa5, 0x41, 0xa5, 0x41, 0xa5, 0x41, 0xa5, 0x41, 0xa5, 0x41, 0xa5, 0x41, 0xa5, 0x41, 0xa5, 0x41, 0xa5, 0x41,
  0xa5, 0x41, 0xa5, 0x41, 0xa5, 0x41, 0xa5, 0x41, 0xa5, 0x41, 0xa5, 0x41, 0xa5, 0x41, 0xa5, 0x41, 0xa5, 0x41, 0xa5, 0x41, 0xa5, 0x41, 0x85, 0x41,
  0xa5, 0x41, 0x85, 0x41, 0xa5, 0x41, 0xa5, 0x41, 0x85, 0x41, 0xa5, 0x41, 0x85, 0x41, 0xa5, 0x41, 0x85, 0x41, 0xa5, 0x41, 0x85, 0x41, 0xa5, 0x41,
  0xa5, 0x41, 0xa5, 0x41, 0xa5, 0x41, 0x85, 0x41, 0x85, 0x41, 0xa5, 0x41, 0x85, 0x41, 0xa5, 0x41, 0xa5, 0x41, 0xa5, 0x41, 0x85, 0x41, 0x85, 0x41,
  0x85, 0x41, 0x85, 0x41, 0xa5, 0x41, 0x85, 0x41, 0x85, 0x41, 0x85, 0x41, 0x85, 0x41, 0xa5, 0x41, 0x85, 0x41, 0xa5, 0x41, 0x85, 0x41, 0x85, 0x41,
  0x85, 0x41, 0xa5, 0x41, 0x85, 0x41, 0xa5, 0x41, 0x85, 0x41, 0x85, 0x41, 0x85, 0x41, 0x85, 0x41, 0x85, 0x41, 0x85, 0x41, 0x85, 0x41, 0x85, 0x41,
  0x85, 0x41, 0x85, 0x41, 0x85, 0x41, 0x85, 0x41, 0x85, 0x41, 0x85, 0x41, 0x85, 0x41, 0x85, 0x41, 0x85, 0x41, 0x85, 0x41, 0x85, 0x41, 0x85, 0x41,
  0x85, 0x41, 0x85, 0x41, 0x85, 0x41, 0x85, 0x39, 0xa5, 0x41, 0x85, 0x41, 0xa5, 0x41, 0x85, 0x41, 0x85, 0x41, 0x85, 0x41, 0x85, 0x41, 0x85, 0x41,
  0x85, 0x41, 0x85, 0x41, 0x85, 0x41, 0x85, 0x41, 0x85, 0x41, 0x85, 0x41, 0x85, 0x41, 0x85, 0x41, 0x85, 0x41, 0x85, 0x41, 0x85, 0x41, 0x85, 0x41,
  0x85, 0x41, 0x85, 0x41, 0x85, 0x41, 0x86, 0x41, 0x85, 0x41, 0x85, 0x41, 0x85, 0x41, 0x85, 0x41, 0x85, 0x41, 0x85, 0x41, 0x85, 0x41, 0x85, 0x41,
  0x85, 0x41, 0x85, 0x41, 0x86, 0x41, 0x85, 0x41, 0x85, 0x41, 0x86, 0x41, 0x85, 0x41, 0x85, 0x41, 0x86, 0x41, 0x85, 0x41, 0x85, 0x41, 0x85, 0x41,
  0x85, 0x41, 0x86, 0x41, 0x86, 0x41, 0x86, 0x41, 0x86, 0x41, 0x86, 0x41, 0x86, 0x41, 0x86, 0x41, 0x86, 0x41, 0x86, 0x41, 0x86, 0x41, 0x86, 0x41,
  0x86, 0x41, 0x86, 0x41, 0x86, 0x41, 0x86, 0x39, 0x86, 0x41, 0x86, 0x39, 0x85, 0x41, 0x86, 0x41, 0x86, 0x41, 0x86, 0x41, 0x86, 0x41, 0x86, 0x39,
  0x86, 0x41, 0x86, 0x41, 0x86, 0x41, 0x86, 0x41, 0x86, 0x41, 0x86, 0x41, 0x86, 0x41, 0x86, 0x41, 0x86, 0x41, 0x86, 0x41, 0x86, 0x39, 0x86, 0x41,
  0x86, 0x39, 0x86, 0x39, 0x86, 0x41, 0x86, 0x41, 0x86, 0x41, 0x86, 0x41, 0x86, 0x41, 0x86, 0x41, 0x86, 0x41, 0x86, 0x41, 0x86, 0x41, 0x86, 0x41,
  0x86, 0x41, 0x86, 0x41, 0x86, 0x41, 0x86, 0x41, 0x86, 0x41, 0x86, 0x41, 0x86, 0x41, 0x86, 0x41, 0x86, 0x41, 0x86, 0x41, 0x86, 0x41, 0x86, 0x41,
  0x86, 0x41, 0x86, 0x41, 0x86, 0x41, 0x86, 0x41, 0x86, 0x41, 0x86, 0x41, 0x86, 0x39, 0x86, 0x41, 0x86, 0x41, 0x86, 0x41, 0x86, 0x39, 0x86, 0x41,
  0x86, 0x39, 0xa7, 0x41, 0x86, 0x41, 0x87, 0x41, 0x86, 0x41, 0x86, 0x39, 0x86, 0x41, 0x86, 0x41, 0x86, 0x41, 0x86, 0x39, 0xa7, 0x41, 0x87, 0x41,
  0xa5, 0x41, 0x85, 0x41, 0xa5, 0x41, 0xa5, 0x41, 0xa5, 0x41, 0xa5, 0x41, 0xa5, 0x41, 0xa5, 0x41, 0xa5, 0x41, 0x85, 0x41, 0xa5, 0x41, 0xa5, 0x41,
  0xa5, 0x41, 0xa5, 0x41, 0xa5, 0x41, 0xa5, 0x41, 0xa5, 0x41, 0xa5, 0x41, 0xa5, 0x41, 0xa5, 0x41, 0x85, 0x41, 0xa5, 0x41, 0xa5, 0x41, 0xa5, 0x41,
  0xa5, 0x41, 0xa5, 0x41, 0xa5, 0x41, 0xa5, 0x41, 0xa5, 0x41, 0xa5, 0x41, 0xa5, 0x41, 0xa5, 0x41, 0xa5, 0x41, 0xa5, 0x41, 0x85, 0x41, 0xa5, 0x41,
  0xa5, 0x41, 0xa5, 0x41, 0xa5, 0x41, 0xa5, 0x41, 0xa5, 0x41, 0xa5, 0x41, 0xa5, 0x41, 0xa6, 0x41, 0xa5, 0x41, 0xa5, 0x41, 0xa5, 0x41, 0xa5, 0x41,
  0xa5, 0x41, 0xa5, 0x41, 0xa5, 0x41, 0xa5, 0x41, 0xa5, 0x41, 0xa5, 0x41, 0xa5, 0x41, 0xa5, 0x41, 0xa5, 0x41, 0xa5, 0x41, 0xa5, 0x41, 0xa5, 0x41,
  0xa6, 0x41, 0xa5, 0x41, 0xa5, 0x41, 0xa5, 0x41, 0xa5, 0x41, 0xa5, 0x41, 0xa5, 0x41, 0xa5, 0x41, 0xa5, 0x41, 0xa5, 0x41, 0xa5, 0x41, 0xa5, 0x41,
  0x85, 0x41, 0xa5, 0x41, 0x85, 0x41, 0xa5, 0x41, 0xa5, 0x41, 0x85, 0x41, 0xa5, 0x41, 0xa5, 0x41, 0xa5, 0x41, 0x85, 0x41, 0x85, 0x41, 0xa5, 0x41,
  0x85, 0x41, 0xa5, 0x41, 0xa5, 0x41, 0xa5, 0x41, 0xa5, 0x41, 0xa5, 0x41, 0x85, 0x41, 0xa5, 0x41, 0xa5, 0x41, 0xa5, 0x41, 0xa5, 0x41, 0xa5, 0x41,
  0xa5, 0x41, 0x85, 0x41, 0xa5, 0x41, 0x85, 0x41, 0xa5, 0x41, 0xa5, 0x41, 0x85, 0x41, 0x85, 0x41, 0x85, 0x41, 0xa5, 0x41, 0x85, 0x41, 0xa5, 0x41,
  0x85, 0x41, 0x85, 0x41, 0xa5, 0x41, 0x85, 0x41, 0x85, 0x41, 0x85, 0x41, 0x85, 0x41, 0x85, 0x41, 0xa5, 0x41, 0x85, 0x41, 0xa5, 0x41, 0xa5, 0x41,
  0x85, 0x41, 0xa5, 0x41, 0x85, 0x41, 0x85, 0x41, 0xa5, 0x41, 0x85, 0x41, 0x85, 0x41, 0x85, 0x41, 0xa5, 0x41, 0x85, 0x41, 0x85, 0x41, 0x85, 0x41,
  0x85, 0x41, 0x85, 0x41, 0x85, 0x41, 0x85, 0x41, 0x85, 0x41, 0x85, 0x41, 0x85, 0x41, 0x85, 0x41, 0x85, 0x41, 0x85, 0x41, 0xa5, 0x41, 0x85, 0x41,
  0x85, 0x41, 0x85, 0x41, 0x86, 0x41, 0x86, 0x41, 0x85, 0x41, 0x85, 0x41, 0x85, 0x41, 0x85, 0x41, 0x85, 0x41, 0x85, 0x41, 0x85, 0x41, 0x85, 0x41,
  0x85, 0x41, 0x85, 0x39, 0x85, 0x41, 0x85, 0x41, 0x85, 0x41, 0x85, 0x41, 0x85, 0x41, 0x85, 0x41, 0x86, 0x41, 0x85, 0x41, 0x85, 0x41, 0x85, 0x41,
  0x85, 0x41, 0x85, 0x41, 0x85, 0x41, 0x85, 0x41, 0x85, 0x41, 0x85, 0x41, 0x85, 0x41, 0x85, 0x41, 0x85, 0x41, 0x85, 0x41, 0x85, 0x41, 0x85, 0x41,
  0x85, 0x41, 0x85, 0x41, 0x85, 0x41, 0x85, 0x41, 0x85, 0x41, 0x85, 0x41, 0x85, 0x41, 0x85, 0x41, 0x86, 0x41, 0x85, 0x41, 0x86, 0x41, 0x86, 0x41,
  0x86, 0x41, 0x86, 0x41, 0x86, 0x41, 0x86, 0x41, 0x85, 0x41, 0x86, 0x41, 0x86, 0x41, 0x86, 0x41, 0x86, 0x41, 0x86, 0x41, 0x86, 0x41, 0x86, 0x41,
  0x86, 0x41, 0x86, 0x41, 0x86, 0x41, 0x86, 0x41, 0x86, 0x41, 0x86, 0x41, 0x86, 0x41, 0x86, 0x39, 0x86, 0x41, 0x86, 0x41, 0x86, 0x41, 0x86, 0x41,
  0x86, 0x39, 0x86, 0x41, 0x86, 0x39, 0x86, 0x39, 0x86, 0x41, 0x86, 0x39, 0x86, 0x41, 0x86, 0x41, 0x86, 0x41, 0x86, 0x39, 0x86, 0x41, 0x86, 0x39,
  0x86, 0x41, 0x86, 0x41, 0x86, 0x41, 0x86, 0x41, 0x86, 0x39, 0x86, 0x41, 0x86, 0x41, 0x86, 0x41, 0x86, 0x41, 0x86, 0x41, 0x86, 0x41, 0x86, 0x41,
  0x86, 0x41, 0x86, 0x41, 0x86, 0x41, 0x86, 0x41, 0x86, 0x41, 0x86, 0x41, 0x86, 0x41, 0x86, 0x41, 0x86, 0x41, 0x86, 0x41, 0x86, 0x41, 0x86, 0x41,
  0x86, 0x41, 0x86, 0x41, 0x86, 0x41, 0x86, 0x41, 0x86, 0x41, 0x86, 0x39, 0x86, 0x41, 0x86, 0x41, 0x86, 0x41, 0x86, 0x41, 0x86, 0x41, 0x86, 0x39,
  0x86, 0x41, 0x86, 0x41, 0x86, 0x41, 0x86, 0x41, 0x86, 0x41, 0x86, 0x41, 0x86, 0x41, 0xa7, 0x41, 0x86, 0x41, 0x86, 0x39, 0x87, 0x41, 0x86, 0x39,
  0x85, 0x41, 0xa5, 0x41, 0x85, 0x41, 0x85, 0x41, 0x85, 0x41, 0x85, 0x41, 0x85, 0x41, 0x85, 0x41, 0xa5, 0x41, 0xa5, 0x41, 0xa5, 0x41, 0x85, 0x41,
  0x85, 0x41, 0xa6, 0x41, 0x85, 0x41, 0xa5, 0x41, 0xa5, 0x41, 0x85, 0x41, 0x85, 0x41, 0xa5, 0x41, 0x85, 0x41, 0xa5, 0x41, 0xa5, 0x41, 0xa5, 0x41,
  0xa5, 0x41, 0xa5, 0x41, 0xa5, 0x41, 0xa5, 0x41, 0xa5, 0x41, 0x85, 0x41, 0x85, 0x41, 0xa5, 0x41, 0xa5, 0x41, 0xa5, 0x41, 0xa5, 0x41, 0xa5, 0x41,
  0x85, 0x41, 0xa5, 0x41, 0xa5, 0x41, 0xa5, 0x41, 0x85, 0x41, 0xa5, 0x41, 0xa5, 0x41, 0xa5, 0x41, 0xa5, 0x41, 0xa5, 0x41, 0xa5, 0x41, 0xa5, 0x41,
  0xa5, 0x41, 0xa5, 0x41, 0x85, 0x41, 0xa5, 0x41, 0xa5, 0x41, 0xa5, 0x41, 0xa5, 0x41, 0xa5, 0x41, 0xa5, 0x41, 0xa5, 0x41, 0xa5, 0x41, 0xa5, 0x41,
  0xa5, 0x41, 0xa5, 0x41, 0xa5, 0x41, 0xa5, 0x41, 0xa5, 0x41, 0xa5, 0x41, 0xa5, 0x41, 0xa5, 0x41, 0xa5, 0x41, 0xa5, 0x41, 0xa5, 0x41, 0xa5, 0x41,
  0xa5, 0x41, 0xa5, 0x41, 0xa5, 0x41, 0xa5, 0x41, 0xa5, 0x41, 0xa5, 0x41, 0x85, 0x41, 0xa5, 0x41, 0xa5, 0x41, 0xa5, 0x41, 0xa5, 0x41, 0x85, 0x41,
  0xa5, 0x41, 0x85, 0x41, 0x85, 0x41, 0x85, 0x41, 0x85, 0x41, 0xa5, 0x41, 0x85, 0x41, 0x85, 0x41, 0x85, 0x41, 0xa5, 0x41, 0x85, 0x41, 0x85, 0x41,
  0x85, 0x41, 0x85, 0x41, 0x85, 0x41, 0x85, 0x41, 0x85, 0x41, 0x85, 0x41, 0x85, 0x41, 0x85, 0x41, 0x85, 0x41, 0x85, 0x41, 0x85, 0x41, 0x85, 0x41,
  0x85, 0x41, 0x85, 0x41, 0x85, 0x41, 0x85, 0x41, 0x85, 0x41, 0xa5, 0x41, 0x85, 0x41, 0x85, 0x41, 0x85, 0x41, 0x85, 0x41, 0x85, 0x41, 0x85, 0x41,
  0x85, 0x41, 0x85, 0x41, 0x85, 0x41, 0x85, 0x41, 0x85, 0x41, 0x85, 0x41, 0x85, 0x41, 0x85, 0x41, 0x85, 0x41, 0x85, 0x41, 0x85, 0x41, 0x85, 0x41,
  0x85, 0x41, 0x85, 0x41, 0x85, 0x41, 0x85, 0x41, 0x85, 0x41, 0x85, 0x41, 0x85, 0x41, 0x85, 0x41, 0x85, 0x41, 0x85, 0x41, 0x85, 0x41, 0x85, 0x41,
  0x85, 0x41, 0x85, 0x41, 0x85, 0x41, 0x85, 0x41, 0x85, 0x41, 0x85, 0x41, 0x85, 0x41, 0x85, 0x41, 0x85, 0x41, 0x85, 0x41, 0x85, 0x41, 0x85, 0x41,
  0x85, 0x41, 0x85, 0x41, 0x85, 0x41, 0x85, 0x41, 0x85, 0x41, 0x85, 0x41, 0x85, 0x41, 0x86, 0x41, 0x85, 0x41, 0x85, 0x41, 0x85, 0x41, 0x85, 0x41,
  0x85, 0x41, 0x85, 0x41, 0x85, 0x41, 0x86, 0x41, 0x85, 0x41, 0x85, 0x41, 0x85, 0x41, 0x85, 0x41, 0x85, 0x41, 0x85, 0x41, 0x85, 0x41, 0x85, 0x41,
  0x85, 0x41, 0x85, 0x41, 0x86, 0x41, 0x85, 0x41, 0x85, 0x41, 0x85, 0x41, 0x85, 0x41, 0x85, 0x41, 0x85, 0x41, 0x85, 0x41, 0x85, 0x41, 0x85, 0x41,
  0x85, 0x41, 0x85, 0x41, 0x86, 0x41, 0x85, 0x41, 0x86, 0x41, 0x85, 0x41, 0x86, 0x41, 0x86, 0x41, 0x86, 0x41, 0x86, 0x41, 0x86, 0x41, 0x86, 0x41,
  0x86, 0x41, 0x86, 0x41, 0x86, 0x41, 0x86, 0x41, 0x86, 0x41, 0x86, 0x41, 0x86, 0x41, 0x86, 0x41, 0x65, 0x39, 0x85, 0x41, 0x86, 0x41, 0x86, 0x41,
  0x66, 0x41, 0x86, 0x41, 0x86, 0x41, 0x86, 0x41, 0x66, 0x41, 0x86, 0x41, 0x86, 0x41, 0x86, 0x41, 0x86, 0x41, 0x86, 0x41, 0x86, 0x41, 0x86, 0x41,
  0x86, 0x41, 0x86, 0x41, 0x86, 0x39, 0x86, 0x41, 0x86, 0x41, 0x86, 0x41, 0x86, 0x41, 0x86, 0x41, 0x86, 0x41, 0x86, 0x41, 0x86, 0x41, 0x86, 0x41,
  0x86, 0x41, 0x86, 0x41, 0x86, 0x41, 0x86, 0x41, 0x86, 0x41, 0x86, 0x41, 0x86, 0x41, 0x86, 0x41, 0x86, 0x41, 0x86, 0x41, 0x86, 0x41, 0x86, 0x39,
  0x86, 0x41, 0x86, 0x41, 0x86, 0x41, 0x86, 0x41, 0x86, 0x41, 0x86, 0x41, 0x86, 0x41, 0x86, 0x41, 0x86, 0x41, 0x86, 0x41, 0x86, 0x41, 0x86, 0x41,
  0x86, 0x39, 0x86, 0x41, 0x87, 0x41, 0x86, 0x39, 0x86, 0x41, 0x86, 0x41, 0x86, 0x39, 0x86, 0x41, 0x86, 0x41, 0x86, 0x41, 0x86, 0x41, 0x86, 0x41,
  0xa5, 0x41, 0x85, 0x41, 0xa5, 0x41, 0x85, 0x41, 0xa5, 0x41, 0x85, 0x41, 0xa5, 0x41, 0xa5, 0x41, 0xa5, 0x41, 0x85, 0x41, 0xa5, 0x41, 0x85, 0x41,
  0xa5, 0x41, 0xa5, 0x41, 0x85, 0x41, 0xa5, 0x41, 0x85, 0x41, 0xa5, 0x41, 0xa5, 0x41, 0xa5, 0x41, 0x85, 0x41, 0xa5, 0x41, 0xa5, 0x41, 0xa5, 0x41,
  0xa5, 0x41, 0xa5, 0x41, 0xa5, 0x41, 0xa5, 0x41, 0xa5, 0x41, 0xa5, 0x41, 0xa5, 0x41, 0x85, 0x41, 0xa5, 0x41, 0xa5, 0x41, 0xa5, 0x41, 0xa5, 0x41,
  0xa5, 0x41, 0xa5, 0x41, 0xa5, 0x41, 0xa5, 0x41, 0xa5, 0x41, 0xa5, 0x41, 0xa5, 0x41, 0xa5, 0x41, 0xa5, 0x41, 0xa5, 0x41, 0xa5, 0x41, 0xa5, 0x41,
  0xa5, 0x41, 0xa5, 0x41, 0xa5, 0x41, 0xa5, 0x41, 0xa5, 0x41, 0xa5, 0x41, 0xa5, 0x41, 0xa5, 0x41, 0xa5, 0x41, 0xa5, 0x41, 0xa5, 0x41, 0xa5, 0x41,
  0xa5, 0x41, 0xa5, 0x41, 0x85, 0x41, 0xa5, 0x41, 0xa5, 0x41, 0x85, 0x41, 0xa5, 0x41, 0xa5, 0x41, 0xa5, 0x41, 0xa5, 0x41, 0xa5, 0x41, 0x85, 0x41,
  0x85, 0x41, 0xa5, 0x41, 0xa5, 0x41, 0xa5, 0x41, 0xa5, 0x41, 0xa5, 0x41, 0xa5, 0x41, 0xa5, 0x41, 0x85, 0x41, 0xa5, 0x41, 0x85, 0x41, 0x85, 0x41,
  0xa5, 0x41, 0xa5, 0x41, 0x85, 0x41, 0xa5, 0x41, 0x85, 0x41, 0xa5, 0x41, 0x85, 0x41, 0x85, 0x41, 0x85, 0x41, 0x85, 0x41, 0xa5, 0x41, 0x85, 0x41,
  0xa5, 0x41, 0x85, 0x41, 0x85, 0x41, 0xa5, 0x41, 0xa5, 0x41, 0xa5, 0x41, 0xa5, 0x41, 0x85, 0x41, 0x85, 0x41, 0x85, 0x41, 0x85, 0x41, 0x85, 0x41,
  0x85, 0x41, 0x85, 0x41, 0x85, 0x41, 0x85, 0x41, 0x85, 0x41, 0x85, 0x41, 0x85, 0x41, 0x85, 0x41, 0xa5, 0x41, 0x85, 0x41, 0x85, 0x41, 0x85, 0x41,
  0x85, 0x41, 0x85, 0x41, 0x85, 0x41, 0x85, 0x41, 0x85, 0x41, 0x85, 0x41, 0x85, 0x41, 0x85, 0x41, 0x85, 0x41, 0x85, 0x41, 0x85, 0x41, 0x85, 0x41,
  0x85, 0x41, 0x85, 0x41, 0x85, 0x41, 0x85, 0x41, 0x85, 0x41, 0x85, 0x41, 0x85, 0x41, 0x85, 0x41, 0x85, 0x41, 0x85, 0x41, 0x85, 0x41, 0x85, 0x41,
  0x85, 0x41, 0x85, 0x41, 0x85, 0x41, 0x85, 0x41, 0x85, 0x41, 0x85, 0x41, 0x85, 0x41, 0x85, 0x41, 0x85, 0x41, 0x85, 0x41, 0x85, 0x41, 0x85, 0x41,
  0x85, 0x41, 0x85, 0x41, 0x85, 0x41, 0x85, 0x41, 0x85, 0x41, 0x85, 0x41, 0x85, 0x41, 0x85, 0x41, 0x85, 0x41, 0x85, 0x41, 0x85, 0x41, 0x85, 0x41,
  0x85, 0x41, 0x85, 0x41, 0x85, 0x41, 0x85, 0x41, 0x85, 0x41, 0x85, 0x41, 0x85, 0x41, 0x85, 0x41, 0x85, 0x41, 0x85, 0x41, 0x85, 0x41, 0x85, 0x41,
  0x85, 0x41, 0x85, 0x41, 0x85, 0x41, 0x85, 0x41, 0x86, 0x41, 0x85, 0x41, 0x85, 0x41, 0x85, 0x41, 0x85, 0x41, 0x85, 0x41, 0x85, 0x41, 0x86, 0x41,
  0x85, 0x41, 0x86, 0x41, 0x85, 0x41, 0x86, 0x41, 0x85, 0x41, 0x86, 0x41, 0x85, 0x41, 0x86, 0x41, 0x86, 0x41, 0x86, 0x41, 0x86, 0x41, 0x86, 0x41,
  0x86, 0x41, 0x86, 0x41, 0x86, 0x41, 0x86, 0x41, 0x86, 0x41, 0x86, 0x41, 0x86, 0x41, 0x86, 0x41, 0x86, 0x41, 0x86, 0x41, 0x86, 0x41, 0x86, 0x41,
  0x85, 0x41, 0x86, 0x41, 0x86, 0x41, 0x86, 0x41, 0x86, 0x41, 0x86, 0x41, 0x86, 0x41, 0x86, 0x41, 0x86, 0x41, 0x86, 0x39, 0x86, 0x41, 0x86, 0x41,
  0x86, 0x39, 0x86, 0x41, 0x86, 0x41, 0x86, 0x41, 0x86, 0x41, 0x86, 0x41, 0x86, 0x41, 0x86, 0x41, 0x86, 0x41, 0x86, 0x41, 0x86, 0x41, 0x86, 0x41,
  0x86, 0x41, 0x86, 0x41, 0x86, 0x41, 0x86, 0x41, 0x86, 0x41, 0x86, 0x41, 0x86, 0x41, 0x86, 0x41, 0x86, 0x41, 0x86, 0x41, 0x86, 0x41, 0x86, 0x41,
  0x86, 0x41, 0x86, 0x41, 0x86, 0x41, 0x86, 0x41, 0x86, 0x41, 0x86, 0x41, 0x86, 0x41, 0x86, 0x41, 0x86, 0x39, 0x87, 0x41, 0x86, 0x41, 0x86, 0x41,
  0x86, 0x39, 0x86, 0x41, 0x86, 0x41, 0x86, 0x41, 0x86, 0x41, 0x86, 0x41, 0x86, 0x41, 0x86, 0x41, 0x86, 0x41, 0xa7, 0x41, 0x87, 0x41, 0x86, 0x39,
  0x85, 0x41, 0x85, 0x41, 0x85, 0x41, 0xa5, 0x41, 0x85, 0x41, 0x85, 0x41, 0x85, 0x41, 0x85, 0x41, 0x85, 0x41, 0x85, 0x41, 0x85, 0x41, 0x85, 0x41,
  0x85, 0x41, 0x85, 0x41, 0x85, 0x41, 0x85, 0x41, 0x85, 0x41, 0x85, 0x41, 0x85, 0x41, 0x85, 0x41, 0xa5, 0x41, 0x85, 0x41, 0xa5, 0x41, 0xa5, 0x41,
  0x85, 0x41, 0xa5, 0x41, 0x85, 0x41, 0xa5, 0x41, 0xa5, 0x41, 0x85, 0x41, 0xa5, 0x41, 0xa5, 0x41, 0xa5, 0x41, 0xa5, 0x41, 0xa5, 0x41, 0xa5, 0x41,
  0x85, 0x41, 0xa5, 0x41, 0xa5, 0x41, 0xa5, 0x41, 0xa5, 0x41, 0xa5, 0x41, 0xa5, 0x41, 0xa5, 0x41, 0xa5, 0x41, 0xa5, 0x41, 0x85, 0x41, 0xa5, 0x41,
  0xa5, 0x41, 0xa5, 0x41, 0x85, 0x41, 0xa5, 0x41, 0xa5, 0x41, 0xa5, 0x41, 0xa5, 0x41, 0xa5, 0x41, 0xa5, 0x41, 0xa5, 0x41, 0xa5, 0x41, 0xa5, 0x41,
  0xa5, 0x41, 0xa5, 0x41, 0xa5, 0x41, 0x85, 0x41, 0xa5, 0x41, 0xa5, 0x41, 0x85, 0x41, 0xa5, 0x41, 0x85, 0x41, 0x85, 0x41, 0xa5, 0x41, 0x85, 0x41,
  0xa5, 0x41, 0x85, 0x41, 0x85, 0x41, 0xa5, 0x41, 0x85, 0x41, 0x85, 0x41, 0x85, 0x41, 0x85, 0x41, 0x85, 0x41, 0x85, 0x41, 0x85, 0x41, 0xa5, 0x41,
  0x85, 0x41, 0x85, 0x41, 0x85, 0x41, 0x85, 0x41, 0x85, 0x41, 0x85, 0x41, 0x85, 0x41, 0x85, 0x41, 0x85, 0x41, 0x85, 0x41, 0x85, 0x41, 0x85, 0x41,
  0x85, 0x41, 0x85, 0x41, 0x85, 0x41, 0x85, 0x41, 0x85, 0x41, 0x85, 0x41, 0x85, 0x41, 0x85, 0x41, 0x85, 0x41, 0x85, 0x41, 0x85, 0x41, 0xa5, 0x41,
  0x85, 0x41, 0x85, 0x41, 0x85, 0x41, 0x85, 0x41, 0x85, 0x41, 0x85, 0x41, 0x85, 0x41, 0xa5, 0x41, 0x85, 0x41, 0x85, 0x41, 0x85, 0x41, 0x85, 0x41,
  0x85, 0x41, 0x85, 0x41, 0x85, 0x41, 0xa5, 0x41, 0x85, 0x41, 0x85, 0x41, 0x85, 0x41, 0x85, 0x41, 0x85, 0x41, 0x85, 0x41, 0x85, 0x41, 0x85, 0x41,
  0x85, 0x41, 0x85, 0x41, 0x85, 0x41, 0x85, 0x41, 0x85, 0x41, 0x85, 0x41, 0x85, 0x41, 0x85, 0x41, 0x85, 0x41, 0x85, 0x41, 0x85, 0x41, 0x85, 0x41,
  0x85, 0x41, 0x85, 0x41, 0x85, 0x41, 0x85, 0x41, 0x85, 0x41, 0x85, 0x41, 0x85, 0x41, 0x85, 0x41, 0x85, 0x41, 0x85, 0x41, 0x85, 0x41, 0x85, 0x41,
  0x85, 0x41, 0x85, 0x41, 0x85, 0x41, 0x85, 0x41, 0x85, 0x41, 0x85, 0x41, 0x85, 0x41, 0x85, 0x41, 0x85, 0x41, 0x85, 0x41, 0x85, 0x41, 0x85, 0x41,
  0x85, 0x41, 0x85, 0x41, 0x85, 0x41, 0x85, 0x41, 0x85, 0x41, 0x85, 0x41, 0x85, 0x41, 0x85, 0x41, 0x85, 0x41, 0x85, 0x41, 0x85, 0x41, 0x85, 0x41,
  0x85, 0x41, 0x85, 0x41, 0x85, 0x41, 0x85, 0x41, 0x85, 0x41, 0x85, 0x41, 0x85, 0x41, 0x85, 0x41, 0x86, 0x41, 0x85, 0x41, 0x85, 0x41, 0x85, 0x41,
  0x85, 0x41, 0x85, 0x41, 0x85, 0x41, 0x85, 0x41, 0x66, 0x41, 0x86, 0x41, 0x86, 0x41, 0x86, 0x41, 0x86, 0x41, 0x86, 0x41, 0x86, 0x41, 0x86, 0x41,
  0x86, 0x41, 0x86, 0x41, 0x86, 0x41, 0x86, 0x41, 0x86, 0x41, 0x86, 0x41, 0x86, 0x41, 0x86, 0x41, 0x86, 0x41, 0x85, 0x41, 0x86, 0x41, 0x86, 0x41,
  0x86, 0x41, 0x86, 0x41, 0x86, 0x41, 0x66, 0x41, 0x86, 0x41, 0x86, 0x41, 0x86, 0x41, 0x86, 0x41, 0x86, 0x41, 0x86, 0x41, 0x86, 0x41, 0x86, 0x41,
  0x86, 0x41, 0x86, 0x41, 0x86, 0x41, 0x86, 0x41, 0x86, 0x41, 0x86, 0x41, 0x86, 0x41, 0x86, 0x41, 0x86, 0x41, 0x86, 0x41, 0x86, 0x41, 0x86, 0x41,
  0x86, 0x41, 0x86, 0x41, 0x86, 0x41, 0x86, 0x41, 0x86, 0x41, 0x86, 0x41, 0x86, 0x41, 0x86, 0x41, 0x86, 0x41, 0x86, 0x41, 0x86, 0x41, 0x86, 0x41,
  0x86, 0x41, 0x86, 0x41, 0x86, 0x41, 0x86, 0x41, 0x86, 0x41, 0x86, 0x41, 0x86, 0x41, 0x86, 0x41, 0x86, 0x41, 0x86, 0x41, 0x86, 0x41, 0x86, 0x41,
  0x86, 0x39, 0x86, 0x41, 0x86, 0x41, 0x86, 0x41, 0x86, 0x41, 0x86, 0x41, 0x86, 0x41, 0x86, 0x41, 0x86, 0x41, 0x86, 0x41, 0x86, 0x41, 0x86, 0x41,
  0xa5, 0x41, 0x85, 0x41, 0x85, 0x41, 0xa5, 0x41, 0x85, 0x41, 0x85, 0x41, 0x85, 0x41, 0x85, 0x41, 0x85, 0x41, 0x85, 0x41, 0x85, 0x41, 0x85, 0x41,
  0x85, 0x41, 0x85, 0x41, 0x85, 0x41, 0x85, 0x41, 0x85, 0x41, 0x85, 0x41, 0x85, 0x41, 0xa5, 0x41, 0x85, 0x41, 0xa5, 0x41, 0x85, 0x41, 0x85, 0x41,
  0x85, 0x41, 0x85, 0x41, 0x85, 0x41, 0x85, 0x41, 0xa5, 0x41, 0xa5, 0x41, 0x85, 0x41, 0xa5, 0x41, 0x85, 0x41, 0x85, 0x41, 0x85, 0x41, 0x85, 0x41,
  0xa5, 0x41, 0x85, 0x41, 0xa5, 0x41, 0xa5, 0x41, 0xa5, 0x41, 0xa5, 0x41, 0xa5, 0x41, 0xa5, 0x41, 0xa5, 0x41, 0xa5, 0x41, 0xa5, 0x41, 0xa5, 0x41,
  0xa5, 0x41, 0x85, 0x41, 0xa5, 0x41, 0x85, 0x41, 0x85, 0x41, 0x85, 0x41, 0x85, 0x41, 0xa5, 0x41, 0x85, 0x41, 0xa5, 0x41, 0x85, 0x41, 0x85, 0x41,
  0x85, 0x41, 0x85, 0x41, 0x85, 0x41, 0xa5, 0x41, 0x85, 0x41, 0x85, 0x41, 0x85, 0x41, 0x85, 0x41, 0xa5, 0x41, 0x85, 0x41, 0xa5, 0x41, 0x85, 0x41,
  0x85, 0x41, 0x85, 0x41, 0x85, 0x41, 0x85, 0x41, 0x85, 0x41, 0x85, 0x41, 0x85, 0x41, 0x85, 0x41, 0x85, 0x41, 0x85, 0x41, 0x85, 0x41, 0x85, 0x41,
  0x85, 0x41, 0x85, 0x41, 0x85, 0x41, 0x85, 0x41, 0x85, 0x41, 0x85, 0x41, 0x85, 0x41, 0x85, 0x41, 0x85, 0x41, 0x85, 0x41, 0x85, 0x41, 0x85, 0x41,
  0x85, 0x41, 0x85, 0x41, 0x85, 0x41, 0x85, 0x41, 0x85, 0x41, 0x85, 0x41, 0x85, 0x41, 0x85, 0x41, 0x85, 0x41, 0x85, 0x41, 0x85, 0x41, 0x85, 0x41,
  0x85, 0x41, 0x85, 0x41, 0x85, 0x41, 0x85, 0x41, 0x85, 0x41, 0x85, 0x41, 0x85, 0x41, 0x85, 0x41, 0x85, 0x41, 0x85, 0x41, 0x85, 0x41, 0x85, 0x41,
  0x85, 0x41, 0x85, 0x41, 0x85, 0x41, 0x85, 0x41, 0x85, 0x41, 0x85, 0x41, 0x85, 0x41, 0x85, 0x41, 0x85, 0x41, 0x85, 0x41, 0x85, 0x41, 0x85, 0x41,
  0x85, 0x41, 0x85, 0x41, 0x85, 0x41, 0x85, 0x41, 0x85, 0x41, 0x85, 0x41, 0x85, 0x41, 0x85, 0x41, 0x85, 0x41, 0x85, 0x41, 0x85, 0x41, 0x85, 0x41,
  0x85, 0x41, 0x85, 0x41, 0x85, 0x41, 0x85, 0x41, 0x85, 0x41, 0x85, 0x41, 0x85, 0x41, 0x85, 0x41, 0x85, 0x41, 0x85, 0x41, 0x85, 0x41, 0x85, 0x41,
  0x85, 0x41, 0x85, 0x41, 0x85, 0x41, 0x85, 0x41, 0x85, 0x41, 0x85, 0x41, 0x85, 0x41, 0x85, 0x41, 0x85, 0x41, 0x85, 0x41, 0x85, 0x41, 0x85, 0x41,
  0x85, 0x41, 0x85, 0x41, 0x85, 0x41, 0x85, 0x41, 0x85, 0x41, 0x85, 0x41, 0x85, 0x41, 0x85, 0x41, 0x85, 0x41, 0x85, 0x41, 0x85, 0x41, 0x85, 0x41,
  0x85, 0x41, 0x85, 0x41, 0x85, 0x41, 0x85, 0x41, 0x85, 0x41, 0x85, 0x41, 0x85, 0x41, 0x85, 0x41, 0x85, 0x41, 0x85, 0x41, 0x85, 0x41, 0x85, 0x41,
  0x86, 0x41, 0x85, 0x41, 0x85, 0x41, 0x86, 0x41, 0x85, 0x41, 0x86, 0x41, 0x86, 0x41, 0x85, 0x41, 0x86, 0x41, 0x85, 0x41, 0x86, 0x41, 0x86, 0x41,
  0x86, 0x41, 0x65, 0x41, 0x86, 0x41, 0x86, 0x39, 0x86, 0x41, 0x86, 0x41, 0x65, 0x41, 0x86, 0x41, 0x86, 0x41, 0x85, 0x41, 0x86, 0x41, 0x86, 0x41,
  0x86, 0x41, 0x86, 0x41, 0x86, 0x41, 0x86, 0x41, 0x86, 0x41, 0x86, 0x41, 0x86, 0x41, 0x86, 0x41, 0x86, 0x41, 0x86, 0x41, 0x86, 0x41, 0x86, 0x41,
  0x86, 0x41, 0x86, 0x41, 0x86, 0x41, 0x86, 0x41, 0x86, 0x41, 0x86, 0x41, 0x86, 0x41, 0x86, 0x41, 0x86, 0x41, 0x86, 0x41, 0x86, 0x41, 0x86, 0x41,
  0x86, 0x41, 0x86, 0x41, 0x86, 0x41, 0x86, 0x41, 0x86, 0x41, 0x86, 0x41, 0x86, 0x41, 0x86, 0x41, 0x86, 0x41, 0x86, 0x41, 0x86, 0x41, 0x86, 0x41,
  0x86, 0x41, 0x86, 0x41, 0x86, 0x41, 0x86, 0x41, 0x86, 0x41, 0x86, 0x41, 0x86, 0x41, 0x86, 0x41, 0x86, 0x41, 0x86, 0x41, 0x86, 0x41, 0x86, 0x41,
  0x86, 0x41, 0x86, 0x41, 0x86, 0x41, 0x86, 0x41, 0x86, 0x41, 0x86, 0x41, 0x86, 0x39, 0x86, 0x41, 0x86, 0x41, 0x86, 0x41, 0x86, 0x41, 0x86, 0x41,
  0x85, 0x41, 0xa5, 0x41, 0xa5, 0x41, 0x85, 0x41, 0xa5, 0x41, 0xa5, 0x41, 0xa5, 0x41, 0x85, 0x41, 0x85, 0x41, 0x85, 0x41, 0x85, 0x41, 0xa5, 0x41,
  0xa5, 0x41, 0xa5, 0x41, 0x85, 0x41, 0x85, 0x41, 0x85, 0x41, 0x85, 0x41, 0x85, 0x41, 0x85, 0x41, 0xa5, 0x41, 0x85, 0x41, 0x85, 0x41, 0xa5, 0x41,
  0x85, 0x41, 0x85, 0x41, 0xa5, 0x41, 0xa5, 0x41, 0x85, 0x41, 0xa5, 0x41, 0xa5, 0x41, 0x85, 0x41, 0x85, 0x41, 0x85, 0x41, 0x85, 0x41, 0x85, 0x41,
  0xa5, 0x41, 0x85, 0x41, 0xa5, 0x41, 0x85, 0x41, 0x85, 0x41, 0xa5, 0x41, 0xa5, 0x41, 0x85, 0x41, 0xa5, 0x41, 0x85, 0x41, 0xa5, 0x41, 0x85, 0x41,
  0x85, 0x41, 0x85, 0x41, 0x85, 0x41, 0x85, 0x41, 0x85, 0x41, 0xa5, 0x41, 0x85, 0x41, 0x85, 0x41, 0x85, 0x41, 0x85, 0x41, 0x85, 0x41, 0x85, 0x41,
  0x85, 0x41, 0xa5, 0x41, 0xa5, 0x41, 0x85, 0x41, 0x85, 0x41, 0x85, 0x41, 0x85, 0x41, 0x85, 0x41, 0x85, 0x41, 0x85, 0x41, 0x85, 0x41, 0xa5, 0x41,
  0x85, 0x41, 0x85, 0x41, 0x85, 0x41, 0x85, 0x41, 0x85, 0x41, 0x85, 0x41, 0x85, 0x41, 0x85, 0x41, 0x85, 0x41, 0x85, 0x41, 0x85, 0x41, 0x85, 0x41,
  0x85, 0x41, 0xa5, 0x41, 0x85, 0x41, 0x85, 0x41, 0x85, 0x41, 0x85, 0x41, 0x85, 0x41, 0x85, 0x41, 0x85, 0x41, 0x85, 0x41, 0x85, 0x41, 0x85, 0x41,
  0x85, 0x41, 0x85, 0x41, 0x85, 0x41, 0x85, 0x41, 0x85, 0x41, 0x85, 0x41, 0x85, 0x41, 0x85, 0x41, 0x85, 0x41, 0x85, 0x41, 0x85, 0x41, 0x85, 0x41,
  0x85, 0x41, 0x85, 0x41, 0x85, 0x41, 0x85, 0x41, 0x85, 0x41, 0x85, 0x41, 0x85, 0x41, 0x85, 0x41, 0x85, 0x41, 0x85, 0x41, 0x85, 0x41, 0x85, 0x41,
  0x85, 0x41, 0x85, 0x41, 0x85, 0x41, 0x85, 0x41, 0x85, 0x41, 0x85, 0x41, 0x85, 0x41, 0x85, 0x41, 0x85, 0x41, 0x85, 0x41, 0x85, 0x41, 0x85, 0x41,
  0x85, 0x41, 0x85, 0x41, 0x85, 0x41, 0x85, 0x41, 0x85, 0x41, 0x85, 0x41, 0x85, 0x41, 0x85, 0x41, 0x85, 0x41, 0x85, 0x41, 0x85, 0x41, 0x85, 0x41,
  0x85, 0x41, 0x85, 0x41, 0x85, 0x41, 0x85, 0x41, 0x85, 0x41, 0x85, 0x41, 0x85, 0x41, 0x85, 0x41, 0x85, 0x41, 0x85, 0x41, 0x85, 0x41, 0x85, 0x41,
  0x85, 0x41, 0x85, 0x41, 0x85, 0x41, 0x85, 0x41, 0x85, 0x41, 0x85, 0x41, 0x85, 0x41, 0x85, 0x41, 0x85, 0x41, 0x85, 0x41, 0x85, 0x41, 0x85, 0x41,
  0x85, 0x41, 0x85, 0x41, 0x85, 0x41, 0x85, 0x41, 0x85, 0x41, 0x85, 0x41, 0x85, 0x41, 0x85, 0x41, 0x85, 0x41, 0x85, 0x41, 0x85, 0x41, 0x85, 0x41,
  0x86, 0x41, 0x85, 0x41, 0x86, 0x41, 0x85, 0x41, 0x85, 0x41, 0x85, 0x41, 0x86, 0x41, 0x85, 0x41, 0x85, 0x41, 0x85, 0x41, 0x85, 0x41, 0x85, 0x41,
  0x85, 0x41, 0x85, 0x41, 0x85, 0x41, 0x85, 0x41, 0x85, 0x41, 0x85, 0x41, 0x85, 0x41, 0x86, 0x41, 0x85, 0x41, 0x86, 0x41, 0x86, 0x41, 0x85, 0x41,
  0x86, 0x41, 0x86, 0x41, 0x86, 0x41, 0x65, 0x41, 0x86, 0x41, 0x86, 0x41, 0x86, 0x41, 0x86, 0x41, 0x86, 0x41, 0x86, 0x41, 0x86, 0x41, 0x86, 0x41,
  0x86, 0x41, 0x86, 0x41, 0x86, 0x41, 0x86, 0x41, 0x86, 0x41, 0x86, 0x41, 0x86, 0x41, 0x86, 0x41, 0x86, 0x41, 0x86, 0x41, 0x86, 0x41, 0x86, 0x41,
  0x86, 0x41, 0x86, 0x41, 0x86, 0x41, 0x86, 0x41, 0x86, 0x41, 0x86, 0x41, 0x86, 0x41, 0x86, 0x41, 0x86, 0x41, 0x86, 0x41, 0x86, 0x41, 0x86, 0x41,
  0x86, 0x41, 0x86, 0x41, 0x86, 0x41, 0x86, 0x41, 0x86, 0x41, 0x86, 0x41, 0x86, 0x41, 0x86, 0x41, 0x86, 0x41, 0x86, 0x41, 0x86, 0x41, 0x86, 0x41,
  0x86, 0x41, 0x86, 0x41, 0x86, 0x41, 0x86, 0x41, 0x86, 0x41, 0x86, 0x41, 0x86, 0x41, 0x86, 0x41, 0x86, 0x41, 0x86, 0x41, 0x86, 0x41, 0x86, 0x41,
  0x86, 0x41, 0x86, 0x41, 0x86, 0x41, 0x86, 0x41, 0x86, 0x41, 0x86, 0x41, 0x86, 0x41, 0x86, 0x41, 0x86, 0x41, 0x86, 0x39, 0x86, 0x41, 0x86, 0x41,
  0x85, 0x41, 0x85, 0x41, 0x85, 0x41, 0x85, 0x41, 0x85, 0x41, 0xa5, 0x41, 0x85, 0x41, 0xa5, 0x41, 0x85, 0x41, 0xa5, 0x41, 0x85, 0x41, 0x85, 0x41,
  0x85, 0x41, 0xa5, 0x41, 0x85, 0x41, 0xa5, 0x41, 0xa5, 0x41, 0xa5, 0x41, 0xa5, 0x41, 0xa5, 0x41, 0xa5, 0x41, 0xa5, 0x41, 0xa5, 0x41, 0x85, 0x41,
  0xa5, 0x41, 0xa5, 0x41, 0xa5, 0x41, 0xa5, 0x41, 0x85, 0x41, 0x85, 0x41, 0xa5, 0x41, 0x85, 0x41, 0x85, 0x41, 0x85, 0x41, 0xa5, 0x41, 0xa5, 0x41,
  0xa5, 0x41, 0xa5, 0x41, 0x85, 0x41, 0xa5, 0x41, 0xa5, 0x41, 0x85, 0x41, 0xa5, 0x41, 0x85, 0x41, 0xa5, 0x41, 0x85, 0x41, 0xa5, 0x41, 0x85, 0x41,
  0x85, 0x41, 0x85, 0x41, 0xa5, 0x41, 0x85, 0x41, 0x85, 0x41, 0x85, 0x41, 0xa5, 0x41, 0x85, 0x41, 0x85, 0x41, 0x85, 0x41, 0x85, 0x41, 0x85, 0x41,
  0xa5, 0x41, 0x85, 0x41, 0x85, 0x41, 0x85, 0x41, 0x85, 0x41, 0x85, 0x41, 0xa5, 0x41, 0x85, 0x41, 0xa5, 0x41, 0x85, 0x41, 0x85, 0x41, 0x85, 0x41,
  0x85, 0x41, 0x85, 0x41, 0x85, 0x41, 0x85, 0x41, 0x85, 0x41, 0x85, 0x41, 0x85, 0x41, 0x85, 0x41, 0x85, 0x41, 0x85, 0x41, 0xa5, 0x41, 0x85, 0x41,
  0xa5, 0x41, 0x85, 0x41, 0x85, 0x41, 0x85, 0x41, 0x85, 0x41, 0x85, 0x41, 0x85, 0x41, 0x85, 0x41, 0x85, 0x41, 0x85, 0x41, 0x85, 0x41, 0x85, 0x41,
  0xa5, 0x41, 0x85, 0x41, 0x85, 0x41, 0x85, 0x41, 0x85, 0x41, 0x85, 0x41, 0x85, 0x41, 0x85, 0x41, 0x85, 0x41, 0x85, 0x41, 0x85, 0x41, 0x85, 0x41,
  0x85, 0x41, 0x85, 0x41, 0x85, 0x41, 0x85, 0x41, 0x85, 0x41, 0x85, 0x41, 0x85, 0x41, 0x85, 0x41, 0x85, 0x41, 0x85, 0x41, 0x85, 0x41, 0x85, 0x41,
  0x85, 0x41, 0x85, 0x41, 0x85, 0x41, 0x85, 0x41, 0x85, 0x41, 0x85, 0x41, 0x85, 0x41, 0x85, 0x41, 0x85, 0x41, 0x85, 0x41, 0x85, 0x41, 0x85, 0x41,
  0x85, 0x41, 0x85, 0x41, 0x85, 0x41, 0x85, 0x41, 0x85, 0x41, 0x85, 0x41, 0x85, 0x41, 0x85, 0x41, 0x85, 0x41, 0x85, 0x41, 0x85, 0x41, 0x85, 0x41,
  0x85, 0x41, 0x85, 0x41, 0x85, 0x41, 0x85, 0x41, 0x85, 0x41, 0x85, 0x41, 0x85, 0x41, 0x85, 0x41, 0x85, 0x41, 0x85, 0x41, 0x85, 0x41, 0x85, 0x41,
  0x85, 0x41, 0x85, 0x41, 0x85, 0x41, 0x85, 0x41, 0x85, 0x41, 0x85, 0x41, 0x85, 0x41, 0x85, 0x41, 0x65, 0x41, 0x85, 0x41, 0x85, 0x41, 0x85, 0x41,
  0x85, 0x41, 0x85, 0x41, 0x85, 0x41, 0x85, 0x41, 0x85, 0x41, 0x85, 0x41, 0x85, 0x41, 0x85, 0x41, 0x86, 0x41, 0x85, 0x41, 0x85, 0x41, 0x86, 0x41,
  0x85, 0x41, 0x85, 0x41, 0x85, 0x41, 0x85, 0x41, 0x85, 0x41, 0x85, 0x41, 0x85, 0x41, 0x65, 0x41, 0x85, 0x41, 0x85, 0x41, 0x85, 0x41, 0x85, 0x41,
  0x85, 0x41, 0x85, 0x41, 0x85, 0x41, 0x65, 0x41, 0x85, 0x41, 0x85, 0x41, 0x86, 0x41, 0x86, 0x41, 0x85, 0x41, 0x65, 0x41, 0x86, 0x41, 0x85, 0x41,
  0x65, 0x41, 0x85, 0x41, 0x86, 0x39, 0x86, 0x41, 0x86, 0x41, 0x86, 0x41, 0x85, 0x41, 0x86, 0x41, 0x86, 0x41, 0x86, 0x41, 0x86, 0x41, 0x85, 0x41,
  0x86, 0x41, 0x86, 0x41, 0x86, 0x41, 0x86, 0x41, 0x86, 0x41, 0x86, 0x41, 0x86, 0x41, 0x86, 0x41, 0x86, 0x41, 0x86, 0x41, 0x86, 0x41, 0x86, 0x41,
  0x86, 0x41, 0x86, 0x41, 0x86, 0x41, 0x86, 0x41, 0x86, 0x41, 0x86, 0x39, 0x86, 0x41, 0x86, 0x41, 0x86, 0x41, 0x86, 0x41, 0x86, 0x41, 0x86, 0x41,
  0x86, 0x41, 0x86, 0x41, 0x86, 0x41, 0x86, 0x41, 0x86, 0x41, 0x86, 0x41, 0x86, 0x41, 0x86, 0x41, 0x86, 0x41, 0x86, 0x41, 0x86, 0x41, 0x86, 0x41,
  0x66, 0x41, 0x86, 0x41, 0x86, 0x41, 0x86, 0x41, 0x86, 0x41, 0x86, 0x41, 0x86, 0x41, 0x86, 0x41, 0x86, 0x41, 0x86, 0x41, 0x86, 0x41, 0x86, 0x41,
  0x86, 0x41, 0x86, 0x41, 0x86, 0x41, 0x86, 0x41, 0x86, 0x41, 0x86, 0x41, 0x86, 0x41, 0x86, 0x41, 0x86, 0x41, 0x86, 0x41, 0x86, 0x41, 0x87, 0x41,
  0x85, 0x41, 0x85, 0x41, 0x85, 0x41, 0x85, 0x41, 0xa5, 0x41, 0x85, 0x41, 0x85, 0x41, 0xa5, 0x41, 0x85, 0x41, 0x85, 0x41, 0x85, 0x41, 0x85, 0x41,
  0x85, 0x41, 0x85, 0x41, 0x85, 0x41, 0x85, 0x41, 0xa5, 0x41, 0x85, 0x41, 0x85, 0x41, 0x85, 0x41, 0xa5, 0x41, 0x85, 0x41, 0xa5, 0x41, 0xa5, 0x41,
  0xa5, 0x41, 0xa5, 0x41, 0x85, 0x41, 0x85, 0x41, 0x85, 0x41, 0x85, 0x41, 0x85, 0x41, 0xa5, 0x41, 0xa5, 0x41, 0xa5, 0x41, 0x85, 0x41, 0xa4, 0x41,
  0x85, 0x41, 0x85, 0x41, 0x85, 0x41, 0xa5, 0x41, 0xa5, 0x41, 0x85, 0x41, 0xa5, 0x41, 0x85, 0x41, 0x85, 0x41, 0xa5, 0x41, 0x85, 0x41, 0x85, 0x41,
  0x85, 0x41, 0xa5, 0x41, 0x85, 0x41, 0x85, 0x41, 0x85, 0x41, 0x85, 0x41, 0x85, 0x41, 0x85, 0x41, 0x85, 0x41, 0x85, 0x41, 0x85, 0x41, 0x85, 0x41,
  0x85, 0x41, 0xa5, 0x41, 0x85, 0x41, 0x85, 0x41, 0x85, 0x41, 0x85, 0x41, 0x85, 0x41, 0x85, 0x41, 0x85, 0x41, 0x85, 0x41, 0x85, 0x41, 0x85, 0x41,
  0x85, 0x41, 0x85, 0x41, 0x85, 0x41, 0x85, 0x41, 0x85, 0x41, 0x85, 0x41, 0x85, 0x41, 0x85, 0x41, 0x85, 0x41, 0x85, 0x41, 0x85, 0x41, 0x85, 0x41,
  0x85, 0x41, 0x85, 0x41, 0x85, 0x41, 0x85, 0x41, 0x85, 0x41, 0x85, 0x41, 0x85, 0x41, 0x85, 0x41, 0x85, 0x41, 0x85, 0x41, 0x85, 0x41, 0x85, 0x41,
  0x85, 0x41, 0x85, 0x41, 0x85, 0x41, 0x85, 0x41, 0xa5, 0x41, 0x85, 0x41, 0x85, 0x41, 0x85, 0x41, 0x85, 0x41, 0x85, 0x41, 0x85, 0x41, 0x85, 0x41,
  0x85, 0x41, 0x85, 0x41, 0x85, 0x41, 0x85, 0x41, 0x85, 0x41, 0x85, 0x41, 0x85, 0x41, 0x85, 0x41, 0x85, 0x41, 0x85, 0x41, 0x85, 0x41, 0x85, 0x41,
  0x85, 0x41, 0x85, 0x41, 0x85, 0x41, 0x85, 0x41, 0x85, 0x41, 0x85, 0x41, 0x85, 0x41, 0x85, 0x41, 0x85, 0x41, 0x85, 0x41, 0x85, 0x41, 0x85, 0x41,
  0x85, 0x41, 0x85, 0x41, 0x85, 0x41, 0x85, 0x41, 0x85, 0x41, 0x85, 0x41, 0x85, 0x41, 0x85, 0x41, 0x85, 0x41, 0x85, 0x41, 0x85, 0x41, 0x85, 0x41,
  0x85, 0x41, 0x85, 0x41, 0x85, 0x41, 0x85, 0x41, 0x85, 0x41, 0x85, 0x41, 0x85, 0x41, 0x85, 0x41, 0x85, 0x41, 0x85, 0x41, 0x85, 0x41, 0x85, 0x41,
  0x65, 0x41, 0x85, 0x41, 0x85, 0x41, 0x85, 0x41, 0x85, 0x41, 0x85, 0x41, 0x85, 0x41, 0x85, 0x41, 0x85, 0x41, 0x85, 0x41, 0x85, 0x41, 0x85, 0x41,
  0x65, 0x41, 0x85, 0x41, 0x85, 0x41, 0x65, 0x41, 0x85, 0x41, 0x85, 0x41, 0x85, 0x41, 0x85, 0x41, 0x85, 0x41, 0x85, 0x41, 0x85, 0x41, 0x85, 0x41,
  0x85, 0x41, 0x85, 0x41, 0x85, 0x41, 0x85, 0x41, 0x85, 0x41, 0x85, 0x41, 0x66, 0x41, 0x85, 0x41, 0x65, 0x41, 0x85, 0x41, 0x85, 0x41, 0x85, 0x41,
  0x65, 0x41, 0x65, 0x41, 0x85, 0x41, 0x85, 0x41, 0x85, 0x41, 0x85, 0x41, 0x65, 0x41, 0x85, 0x41, 0x85, 0x41, 0x85, 0x41, 0x85, 0x41, 0x85, 0x39,
  0x85, 0x41, 0x85, 0x41, 0x65, 0x41, 0x86, 0x41, 0x65, 0x41, 0x86, 0x41, 0x86, 0x41, 0x86, 0x41, 0x86, 0x41, 0x86, 0x41, 0x86, 0x41, 0x86, 0x41,
  0x86, 0x41, 0x86, 0x41, 0x86, 0x41, 0x86, 0x41, 0x86, 0x41, 0x86, 0x41, 0x86, 0x41, 0x86, 0x41, 0x86, 0x41, 0x86, 0x41, 0x86, 0x41, 0x66, 0x41,
  0x86, 0x41, 0x86, 0x41, 0x86, 0x41, 0x86, 0x41, 0x86, 0x41, 0x86, 0x41, 0x66, 0x39, 0x86, 0x41, 0x86, 0x41, 0x86, 0x41, 0x86, 0x41, 0x86, 0x41,
  0x86, 0x41, 0x86, 0x41, 0x66, 0x41, 0x86, 0x41, 0x86, 0x41, 0x86, 0x41, 0x86, 0x41, 0x66, 0x41, 0x86, 0x41, 0x66, 0x41, 0x86, 0x41, 0x66, 0x39,
  0x86, 0x41, 0x86, 0x41, 0x86, 0x41, 0x86, 0x41, 0x86, 0x41, 0x86, 0x41, 0x66, 0x41, 0x86, 0x41, 0x66, 0x41, 0x86, 0x41, 0x86, 0x41, 0x86, 0x41,
  0x86, 0x41, 0x86, 0x41, 0x86, 0x41, 0x86, 0x41, 0x86, 0x41, 0x86, 0x41, 0x86, 0x41, 0x86, 0x41, 0x86, 0x41, 0x86, 0x39, 0x86, 0x41, 0x86, 0x39,
  0x85, 0x41, 0x85, 0x41, 0x85, 0x41, 0x85, 0x41, 0xa5, 0x41, 0x85, 0x41, 0x85, 0x41, 0x85, 0x41, 0x85, 0x41, 0x85, 0x41, 0x85, 0x41, 0x85, 0x41,
  0xa5, 0x41, 0xa5, 0x41, 0x85, 0x41, 0xa5, 0x41, 0x85, 0x41, 0x85, 0x41, 0x85, 0x41, 0x85, 0x41, 0x85, 0x41, 0x85, 0x41, 0xa5, 0x41, 0x85, 0x41,
  0xa5, 0x41, 0xa5, 0x41, 0x85, 0x41, 0xa5, 0x41, 0xa5, 0x41, 0x85, 0x41, 0xa5, 0x41, 0x8d, 0x7b, 0xef, 0x83, 0xef, 0x83, 0xef, 0x83, 0xc6, 0x49,
  0xa5, 0x41, 0xa5, 0x41, 0xa5, 0x41, 0xa5, 0x41, 0xa5, 0x41, 0x85, 0x41, 0xa5, 0x41, 0x85, 0x41, 0xa5, 0x41, 0x85, 0x41, 0xa5, 0x41, 0xa5, 0x41,
  0x8d, 0x7b, 0xef, 0x83, 0xef, 0x83, 0xef, 0x83, 0xc6, 0x49, 0x85, 0x41, 0xa5, 0x41, 0x85, 0x41, 0x85, 0x41, 0x85, 0x41, 0x8d, 0x7b, 0xef, 0x83,
  0xef, 0x83, 0xee, 0x83, 0xef, 0x83, 0xef, 0x83, 0xef, 0x83, 0xee, 0x83, 0xef, 0x83, 0xae, 0x83, 0x2b, 0x73, 0x69, 0x5a, 0xc5, 0x49, 0x85, 0x41,
  0x85, 0x41, 0x85, 0x41, 0x85, 0x41, 0x85, 0x41, 0x85, 0x41, 0x85, 0x41, 0x85, 0x41, 0x85, 0x41, 0x85, 0x41, 0x85, 0x41, 0x85, 0x41, 0x85, 0x41,
  0x8d, 0x7b, 0xee, 0x83, 0xef, 0x83, 0xef, 0x83, 0xc6, 0x49, 0x85, 0x41, 0x85, 0x41, 0x85, 0x41, 0x85, 0x41, 0x85, 0x41, 0x85, 0x41, 0x85, 0x41,
  0x85, 0x41, 0x85, 0x41, 0x85, 0x41, 0x85, 0x41, 0x85, 0x41, 0x8d, 0x7b, 0xef, 0x83, 0xef, 0x83, 0xcf, 0x8b, 0xa6, 0x49, 0x85, 0x41, 0x85, 0x41,
  0x85, 0x41, 0x85, 0x41, 0x85, 0x41, 0x85, 0x41, 0x85, 0x41, 0x85, 0x41, 0x85, 0x41, 0x85, 0x41, 0x85, 0x41, 0x85, 0x41, 0x85, 0x41, 0x85, 0x41,
  0x85, 0x41, 0x85, 0x41, 0x85, 0x41, 0x85, 0x41, 0xa5, 0x41, 0x85, 0x41, 0x85, 0x41, 0x85, 0x41, 0x85, 0x41, 0x85, 0x41, 0x85, 0x41, 0x85, 0x41,
  0x85, 0x41, 0x85, 0x41, 0x85, 0x41, 0x85, 0x41, 0x85, 0x41, 0x85, 0x41, 0x85, 0x41, 0x85, 0x41, 0x85, 0x41, 0x85, 0x41, 0x85, 0x41, 0x85, 0x41,
  0x85, 0x41, 0x85, 0x41, 0x85, 0x41, 0x85, 0x41, 0x85, 0x41, 0x85, 0x41, 0x85, 0x41, 0x85, 0x41, 0x65, 0x41, 0x85, 0x41, 0x85, 0x41, 0x85, 0x41,
  0x85, 0x41, 0x85, 0x41, 0x85, 0x41, 0x85, 0x41, 0x85, 0x41, 0x85, 0x41, 0x85, 0x41, 0x85, 0x41, 0x85, 0x41, 0x85, 0x41, 0x65, 0x41, 0x85, 0x41,
  0x85, 0x41, 0x85, 0x41, 0x85, 0x41, 0x85, 0x41, 0x85, 0x41, 0x85, 0x41, 0x85, 0x41, 0x85, 0x41, 0x85, 0x41, 0x85, 0x41, 0x85, 0x41, 0x85, 0x41,
  0x85, 0x41, 0x85, 0x41, 0x85, 0x41, 0x85, 0x41, 0x85, 0x41, 0x85, 0x41, 0x6d, 0x7b, 0xcf, 0x83, 0xcf, 0x8b, 0xcf, 0x83, 0xcf, 0x83, 0xcf, 0x83,
  0xcf, 0x83, 0xcf, 0x83, 0xcf, 0x83, 0xcf, 0x83, 0xae, 0x7b, 0x0b, 0x6b, 0x49, 0x5a, 0x85, 0x41, 0x86, 0x41, 0x66, 0x41, 0x86, 0x41, 0x66, 0x41,
  0x65, 0x41, 0x85, 0x41, 0x86, 0x39, 0x85, 0x41, 0x85, 0x41, 0x86, 0x41, 0x86, 0x41, 0x66, 0x41, 0x85, 0x41, 0x86, 0x41, 0x65, 0x41, 0x66, 0x41,
  0x86, 0x41, 0x86, 0x41, 0x86, 0x41, 0x86, 0x41, 0x86, 0x41, 0x86, 0x41, 0x86, 0x41, 0x86, 0x41, 0x86, 0x41, 0x86, 0x41, 0x86, 0x41, 0x86, 0x41,
  0x86, 0x41, 0x86, 0x41, 0x86, 0x41, 0x86, 0x41, 0x86, 0x41, 0x86, 0x41, 0x86, 0x41, 0x86, 0x41, 0x86, 0x41, 0x86, 0x41, 0x86, 0x41, 0x86, 0x39,
  0x86, 0x41, 0x86, 0x41, 0x86, 0x41, 0x86, 0x41, 0x86, 0x41, 0x86, 0x41, 0x86, 0x41, 0x86, 0x41, 0x86, 0x41, 0x86, 0x41, 0x86, 0x41, 0x86, 0x41,
  0x66, 0x41, 0x66, 0x41, 0x86, 0x41, 0x86, 0x41, 0x86, 0x41, 0x86, 0x41, 0x86, 0x41, 0x86, 0x41, 0x86, 0x41, 0x86, 0x39, 0x86, 0x41, 0x86, 0x41,
  0x86, 0x41, 0x86, 0x41, 0x86, 0x41, 0x66, 0x41, 0x86, 0x41, 0x86, 0x41, 0x86, 0x41, 0x86, 0x41, 0x86, 0x41, 0x87, 0x41, 0x86, 0x41, 0x87, 0x41,
  0x85, 0x41, 0x85, 0x41, 0x85, 0x41, 0x84, 0x41, 0x85, 0x41, 0x85, 0x41, 0x85, 0x41, 0x85, 0x41, 0x85, 0x41, 0x85, 0x39, 0x85, 0x41, 0x85, 0x41,
  0x85, 0x41, 0x85, 0x41, 0x85, 0x41, 0x85, 0x41, 0x85, 0x41, 0x85, 0x41, 0x85, 0x41, 0x85, 0x41, 0x85, 0x41, 0x85, 0x41, 0x85, 0x41, 0x85, 0x39,
  0x85, 0x41, 0x85, 0x41, 0x85, 0x41, 0x85, 0x41, 0x85, 0x41, 0x85, 0x41, 0x85, 0x41, 0xdb, 0xde, 0xff, 0xff, 0xff, 0xff, 0xff, 0xff, 0x48, 0x5a,
  0x85, 0x41, 0x85, 0x41, 0x85, 0x41, 0x85, 0x41, 0x85, 0x41, 0x85, 0x41, 0x85, 0x41, 0xa5, 0x41, 0x85, 0x41, 0x85, 0x41, 0x85, 0x41, 0x85, 0x41,
  0x1c, 0xe7, 0xff, 0xff, 0xff, 0xff, 0xff, 0xff, 0x27, 0x52, 0x85, 0x41, 0x85, 0x41, 0xa5, 0x41, 0x85, 0x41, 0x84, 0x41, 0xdb, 0xde, 0xff, 0xff,
  0xff, 0xff, 0xff, 0xff, 0xff, 0xff, 0xff, 0xff, 0xff, 0xff, 0xff, 0xff, 0xff, 0xff, 0xff, 0xff, 0xff, 0xff, 0xff, 0xff, 0xff, 0xff, 0x58, 0xce,
  0xee, 0x83, 0xc6, 0x49, 0x85, 0x41, 0x85, 0x41, 0x85, 0x41, 0x85, 0x41, 0x85, 0x41, 0x85, 0x41, 0x85, 0x41, 0x85, 0x41, 0x85, 0x41, 0x85, 0x41,
  0xdb, 0xde, 0xff, 0xff, 0xff, 0xff, 0xff, 0xff, 0x48, 0x5a, 0x85, 0x41, 0x85, 0x41, 0x85, 0x41, 0x85, 0x41, 0x85, 0x41, 0x85, 0x41, 0x84, 0x41,
  0x85, 0x41, 0x85, 0x41, 0x85, 0x41, 0x85, 0x41, 0x85, 0x41, 0x3c, 0xef, 0xff, 0xff, 0xff, 0xff, 0xff, 0xff, 0x07, 0x52, 0x85, 0x41, 0x85, 0x41,
  0x85, 0x41, 0x85, 0x41, 0x85, 0x41, 0x85, 0x41, 0x85, 0x41, 0x85, 0x41, 0x85, 0x41, 0x85, 0x41, 0x85, 0x41, 0x85, 0x41, 0x85, 0x41, 0x85, 0x41,
  0x85, 0x41, 0x85, 0x41, 0x65, 0x41, 0x85, 0x41, 0x65, 0x41, 0x85, 0x41, 0x85, 0x41, 0x65, 0x41, 0x65, 0x41, 0x65, 0x41, 0x65, 0x41, 0x85, 0x41,
  0x65, 0x41, 0x65, 0x41, 0x65, 0x41, 0x85, 0x41, 0x85, 0x41, 0x85, 0x41, 0x85, 0x41, 0x85, 0x41, 0x85, 0x41, 0x85, 0x41, 0x65, 0x41, 0x85, 0x41,
  0x85, 0x41, 0x65, 0x41, 0x85, 0x41, 0x85, 0x41, 0x85, 0x41, 0x65, 0x41, 0x85, 0x41, 0x85, 0x41, 0x85, 0x41, 0x85, 0x41, 0x65, 0x41, 0x85, 0x41,
  0x85, 0x41, 0x65, 0x41, 0x85, 0x41, 0x85, 0x41, 0x85, 0x41, 0x65, 0x41, 0x85, 0x41, 0x85, 0x41, 0x65, 0x41, 0x85, 0x41, 0x65, 0x41, 0x85, 0x41,
  0x85, 0x41, 0x85, 0x41, 0x85, 0x41, 0x65, 0x41, 0x85, 0x41, 0x66, 0x41, 0x85, 0x41, 0x85, 0x41, 0x85, 0x41, 0x85, 0x41, 0x65, 0x41, 0x85, 0x41,
  0x85, 0x41, 0x85, 0x41, 0x65, 0x41, 0x85, 0x41, 0x65, 0x41, 0x85, 0x41, 0xdb, 0xde, 0xff, 0xff, 0xff, 0xff, 0xff, 0xff, 0xff, 0xff, 0xff, 0xff,
  0xff, 0xff, 0xff, 0xff, 0xff, 0xff, 0xff, 0xff, 0xff, 0xff, 0xff, 0xff, 0xff, 0xff, 0xdb, 0xde, 0x91, 0x9c, 0x86, 0x41, 0x85, 0x41, 0x85, 0x41,
  0x85, 0x41, 0x66, 0x41, 0x65, 0x41, 0x65, 0x41, 0x66, 0x41, 0x65, 0x39, 0x65, 0x41, 0x85, 0x41, 0x85, 0x41, 0x85, 0x41, 0x86, 0x41, 0x86, 0x41,
  0x86, 0x41, 0x85, 0x41, 0x86, 0x41, 0x86, 0x41, 0x65, 0x41, 0x86, 0x41, 0x66, 0x41, 0x86, 0x41, 0x65, 0x41, 0x86, 0x41, 0x86, 0x41, 0x86, 0x41,
  0x66, 0x41, 0x86, 0x41, 0x86, 0x41, 0x86, 0x41, 0x86, 0x41, 0x86, 0x41, 0x66, 0x41, 0x86, 0x41, 0x86, 0x41, 0x86, 0x41, 0x66, 0x41, 0x86, 0x41,
  0x86, 0x41, 0x86, 0x41, 0x66, 0x41, 0x86, 0x41, 0x86, 0x41, 0x86, 0x41, 0x86, 0x41, 0x86, 0x41, 0x86, 0x41, 0x66, 0x41, 0x86, 0x41, 0x66, 0x41,
  0x86, 0x41, 0x86, 0x41, 0x86, 0x41, 0x86, 0x41, 0x86, 0x41, 0x86, 0x41, 0x86, 0x41, 0x86, 0x41, 0x66, 0x41, 0x86, 0x41, 0x86, 0x41, 0x66, 0x41,
  0x66, 0x41, 0x86, 0x41, 0x86, 0x41, 0x86, 0x41, 0x86, 0x41, 0x86, 0x41, 0x86, 0x41, 0x86, 0x41, 0x86, 0x41, 0x86, 0x41, 0x66, 0x41, 0x86, 0x41,
  0x85, 0x41, 0x85, 0x41, 0x85, 0x41, 0x85, 0x41, 0x85, 0x41, 0x85, 0x41, 0x85, 0x41, 0x85, 0x41, 0x85, 0x41, 0x85, 0x41, 0x85, 0x41, 0x85, 0x41,
  0x85, 0x41, 0x85, 0x41, 0x85, 0x41, 0x85, 0x41, 0x85, 0x41, 0xa5, 0x41, 0x85, 0x41, 0x85, 0x41, 0x85, 0x41, 0xa5, 0x41, 0x85, 0x41, 0x85, 0x41,
  0x85, 0x41, 0x85, 0x41, 0xa5, 0x41, 0x85, 0x41, 0x85, 0x41, 0x85, 0x41, 0xa5, 0x41, 0xdb, 0xde, 0xff, 0xff, 0xff, 0xff, 0xff, 0xff, 0x48, 0x5a,
  0x85, 0x41, 0x85, 0x41, 0xa5, 0x41, 0x85, 0x41, 0x85, 0x41, 0x85, 0x41, 0xa5, 0x41, 0x85, 0x41, 0x85, 0x41, 0x85, 0x41, 0x85, 0x41, 0x85, 0x41,
  0x1b, 0xe7, 0xff, 0xff, 0xff, 0xff, 0xff, 0xff, 0x27, 0x52, 0x85, 0x41, 0x85, 0x41, 0x85, 0x41, 0x85, 0x41, 0x85, 0x41, 0xda, 0xde, 0xff, 0xff,
  0xff, 0xff, 0xff, 0xff, 0xff, 0xff, 0xff, 0xff, 0xff, 0xff, 0xff, 0xff, 0xff, 0xff, 0xff, 0xff, 0xff, 0xff, 0xff, 0xff, 0xff, 0xff, 0xff, 0xff,
  0xff, 0xff, 0x9e, 0xf7, 0xad, 0x83, 0x85, 0x41, 0x85, 0x41, 0x85, 0x41, 0x85, 0x41, 0x85, 0x41, 0x85, 0x41, 0x85, 0x41, 0x84, 0x41, 0x85, 0x41,
  0xda, 0xde, 0xff, 0xff, 0xff, 0xff, 0xff, 0xff, 0x48, 0x5a, 0x85, 0x41, 0x85, 0x41, 0x85, 0x41, 0x85, 0x41, 0x85, 0x41, 0x85, 0x41, 0x85, 0x41,
  0x85, 0x41, 0x85, 0x41, 0x85, 0x41, 0x85, 0x41, 0x85, 0x41, 0x1c, 0xe7, 0xff, 0xff, 0xff, 0xff, 0xff, 0xff, 0x07, 0x52, 0x85, 0x41, 0x85, 0x41,
  0x85, 0x41, 0x85, 0x41, 0x85, 0x41, 0x85, 0x41, 0x85, 0x41, 0x85, 0x41, 0x85, 0x41, 0x85, 0x41, 0x85, 0x41, 0x85, 0x41, 0x85, 0x41, 0x85, 0x41,
  0x85, 0x41, 0x85, 0x41, 0x85, 0x41, 0x85, 0x41, 0x85, 0x41, 0x85, 0x41, 0x85, 0x41, 0x85, 0x41, 0x85, 0x41, 0x85, 0x41, 0x85, 0x41, 0x85, 0x41,
  0x85, 0x41, 0x85, 0x41, 0x85, 0x41, 0x85, 0x41, 0x65, 0x41, 0x85, 0x41, 0x65, 0x41, 0x85, 0x41, 0x65, 0x41, 0x85, 0x41, 0x85, 0x41, 0x85, 0x41,
  0x85, 0x41, 0x85, 0x41, 0x65, 0x41, 0x85, 0x41, 0x85, 0x41, 0x85, 0x41, 0x85, 0x41, 0x85, 0x41, 0x85, 0x41, 0x85, 0x41, 0x85, 0x41, 0x85, 0x41,
  0x85, 0x41, 0x85, 0x41, 0x85, 0x41, 0x85, 0x41, 0x85, 0x41, 0x85, 0x41, 0x85, 0x41, 0x85, 0x41, 0x85, 0x41, 0x85, 0x41, 0x85, 0x41, 0x85, 0x41,
  0x65, 0x41, 0x85, 0x41, 0x65, 0x41, 0x85, 0x41, 0x65, 0x41, 0x85, 0x41, 0x65, 0x41, 0x65, 0x41, 0x65, 0x41, 0x85, 0x41, 0x86, 0x41, 0x85, 0x41,
  0x65, 0x41, 0x85, 0x41, 0x65, 0x41, 0x85, 0x41, 0x85, 0x41, 0x85, 0x41, 0xdb, 0xde, 0xff, 0xff, 0xff, 0xff, 0xff, 0xff, 0xff, 0xff, 0xff, 0xff,
  0xff, 0xff, 0xff, 0xff, 0xff, 0xff, 0xff, 0xff, 0xff, 0xff, 0xff, 0xff, 0xff, 0xff, 0xff, 0xff, 0xff, 0xff, 0xdb, 0xde, 0x8a, 0x62, 0x65, 0x41,
  0x66, 0x41, 0x86, 0x41, 0x66, 0x41, 0x85, 0x41, 0x66, 0x41, 0x85, 0x41, 0x86, 0x41, 0x85, 0x41, 0x66, 0x41, 0x85, 0x41, 0x65, 0x41, 0x85, 0x41,
  0x86, 0x41, 0x85, 0x41, 0x86, 0x41, 0x65, 0x41, 0x86, 0x41, 0x65, 0x41, 0x86, 0x41, 0x86, 0x41, 0x86, 0x41, 0x65, 0x41, 0x86, 0x41, 0x85, 0x41,
  0x86, 0x41, 0x86, 0x41, 0x86, 0x41, 0x86, 0x41, 0x86, 0x41, 0x66, 0x41, 0x86, 0x41, 0x86, 0x41, 0x86, 0x41, 0x86, 0x41, 0x86, 0x41, 0x86, 0x41,
  0x86, 0x41, 0x86, 0x41, 0x86, 0x41, 0x86, 0x41, 0x86, 0x41, 0x86, 0x41, 0x86, 0x41, 0x86, 0x41, 0x86, 0x41, 0x86, 0x41, 0x86, 0x41, 0x86, 0x41,
  0x86, 0x41, 0x86, 0x41, 0x86, 0x41, 0x86, 0x41, 0x86, 0x41, 0x86, 0x41, 0x86, 0x41, 0x86, 0x41, 0x86, 0x41, 0x66, 0x41, 0x86, 0x41, 0x86, 0x41,
  0x86, 0x41, 0x86, 0x41, 0x86, 0x41, 0x66, 0x41, 0x86, 0x41, 0x86, 0x41, 0x86, 0x41, 0x66, 0x41, 0x86, 0x41, 0x86, 0x41, 0x86, 0x41, 0x86, 0x41,
  0x85, 0x41, 0x85, 0x41, 0x85, 0x41, 0x85, 0x41, 0x85, 0x41, 0x85, 0x41, 0x85, 0x41, 0x85, 0x41, 0x85, 0x41, 0x85, 0x41, 0x85, 0x41, 0x85, 0x41,
  0x85, 0x41, 0x85, 0x41, 0x85, 0x41, 0x85, 0x41, 0x85, 0x41, 0x85, 0x41, 0x85, 0x41, 0x85, 0x41, 0x85, 0x41, 0x85, 0x41, 0x85, 0x41, 0x85, 0x41,
  0x85, 0x41, 0x85, 0x41, 0x85, 0x39, 0x85, 0x41, 0x85, 0x41, 0xa5, 0x41, 0x85, 0x41, 0xdb, 0xde, 0xff, 0xff, 0xff, 0xff, 0xff, 0xff, 0x68, 0x5a,
  0x85, 0x41, 0x85, 0x41, 0x85, 0x41, 0x85, 0x41, 0x85, 0x41, 0x85, 0x41, 0x85, 0x41, 0x85, 0x41, 0x85, 0x41, 0x85, 0x41, 0x85, 0x41, 0x85, 0x41,
  0x1c, 0xe7, 0xff, 0xff, 0xff, 0xff, 0xff, 0xff, 0x07, 0x52, 0x85, 0x41, 0x85, 0x41, 0x85, 0x41, 0x85, 0x41, 0x85, 0x41, 0xdb, 0xde, 0xff, 0xff,
  0xff, 0xff, 0xff, 0xff, 0xff, 0xff, 0xff, 0xff, 0xff, 0xff, 0xff, 0xff, 0xff, 0xff, 0xff, 0xff, 0xff, 0xff, 0xff, 0xff, 0xff, 0xff, 0xff, 0xff,
  0xff, 0xff, 0xff, 0xff, 0xff, 0xff, 0x13, 0xad, 0xa5, 0x41, 0x85, 0x41, 0x85, 0x41, 0x85, 0x41, 0x85, 0x41, 0x85, 0x41, 0x85, 0x41, 0x85, 0x41,
  0xdb, 0xde, 0xff, 0xff, 0xff, 0xff, 0xff, 0xff, 0x48, 0x5a, 0x85, 0x41, 0x84, 0x41, 0x85, 0x41, 0x85, 0x41, 0x85, 0x41, 0x85, 0x41, 0x85, 0x41,
  0x85, 0x41, 0x85, 0x41, 0x85, 0x41, 0x85, 0x41, 0x85, 0x41, 0x1c, 0xe7, 0xff, 0xff, 0xff, 0xff, 0xff, 0xff, 0x07, 0x52, 0x85, 0x41, 0x65, 0x41,
  0x85, 0x41, 0x85, 0x41, 0x85, 0x41, 0x85, 0x41, 0x85, 0x41, 0x85, 0x41, 0x85, 0x41, 0x85, 0x41, 0x85, 0x41, 0x85, 0x41, 0x85, 0x41, 0x85, 0x41,
  0x85, 0x41, 0x85, 0x41, 0x65, 0x41, 0x85, 0x41, 0x65, 0x41, 0x85, 0x41, 0x85, 0x41, 0x65, 0x41, 0x85, 0x41, 0x85, 0x41, 0x85, 0x41, 0x85, 0x41,
  0x85, 0x41, 0x85, 0x41, 0x85, 0x41, 0x85, 0x41, 0x85, 0x41, 0x85, 0x41, 0x85, 0x41, 0x65, 0x41, 0x85, 0x41, 0x85, 0x41, 0x85, 0x41, 0x65, 0x41,
  0x85, 0x41, 0x85, 0x41, 0x85, 0x41, 0x85, 0x41, 0x85, 0x41, 0x85, 0x41, 0x85, 0x41, 0x85, 0x41, 0x85, 0x41, 0x85, 0x41, 0x85, 0x41, 0x85, 0x41,
  0x85, 0x41, 0x85, 0x41, 0x85, 0x41, 0x65, 0x41, 0x85, 0x41, 0x85, 0x41, 0x85, 0x41, 0x65, 0x41, 0x85, 0x41, 0x85, 0x41, 0x85, 0x41, 0x85, 0x41,
  0x85, 0x41, 0x85, 0x41, 0x65, 0x41, 0x65, 0x41, 0x85, 0x41, 0x65, 0x41, 0x85, 0x41, 0x85, 0x41, 0x65, 0x41, 0x65, 0x41, 0x65, 0x41, 0x65, 0x41,
  0x85, 0x41, 0x65, 0x41, 0x65, 0x41, 0x85, 0x41, 0x65, 0x41, 0x85, 0x41, 0xdb, 0xde, 0xff, 0xff, 0xff, 0xff, 0xff, 0xff, 0x9e, 0xf7, 0xbe, 0xf7,
  0x9e, 0xf7, 0x9e, 0xf7, 0x9e, 0xf7, 0x9e, 0xf7, 0xff, 0xff, 0xff, 0xff, 0xff, 0xff, 0xff, 0xff, 0xff, 0xff, 0xff, 0xff, 0x5c, 0xef, 0x08, 0x52,
  0x85, 0x41, 0x65, 0x41, 0x85, 0x41, 0x66, 0x41, 0x65, 0x41, 0x66, 0x41, 0x66, 0x41, 0x66, 0x41, 0x86, 0x41, 0x86, 0x41, 0x85, 0x41, 0x85, 0x41,
  0x66, 0x41, 0x86, 0x41, 0x86, 0x41, 0x85, 0x41, 0x86, 0x41, 0x86, 0x41, 0x66, 0x41, 0x86, 0x41, 0x86, 0x41, 0x86, 0x41, 0x85, 0x41, 0x66, 0x41,
  0x85, 0x41, 0x86, 0x41, 0x86, 0x41, 0x86, 0x41, 0x86, 0x41, 0x86, 0x41, 0x66, 0x41, 0x86, 0x41, 0x86, 0x41, 0x86, 0x41, 0x86, 0x41, 0x86, 0x41,
  0x86, 0x41, 0x86, 0x41, 0x66, 0x41, 0x86, 0x41, 0x86, 0x41, 0x86, 0x41, 0x86, 0x41, 0x86, 0x41, 0x86, 0x41, 0x86, 0x41, 0x86, 0x41, 0x86, 0x41,
  0x86, 0x41, 0x86, 0x41, 0x86, 0x41, 0x86, 0x41, 0x86, 0x41, 0x86, 0x41, 0x86, 0x41, 0x86, 0x41, 0x86, 0x41, 0x86, 0x41, 0x66, 0x41, 0x86, 0x41,
  0x86, 0x41, 0x66, 0x41, 0x86, 0x41, 0x86, 0x41, 0x86, 0x41, 0x86, 0x41, 0x86, 0x41, 0x86, 0x41, 0x86, 0x41, 0x86, 0x41, 0x86, 0x41, 0x86, 0x41,
  0x85, 0x41, 0x85, 0x41, 0x85, 0x41, 0x85, 0x41, 0x85, 0x41, 0x85, 0x41, 0x85, 0x41, 0x85, 0x41, 0x85, 0x41, 0x85, 0x41, 0x85, 0x41, 0x85, 0x41,
  0x85, 0x41, 0x85, 0x41, 0x85, 0x41, 0x85, 0x41, 0x85, 0x41, 0x85, 0x41, 0x85, 0x41, 0x85, 0x41, 0x85, 0x41, 0x85, 0x41, 0x85, 0x41, 0x85, 0x41,
  0x85, 0x41, 0x85, 0x41, 0x85, 0x41, 0x85, 0x41, 0x85, 0x41, 0x85, 0x41, 0x85, 0x41, 0xdb, 0xde, 0xff, 0xff, 0xff, 0xff, 0xff, 0xff, 0x48, 0x5a,
  0x85, 0x41, 0x85, 0x41, 0x85, 0x41, 0x85, 0x41, 0x85, 0x41, 0x85, 0x41, 0x85, 0x41, 0x85, 0x41, 0x85, 0x41, 0x85, 0x41, 0x85, 0x41, 0x85, 0x41,
  0x1c, 0xe7, 0xff, 0xff, 0xff, 0xff, 0xff, 0xff, 0x07, 0x52, 0x85, 0x41, 0x85, 0x41, 0x85, 0x41, 0x85, 0x41, 0x85, 0x41, 0xdb, 0xde, 0xff, 0xff,
  0xff, 0xff, 0xff, 0xff, 0x89, 0x62, 0xc6, 0x49, 0xc6, 0x49, 0xe6, 0x49, 0xc6, 0x49, 0x48, 0x5a, 0xeb, 0x6a, 0x0f, 0x8c, 0x99, 0xd6, 0xff, 0xff,
  0xff, 0xff, 0xff, 0xff, 0xff, 0xff, 0xff, 0xff, 0xf3, 0xa4, 0x85, 0x41, 0x85, 0x41, 0x85, 0x41, 0x85, 0x41, 0x85, 0x41, 0x85, 0x41, 0x85, 0x41,
  0xdb, 0xde, 0xff, 0xff, 0xff, 0xff, 0xff, 0xff, 0x48, 0x5a, 0x85, 0x41, 0x85, 0x41, 0x85, 0x41, 0x85, 0x41, 0x85, 0x41, 0x85, 0x41, 0x85, 0x41,
  0x85, 0x41, 0x85, 0x41, 0x85, 0x41, 0x85, 0x41, 0x85, 0x41, 0x3c, 0xef, 0xff, 0xff, 0xff, 0xff, 0xff, 0xff, 0x07, 0x52, 0x85, 0x41, 0x85, 0x41,
  0x85, 0x41, 0x65, 0x41, 0x85, 0x41, 0x84, 0x41, 0x85, 0x41, 0x85, 0x41, 0x85, 0x41, 0x85, 0x41, 0x85, 0x41, 0x85, 0x41, 0x85, 0x41, 0x85, 0x41,
  0x85, 0x41, 0x85, 0x41, 0x85, 0x41, 0x85, 0x41, 0x85, 0x41, 0x85, 0x41, 0x85, 0x41, 0x85, 0x41, 0x85, 0x41, 0x85, 0x41, 0x85, 0x41, 0x85, 0x41,
  0x85, 0x41, 0x65, 0x41, 0x85, 0x41, 0x85, 0x41, 0x65, 0x41, 0x85, 0x41, 0x85, 0x41, 0x85, 0x41, 0x85, 0x41, 0x65, 0x41, 0x65, 0x41, 0x85, 0x41,
  0x85, 0x41, 0x65, 0x41, 0x85, 0x41, 0x85, 0x41, 0x85, 0x41, 0x65, 0x41, 0x65, 0x41, 0x65, 0x41, 0x85, 0x41, 0x85, 0x41, 0x85, 0x41, 0x65, 0x41,
  0x65, 0x41, 0x65, 0x41, 0x85, 0x41, 0x65, 0x41, 0x65, 0x41, 0x85, 0x41, 0x65, 0x41, 0x65, 0x41, 0x65, 0x41, 0x85, 0x41, 0x65, 0x41, 0x65, 0x41,
  0x85, 0x41, 0x85, 0x41, 0x65, 0x41, 0x85, 0x41, 0x85, 0x41, 0x85, 0x41, 0x85, 0x41, 0x85, 0x41, 0x85, 0x41, 0x65, 0x41, 0x85, 0x41, 0x85, 0x41,
  0x65, 0x41, 0x65, 0x41, 0x65, 0x41, 0x85, 0x41, 0x65, 0x41, 0x65, 0x41, 0xdb, 0xde, 0xff, 0xff, 0xff, 0xff, 0xff, 0xff, 0x48, 0x5a, 0x65, 0x41,
  0x65, 0x41, 0x65, 0x41, 0x65, 0x41, 0x85, 0x41, 0xc7, 0x49, 0xeb, 0x6a, 0x18, 0xc6, 0xff, 0xff, 0xff, 0xff, 0xff, 0xff, 0xff, 0xff, 0xf7, 0xc5,
  0x65, 0x41, 0x65, 0x41, 0x65, 0x41, 0x65, 0x41, 0x86, 0x41, 0x65, 0x41, 0x65, 0x41, 0x85, 0x41, 0x66, 0x41, 0x66, 0x41, 0x66, 0x41, 0x86, 0x41,
  0x66, 0x41, 0x85, 0x41, 0x66, 0x41, 0x66, 0x41, 0x66, 0x41, 0x66, 0x41, 0x86, 0x41, 0x85, 0x41, 0x86, 0x41, 0x86, 0x41, 0x86, 0x41, 0x86, 0x41,
  0x86, 0x41, 0x86, 0x41, 0x86, 0x41, 0x86, 0x41, 0x66, 0x41, 0x86, 0x41, 0x86, 0x41, 0x66, 0x41, 0x86, 0x41, 0x66, 0x41, 0x66, 0x41, 0x86, 0x41,
  0x86, 0x41, 0x66, 0x41, 0x86, 0x41, 0x86, 0x41, 0x86, 0x41, 0x66, 0x41, 0x86, 0x41, 0x86, 0x41, 0x86, 0x41, 0x66, 0x41, 0x86, 0x41, 0x86, 0x41,
  0x86, 0x41, 0x86, 0x41, 0x66, 0x41, 0x86, 0x41, 0x86, 0x41, 0x86, 0x41, 0x86, 0x41, 0x86, 0x41, 0x86, 0x41, 0x86, 0x41, 0x86, 0x41, 0x86, 0x41,
  0x86, 0x41, 0x86, 0x41, 0x86, 0x41, 0x86, 0x41, 0x86, 0x41, 0x86, 0x41, 0x86, 0x41, 0x86, 0x41, 0x86, 0x41, 0x86, 0x41, 0x86, 0x41, 0x86, 0x41,
  0x85, 0x41, 0x85, 0x41, 0x85, 0x41, 0x85, 0x41, 0x85, 0x41, 0x85, 0x41, 0x85, 0x41, 0x85, 0x41, 0x85, 0x41, 0x85, 0x41, 0x85, 0x41, 0x85, 0x41,
  0x85, 0x41, 0x85, 0x41, 0x85, 0x41, 0x85, 0x41, 0x85, 0x41, 0x85, 0x41, 0x85, 0x41, 0x85, 0x41, 0x85, 0x41, 0x85, 0x41, 0x85, 0x41, 0x85, 0x41,
  0x85, 0x41, 0x85, 0x41, 0x85, 0x41, 0x85, 0x41, 0x85, 0x41, 0xa5, 0x41, 0x85, 0x41, 0xdb, 0xde, 0xff, 0xff, 0xff, 0xff, 0xff, 0xff, 0x48, 0x5a,
  0x85, 0x41, 0x85, 0x41, 0x85, 0x41, 0x85, 0x41, 0x85, 0x41, 0x85, 0x41, 0x85, 0x41, 0x85, 0x41, 0x85, 0x41, 0x85, 0x41, 0x85, 0x41, 0x85, 0x41,
  0x1c, 0xe7, 0xff, 0xff, 0xff, 0xff, 0xff, 0xff, 0x07, 0x52, 0x85, 0x41, 0x85, 0x41, 0x85, 0x41, 0x85, 0x41, 0x85, 0x41, 0xdb, 0xde, 0xff, 0xff,
  0xff, 0xff, 0xff, 0xff, 0x48, 0x5a, 0x85, 0x41, 0x85, 0x41, 0x85, 0x41, 0x85, 0x41, 0x85, 0x41, 0x85, 0x41, 0x85, 0x41, 0x85, 0x41, 0x2b, 0x73,
  0x7d, 0xef, 0xff, 0xff, 0xff, 0xff, 0xff, 0xff, 0xff, 0xff, 0x0b, 0x6b, 0x85, 0x41, 0x85, 0x41, 0x85, 0x41, 0x85, 0x41, 0x85, 0x41, 0x85, 0x41,
  0xdb, 0xde, 0xff, 0xff, 0xff, 0xff, 0xff, 0xff, 0x48, 0x5a, 0x85, 0x41, 0x65, 0x41, 0x85, 0x41, 0x85, 0x41, 0x85, 0x41, 0x65, 0x41, 0x85, 0x41,
  0x85, 0x41, 0x85, 0x41, 0x85, 0x41, 0x85, 0x41, 0x85, 0x41, 0x1c, 0xe7, 0xff, 0xff, 0xff, 0xff, 0xff, 0xff, 0x07, 0x52, 0x85, 0x41, 0x85, 0x41,
  0x85, 0x41, 0x85, 0x41, 0x85, 0x41, 0x85, 0x41, 0x85, 0x41, 0x85, 0x41, 0x85, 0x41, 0x85, 0x41, 0x85, 0x41, 0x85, 0x41, 0x85, 0x41, 0x85, 0x41,
  0x85, 0x41, 0x85, 0x41, 0x85, 0x41, 0x85, 0x41, 0x65, 0x41, 0x85, 0x41, 0x85, 0x41, 0x85, 0x41, 0x85, 0x41, 0x65, 0x41, 0x85, 0x41, 0x65, 0x41,
  0x65, 0x41, 0x85, 0x41, 0x65, 0x41, 0x85, 0x41, 0x85, 0x41, 0x85, 0x41, 0x65, 0x41, 0x65, 0x41, 0x65, 0x41, 0x65, 0x41, 0x65, 0x41, 0x65, 0x41,
  0x65, 0x41, 0x65, 0x41, 0x65, 0x41, 0x65, 0x41, 0x85, 0x41, 0x85, 0x41, 0x85, 0x41, 0x65, 0x41, 0x65, 0x41, 0x65, 0x41, 0x65, 0x41, 0x85, 0x41,
  0x85, 0x41, 0x85, 0x41, 0x65, 0x41, 0x85, 0x41, 0x85, 0x41, 0x85, 0x41, 0x65, 0x41, 0x65, 0x41, 0x85, 0x41, 0x65, 0x41, 0x65, 0x41, 0x85, 0x41,
  0x85, 0x41, 0x85, 0x41, 0x65, 0x41, 0x85, 0x41, 0x85, 0x41, 0x85, 0x41, 0x65, 0x41, 0x85, 0x41, 0x85, 0x41, 0x85, 0x41, 0x65, 0x41, 0x65, 0x41,
  0x85, 0x41, 0x65, 0x41, 0x65, 0x41, 0x65, 0x41, 0x85, 0x41, 0x65, 0x41, 0xdb, 0xde, 0xff, 0xff, 0xff, 0xff, 0xff, 0xff, 0x48, 0x5a, 0x65, 0x41,
  0x65, 0x41, 0x65, 0x41, 0x65, 0x41, 0x65, 0x41, 0x65, 0x41, 0x65, 0x41, 0x65, 0x41, 0xd3, 0xa4, 0xff, 0xff, 0xff, 0xff, 0xff, 0xff, 0xff, 0xff,
  0x29, 0x5a, 0x65, 0x41, 0x65, 0x41, 0x65, 0x41, 0x65, 0x41, 0x65, 0x41, 0x66, 0x41, 0x66, 0x41, 0x66, 0x41, 0x65, 0x41, 0x66, 0x41, 0x66, 0x41,
  0x66, 0x41, 0x66, 0x41, 0x66, 0x41, 0x66, 0x41, 0x66, 0x41, 0x86, 0x41, 0x86, 0x41, 0x66, 0x41, 0x85, 0x41, 0x86, 0x41, 0x85, 0x41, 0x86, 0x41,
  0x66, 0x41, 0x86, 0x41, 0x86, 0x41, 0x66, 0x41, 0x86, 0x41, 0x86, 0x41, 0x66, 0x41, 0x66, 0x41, 0x66, 0x41, 0x66, 0x41, 0x85, 0x41, 0x86, 0x41,
  0x86, 0x41, 0x66, 0x41, 0x66, 0x41, 0x86, 0x41, 0x86, 0x41, 0x86, 0x41, 0x86, 0x41, 0x66, 0x41, 0x86, 0x41, 0x86, 0x41, 0x86, 0x41, 0x86, 0x41,
  0x86, 0x41, 0x86, 0x41, 0x86, 0x41, 0x86, 0x41, 0x86, 0x41, 0x86, 0x41, 0x86, 0x41, 0x86, 0x41, 0x86, 0x41, 0x86, 0x41, 0x86, 0x41, 0x86, 0x41,
  0x86, 0x41, 0x86, 0x41, 0x86, 0x41, 0x86, 0x41, 0x86, 0x41, 0x86, 0x41, 0x86, 0x41, 0x86, 0x41, 0x86, 0x41, 0x86, 0x41, 0x86, 0x41, 0x86, 0x41,
  0x85, 0x41, 0x85, 0x41, 0x85, 0x41, 0x85, 0x39, 0x85, 0x41, 0x85, 0x41, 0x85, 0x41, 0x85, 0x39, 0x85, 0x41, 0x85, 0x41, 0x85, 0x41, 0x85, 0x41,
  0x85, 0x41, 0x85, 0x39, 0x85, 0x41, 0x85, 0x41, 0x85, 0x41, 0x85, 0x41, 0x85, 0x41, 0x85, 0x41, 0x85, 0x41, 0x85, 0x41, 0x85, 0x41, 0x85, 0x41,
  0x85, 0x41, 0x85, 0x41, 0x85, 0x41, 0x85, 0x41, 0x85, 0x41, 0x85, 0x41, 0x85, 0x41, 0xdb, 0xde, 0xff, 0xff, 0xff, 0xff, 0xff, 0xff, 0x48, 0x5a,
  0x85, 0x41, 0x85, 0x41, 0x85, 0x41, 0x85, 0x41, 0x85, 0x41, 0x85, 0x41, 0x85, 0x41, 0x85, 0x41, 0x85, 0x41, 0x85, 0x41, 0x85, 0x41, 0x85, 0x41,
  0x1c, 0xe7, 0xff, 0xff, 0xff, 0xff, 0xff, 0xff, 0x07, 0x52, 0x85, 0x41, 0x85, 0x41, 0x85, 0x41, 0x85, 0x41, 0x85, 0x41, 0xdb, 0xde, 0xff, 0xff,
  0xff, 0xff, 0xff, 0xff, 0x48, 0x5a, 0x85, 0x41, 0x85, 0x41, 0x85, 0x41, 0x85, 0x41, 0x85, 0x41, 0x85, 0x41, 0x85, 0x41, 0x85, 0x41, 0x85, 0x41,
  0x48, 0x52, 0x3c, 0xe7, 0xff, 0xff, 0xff, 0xff, 0xff, 0xff, 0x1b, 0xe7, 0x85, 0x41, 0x65, 0x41, 0x85, 0x41, 0x85, 0x41, 0x85, 0x41, 0x85, 0x41,
  0xdb, 0xde, 0xff, 0xff, 0xff, 0xff, 0xff, 0xff, 0x48, 0x5a, 0x85, 0x41, 0x85, 0x41, 0x85, 0x41, 0x85, 0x41, 0x85, 0x41, 0x85, 0x41, 0x85, 0x41,
  0x85, 0x41, 0x85, 0x41, 0x65, 0x41, 0x85, 0x41, 0x84, 0x41, 0x3c, 0xef, 0xff, 0xff, 0xff, 0xff, 0xff, 0xff, 0x07, 0x52, 0x85, 0x41, 0x85, 0x41,
  0x85, 0x41, 0x85, 0x41, 0x85, 0x41, 0x85, 0x41, 0x85, 0x41, 0x65, 0x41, 0x85, 0x41, 0x85, 0x41, 0xa9, 0x62, 0x6d, 0x7b, 0x30, 0x94, 0xef, 0x8b,
  0x4c, 0x73, 0x28, 0x5a, 0x85, 0x41, 0x85, 0x41, 0x85, 0x41, 0x85, 0x41, 0x85, 0x41, 0x65, 0x41, 0x65, 0x41, 0x65, 0x41, 0x85, 0x41, 0x65, 0x41,
  0xa5, 0x41, 0x27, 0x52, 0x07, 0x52, 0x27, 0x52, 0xe6, 0x49, 0x65, 0x41, 0x85, 0x41, 0x85, 0x41, 0x0c, 0x73, 0x0f, 0x8c, 0xef, 0x8b, 0xca, 0x6a,
  0xa5, 0x41, 0x85, 0x41, 0x85, 0x41, 0x65, 0x41, 0x85, 0x41, 0x85, 0x41, 0x65, 0x41, 0x48, 0x5a, 0x4d, 0x7b, 0x10, 0x8c, 0xeb, 0x6a, 0xa5, 0x49,
  0x65, 0x41, 0x85, 0x41, 0x85, 0x41, 0x85, 0x41, 0x85, 0x41, 0x65, 0x41, 0x85, 0x41, 0x85, 0x41, 0x65, 0x41, 0x85, 0x41, 0x65, 0x41, 0x85, 0x41,
  0x65, 0x41, 0x85, 0x41, 0xca, 0x6a, 0x8d, 0x7b, 0x30, 0x94, 0xae, 0x83, 0xeb, 0x6a, 0xa6, 0x49, 0x65, 0x41, 0x85, 0x41, 0x65, 0x41, 0x65, 0x41,
  0x65, 0x41, 0x85, 0x41, 0x85, 0x41, 0x65, 0x41, 0x65, 0x41, 0x65, 0x41, 0xdb, 0xde, 0xff, 0xff, 0xff, 0xff, 0xff, 0xff, 0x48, 0x5a, 0x65, 0x41,
  0x66, 0x41, 0x65, 0x41, 0x65, 0x41, 0x66, 0x41, 0x65, 0x41, 0x65, 0x41, 0x85, 0x41, 0x86, 0x41, 0xfb, 0xe6, 0xff, 0xff, 0xff, 0xff, 0xff, 0xff,
  0x10, 0x8c, 0x65, 0x41, 0x65, 0x41, 0x65, 0x41, 0x65, 0x41, 0xc6, 0x49, 0x08, 0x52, 0x08, 0x52, 0x08, 0x52, 0xa6, 0x49, 0x66, 0x41, 0x65, 0x41,
  0x66, 0x41, 0x66, 0x41, 0x65, 0x41, 0x66, 0x41, 0x66, 0x41, 0x66, 0x41, 0x08, 0x52, 0x08, 0x52, 0x08, 0x52, 0x08, 0x52, 0x66, 0x41, 0x86, 0x41,
  0x66, 0x41, 0x66, 0x41, 0x86, 0x41, 0xa6, 0x41, 0x08, 0x52, 0x28, 0x52, 0x28, 0x52, 0xc7, 0x49, 0x86, 0x41, 0x66, 0x41, 0x66, 0x41, 0xeb, 0x6a,
  0xef, 0x83, 0x30, 0x94, 0x4d, 0x73, 0x49, 0x5a, 0x86, 0x41, 0x66, 0x41, 0x66, 0x41, 0x66, 0x41, 0x86, 0x41, 0x66, 0x41, 0x86, 0x41, 0x86, 0x41,
  0x86, 0x41, 0x86, 0x41, 0x66, 0x41, 0x86, 0x41, 0x66, 0x41, 0x86, 0x41, 0x66, 0x41, 0x86, 0x41, 0x86, 0x41, 0x66, 0x41, 0x86, 0x41, 0x66, 0x41,
  0x86, 0x41, 0x86, 0x41, 0x86, 0x41, 0x86, 0x41, 0x66, 0x41, 0x86, 0x41, 0x86, 0x41, 0x86, 0x41, 0x86, 0x41, 0x86, 0x41, 0x86, 0x41, 0x86, 0x41,
  0x85, 0x39, 0x85, 0x39, 0x85, 0x41, 0x85, 0x41, 0x85, 0x39, 0x85, 0x39, 0x85, 0x39, 0x85, 0x41, 0x85, 0x41, 0x85, 0x39, 0x85, 0x41, 0x85, 0x41,
  0x85, 0x41, 0x85, 0x41, 0x85, 0x41, 0x85, 0x41, 0x85, 0x41, 0x85, 0x41, 0x85, 0x41, 0x84, 0x41, 0x85, 0x41, 0x85, 0x41, 0x85, 0x41, 0x85, 0x41,
  0x85, 0x41, 0x85, 0x41, 0x84, 0x41, 0x85, 0x41, 0x85, 0x41, 0x85, 0x41, 0x85, 0x41, 0xdb, 0xde, 0xff, 0xff, 0xff, 0xff, 0xff, 0xff, 0x48, 0x5a,
  0x85, 0x41, 0x85, 0x41, 0x85, 0x41, 0x85, 0x41, 0x85, 0x41, 0x85, 0x41, 0x85, 0x41, 0x85, 0x41, 0x85, 0x41, 0x85, 0x41, 0x85, 0x41, 0x85, 0x41,
  0x1c, 0xe7, 0xff, 0xff, 0xff, 0xff, 0xff, 0xff, 0x07, 0x52, 0x85, 0x41, 0x85, 0x41, 0x85, 0x41, 0x85, 0x41, 0x85, 0x41, 0xdb, 0xde, 0xff, 0xff,
  0xff, 0xff, 0xff, 0xff, 0x48, 0x5a, 0x85, 0x41, 0x65, 0x41, 0x85, 0x41, 0x85, 0x41, 0x85, 0x39, 0x65, 0x41, 0x85, 0x41, 0x85, 0x41, 0x85, 0x41,
  0x85, 0x41, 0x2c, 0x73, 0xff, 0xff, 0xff, 0xff, 0xff, 0xff, 0xff, 0xff, 0x0b, 0x6b, 0x85, 0x41, 0x65, 0x41, 0x65, 0x41, 0x85, 0x41, 0x65, 0x41,
  0xdb, 0xde, 0xff, 0xff, 0xff, 0xff, 0xff, 0xff, 0x68, 0x5a, 0x84, 0x41, 0x65, 0x41, 0x85, 0x41, 0x65, 0x41, 0x85, 0x41, 0x65, 0x41, 0x85, 0x41,
  0x85, 0x41, 0x85, 0x41, 0x85, 0x41, 0x85, 0x41, 0x85, 0x41, 0x1c, 0xe7, 0xff, 0xff, 0xff, 0xff, 0xff, 0xff, 0x07, 0x4a, 0x85, 0x41, 0x65, 0x41,
  0x65, 0x41, 0x84, 0x41, 0x85, 0x41, 0x85, 0x41, 0x65, 0x41, 0xc6, 0x49, 0x71, 0x9c, 0x1c, 0xe7, 0xff, 0xff, 0xff, 0xff, 0xff, 0xff, 0xff, 0xff,
  0xff, 0xff, 0xff, 0xff, 0x38, 0xce, 0x6d, 0x7b, 0x65, 0x41, 0x65, 0x41, 0x65, 0x41, 0x65, 0x41, 0x85, 0x41, 0x85, 0x41, 0x65, 0x41, 0x85, 0x41,
  0x2b, 0x73, 0xff, 0xff, 0xff, 0xff, 0xff, 0xff, 0x34, 0xad, 0x65, 0x41, 0x0b, 0x73, 0x3c, 0xef, 0xff, 0xff, 0xff, 0xff, 0xff, 0xff, 0xff, 0xff,
  0x5d, 0xef, 0x6d, 0x7b, 0x65, 0x41, 0x65, 0x41, 0x65, 0x41, 0x89, 0x5a, 0x59, 0xce, 0xff, 0xff, 0xff, 0xff, 0xff, 0xff, 0xff, 0xff, 0xde, 0xff,
  0x59, 0xd6, 0x27, 0x52, 0x65, 0x41, 0x65, 0x41, 0x65, 0x41, 0x85, 0x41, 0x85, 0x41, 0x85, 0x41, 0x65, 0x41, 0x85, 0x41, 0x85, 0x41, 0xc6, 0x49,
  0x91, 0x9c, 0x3d, 0xef, 0xff, 0xff, 0xff, 0xff, 0xff, 0xff, 0xff, 0xff, 0xff, 0xff, 0x9e, 0xf7, 0xf4, 0xac, 0x07, 0x52, 0x85, 0x41, 0x85, 0x41,
  0x65, 0x41, 0x65, 0x41, 0x85, 0x41, 0x85, 0x41, 0x85, 0x41, 0x65, 0x41, 0xdb, 0xde, 0xff, 0xff, 0xff, 0xff, 0xff, 0xff, 0x48, 0x5a, 0x65, 0x41,
  0x85, 0x41, 0x65, 0x41, 0x85, 0x41, 0x65, 0x41, 0x66, 0x41, 0x65, 0x41, 0x86, 0x41, 0x65, 0x41, 0x75, 0xb5, 0xff, 0xff, 0xff, 0xff, 0xff, 0xff,
  0xf3, 0xa4, 0x65, 0x41, 0x65, 0x41, 0x85, 0x41, 0x66, 0x41, 0x51, 0x94, 0xff, 0xff, 0xff, 0xff, 0xff, 0xff, 0xef, 0x8b, 0x65, 0x41, 0x65, 0x41,
  0x65, 0x41, 0x65, 0x41, 0x65, 0x41, 0x65, 0x41, 0x66, 0x41, 0x66, 0x41, 0xff, 0xff, 0xff, 0xff, 0xff, 0xff, 0xfb, 0xe6, 0x65, 0x41, 0x66, 0x41,
  0x66, 0x41, 0x86, 0x41, 0x66, 0x41, 0x2c, 0x73, 0xff, 0xff, 0xff, 0xff, 0xff, 0xff, 0x34, 0xad, 0x66, 0x41, 0xcb, 0x6a, 0xdb, 0xe6, 0xff, 0xff,
  0xff, 0xff, 0xff, 0xff, 0xff, 0xff, 0xff, 0xff, 0xba, 0xd6, 0xaa, 0x62, 0x86, 0x41, 0x86, 0x41, 0x86, 0x41, 0x66, 0x41, 0x66, 0x41, 0x66, 0x41,
  0x66, 0x41, 0x66, 0x41, 0x66, 0x41, 0x86, 0x41, 0x86, 0x41, 0x66, 0x41, 0x86, 0x41, 0x66, 0x41, 0x86, 0x41, 0x86, 0x41, 0x86, 0x41, 0x86, 0x41,
  0x66, 0x41, 0x86, 0x41, 0x66, 0x41, 0x66, 0x41, 0x86, 0x41, 0x86, 0x41, 0x86, 0x41, 0x66, 0x41, 0x86, 0x41, 0x86, 0x41, 0x86, 0x41, 0x86, 0x41,
  0x85, 0x41, 0x85, 0x41, 0x85, 0x41, 0x85, 0x41, 0x85, 0x41, 0x85, 0x41, 0x85, 0x39, 0x85, 0x41, 0x85, 0x41, 0x85, 0x41, 0x85, 0x41, 0x85, 0x41,
  0x85, 0x41, 0x85, 0x41, 0x85, 0x41, 0x85, 0x41, 0x85, 0x41, 0x85, 0x41, 0x85, 0x41, 0x85, 0x41, 0x85, 0x41, 0x85, 0x41, 0x85, 0x41, 0x85, 0x41,
  0x85, 0x41, 0x84, 0x41, 0x85, 0x41, 0x85, 0x41, 0x85, 0x41, 0x85, 0x41, 0x85, 0x41, 0xdb, 0xde, 0xff, 0xff, 0xff, 0xff, 0xff, 0xff, 0x48, 0x5a,
  0x85, 0x41, 0x85, 0x41, 0x85, 0x41, 0x85, 0x41, 0x85, 0x41, 0x85, 0x41, 0x85, 0x41, 0x85, 0x41, 0x85, 0x41, 0x85, 0x41, 0x85, 0x41, 0x85, 0x41,
  0x1c, 0xe7, 0xff, 0xff, 0xff, 0xff, 0xff, 0xff, 0x27, 0x52, 0x85, 0x41, 0x85, 0x41, 0x85, 0x41, 0x85, 0x41, 0x85, 0x41, 0xdb, 0xde, 0xff, 0xff,
  0xff, 0xff, 0xff, 0xff, 0x48, 0x5a, 0x85, 0x41, 0x85, 0x41, 0x85, 0x41, 0x85, 0x41, 0x85, 0x41, 0x85, 0x41, 0x85, 0x41, 0x85, 0x41, 0x85, 0x41,
  0x84, 0x41, 0x84, 0x41, 0xf7, 0xc5, 0xff, 0xff, 0xff, 0xff, 0xff, 0xff, 0x34, 0xb5, 0x65, 0x41, 0x85, 0x41, 0x85, 0x41, 0x85, 0x41, 0x85, 0x41,
  0xdb, 0xde, 0xff, 0xff, 0xff, 0xff, 0xff, 0xff, 0x48, 0x5a, 0x85, 0x41, 0x85, 0x41, 0x85, 0x41, 0x85, 0x41, 0x65, 0x41, 0x85, 0x41, 0x85, 0x41,
  0x85, 0x41, 0x85, 0x41, 0x85, 0x41, 0x65, 0x41, 0x85, 0x41, 0x1c, 0xe7, 0xff, 0xff, 0xff, 0xff, 0xff, 0xff, 0x07, 0x52, 0x85, 0x41, 0x85, 0x41,
  0x85, 0x41, 0x85, 0x41, 0x85, 0x41, 0x65, 0x41, 0x48, 0x5a, 0xda, 0xde, 0xff, 0xff, 0xff, 0xff, 0xff, 0xff, 0xff, 0xff, 0xff, 0xff, 0xff, 0xff,
  0xff, 0xff, 0xff, 0xff, 0xff, 0xff, 0xff, 0xff, 0x34, 0xad, 0x85, 0x41, 0x85, 0x41, 0x65, 0x41, 0x65, 0x41, 0x85, 0x41, 0x85, 0x41, 0x65, 0x41,
  0x2b, 0x73, 0xff, 0xff, 0xff, 0xff, 0xff, 0xff, 0x34, 0xad, 0x48, 0x5a, 0x7e, 0xf7, 0xff, 0xff, 0xff, 0xff, 0xff, 0xff, 0xff, 0xff, 0xff, 0xff,
  0xff, 0xff, 0xff, 0xff, 0x0f, 0x8c, 0x65, 0x41, 0x4c, 0x73, 0xff, 0xff, 0xff, 0xff, 0xff, 0xff, 0xff, 0xff, 0xff, 0xff, 0xff, 0xff, 0xff, 0xff,
  0xff, 0xff, 0xfc, 0xe6, 0x07, 0x52, 0x65, 0x41, 0x65, 0x41, 0x65, 0x41, 0x65, 0x41, 0x65, 0x41, 0x85, 0x41, 0x65, 0x41, 0x28, 0x52, 0xbb, 0xde,
  0xff, 0xff, 0xff, 0xff, 0xff, 0xff, 0xff, 0xff, 0xff, 0xff, 0xff, 0xff, 0xff, 0xff, 0xff, 0xff, 0xff, 0xff, 0x3d, 0xef, 0x89, 0x62, 0x85, 0x41,
  0x65, 0x41, 0x85, 0x41, 0x85, 0x41, 0x65, 0x41, 0x65, 0x41, 0x65, 0x41, 0xdb, 0xde, 0xff, 0xff, 0xff, 0xff, 0xff, 0xff, 0x48, 0x5a, 0x65, 0x41,
  0x66, 0x41, 0x85, 0x41, 0x85, 0x41, 0x66, 0x41, 0x65, 0x41, 0x65, 0x41, 0x65, 0x41, 0x65, 0x41, 0x71, 0x9c, 0xff, 0xff, 0xff, 0xff, 0xff, 0xff,
  0x75, 0xb5, 0x65, 0x41, 0x65, 0x41, 0x65, 0x41, 0x65, 0x41, 0x50, 0x94, 0xff, 0xff, 0xff, 0xff, 0xff, 0xff, 0x0f, 0x8c, 0x66, 0x41, 0x66, 0x41,
  0x65, 0x41, 0x65, 0x41, 0x86, 0x41, 0x66, 0x41, 0x66, 0x41, 0x66, 0x41, 0xff, 0xff, 0xff, 0xff, 0xff, 0xff, 0xfb, 0xe6, 0x66, 0x41, 0x65, 0x41,
  0x86, 0x41, 0x66, 0x41, 0x86, 0x41, 0x2c, 0x73, 0xff, 0xff, 0xff, 0xff, 0xff, 0xff, 0x14, 0xad, 0x28, 0x52, 0x5d, 0xef, 0xff, 0xff, 0xff, 0xff,
  0xff, 0xff, 0xff, 0xff, 0xff, 0xff, 0xff, 0xff, 0xff, 0xff, 0xdf, 0xff, 0x8e, 0x83, 0x66, 0x41, 0x66, 0x41, 0x66, 0x41, 0x66, 0x41, 0x66, 0x41,
  0x86, 0x41, 0x66, 0x41, 0x66, 0x41, 0x66, 0x41, 0x86, 0x41, 0x86, 0x41, 0x86, 0x41, 0x86, 0x41, 0x66, 0x41, 0x66, 0x41, 0x86, 0x41, 0x86, 0x41,
  0x86, 0x41, 0x86, 0x41, 0x86, 0x41, 0x86, 0x41, 0x86, 0x41, 0x66, 0x41, 0x86, 0x41, 0x86, 0x41, 0x86, 0x41, 0x86, 0x41, 0x86, 0x41, 0x86, 0x41,
  0x85, 0x39, 0x85, 0x41, 0x85, 0x41, 0x85, 0x39, 0x85, 0x39, 0x85, 0x39, 0x85, 0x41, 0x85, 0x41, 0x85, 0x41, 0x85, 0x41, 0x85, 0x39, 0x85, 0x41,
  0x85, 0x41, 0x85, 0x39, 0x84, 0x39, 0x85, 0x41, 0x85, 0x41, 0x85, 0x39, 0x85, 0x39, 0x85, 0x41, 0x85, 0x39, 0x85, 0x39, 0x85, 0x41, 0x85, 0x41,
  0x85, 0x41, 0x85, 0x41, 0x85, 0x41, 0x85, 0x41, 0x85, 0x41, 0x85, 0x41, 0x85, 0x41, 0xdb, 0xde, 0xff, 0xff, 0xff, 0xff, 0xff, 0xff, 0x48, 0x5a,
  0x85, 0x41, 0x85, 0x39, 0x84, 0x41, 0x85, 0x41, 0x85, 0x41, 0x85, 0x41, 0x85, 0x41, 0x84, 0x41, 0x85, 0x41, 0x85, 0x41, 0x85, 0x41, 0x85, 0x41,
  0x1c, 0xe7, 0xff, 0xff, 0xff, 0xff, 0xff, 0xff, 0x07, 0x52, 0x64, 0x41, 0x85, 0x41, 0x64, 0x41, 0x85, 0x41, 0x85, 0x41, 0xdb, 0xde, 0xff, 0xff,
  0xff, 0xff, 0xff, 0xff, 0x48, 0x5a, 0x85, 0x41, 0x85, 0x41, 0x65, 0x41, 0x64, 0x41, 0x64, 0x41, 0x85, 0x41, 0x65, 0x41, 0x65, 0x41, 0x85, 0x41,
  0x85, 0x41, 0x85, 0x41, 0xae, 0x83, 0xff, 0xff, 0xff, 0xff, 0xff, 0xff, 0x5d, 0xef, 0x84, 0x41, 0x64, 0x41, 0x64, 0x41, 0x65, 0x41, 0x64, 0x41,
  0xdb, 0xde, 0xff, 0xff, 0xff, 0xff, 0xff, 0xff, 0x48, 0x5a, 0x65, 0x41, 0x64, 0x41, 0x65, 0x41, 0x84, 0x41, 0x85, 0x41, 0x85, 0x41, 0x85, 0x41,
  0x64, 0x41, 0x64, 0x41, 0x64, 0x41, 0x85, 0x41, 0x64, 0x41, 0x1c, 0xe7, 0xff, 0xff, 0xff, 0xff, 0xff, 0xff, 0x07, 0x52, 0x65, 0x41, 0x85, 0x41,
  0x64, 0x41, 0x85, 0x41, 0x84, 0x41, 0x07, 0x52, 0x5c, 0xef, 0xff, 0xff, 0xff, 0xff, 0xff, 0xff, 0xff, 0xff, 0xff, 0xff, 0xfb, 0xe6, 0x7d, 0xef,
  0xff, 0xff, 0xff, 0xff, 0xff, 0xff, 0xff, 0xff, 0xff, 0xff, 0xb6, 0xbd, 0x65, 0x41, 0x65, 0x41, 0x64, 0x41, 0x65, 0x41, 0x65, 0x41, 0x65, 0x41,
  0x2b, 0x73, 0xff, 0xff, 0xff, 0xff, 0xff, 0xff, 0xb6, 0xbd, 0xdb, 0xde, 0xff, 0xff, 0xff, 0xff, 0x3c, 0xe7, 0xdf, 0xff, 0xff, 0xff, 0xff, 0xff,
  0xff, 0xff, 0xff, 0xff, 0x9e, 0xf7, 0xeb, 0x6a, 0x7d, 0xef, 0xff, 0xff, 0xff, 0xff, 0x9e, 0xf7, 0x5d, 0xef, 0xff, 0xff, 0xff, 0xff, 0xff, 0xff,
  0xff, 0xff, 0xff, 0xff, 0x9a, 0xd6, 0x65, 0x41, 0x65, 0x41, 0x85, 0x41, 0x64, 0x41, 0x65, 0x41, 0x65, 0x41, 0xe6, 0x51, 0x3c, 0xe7, 0xff, 0xff,
  0xff, 0xff, 0xff, 0xff, 0xff, 0xff, 0xbe, 0xf7, 0x59, 0xce, 0x7d, 0xef, 0xff, 0xff, 0xff, 0xff, 0xff, 0xff, 0xff, 0xff, 0x9e, 0xf7, 0x48, 0x5a,
  0x65, 0x41, 0x65, 0x41, 0x85, 0x41, 0x65, 0x41, 0x85, 0x41, 0x85, 0x41, 0xdb, 0xde, 0xff, 0xff, 0xff, 0xff, 0xff, 0xff, 0x49, 0x5a, 0x65, 0x41,
  0x85, 0x41, 0x65, 0x41, 0x65, 0x41, 0x65, 0x41, 0x65, 0x41, 0x65, 0x41, 0x65, 0x41, 0x65, 0x41, 0x55, 0xb5, 0xff, 0xff, 0xff, 0xff, 0xff, 0xff,
  0x92, 0x9c, 0x65, 0x41, 0x65, 0x41, 0x65, 0x41, 0x65, 0x41, 0x30, 0x94, 0xff, 0xff, 0xff, 0xff, 0xff, 0xff, 0xef, 0x8b, 0x85, 0x41, 0x65, 0x41,
  0x65, 0x41, 0x65, 0x41, 0x65, 0x41, 0x65, 0x41, 0x85, 0x41, 0x65, 0x41, 0xff, 0xff, 0xff, 0xff, 0xff, 0xff, 0xfb, 0xe6, 0x85, 0x41, 0x66, 0x41,
  0x66, 0x41, 0x66, 0x41, 0x86, 0x41, 0x0c, 0x73, 0xff, 0xff, 0xff, 0xff, 0xff, 0xff, 0xd7, 0xbd, 0xdb, 0xde, 0xff, 0xff, 0xff, 0xff, 0x9e, 0xf7,
  0x3c, 0xef, 0xff, 0xff, 0xff, 0xff, 0xff, 0xff, 0xff, 0xff, 0xff, 0xff, 0x5d, 0xef, 0xc7, 0x49, 0x66, 0x41, 0x65, 0x41, 0x86, 0x41, 0x65, 0x41,
  0x66, 0x41, 0x66, 0x41, 0x66, 0x41, 0x66, 0x41, 0x66, 0x41, 0x66, 0x41, 0x66, 0x41, 0x66, 0x41, 0x86, 0x41, 0x86, 0x41, 0x86, 0x41, 0x86, 0x41,
  0x66, 0x41, 0x66, 0x41, 0x66, 0x41, 0x86, 0x41, 0x86, 0x41, 0x86, 0x41, 0x66, 0x41, 0x86, 0x41, 0x66, 0x41, 0x66, 0x41, 0x66, 0x41, 0x86, 0x41,
  0x85, 0x41, 0x85, 0x41, 0x85, 0x39, 0x85, 0x41, 0x84, 0x39, 0x85, 0x41, 0x85, 0x39, 0x85, 0x41, 0x85, 0x41, 0x85, 0x41, 0x85, 0x41, 0x85, 0x41,
  0x85, 0x41, 0x85, 0x39, 0x85, 0x41, 0x85, 0x41, 0x85, 0x41, 0x85, 0x41, 0x85, 0x41, 0x65, 0x41, 0x64, 0x41, 0x65, 0x41, 0x84, 0x41, 0x85, 0x39,
  0x85, 0x41, 0x85, 0x41, 0x85, 0x41, 0x85, 0x41, 0x85, 0x41, 0x85, 0x41, 0x85, 0x41, 0xdb, 0xde, 0xff, 0xff, 0xff, 0xff, 0xff, 0xff, 0x48, 0x5a,
  0x85, 0x41, 0x85, 0x41, 0x85, 0x41, 0x85, 0x41, 0x85, 0x41, 0x85, 0x41, 0x85, 0x41, 0x85, 0x41, 0x65, 0x41, 0x85, 0x41, 0x85, 0x41, 0x85, 0x41,
  0x1c, 0xe7, 0xff, 0xff, 0xff, 0xff, 0xff, 0xff, 0x07, 0x52, 0x65, 0x41, 0x85, 0x41, 0x85, 0x41, 0x65, 0x41, 0x65, 0x41, 0xdb, 0xde, 0xff, 0xff,
  0xff, 0xff, 0xff, 0xff, 0x48, 0x5a, 0x65, 0x41, 0x85, 0x41, 0x85, 0x41, 0x65, 0x41, 0x65, 0x41, 0x65, 0x41, 0x85, 0x41, 0x65, 0x41, 0x65, 0x41,
  0x84, 0x41, 0x85, 0x41, 0xc6, 0x49, 0xff, 0xff, 0xff, 0xff, 0xff, 0xff, 0xff, 0xff, 0xa5, 0x41, 0x85, 0x41, 0x85, 0x41, 0x65, 0x41, 0x85, 0x41,
  0xdb, 0xde, 0xff, 0xff, 0xff, 0xff, 0xff, 0xff, 0x48, 0x5a, 0x85, 0x41, 0x85, 0x41, 0x65, 0x41, 0x65, 0x41, 0x65, 0x41, 0x65, 0x41, 0x85, 0x41,
  0x85, 0x41, 0x85, 0x41, 0x85, 0x41, 0x85, 0x41, 0x85, 0x41, 0x1c, 0xe7, 0xff, 0xff, 0xff, 0xff, 0xff, 0xff, 0x07, 0x52, 0x65, 0x41, 0x85, 0x41,
  0x85, 0x41, 0x65, 0x41, 0x65, 0x41, 0xf7, 0xc5, 0xff, 0xff, 0xff, 0xff, 0xff, 0xff, 0x9e, 0xf7, 0x0f, 0x8c, 0x28, 0x52, 0x65, 0x41, 0x85, 0x41,
  0xca, 0x6a, 0x54, 0xb5, 0xff, 0xff, 0xff, 0xff, 0xff, 0xff, 0xff, 0xff, 0x8e, 0x83, 0x65, 0x41, 0x65, 0x41, 0x85, 0x41, 0x64, 0x41, 0x65, 0x41,
  0x2b, 0x73, 0xff, 0xff, 0xff, 0xff, 0xff, 0xff, 0xff, 0xff, 0xff, 0xff, 0xd3, 0xa4, 0x48, 0x5a, 0x65, 0x41, 0xa6, 0x49, 0x8d, 0x7b, 0xbe, 0xf7,
  0xff, 0xff, 0xff, 0xff, 0xff, 0xff, 0xff, 0xff, 0xff, 0xff, 0x9a, 0xd6, 0xeb, 0x6a, 0x85, 0x41, 0x65, 0x41, 0x48, 0x52, 0x96, 0xbd, 0xff, 0xff,
  0xff, 0xff, 0xff, 0xff, 0xff, 0xff, 0xe7, 0x51, 0x65, 0x41, 0x65, 0x41, 0x65, 0x41, 0x64, 0x41, 0x65, 0x41, 0x95, 0xbd, 0xff, 0xff, 0xff, 0xff,
  0xff, 0xff, 0x1c, 0xe7, 0x0b, 0x73, 0x85, 0x41, 0x65, 0x41, 0x65, 0x41, 0xaa, 0x62, 0x58, 0xce, 0xff, 0xff, 0xff, 0xff, 0xff, 0xff, 0x38, 0xce,
  0x65, 0x41, 0x85, 0x41, 0x85, 0x41, 0x65, 0x41, 0x85, 0x41, 0x85, 0x41, 0xdb, 0xde, 0xff, 0xff, 0xff, 0xff, 0xff, 0xff, 0x48, 0x5a, 0x65, 0x41,
  0x65, 0x41, 0x65, 0x41, 0x85, 0x41, 0x85, 0x41, 0x65, 0x41, 0x65, 0x41, 0x65, 0x41, 0x65, 0x41, 0xdb, 0xde, 0xff, 0xff, 0xff, 0xff, 0xff, 0xff,
  0xae, 0x83, 0x65, 0x41, 0x65, 0x41, 0x65, 0x41, 0x65, 0x41, 0x30, 0x94, 0xff, 0xff, 0xff, 0xff, 0xff, 0xff, 0xef, 0x8b, 0x66, 0x41, 0x65, 0x41,
  0x65, 0x41, 0x65, 0x41, 0x65, 0x41, 0x85, 0x41, 0x65, 0x41, 0x65, 0x41, 0xdf, 0xff, 0xff, 0xff, 0xff, 0xff, 0xfb, 0xe6, 0x66, 0x41, 0x65, 0x41,
  0x66, 0x41, 0x65, 0x41, 0x65, 0x41, 0x0c, 0x73, 0xff, 0xff, 0xff, 0xff, 0xff, 0xff, 0xff, 0xff, 0xff, 0xff, 0xb7, 0xbd, 0xeb, 0x6a, 0x86, 0x41,
  0x86, 0x41, 0xc6, 0x49, 0xb3, 0xa4, 0xff, 0xff, 0xff, 0xff, 0xff, 0xff, 0xff, 0xff, 0x92, 0x9c, 0x86, 0x41, 0x86, 0x41, 0x66, 0x41, 0x86, 0x41,
  0x85, 0x41, 0x66, 0x41, 0x86, 0x41, 0x86, 0x41, 0x86, 0x41, 0x86, 0x41, 0x86, 0x41, 0x86, 0x41, 0x66, 0x41, 0x66, 0x41, 0x86, 0x41, 0x86, 0x41,
  0x66, 0x41, 0x86, 0x41, 0x66, 0x41, 0x86, 0x41, 0x86, 0x41, 0x86, 0x41, 0x86, 0x41, 0x86, 0x41, 0x86, 0x41, 0x86, 0x41, 0x86, 0x41, 0x86, 0x41,
  0x85, 0x39, 0x85, 0x39, 0x85, 0x39, 0x85, 0x41, 0x85, 0x39, 0x84, 0x39, 0x85, 0x41, 0x85, 0x41, 0x85, 0x41, 0x85, 0x39, 0x85, 0x41, 0x85, 0x39,
  0x85, 0x39, 0x85, 0x41, 0x85, 0x41, 0x85, 0x41, 0x85, 0x41, 0x85, 0x39, 0x85, 0x41, 0x85, 0x41, 0x85, 0x39, 0x85, 0x41, 0x85, 0x41, 0x85, 0x41,
  0x85, 0x41, 0x85, 0x39, 0x85, 0x41, 0x85, 0x41, 0x65, 0x41, 0x85, 0x39, 0x85, 0x41, 0xdb, 0xde, 0xff, 0xff, 0xff, 0xff, 0xff, 0xff, 0xf7, 0xc5,
  0xb6, 0xbd, 0xb6, 0xbd, 0xb6, 0xbd, 0xb6, 0xbd, 0xb6, 0xbd, 0xb6, 0xbd, 0xb6, 0xbd, 0xb6, 0xbd, 0xb6, 0xbd, 0xb6, 0xbd, 0xb6, 0xbd, 0xb6, 0xbd,
  0xbe, 0xf7, 0xff, 0xff, 0xff, 0xff, 0xff, 0xff, 0x07, 0x52, 0x65, 0x41, 0x85, 0x41, 0x85, 0x41, 0x65, 0x41, 0x85, 0x41, 0xdb, 0xde, 0xff, 0xff,
  0xff, 0xff, 0xff, 0xff, 0x48, 0x5a, 0x64, 0x41, 0x65, 0x41, 0x65, 0x41, 0x65, 0x41, 0x65, 0x41, 0x65, 0x41, 0x85, 0x41, 0x65, 0x41, 0x65, 0x41,
  0x65, 0x41, 0x65, 0x41, 0x65, 0x41, 0x7d, 0xef, 0xff, 0xff, 0xff, 0xff, 0xff, 0xff, 0x48, 0x5a, 0x65, 0x41, 0x65, 0x41, 0x65, 0x41, 0x65, 0x41,
  0xdb, 0xde, 0xff, 0xff, 0xff, 0xff, 0xff, 0xff, 0xf7, 0xc5, 0xb6, 0xbd, 0x96, 0xbd, 0xb6, 0xbd, 0x96, 0xbd, 0xb6, 0xbd, 0x96, 0xbd, 0xb6, 0xbd,
  0xb6, 0xbd, 0xb6, 0xbd, 0xb6, 0xbd, 0xb6, 0xbd, 0x96, 0xbd, 0xbe, 0xf7, 0xff, 0xff, 0xff, 0xff, 0xff, 0xff, 0x07, 0x52, 0x65, 0x41, 0x64, 0x41,
  0x65, 0x41, 0x65, 0x41, 0xea, 0x6a, 0xff, 0xff, 0xff, 0xff, 0xff, 0xff, 0xff, 0xff, 0x6d, 0x7b, 0x65, 0x41, 0x65, 0x41, 0x65, 0x41, 0x65, 0x41,
  0x65, 0x41, 0x65, 0x41, 0xb6, 0xbd, 0xff, 0xff, 0xff, 0xff, 0xff, 0xff, 0x3c, 0xef, 0x65, 0x41, 0x65, 0x41, 0x64, 0x41, 0x65, 0x41, 0x65, 0x41,
  0x0b, 0x73, 0xff, 0xff, 0xff, 0xff, 0xff, 0xff, 0xff, 0xff, 0x13, 0xad, 0x65, 0x41, 0x85, 0x41, 0x65, 0x41, 0x65, 0x41, 0x65, 0x41, 0x6d, 0x73,
  0xff, 0xff, 0xff, 0xff, 0xff, 0xff, 0xff, 0xff, 0xdb, 0xde, 0xc6, 0x49, 0x65, 0x41, 0x65, 0x41, 0x65, 0x41, 0x65, 0x41, 0x85, 0x41, 0x79, 0xd6,
  0xff, 0xff, 0xff, 0xff, 0xff, 0xff, 0x4c, 0x7b, 0x65, 0x41, 0x65, 0x41, 0x65, 0x41, 0x65, 0x41, 0xca, 0x62, 0xff, 0xff, 0xff, 0xff, 0xff, 0xff,
  0x9e, 0xf7, 0x69, 0x5a, 0x65, 0x41, 0x65, 0x41, 0x65, 0x41, 0x85, 0x41, 0x65, 0x41, 0xe7, 0x49, 0xfc, 0xe6, 0xff, 0xff, 0xff, 0xff, 0xff, 0xff,
  0x2c, 0x73, 0x65, 0x41, 0x85, 0x41, 0x85, 0x41, 0x85, 0x41, 0x85, 0x41, 0xdb, 0xde, 0xff, 0xff, 0xff, 0xff, 0xff, 0xff, 0x48, 0x5a, 0x65, 0x41,
  0x85, 0x41, 0x65, 0x41, 0x85, 0x41, 0x65, 0x41, 0x85, 0x41, 0x85, 0x41, 0x65, 0x41, 0x71, 0x9c, 0xff, 0xff, 0xff, 0xff, 0xff, 0xff, 0x9e, 0xf7,
  0xc6, 0x49, 0x65, 0x41, 0x65, 0x41, 0x65, 0x41, 0x85, 0x41, 0x50, 0x94, 0xff, 0xff, 0xff, 0xff, 0xff, 0xff, 0xef, 0x8b, 0x65, 0x41, 0x65, 0x41,
  0x65, 0x41, 0x65, 0x41, 0x65, 0x41, 0x65, 0x41, 0x85, 0x41, 0x65, 0x41, 0xff, 0xff, 0xff, 0xff, 0xff, 0xff, 0xdb, 0xe6, 0x65, 0x41, 0x66, 0x41,
  0x65, 0x41, 0x65, 0x41, 0x65, 0x41, 0x2c, 0x73, 0xff, 0xff, 0xff, 0xff, 0xff, 0xff, 0xff, 0xff, 0xf8, 0xc5, 0x86, 0x41, 0x66, 0x41, 0x66, 0x41,
  0x66, 0x41, 0x66, 0x41, 0x86, 0x41, 0x14, 0xad, 0xff, 0xff, 0xff, 0xff, 0xff, 0xff, 0x38, 0xce, 0x86, 0x41, 0x65, 0x41, 0x86, 0x41, 0x66, 0x41,
  0x66, 0x41, 0x86, 0x41, 0x66, 0x41, 0x86, 0x41, 0x86, 0x41, 0x86, 0x41, 0x86, 0x41, 0x86, 0x41, 0x66, 0x41, 0x86, 0x41, 0x86, 0x41, 0x86, 0x41,
  0x86, 0x41, 0x86, 0x41, 0x86, 0x41, 0x66, 0x41, 0x66, 0x41, 0x86, 0x41, 0x86, 0x41, 0x66, 0x41, 0x86, 0x41, 0x66, 0x41, 0x86, 0x41, 0x86, 0x41,
  0x85, 0x39, 0x85, 0x39, 0x84, 0x39, 0x85, 0x39, 0x85, 0x41, 0x85, 0x39, 0x85, 0x39, 0x85, 0x39, 0x85, 0x39, 0x85, 0x39, 0x85, 0x39, 0x85, 0x41,
  0x85, 0x41, 0x85, 0x41, 0x85, 0x41, 0x85, 0x41, 0x85, 0x41, 0x85, 0x41, 0x85, 0x41, 0x85, 0x41, 0x85, 0x41, 0x85, 0x41, 0x85, 0x41, 0x85, 0x41,
  0x85, 0x41, 0x85, 0x41, 0x85, 0x41, 0x85, 0x41, 0x85, 0x41, 0x85, 0x41, 0x85, 0x41, 0xdb, 0xde, 0xff, 0xff, 0xff, 0xff, 0xff, 0xff, 0xff, 0xff,
  0xff, 0xff, 0xff, 0xff, 0xff, 0xff, 0xff, 0xff, 0xff, 0xff, 0xff, 0xff, 0xff, 0xff, 0xff, 0xff, 0xff, 0xff, 0xff, 0xff, 0xff, 0xff, 0xff, 0xff,
  0xff, 0xff, 0xff, 0xff, 0xff, 0xff, 0xff, 0xff, 0x07, 0x52, 0x85, 0x41, 0x85, 0x41, 0x85, 0x41, 0x65, 0x41, 0x65, 0x41, 0xdb, 0xde, 0xff, 0xff,
  0xff, 0xff, 0xff, 0xff, 0x48, 0x5a, 0x65, 0x41, 0x65, 0x41, 0x65, 0x41, 0x65, 0x41, 0x65, 0x41, 0x65, 0x41, 0x65, 0x41, 0x84, 0x41, 0x84, 0x41,
  0x65, 0x41, 0x64, 0x41, 0x64, 0x41, 0xdb, 0xde, 0xff, 0xff, 0xff, 0xff, 0xff, 0xff, 0xeb, 0x6a, 0x65, 0x41, 0x65, 0x41, 0x64, 0x41, 0x65, 0x41,
  0xdb, 0xde, 0xff, 0xff, 0xff, 0xff, 0xff, 0xff, 0xff, 0xff, 0xff, 0xff, 0xff, 0xff, 0xff, 0xff, 0xff, 0xff, 0xff, 0xff, 0xff, 0xff, 0xff, 0xff,
  0xff, 0xff, 0xff, 0xff, 0xff, 0xff, 0xff, 0xff, 0xff, 0xff, 0xff, 0xff, 0xff, 0xff, 0xff, 0xff, 0xff, 0xff, 0x07, 0x52, 0x65, 0x41, 0x65, 0x41,
  0x65, 0x41, 0x65, 0x41, 0x34, 0xad, 0xff, 0xff, 0xff, 0xff, 0xff, 0xff, 0x14, 0xad, 0x65, 0x41, 0x65, 0x41, 0x65, 0x41, 0x65, 0x41, 0x65, 0x41,
  0x65, 0x41, 0x65, 0x41, 0xc6, 0x49, 0x1c, 0xe7, 0xff, 0xff, 0xff, 0xff, 0xff, 0xff, 0xea, 0x6a, 0x65, 0x41, 0x65, 0x41, 0x65, 0x41, 0x65, 0x41,
  0x0b, 0x73, 0xff, 0xff, 0xff, 0xff, 0xff, 0xff, 0xbe, 0xf7, 0x85, 0x41, 0x65, 0x41, 0x65, 0x41, 0x65, 0x41, 0x65, 0x41, 0x65, 0x41, 0x85, 0x41,
  0xbe, 0xf7, 0xff, 0xff, 0xff, 0xff, 0xff, 0xff, 0x0f, 0x8c, 0x65, 0x41, 0x65, 0x41, 0x65, 0x41, 0x65, 0x41, 0x65, 0x41, 0x65, 0x41, 0x91, 0x9c,
  0xff, 0xff, 0xff, 0xff, 0xff, 0xff, 0xb2, 0xa4, 0x65, 0x41, 0x65, 0x41, 0x65, 0x41, 0x65, 0x41, 0xf3, 0xac, 0xff, 0xff, 0xff, 0xff, 0xff, 0xff,
  0x8e, 0x83, 0x65, 0x41, 0x65, 0x41, 0x65, 0x41, 0x65, 0x41, 0x65, 0x41, 0x65, 0x41, 0x65, 0x41, 0xca, 0x62, 0xff, 0xff, 0xff, 0xff, 0xff, 0xff,
  0x55, 0xb5, 0x65, 0x41, 0x65, 0x41, 0x65, 0x41, 0x65, 0x41, 0x65, 0x41, 0xdb, 0xde, 0xff, 0xff, 0xff, 0xff, 0xff, 0xff, 0x28, 0x5a, 0x65, 0x41,
  0x85, 0x41, 0x65, 0x41, 0x85, 0x41, 0x65, 0x41, 0xc7, 0x51, 0xcb, 0x6a, 0xb6, 0xbd, 0xff, 0xff, 0xff, 0xff, 0xff, 0xff, 0xff, 0xff, 0xd3, 0xa4,
  0x65, 0x41, 0x85, 0x41, 0x65, 0x41, 0x65, 0x41, 0x65, 0x41, 0x50, 0x94, 0xff, 0xff, 0xff, 0xff, 0xff, 0xff, 0xef, 0x8b, 0x65, 0x41, 0x85, 0x41,
  0x65, 0x41, 0x65, 0x41, 0x65, 0x41, 0x65, 0x41, 0x65, 0x41, 0x65, 0x41, 0xff, 0xff, 0xff, 0xff, 0xff, 0xff, 0xfb, 0xe6, 0x65, 0x41, 0x65, 0x41,
  0x65, 0x41, 0x65, 0x41, 0x65, 0x41, 0x0c, 0x73, 0xff, 0xff, 0xff, 0xff, 0xff, 0xff, 0xff, 0xff, 0xc7, 0x49, 0x66, 0x41, 0x86, 0x41, 0x66, 0x41,
  0x66, 0x41, 0x86, 0x41, 0x66, 0x41, 0x08, 0x52, 0xff, 0xff, 0xff, 0xff, 0xff, 0xff, 0x1c, 0xe7, 0x86, 0x41, 0x86, 0x41, 0x86, 0x41, 0x86, 0x41,
  0x86, 0x41, 0x86, 0x41, 0x86, 0x41, 0x86, 0x41, 0x66, 0x41, 0x86, 0x41, 0x86, 0x41, 0x86, 0x41, 0x86, 0x41, 0x86, 0x41, 0x86, 0x41, 0x86, 0x41,
  0x86, 0x41, 0x86, 0x41, 0x86, 0x41, 0x86, 0x41, 0x86, 0x41, 0x86, 0x41, 0x86, 0x41, 0x86, 0x41, 0x86, 0x41, 0x86, 0x41, 0x86, 0x41, 0x86, 0x41,
  0x84, 0x41, 0x65, 0x41, 0x85, 0x39, 0x85, 0x39, 0x85, 0x39, 0x85, 0x41, 0x85, 0x39, 0x85, 0x41, 0x85, 0x41, 0x85, 0x39, 0x85, 0x41, 0x65, 0x41,
  0x85, 0x41, 0x85, 0x39, 0x85, 0x41, 0x85, 0x41, 0x85, 0x41, 0x65, 0x41, 0x85, 0x41, 0x85, 0x41, 0x85, 0x41, 0x85, 0x41, 0x85, 0x41, 0x84, 0x41,
  0x85, 0x41, 0x85, 0x41, 0x85, 0x41, 0x85, 0x39, 0x85, 0x41, 0x85, 0x41, 0x85, 0x41, 0xdb, 0xde, 0xff, 0xff, 0xff, 0xff, 0xff, 0xff, 0xff, 0xff,
  0xff, 0xff, 0xff, 0xff, 0xff, 0xff, 0xff, 0xff, 0xff, 0xff, 0xff, 0xff, 0xff, 0xff, 0xff, 0xff, 0xff, 0xff, 0xff, 0xff, 0xff, 0xff, 0xff, 0xff,
  0xff, 0xff, 0xff, 0xff, 0xff, 0xff, 0xff, 0xff, 0x07, 0x52, 0x65, 0x41, 0x85, 0x41, 0x85, 0x41, 0x65, 0x41, 0x65, 0x41, 0xdb, 0xde, 0xff, 0xff,
  0xff, 0xff, 0xff, 0xff, 0x48, 0x5a, 0x85, 0x41, 0x65, 0x41, 0x64, 0x41, 0x65, 0x41, 0x85, 0x41, 0x84, 0x41, 0x84, 0x41, 0x64, 0x41, 0x65, 0x41,
  0x65, 0x41, 0x64, 0x41, 0x65, 0x41, 0x99, 0xd6, 0xff, 0xff, 0xff, 0xff, 0xff, 0xff, 0x2c, 0x73, 0x65, 0x41, 0x64, 0x41, 0x64, 0x41, 0x65, 0x41,
  0xdb, 0xde, 0xff, 0xff, 0xff, 0xff, 0xff, 0xff, 0xff, 0xff, 0xff, 0xff, 0xff, 0xff, 0xff, 0xff, 0xff, 0xff, 0xff, 0xff, 0xff, 0xff, 0xff, 0xff,
  0xff, 0xff, 0xff, 0xff, 0xff, 0xff, 0xff, 0xff, 0xff, 0xff, 0xff, 0xff, 0xff, 0xff, 0xff, 0xff, 0xff, 0xff, 0x07, 0x52, 0x65, 0x41, 0x65, 0x41,
  0x85, 0x41, 0x84, 0x41, 0x5c, 0xef, 0xff, 0xff, 0xff, 0xff, 0xff, 0xff, 0xa9, 0x62, 0x64, 0x41, 0x65, 0x41, 0x85, 0x41, 0x65, 0x41, 0x64, 0x41,
  0x65, 0x41, 0x64, 0x41, 0x64, 0x41, 0xf3, 0xac, 0xff, 0xff, 0xff, 0xff, 0xff, 0xff, 0xf3, 0xa4, 0x65, 0x41, 0x65, 0x41, 0x65, 0x41, 0x65, 0x41,
  0x0b, 0x73, 0xff, 0xff, 0xff, 0xff, 0xff, 0xff, 0x59, 0xce, 0x65, 0x41, 0x65, 0x41, 0x65, 0x41, 0x65, 0x41, 0x65, 0x41, 0x65, 0x41, 0x65, 0x41,
  0x99, 0xd6, 0xff, 0xff, 0xff, 0xff, 0xff, 0xff, 0x89, 0x62, 0x65, 0x41, 0x65, 0x41, 0x65, 0x41, 0x65, 0x41, 0x65, 0x41, 0x65, 0x41, 0x6d, 0x7b,
  0xff, 0xff, 0xff, 0xff, 0xff, 0xff, 0x34, 0xad, 0x65, 0x41, 0x65, 0x41, 0x65, 0x41, 0x65, 0x41, 0x1c, 0xe7, 0xff, 0xff, 0xff, 0xff, 0xff, 0xff,
  0xe7, 0x51, 0x65, 0x41, 0x65, 0x41, 0x65, 0x41, 0x65, 0x41, 0x65, 0x41, 0x65, 0x41, 0x65, 0x41, 0x85, 0x41, 0xde, 0xff, 0xff, 0xff, 0xff, 0xff,
  0x3c, 0xef, 0x65, 0x41, 0x85, 0x41, 0x65, 0x41, 0x85, 0x41, 0x65, 0x41, 0xdb, 0xde, 0xff, 0xff, 0xff, 0xff, 0xff, 0xff, 0xbe, 0xff, 0xbe, 0xf7,
  0xbf, 0xf7, 0xbe, 0xf7, 0xbe, 0xf7, 0xbe, 0xf7, 0xff, 0xff, 0xff, 0xff, 0xff, 0xff, 0xff, 0xff, 0xff, 0xff, 0xff, 0xff, 0x59, 0xce, 0xa6, 0x49,
  0x65, 0x41, 0x65, 0x41, 0x65, 0x41, 0x65, 0x41, 0x65, 0x41, 0x30, 0x94, 0xff, 0xff, 0xff, 0xff, 0xff, 0xff, 0xef, 0x8b, 0x66, 0x41, 0x65, 0x41,
  0x65, 0x41, 0x65, 0x41, 0x65, 0x41, 0x65, 0x41, 0x65, 0x41, 0x65, 0x41, 0xff, 0xff, 0xff, 0xff, 0xff, 0xff, 0xfb, 0xe6, 0x65, 0x41, 0x65, 0x41,
  0x65, 0x41, 0x65, 0x41, 0x65, 0x41, 0x0c, 0x73, 0xff, 0xff, 0xff, 0xff, 0xff, 0xff, 0xfb, 0xe6, 0x66, 0x41, 0x65, 0x41, 0x66, 0x41, 0x65, 0x41,
  0x66, 0x41, 0x66, 0x41, 0x66, 0x41, 0x66, 0x41, 0x9e, 0xf7, 0xff, 0xff, 0xff, 0xff, 0xdf, 0xff, 0x86, 0x41, 0x86, 0x41, 0x66, 0x41, 0x86, 0x41,
  0x86, 0x41, 0x86, 0x41, 0x86, 0x41, 0x66, 0x41, 0x86, 0x41, 0x86, 0x41, 0x86, 0x41, 0x86, 0x41, 0x86, 0x41, 0x86, 0x41, 0x86, 0x41, 0x86, 0x41,
  0x66, 0x41, 0x86, 0x41, 0x86, 0x41, 0x86, 0x41, 0x86, 0x41, 0x86, 0x41, 0x86, 0x41, 0x86, 0x41, 0x86, 0x41, 0x86, 0x41, 0x86, 0x41, 0x86, 0x41,
  0x85, 0x39, 0x84, 0x39, 0x85, 0x41, 0x84, 0x39, 0x65, 0x41, 0x64, 0x41, 0x85, 0x39, 0x65, 0x41, 0x84, 0x39, 0x85, 0x39, 0x84, 0x41, 0x65, 0x41,
  0x64, 0x41, 0x85, 0x41, 0x85, 0x41, 0x85, 0x41, 0x85, 0x41, 0x85, 0x41, 0x64, 0x39, 0x85, 0x41, 0x85, 0x41, 0x85, 0x41, 0x64, 0x41, 0x85, 0x41,
  0x85, 0x41, 0x85, 0x41, 0x85, 0x41, 0x65, 0x39, 0x64, 0x39, 0x85, 0x41, 0x84, 0x41, 0xdb, 0xde, 0xff, 0xff, 0xff, 0xff, 0xff, 0xff, 0xba, 0xde,
  0x79, 0xd6, 0x79, 0xd6, 0x79, 0xd6, 0x79, 0xd6, 0x79, 0xd6, 0x79, 0xd6, 0x79, 0xd6, 0x79, 0xd6, 0x79, 0xd6, 0x79, 0xd6, 0x79, 0xd6, 0x79, 0xd6,
  0xdf, 0xff, 0xff, 0xff, 0xff, 0xff, 0xff, 0xff, 0x07, 0x52, 0x65, 0x41, 0x64, 0x41, 0x85, 0x41, 0x64, 0x41, 0x84, 0x41, 0xdb, 0xde, 0xff, 0xff,
  0xff, 0xff, 0xff, 0xff, 0x48, 0x5a, 0x64, 0x41, 0x64, 0x41, 0x64, 0x41, 0x64, 0x41, 0x84, 0x41, 0x64, 0x41, 0x64, 0x41, 0x64, 0x41, 0x64, 0x41,
  0x64, 0x41, 0x65, 0x41, 0x64, 0x41, 0xfb, 0xe6, 0xff, 0xff, 0xff, 0xff, 0xff, 0xff, 0xa9, 0x62, 0x65, 0x41, 0x65, 0x41, 0x65, 0x41, 0x64, 0x41,
  0xdb, 0xde, 0xff, 0xff, 0xff, 0xff, 0xff, 0xff, 0xba, 0xde, 0x79, 0xd6, 0x79, 0xd6, 0x79, 0xd6, 0x79, 0xd6, 0x79, 0xd6, 0x79, 0xd6, 0x79, 0xd6,
  0x79, 0xd6, 0x79, 0xd6, 0x79, 0xd6, 0x79, 0xd6, 0x79, 0xd6, 0xdf, 0xff, 0xff, 0xff, 0xff, 0xff, 0xff, 0xff, 0x07, 0x52, 0x65, 0x41, 0x65, 0x41,
  0x84, 0x41, 0x85, 0x41, 0xff, 0xff, 0xff, 0xff, 0xff, 0xff, 0xff, 0xff, 0xa5, 0x49, 0x65, 0x41, 0x65, 0x41, 0x65, 0x41, 0x65, 0x41, 0x84, 0x41,
  0x64, 0x41, 0x64, 0x41, 0x64, 0x41, 0xce, 0x8b, 0xff, 0xff, 0xff, 0xff, 0xff, 0xff, 0xd7, 0xc5, 0x65, 0x41, 0x65, 0x41, 0x65, 0x41, 0x65, 0x41,
  0x0b, 0x73, 0xff, 0xff, 0xff, 0xff, 0xff, 0xff, 0x34, 0xad, 0x65, 0x41, 0x65, 0x41, 0x65, 0x41, 0x65, 0x41, 0x65, 0x41, 0x65, 0x41, 0x65, 0x41,
  0x79, 0xd6, 0xff, 0xff, 0xff, 0xff, 0xff, 0xff, 0xc6, 0x49, 0x65, 0x41, 0x65, 0x41, 0x65, 0x41, 0x65, 0x41, 0x65, 0x41, 0x65, 0x41, 0x0b, 0x6b,
  0xff, 0xff, 0xff, 0xff, 0xff, 0xff, 0x34, 0xad, 0x65, 0x41, 0x65, 0x41, 0x65, 0x41, 0x85, 0x49, 0xff, 0xff, 0xff, 0xff, 0xff, 0xff, 0xff, 0xff,
  0x2c, 0x73, 0x2c, 0x73, 0x2c, 0x73, 0x2c, 0x73, 0x2c, 0x73, 0x2c, 0x73, 0x2c, 0x73, 0x2c, 0x73, 0x2c, 0x73, 0xff, 0xff, 0xff, 0xff, 0xff, 0xff,
  0xff, 0xff, 0x86, 0x41, 0x65, 0x41, 0x65, 0x41, 0x65, 0x41, 0x65, 0x41, 0xdb, 0xde, 0xff, 0xff, 0xff, 0xff, 0xff, 0xff, 0xff, 0xff, 0xff, 0xff,
  0xff, 0xff, 0xff, 0xff, 0xff, 0xff, 0xff, 0xff, 0xff, 0xff, 0xff, 0xff, 0xff, 0xff, 0xff, 0xff, 0xff, 0xff, 0x17, 0xc6, 0xc6, 0x49, 0x65, 0x41,
  0x65, 0x41, 0x65, 0x41, 0x65, 0x41, 0x65, 0x41, 0x65, 0x41, 0x50, 0x94, 0xff, 0xff, 0xff, 0xff, 0xff, 0xff, 0x0f, 0x8c, 0x65, 0x41, 0x65, 0x41,
  0x65, 0x41, 0x65, 0x41, 0x65, 0x41, 0x65, 0x41, 0x85, 0x41, 0x65, 0x41, 0xff, 0xff, 0xff, 0xff, 0xff, 0xff, 0xfb, 0xe6, 0x65, 0x41, 0x65, 0x41,
  0x65, 0x41, 0x65, 0x41, 0x65, 0x41, 0x0c, 0x73, 0xff, 0xff, 0xff, 0xff, 0xff, 0xff, 0x96, 0xbd, 0x66, 0x41, 0x65, 0x41, 0x65, 0x41, 0x65, 0x41,
  0x65, 0x41, 0x65, 0x41, 0x65, 0x41, 0x66, 0x41, 0xdb, 0xde, 0xff, 0xff, 0xff, 0xff, 0xff, 0xff, 0x86, 0x41, 0x66, 0x41, 0x86, 0x41, 0x66, 0x41,
  0x86, 0x41, 0x66, 0x41, 0x86, 0x41, 0x86, 0x41, 0x86, 0x41, 0x86, 0x41, 0x86, 0x41, 0x66, 0x41, 0x86, 0x41, 0x86, 0x41, 0x86, 0x41, 0x86, 0x41,
  0x86, 0x41, 0x86, 0x41, 0x86, 0x41, 0x86, 0x41, 0x86, 0x41, 0x86, 0x41, 0x86, 0x41, 0x86, 0x41, 0x86, 0x41, 0x86, 0x41, 0x86, 0x41, 0x86, 0x41,
  0x84, 0x39, 0x65, 0x41, 0x64, 0x41, 0x64, 0x39, 0x85, 0x39, 0x64, 0x41, 0x64, 0x39, 0x84, 0x39, 0x64, 0x41, 0x65, 0x41, 0x65, 0x41, 0x84, 0x39,
  0x65, 0x41, 0x64, 0x41, 0x64, 0x41, 0x65, 0x41, 0x64, 0x41, 0x64, 0x41, 0x85, 0x41, 0x65, 0x41, 0x85, 0x41, 0x65, 0x41, 0x84, 0x41, 0x64, 0x41,
  0x64, 0x41, 0x64, 0x41, 0x64, 0x41, 0x64, 0x41, 0x85, 0x41, 0x85, 0x41, 0x64, 0x41, 0xdb, 0xde, 0xff, 0xff, 0xff, 0xff, 0xff, 0xff, 0x48, 0x5a,
  0x85, 0x41, 0x64, 0x41, 0x64, 0x41, 0x85, 0x41, 0x64, 0x41, 0x65, 0x41, 0x64, 0x41, 0x85, 0x41, 0x65, 0x41, 0x64, 0x41, 0x65, 0x41, 0x64, 0x41,
  0x1c, 0xe7, 0xff, 0xff, 0xff, 0xff, 0xff, 0xff, 0x07, 0x52, 0x64, 0x41, 0x64, 0x41, 0x64, 0x41, 0x64, 0x41, 0x64, 0x41, 0xda, 0xde, 0xff, 0xff,
  0xff, 0xff, 0xff, 0xff, 0x48, 0x5a, 0x64, 0x41, 0x64, 0x41, 0x64, 0x41, 0x64, 0x41, 0x64, 0x41, 0x64, 0x41, 0x64, 0x41, 0x64, 0x41, 0x64, 0x41,
  0x64, 0x41, 0x64, 0x41, 0x64, 0x41, 0x9e, 0xf7, 0xff, 0xff, 0xff, 0xff, 0xff, 0xff, 0xe7, 0x51, 0x64, 0x41, 0x65, 0x41, 0x64, 0x41, 0x64, 0x41,
  0xda, 0xde, 0xff, 0xff, 0xff, 0xff, 0xff, 0xff, 0x48, 0x5a, 0x65, 0x41, 0x64, 0x41, 0x85, 0x41, 0x64, 0x41, 0x65, 0x41, 0x65, 0x41, 0x65, 0x41,
  0x65, 0x41, 0x65, 0x41, 0x85, 0x41, 0x84, 0x41, 0x65, 0x41, 0x1c, 0xe7, 0xff, 0xff, 0xff, 0xff, 0xff, 0xff, 0x07, 0x52, 0x64, 0x41, 0x65, 0x41,
  0x65, 0x41, 0x27, 0x5a, 0xff, 0xff, 0xff, 0xff, 0xff, 0xff, 0x1b, 0xe7, 0x85, 0x41, 0x64, 0x41, 0x64, 0x41, 0x65, 0x41, 0x65, 0x41, 0x64, 0x41,
  0x64, 0x41, 0x85, 0x41, 0x64, 0x41, 0xca, 0x6a, 0xff, 0xff, 0xff, 0xff, 0xff, 0xff, 0x79, 0xd6, 0x65, 0x41, 0x64, 0x41, 0x65, 0x41, 0x64, 0x41,
  0x0b, 0x73, 0xff, 0xff, 0xff, 0xff, 0xff, 0xff, 0x34, 0xad, 0x65, 0x41, 0x85, 0x41, 0x85, 0x41, 0x64, 0x41, 0x65, 0x41, 0x65, 0x41, 0x65, 0x41,
  0x79, 0xd6, 0xff, 0xff, 0xff, 0xff, 0xff, 0xff, 0xc6, 0x49, 0x65, 0x41, 0x65, 0x41, 0x65, 0x41, 0x65, 0x41, 0x65, 0x41, 0x65, 0x41, 0x0b, 0x73,
  0xff, 0xff, 0xff, 0xff, 0xff, 0xff, 0x34, 0xad, 0x65, 0x41, 0x65, 0x41, 0x65, 0x41, 0x27, 0x5a, 0xff, 0xff, 0xff, 0xff, 0xff, 0xff, 0xff, 0xff,
  0xff, 0xff, 0xff, 0xff, 0xff, 0xff, 0xff, 0xff, 0xff, 0xff, 0xff, 0xff, 0xff, 0xff, 0xff, 0xff, 0xff, 0xff, 0xff, 0xff, 0xff, 0xff, 0xff, 0xff,
  0xff, 0xff, 0x07, 0x52, 0x65, 0x41, 0x65, 0x41, 0x65, 0x41, 0x65, 0x41, 0xdb, 0xde, 0xff, 0xff, 0xff, 0xff, 0xff, 0xff, 0xff, 0xff, 0xff, 0xff,
  0xff, 0xff, 0xff, 0xff, 0xff, 0xff, 0xff, 0xff, 0xff, 0xff, 0xff, 0xff, 0xff, 0xff, 0x7d, 0xf7, 0xeb, 0x72, 0x65, 0x41, 0x85, 0x41, 0x65, 0x41,
  0x85, 0x41, 0x65, 0x41, 0x65, 0x41, 0x65, 0x41, 0x65, 0x41, 0x50, 0x94, 0xff, 0xff, 0xff, 0xff, 0xff, 0xff, 0xef, 0x8b, 0x85, 0x41, 0x65, 0x41,
  0x65, 0x41, 0x65, 0x41, 0x65, 0x41, 0x85, 0x41, 0x65, 0x41, 0x85, 0x41, 0xff, 0xff, 0xff, 0xff, 0xff, 0xff, 0xfb, 0xe6, 0x65, 0x41, 0x65, 0x41,
  0x65, 0x41, 0x65, 0x41, 0x65, 0x41, 0x2c, 0x73, 0xff, 0xff, 0xff, 0xff, 0xff, 0xff, 0x14, 0xad, 0x65, 0x41, 0x65, 0x41, 0x85, 0x41, 0x65, 0x41,
  0x65, 0x41, 0x65, 0x41, 0x66, 0x41, 0x65, 0x41, 0xda, 0xde, 0xff, 0xff, 0xff, 0xff, 0xff, 0xff, 0x86, 0x41, 0x66, 0x41, 0x66, 0x41, 0x66, 0x41,
  0x66, 0x41, 0x66, 0x41, 0x66, 0x41, 0x86, 0x41, 0x66, 0x41, 0x66, 0x41, 0x66, 0x41, 0x86, 0x41, 0x66, 0x41, 0x86, 0x41, 0x86, 0x41, 0x86, 0x41,
  0x66, 0x41, 0x66, 0x41, 0x86, 0x41, 0x66, 0x49, 0x86, 0x41, 0x66, 0x41, 0x86, 0x41, 0x86, 0x41, 0x86, 0x41, 0x66, 0x41, 0x86, 0x41, 0x86, 0x41,
  0x84, 0x39, 0x84, 0x39, 0x64, 0x39, 0x65, 0x41, 0x64, 0x41, 0x65, 0x39, 0x85, 0x41, 0x64, 0x41, 0x64, 0x41, 0x64, 0x41, 0x64, 0x41, 0x64, 0x39,
  0x65, 0x41, 0x64, 0x41, 0x85, 0x41, 0x65, 0x39, 0x64, 0x41, 0x64, 0x41, 0x64, 0x41, 0x64, 0x41, 0x64, 0x39, 0x85, 0x41, 0x64, 0x41, 0x65, 0x41,
  0x85, 0x41, 0x85, 0x41, 0x85, 0x41, 0x64, 0x41, 0x64, 0x41, 0x64, 0x41, 0x85, 0x41, 0xdb, 0xde, 0xff, 0xff, 0xff, 0xff, 0xff, 0xff, 0x48, 0x5a,
  0x64, 0x39, 0x85, 0x41, 0x64, 0x39, 0x64, 0x41, 0x64, 0x41, 0x65, 0x41, 0x64, 0x41, 0x65, 0x41, 0x65, 0x41, 0x64, 0x41, 0x65, 0x41, 0x64, 0x41,
  0x1c, 0xe7, 0xff, 0xff, 0xff, 0xff, 0xff, 0xff, 0xe7, 0x51, 0x64, 0x41, 0x64, 0x41, 0x64, 0x41, 0x64, 0x41, 0x64, 0x41, 0xdb, 0xde, 0xff, 0xff,
  0xff, 0xff, 0xff, 0xff, 0x48, 0x52, 0x64, 0x41, 0x64, 0x41, 0x64, 0x41, 0x64, 0x41, 0x64, 0x41, 0x64, 0x41, 0x65, 0x41, 0x64, 0x41, 0x64, 0x41,
  0x64, 0x41, 0x65, 0x41, 0x48, 0x5a, 0xff, 0xff, 0xff, 0xff, 0xff, 0xff, 0xff, 0xff, 0x85, 0x41, 0x64, 0x41, 0x64, 0x41, 0x64, 0x41, 0x65, 0x41,
  0xdb, 0xde, 0xff, 0xff, 0xff, 0xff, 0xff, 0xff, 0x48, 0x5a, 0x84, 0x41, 0x64, 0x41, 0x64, 0x41, 0x85, 0x41, 0x64, 0x41, 0x65, 0x41, 0x84, 0x41,
  0x65, 0x41, 0x65, 0x41, 0x85, 0x41, 0x85, 0x41, 0x64, 0x41, 0x1c, 0xe7, 0xff, 0xff, 0xff, 0xff, 0xff, 0xff, 0x07, 0x52, 0x85, 0x41, 0x85, 0x41,
  0x85, 0x41, 0xa9, 0x62, 0xff, 0xff, 0xff, 0xff, 0xff, 0xff, 0x38, 0xce, 0x65, 0x41, 0x65, 0x41, 0x65, 0x41, 0x64, 0x41, 0x64, 0x41, 0x64, 0x41,
  0x85, 0x41, 0x64, 0x41, 0x65, 0x41, 0x07, 0x52, 0xff, 0xff, 0xff, 0xff, 0xff, 0xff, 0xfb, 0xe6, 0x64, 0x41, 0x65, 0x41, 0x85, 0x41, 0x65, 0x41,
  0x2b, 0x73, 0xff, 0xff, 0xff, 0xff, 0xff, 0xff, 0x34, 0xad, 0x85, 0x41, 0x64, 0x41, 0x65, 0x41, 0x85, 0x41, 0x64, 0x41, 0x65, 0x41, 0x65, 0x41,
  0x59, 0xd6, 0xff, 0xff, 0xff, 0xff, 0xff, 0xff, 0xa6, 0x49, 0x65, 0x41, 0x65, 0x41, 0x65, 0x41, 0x65, 0x41, 0x65, 0x41, 0x85, 0x41, 0x0b, 0x6b,
  0xff, 0xff, 0xff, 0xff, 0xff, 0xff, 0x34, 0xad, 0x65, 0x41, 0x65, 0x41, 0x65, 0x41, 0xaa, 0x62, 0xff, 0xff, 0xff, 0xff, 0xff, 0xff, 0xff, 0xff,
  0xff, 0xff, 0xff, 0xff, 0xff, 0xff, 0xff, 0xff, 0xff, 0xff, 0xff, 0xff, 0xff, 0xff, 0xff, 0xff, 0xff, 0xff, 0xff, 0xff, 0xff, 0xff, 0xff, 0xff,
  0xff, 0xff, 0x69, 0x62, 0x65, 0x41, 0x65, 0x41, 0x65, 0x41, 0x65, 0x41, 0xdb, 0xde, 0xff, 0xff, 0xff, 0xff, 0xff, 0xff, 0xae, 0x83, 0x0c, 0x73,
  0x0b, 0x73, 0x0b, 0x73, 0x0c, 0x73, 0xae, 0x83, 0xff, 0xff, 0xff, 0xff, 0xff, 0xff, 0xff, 0xff, 0xaa, 0x6a, 0x65, 0x41, 0x65, 0x41, 0x85, 0x41,
  0x65, 0x41, 0x65, 0x41, 0x65, 0x41, 0x65, 0x41, 0x65, 0x41, 0x50, 0x94, 0xff, 0xff, 0xff, 0xff, 0xff, 0xff, 0x0f, 0x8c, 0x65, 0x41, 0x65, 0x41,
  0x65, 0x41, 0x65, 0x41, 0x65, 0x41, 0x65, 0x41, 0x65, 0x41, 0x65, 0x41, 0xdf, 0xff, 0xff, 0xff, 0xff, 0xff, 0xfb, 0xe6, 0x65, 0x41, 0x65, 0x41,
  0x65, 0x41, 0x65, 0x41, 0x65, 0x41, 0x0c, 0x73, 0xff, 0xff, 0xff, 0xff, 0xff, 0xff, 0x14, 0xb5, 0x65, 0x41, 0x85, 0x41, 0x85, 0x41, 0x65, 0x41,
  0x85, 0x41, 0x65, 0x41, 0x85, 0x41, 0x86, 0x41, 0xbb, 0xde, 0xff, 0xff, 0xff, 0xff, 0xff, 0xff, 0x86, 0x41, 0x66, 0x41, 0x86, 0x41, 0x66, 0x41,
  0x86, 0x41, 0x66, 0x41, 0x86, 0x41, 0x86, 0x41, 0x66, 0x41, 0x66, 0x41, 0x86, 0x41, 0x66, 0x49, 0x66, 0x41, 0x86, 0x41, 0x66, 0x41, 0x86, 0x41,
  0x66, 0x41, 0x86, 0x41, 0x66, 0x41, 0x86, 0x41, 0x66, 0x41, 0x66, 0x41, 0x86, 0x41, 0x86, 0x41, 0x86, 0x41, 0x86, 0x41, 0x86, 0x41, 0x86, 0x41,
  0x64, 0x41, 0x84, 0x39, 0x85, 0x41, 0x64, 0x41, 0x65, 0x39, 0x64, 0x41, 0x64, 0x39, 0x64, 0x41, 0x64, 0x41, 0x65, 0x41, 0x64, 0x41, 0x64, 0x41,
  0x84, 0x39, 0x64, 0x39, 0x64, 0x39, 0x65, 0x41, 0x65, 0x41, 0x64, 0x41, 0x85, 0x41, 0x64, 0x41, 0x64, 0x41, 0x64, 0x39, 0x64, 0x41, 0x64, 0x41,
  0x64, 0x41, 0x64, 0x39, 0x64, 0x39, 0x64, 0x41, 0x85, 0x41, 0x64, 0x41, 0x64, 0x39, 0xdb, 0xde, 0xff, 0xff, 0xff, 0xff, 0xff, 0xff, 0x48, 0x5a,
  0x65, 0x41, 0x64, 0x41, 0x85, 0x41, 0x64, 0x41, 0x65, 0x41, 0x65, 0x41, 0x65, 0x41, 0x65, 0x41, 0x65, 0x41, 0x65, 0x41, 0x65, 0x41, 0x65, 0x41,
  0x1c, 0xe7, 0xff, 0xff, 0xff, 0xff, 0xff, 0xff, 0x07, 0x52, 0x64, 0x41, 0x64, 0x41, 0x64, 0x41, 0x64, 0x41, 0x64, 0x41, 0xda, 0xde, 0xff, 0xff,
  0xff, 0xff, 0xff, 0xff, 0x48, 0x5a, 0x64, 0x41, 0x64, 0x41, 0x65, 0x41, 0x64, 0x41, 0x64, 0x41, 0x65, 0x41, 0x64, 0x41, 0x64, 0x41, 0x64, 0x41,
  0x65, 0x41, 0x64, 0x41, 0x71, 0x94, 0xff, 0xff, 0xff, 0xff, 0xff, 0xff, 0x79, 0xd6, 0x64, 0x41, 0x64, 0x41, 0x64, 0x41, 0x64, 0x41, 0x64, 0x41,
  0xda, 0xde, 0xff, 0xff, 0xff, 0xff, 0xff, 0xff, 0x48, 0x5a, 0x65, 0x41, 0x64, 0x41, 0x84, 0x41, 0x64, 0x41, 0x64, 0x41, 0x84, 0x41, 0x85, 0x41,
  0x64, 0x41, 0x64, 0x41, 0x64, 0x41, 0x64, 0x41, 0x64, 0x41, 0x3c, 0xe7, 0xff, 0xff, 0xff, 0xff, 0xff, 0xff, 0x07, 0x52, 0x64, 0x41, 0x64, 0x41,
  0x65, 0x41, 0x27, 0x52, 0xff, 0xff, 0xff, 0xff, 0xff, 0xff, 0x3c, 0xef, 0x64, 0x41, 0x64, 0x41, 0x84, 0x41, 0x65, 0x41, 0x64, 0x41, 0x65, 0x41,
  0x64, 0x41, 0x65, 0x41, 0x64, 0x41, 0xea, 0x6a, 0xff, 0xff, 0xff, 0xff, 0xff, 0xff, 0x59, 0xd6, 0x64, 0x41, 0x64, 0x41, 0x64, 0x41, 0x64, 0x41,
  0x2b, 0x73, 0xff, 0xff, 0xff, 0xff, 0xff, 0xff, 0x14, 0xad, 0x64, 0x41, 0x64, 0x41, 0x65, 0x41, 0x64, 0x41, 0x65, 0x41, 0x64, 0x41, 0x64, 0x41,
  0x79, 0xd6, 0xff, 0xff, 0xff, 0xff, 0xff, 0xff, 0xc6, 0x49, 0x65, 0x41, 0x65, 0x41, 0x64, 0x41, 0x65, 0x41, 0x65, 0x41, 0x65, 0x41, 0x0b, 0x73,
  0xff, 0xff, 0xff, 0xff, 0xff, 0xff, 0x34, 0xad, 0x65, 0x41, 0x65, 0x41, 0x65, 0x41, 0x28, 0x5a, 0xff, 0xff, 0xff, 0xff, 0xff, 0xff, 0xff, 0xff,
  0x71, 0x94, 0x71, 0x94, 0x71, 0x9c, 0x51, 0x94, 0x71, 0x94, 0x71, 0x94, 0x71, 0x9c, 0x71, 0x9c, 0x71, 0x94, 0x92, 0x9c, 0x71, 0x94, 0x71, 0x94,
  0x71, 0x9c, 0xe7, 0x51, 0x65, 0x41, 0x65, 0x41, 0x65, 0x41, 0x65, 0x41, 0xdb, 0xde, 0xff, 0xff, 0xff, 0xff, 0xff, 0xff, 0x48, 0x5a, 0x65, 0x41,
  0x65, 0x41, 0x65, 0x41, 0x65, 0x41, 0x65, 0x41, 0xb6, 0xc5, 0xff, 0xff, 0xff, 0xff, 0xff, 0xff, 0x59, 0xce, 0x65, 0x41, 0x65, 0x41, 0x65, 0x41,
  0x65, 0x41, 0x65, 0x41, 0x65, 0x41, 0x65, 0x41, 0x65, 0x41, 0x31, 0x94, 0xff, 0xff, 0xff, 0xff, 0xff, 0xff, 0xef, 0x8b, 0x65, 0x41, 0x65, 0x41,
  0x65, 0x41, 0x65, 0x41, 0x65, 0x41, 0x85, 0x41, 0x65, 0x41, 0x85, 0x41, 0xff, 0xff, 0xff, 0xff, 0xff, 0xff, 0xfb, 0xe6, 0x65, 0x41, 0x65, 0x41,
  0x65, 0x41, 0x65, 0x41, 0x65, 0x41, 0x2c, 0x73, 0xff, 0xff, 0xff, 0xff, 0xff, 0xff, 0x14, 0xad, 0x85, 0x41, 0x65, 0x41, 0x65, 0x41, 0x65, 0x41,
  0x66, 0x41, 0x65, 0x41, 0x66, 0x41, 0x66, 0x41, 0xba, 0xde, 0xff, 0xff, 0xff, 0xff, 0xff, 0xff, 0x86, 0x41, 0x65, 0x41, 0x66, 0x41, 0x66, 0x41,
  0x66, 0x41, 0x66, 0x41, 0x66, 0x41, 0x66, 0x41, 0x66, 0x41, 0x66, 0x41, 0x66, 0x41, 0x66, 0x41, 0x66, 0x41, 0x66, 0x41, 0x66, 0x41, 0x66, 0x49,
  0x66, 0x41, 0x66, 0x41, 0x66, 0x41, 0x66, 0x41, 0x86, 0x41, 0x66, 0x41, 0x66, 0x41, 0x66, 0x41, 0x66, 0x49, 0x66, 0x41, 0x66, 0x41, 0x66, 0x41,
  0x65, 0x41, 0x64, 0x41, 0x64, 0x41, 0x64, 0x41, 0x64, 0x41, 0x64, 0x41, 0x85, 0x41, 0x64, 0x41, 0x64, 0x41, 0x64, 0x41, 0x64, 0x41, 0x64, 0x41,
  0x65, 0x41, 0x85, 0x41, 0x64, 0x41, 0x64, 0x41, 0x64, 0x41, 0x65, 0x41, 0x64, 0x41, 0x64, 0x41, 0x64, 0x41, 0x64, 0x41, 0x64, 0x41, 0x65, 0x41,
  0x64, 0x41, 0x64, 0x41, 0x64, 0x41, 0x64, 0x41, 0x64, 0x41, 0x64, 0x41, 0x64, 0x41, 0xdb, 0xde, 0xff, 0xff, 0xff, 0xff, 0xff, 0xff, 0x48, 0x5a,
  0x64, 0x41, 0x64, 0x41, 0x64, 0x41, 0x64, 0x41, 0x65, 0x41, 0x64, 0x41, 0x85, 0x41, 0x64, 0x41, 0x64, 0x41, 0x65, 0x41, 0x64, 0x41, 0x65, 0x41,
  0x1c, 0xe7, 0xff, 0xff, 0xff, 0xff, 0xff, 0xff, 0x07, 0x52, 0x64, 0x41, 0x64, 0x41, 0x64, 0x41, 0x64, 0x41, 0x64, 0x41, 0xda, 0xde, 0xff, 0xff,
  0xff, 0xff, 0xff, 0xff, 0x48, 0x5a, 0x64, 0x41, 0x64, 0x41, 0x64, 0x41, 0x64, 0x41, 0x64, 0x41, 0x64, 0x41, 0x64, 0x41, 0x64, 0x41, 0x64, 0x41,
  0x64, 0x41, 0x85, 0x41, 0xfb, 0xde, 0xff, 0xff, 0xff, 0xff, 0xff, 0xff, 0x50, 0x94, 0x84, 0x41, 0x64, 0x41, 0x84, 0x41, 0x64, 0x41, 0x64, 0x41,
  0xda, 0xde, 0xff, 0xff, 0xff, 0xff, 0xff, 0xff, 0x48, 0x5a, 0x64, 0x41, 0x64, 0x41, 0x64, 0x41, 0x64, 0x41, 0x64, 0x41, 0x64, 0x41, 0x64, 0x41,
  0x64, 0x41, 0x84, 0x41, 0x64, 0x41, 0x65, 0x41, 0x64, 0x41, 0x1c, 0xe7, 0xff, 0xff, 0xff, 0xff, 0xff, 0xff, 0xe7, 0x51, 0x64, 0x41, 0x85, 0x41,
  0x64, 0x41, 0x85, 0x41, 0xff, 0xff, 0xff, 0xff, 0xff, 0xff, 0xff, 0xff, 0xc6, 0x49, 0x64, 0x41, 0x64, 0x41, 0x64, 0x41, 0x64, 0x41, 0x64, 0x41,
  0x64, 0x41, 0x64, 0x41, 0x64, 0x41, 0x0f, 0x8c, 0xff, 0xff, 0xff, 0xff, 0xff, 0xff, 0xd6, 0xc5, 0x64, 0x41, 0x64, 0x41, 0x64, 0x41, 0x65, 0x41,
  0x0b, 0x73, 0xff, 0xff, 0xff, 0xff, 0xff, 0xff, 0x33, 0xad, 0x65, 0x41, 0x64, 0x41, 0x65, 0x41, 0x65, 0x41, 0x64, 0x41, 0x65, 0x41, 0x65, 0x41,
  0x79, 0xd6, 0xff, 0xff, 0xff, 0xff, 0xff, 0xff, 0xc6, 0x49, 0x65, 0x41, 0x65, 0x41, 0x65, 0x41, 0x64, 0x41, 0x65, 0x41, 0x65, 0x41, 0x0b, 0x73,
  0xff, 0xff, 0xff, 0xff, 0xff, 0xff, 0x34, 0xb5, 0x65, 0x41, 0x65, 0x41, 0x65, 0x41, 0x85, 0x41, 0xff, 0xff, 0xff, 0xff, 0xff, 0xff, 0x5c, 0xef,
  0x65, 0x41, 0x65, 0x41, 0x65, 0x41, 0x65, 0x41, 0x65, 0x41, 0x65, 0x41, 0x65, 0x41, 0x65, 0x41, 0x65, 0x41, 0x65, 0x41, 0x65, 0x41, 0x65, 0x41,
  0x65, 0x41, 0x65, 0x41, 0x65, 0x41, 0x65, 0x41, 0x65, 0x41, 0x65, 0x41, 0xdb, 0xde, 0xff, 0xff, 0xff, 0xff, 0xff, 0xff, 0x48, 0x5a, 0x65, 0x41,
  0x65, 0x41, 0x65, 0x41, 0x85, 0x41, 0x65, 0x41, 0x69, 0x62, 0xdf, 0xff, 0xff, 0xff, 0xff, 0xff, 0xff, 0xff, 0x4c, 0x7b, 0x65, 0x41, 0x65, 0x41,
  0x65, 0x41, 0x65, 0x41, 0x65, 0x41, 0x65, 0x41, 0x65, 0x41, 0x50, 0x94, 0xff, 0xff, 0xff, 0xff, 0xff, 0xff, 0x30, 0x94, 0x65, 0x41, 0x65, 0x41,
  0x65, 0x41, 0x65, 0x41, 0x65, 0x41, 0x65, 0x41, 0x65, 0x41, 0xa6, 0x49, 0xff, 0xff, 0xff, 0xff, 0xff, 0xff, 0xfb, 0xe6, 0x65, 0x41, 0x65, 0x41,
  0x65, 0x41, 0x65, 0x41, 0x65, 0x41, 0x0c, 0x73, 0xff, 0xff, 0xff, 0xff, 0xff, 0xff, 0x34, 0xb5, 0x65, 0x41, 0x86, 0x41, 0x65, 0x41, 0x86, 0x41,
  0x66, 0x41, 0x85, 0x41, 0x65, 0x41, 0x66, 0x41, 0xbb, 0xde, 0xff, 0xff, 0xff, 0xff, 0xff, 0xff, 0x86, 0x41, 0x66, 0x41, 0x86, 0x41, 0x66, 0x41,
  0x86, 0x41, 0x86, 0x41, 0x86, 0x41, 0x66, 0x41, 0x66, 0x41, 0x66, 0x41, 0x66, 0x41, 0x66, 0x41, 0x66, 0x41, 0x85, 0x41, 0x66, 0x41, 0x66, 0x41,
  0x85, 0x41, 0x66, 0x41, 0x66, 0x41, 0x66, 0x41, 0x66, 0x41, 0x66, 0x41, 0x86, 0x41, 0x66, 0x41, 0x66, 0x41, 0x86, 0x41, 0x66, 0x41, 0x66, 0x41,
  0x64, 0x39, 0x84, 0x39, 0x64, 0x39, 0x64, 0x39, 0x65, 0x41, 0x85, 0x39, 0x64, 0x39, 0x64, 0x41, 0x65, 0x41, 0x64, 0x41, 0x64, 0x41, 0x64, 0x41,
  0x64, 0x41, 0x64, 0x39, 0x64, 0x41, 0x64, 0x41, 0x64, 0x41, 0x64, 0x41, 0x85, 0x41, 0x64, 0x41, 0x65, 0x41, 0x64, 0x41, 0x65, 0x39, 0x64, 0x41,
  0x64, 0x41, 0x64, 0x39, 0x64, 0x39, 0x64, 0x41, 0x85, 0x41, 0x64, 0x41, 0x85, 0x41, 0xda, 0xde, 0xff, 0xff, 0xff, 0xff, 0xff, 0xff, 0x48, 0x5a,
  0x64, 0x39, 0x64, 0x41, 0x64, 0x41, 0x64, 0x41, 0x64, 0x41, 0x64, 0x41, 0x64, 0x41, 0x64, 0x41, 0x64, 0x41, 0x64, 0x41, 0x64, 0x41, 0x64, 0x39,
  0x1c, 0xe7, 0xff, 0xff, 0xff, 0xff, 0xff, 0xff, 0xe7, 0x51, 0x64, 0x41, 0x64, 0x41, 0x64, 0x41, 0x64, 0x41, 0x64, 0x41, 0xda, 0xde, 0xff, 0xff,
  0xff, 0xff, 0xff, 0xff, 0x48, 0x52, 0x64, 0x41, 0x64, 0x41, 0x65, 0x41, 0x84, 0x41, 0x64, 0x41, 0x64, 0x41, 0x64, 0x41, 0x64, 0x41, 0x64, 0x41,
  0x65, 0x41, 0xb1, 0x9c, 0xff, 0xff, 0xff, 0xff, 0xff, 0xff, 0xff, 0xff, 0x27, 0x52, 0x64, 0x41, 0x64, 0x41, 0x64, 0x41, 0x64, 0x41, 0x65, 0x41,
  0xda, 0xde, 0xff, 0xff, 0xff, 0xff, 0xff, 0xff, 0x28, 0x5a, 0x64, 0x41, 0x64, 0x41, 0x64, 0x41, 0x64, 0x41, 0x64, 0x41, 0x64, 0x41, 0x84, 0x41,
  0x64, 0x41, 0x64, 0x41, 0x65, 0x41, 0x64, 0x41, 0x84, 0x41, 0x1b, 0xe7, 0xff, 0xff, 0xff, 0xff, 0xff, 0xff, 0xe7, 0x51, 0x64, 0x41, 0x64, 0x41,
  0x64, 0x41, 0x64, 0x41, 0x1b, 0xe7, 0xff, 0xff, 0xff, 0xff, 0xff, 0xff, 0xc9, 0x62, 0x64, 0x41, 0x64, 0x41, 0x64, 0x41, 0x65, 0x41, 0x64, 0x41,
  0x65, 0x41, 0x64, 0x41, 0x64, 0x41, 0x13, 0xad, 0xff, 0xff, 0xff, 0xff, 0xff, 0xff, 0xd2, 0xa4, 0x64, 0x41, 0x64, 0x41, 0x64, 0x41, 0x64, 0x41,
  0x0b, 0x73, 0xff, 0xff, 0xff, 0xff, 0xff, 0xff, 0x14, 0xad, 0x64, 0x41, 0x85, 0x41, 0x64, 0x41, 0x64, 0x41, 0x64, 0x41, 0x65, 0x41, 0x64, 0x41,
  0x79, 0xd6, 0xff, 0xff, 0xff, 0xff, 0xff, 0xff, 0xc6, 0x49, 0x65, 0x41, 0x65, 0x41, 0x65, 0x41, 0x64, 0x41, 0x65, 0x41, 0x65, 0x41, 0x0b, 0x6b,
  0xff, 0xff, 0xff, 0xff, 0xff, 0xff, 0x34, 0xad, 0x65, 0x41, 0x65, 0x41, 0x65, 0x41, 0x65, 0x41, 0x1c, 0xe7, 0xff, 0xff, 0xff, 0xff, 0xff, 0xff,
  0xe7, 0x51, 0x65, 0x41, 0x65, 0x41, 0x65, 0x41, 0x65, 0x41, 0x44, 0x41, 0x65, 0x41, 0x65, 0x41, 0x65, 0x41, 0x65, 0x41, 0x65, 0x41, 0x65, 0x41,
  0x65, 0x41, 0x65, 0x41, 0x65, 0x41, 0x65, 0x41, 0x65, 0x41, 0x65, 0x41, 0xdb, 0xde, 0xff, 0xff, 0xff, 0xff, 0xff, 0xff, 0x48, 0x5a, 0x65, 0x41,
  0x65, 0x41, 0x65, 0x41, 0x65, 0x41, 0x65, 0x41, 0x65, 0x41, 0x75, 0xb5, 0xff, 0xff, 0xff, 0xff, 0xff, 0xff, 0xda, 0xde, 0x65, 0x41, 0x65, 0x41,
  0x65, 0x41, 0x65, 0x41, 0x65, 0x41, 0x65, 0x41, 0x65, 0x41, 0xef, 0x8b, 0xff, 0xff, 0xff, 0xff, 0xff, 0xff, 0xd3, 0xa4, 0x65, 0x41, 0x65, 0x41,
  0x65, 0x41, 0x65, 0x41, 0x65, 0x41, 0x65, 0x41, 0x65, 0x41, 0xaa, 0x62, 0xff, 0xff, 0xff, 0xff, 0xff, 0xff, 0xfb, 0xe6, 0x65, 0x41, 0x65, 0x41,
  0x65, 0x41, 0x65, 0x41, 0x65, 0x41, 0x0c, 0x73, 0xff, 0xff, 0xff, 0xff, 0xff, 0xff, 0x14, 0xad, 0x85, 0x41, 0x65, 0x41, 0x85, 0x41, 0x65, 0x41,
  0x66, 0x41, 0x66, 0x41, 0x85, 0x41, 0x66, 0x41, 0xbb, 0xde, 0xff, 0xff, 0xff, 0xff, 0xff, 0xff, 0x86, 0x41, 0x66, 0x41, 0x66, 0x41, 0x66, 0x41,
  0x66, 0x41, 0x66, 0x41, 0x66, 0x41, 0x66, 0x41, 0x66, 0x41, 0x66, 0x41, 0x66, 0x41, 0x85, 0x41, 0x66, 0x41, 0x66, 0x41, 0x85, 0x41, 0x66, 0x41,
  0x66, 0x41, 0x86, 0x41, 0x66, 0x41, 0x66, 0x41, 0x66, 0x41, 0x66, 0x41, 0x66, 0x41, 0x66, 0x41, 0x66, 0x41, 0x66, 0x41, 0x66, 0x41, 0x66, 0x41,
  0x64, 0x39, 0x84, 0x39, 0x64, 0x41, 0x65, 0x39, 0x65, 0x41, 0x65, 0x39, 0x64, 0x41, 0x64, 0x41, 0x64, 0x41, 0x64, 0x41, 0x64, 0x39, 0x65, 0x41,
  0x64, 0x39, 0x65, 0x41, 0x64, 0x39, 0x64, 0x39, 0x64, 0x41, 0x64, 0x39, 0x85, 0x41, 0x65, 0x41, 0x64, 0x41, 0x64, 0x41, 0x64, 0x39, 0x64, 0x41,
  0x64, 0x41, 0x64, 0x41, 0x64, 0x41, 0x64, 0x41, 0x64, 0x41, 0x85, 0x41, 0x64, 0x41, 0xda, 0xde, 0xff, 0xff, 0xff, 0xff, 0xff, 0xff, 0x48, 0x5a,
  0x65, 0x41, 0x64, 0x41, 0x64, 0x41, 0x64, 0x41, 0x64, 0x41, 0x64, 0x41, 0x64, 0x41, 0x64, 0x41, 0x64, 0x41, 0x64, 0x41, 0x64, 0x41, 0x64, 0x41,
  0x1c, 0xe7, 0xff, 0xff, 0xff, 0xff, 0xff, 0xff, 0x07, 0x52, 0x64, 0x41, 0x64, 0x41, 0x64, 0x41, 0x64, 0x41, 0x64, 0x41, 0xda, 0xde, 0xff, 0xff,
  0xff, 0xff, 0xff, 0xff, 0x48, 0x5a, 0x64, 0x41, 0x64, 0x41, 0x64, 0x41, 0x64, 0x41, 0x64, 0x41, 0x64, 0x41, 0x64, 0x41, 0x64, 0x41, 0x64, 0x41,
  0xce, 0x83, 0xdf, 0xff, 0xff, 0xff, 0xff, 0xff, 0xff, 0xff, 0x95, 0xb5, 0x64, 0x41, 0x64, 0x41, 0x64, 0x41, 0x64, 0x41, 0x64, 0x41, 0x64, 0x41,
  0xda, 0xde, 0xff, 0xff, 0xff, 0xff, 0xff, 0xff, 0x48, 0x5a, 0x64, 0x41, 0x64, 0x41, 0x64, 0x41, 0x64, 0x41, 0x64, 0x41, 0x64, 0x41, 0x64, 0x41,
  0x64, 0x41, 0x64, 0x41, 0x64, 0x41, 0x64, 0x41, 0x64, 0x41, 0x1c, 0xe7, 0xff, 0xff, 0xff, 0xff, 0xff, 0xff, 0xe7, 0x51, 0x64, 0x41, 0x64, 0x41,
  0x64, 0x41, 0x64, 0x41, 0xf3, 0xa4, 0xff, 0xff, 0xff, 0xff, 0xff, 0xff, 0x75, 0xbd, 0x64, 0x41, 0x64, 0x41, 0x64, 0x41, 0x64, 0x41, 0x64, 0x41,
  0x64, 0x41, 0x64, 0x41, 0xe7, 0x51, 0x5d, 0xef, 0xff, 0xff, 0xff, 0xff, 0xff, 0xff, 0xa9, 0x62, 0x64, 0x41, 0x64, 0x41, 0x64, 0x41, 0x64, 0x41,
  0x0b, 0x73, 0xff, 0xff, 0xff, 0xff, 0xff, 0xff, 0x14, 0xad, 0x64, 0x41, 0x64, 0x41, 0x64, 0x41, 0x64, 0x41, 0x64, 0x41, 0x64, 0x41, 0x65, 0x41,
  0x79, 0xd6, 0xff, 0xff, 0xff, 0xff, 0xff, 0xff, 0xc6, 0x51, 0x64, 0x41, 0x65, 0x41, 0x65, 0x41, 0x64, 0x41, 0x64, 0x41, 0x65, 0x41, 0x0b, 0x73,
  0xff, 0xff, 0xff, 0xff, 0xff, 0xff, 0x34, 0xad, 0x65, 0x41, 0x65, 0x41, 0x65, 0x41, 0x65, 0x41, 0x13, 0xad, 0xff, 0xff, 0xff, 0xff, 0xff, 0xff,
  0xce, 0x83, 0x65, 0x41, 0x65, 0x41, 0x65, 0x41, 0x65, 0x41, 0x65, 0x41, 0x65, 0x41, 0x65, 0x41, 0x65, 0x41, 0xe7, 0x51, 0x08, 0x5a, 0x08, 0x5a,
  0x28, 0x52, 0x65, 0x41, 0x65, 0x41, 0x85, 0x41, 0x65, 0x41, 0x65, 0x41, 0xdb, 0xde, 0xff, 0xff, 0xff, 0xff, 0xff, 0xff, 0x28, 0x5a, 0x65, 0x41,
  0x65, 0x41, 0x65, 0x41, 0x65, 0x41, 0x65, 0x41, 0x65, 0x41, 0x28, 0x5a, 0xbf, 0xff, 0xff, 0xff, 0xff, 0xff, 0xff, 0xff, 0xef, 0x8b, 0x65, 0x41,
  0x65, 0x41, 0x65, 0x41, 0x65, 0x41, 0x65, 0x41, 0x65, 0x41, 0xaa, 0x6a, 0xff, 0xff, 0xff, 0xff, 0xff, 0xff, 0xf7, 0xc5, 0x65, 0x41, 0x65, 0x41,
  0x65, 0x41, 0x65, 0x41, 0x65, 0x41, 0x65, 0x41, 0x65, 0x41, 0x91, 0x9c, 0xff, 0xff, 0xff, 0xff, 0xff, 0xff, 0xfb, 0xe6, 0x65, 0x41, 0x65, 0x41,
  0x65, 0x41, 0x65, 0x41, 0x65, 0x41, 0x0c, 0x73, 0xff, 0xff, 0xff, 0xff, 0xff, 0xff, 0x34, 0xad, 0x65, 0x41, 0x65, 0x41, 0x65, 0x41, 0x65, 0x41,
  0x85, 0x41, 0x65, 0x41, 0x65, 0x41, 0x66, 0x41, 0xbb, 0xde, 0xff, 0xff, 0xff, 0xff, 0xff, 0xff, 0x86, 0x41, 0x66, 0x41, 0x66, 0x41, 0x66, 0x41,
  0x66, 0x41, 0x66, 0x41, 0x66, 0x41, 0x66, 0x41, 0x66, 0x41, 0x66, 0x41, 0x66, 0x41, 0x66, 0x41, 0x66, 0x41, 0x66, 0x41, 0x85, 0x41, 0x66, 0x41,
  0x66, 0x41, 0x66, 0x41, 0x66, 0x41, 0x66, 0x41, 0x66, 0x41, 0x66, 0x41, 0x66, 0x41, 0x66, 0x41, 0x66, 0x41, 0x66, 0x41, 0x66, 0x41, 0x66, 0x41,
  0x64, 0x41, 0x64, 0x39, 0x64, 0x39, 0x64, 0x41, 0x64, 0x39, 0x64, 0x39, 0x64, 0x39, 0x65, 0x41, 0x64, 0x39, 0x64, 0x39, 0x64, 0x41, 0x85, 0x41,
  0x85, 0x41, 0x64, 0x41, 0x64, 0x41, 0x64, 0x41, 0x64, 0x39, 0x64, 0x39, 0x64, 0x39, 0x64, 0x39, 0x64, 0x41, 0x64, 0x39, 0x64, 0x41, 0x64, 0x41,
  0x64, 0x41, 0x64, 0x39, 0x64, 0x41, 0x64, 0x41, 0x64, 0x41, 0x64, 0x41, 0x64, 0x41, 0xdb, 0xde, 0xff, 0xff, 0xff, 0xff, 0xff, 0xff, 0x48, 0x52,
  0x64, 0x41, 0x64, 0x41, 0x64, 0x41, 0x64, 0x41, 0x64, 0x41, 0x64, 0x41, 0x64, 0x41, 0x64, 0x41, 0x64, 0x41, 0x64, 0x41, 0x64, 0x41, 0x64, 0x41,
  0x1c, 0xe7, 0xff, 0xff, 0xff, 0xff, 0xff, 0xff, 0x07, 0x52, 0x64, 0x41, 0x64, 0x41, 0x64, 0x41, 0x65, 0x39, 0x64, 0x41, 0xda, 0xde, 0xff, 0xff,
  0xff, 0xff, 0xff, 0xff, 0x48, 0x5a, 0x64, 0x41, 0x64, 0x41, 0x64, 0x41, 0x64, 0x41, 0x64, 0x41, 0x64, 0x41, 0x64, 0x41, 0x48, 0x5a, 0x54, 0xb5,
  0xff, 0xff, 0xff, 0xff, 0xff, 0xff, 0xff, 0xff, 0x5c, 0xef, 0xc6, 0x49, 0x64, 0x41, 0x64, 0x41, 0x64, 0x41, 0x64, 0x41, 0x64, 0x41, 0x64, 0x41,
  0xda, 0xde, 0xff, 0xff, 0xff, 0xff, 0xff, 0xff, 0x48, 0x5a, 0x64, 0x41, 0x64, 0x41, 0x64, 0x41, 0x64, 0x41, 0x64, 0x41, 0x64, 0x41, 0x64, 0x41,
  0x64, 0x41, 0x64, 0x41, 0x64, 0x41, 0x64, 0x41, 0x64, 0x41, 0x1c, 0xe7, 0xff, 0xff, 0xff, 0xff, 0xff, 0xff, 0xe7, 0x51, 0x64, 0x41, 0x64, 0x41,
  0x64, 0x41, 0x64, 0x41, 0xaa, 0x62, 0xff, 0xff, 0xff, 0xff, 0xff, 0xff, 0xff, 0xff, 0xef, 0x8b, 0x64, 0x41, 0x64, 0x41, 0x64, 0x41, 0x64, 0x41,
  0x65, 0x41, 0x65, 0x41, 0x38, 0xce, 0xff, 0xff, 0xff, 0xff, 0xff, 0xff, 0xfb, 0xe6, 0x64, 0x41, 0x64, 0x41, 0x64, 0x41, 0x64, 0x41, 0x64, 0x41,
  0x0b, 0x73, 0xff, 0xff, 0xff, 0xff, 0xff, 0xff, 0x14, 0xad, 0x64, 0x41, 0x64, 0x41, 0x64, 0x41, 0x64, 0x41, 0x64, 0x41, 0x64, 0x41, 0x64, 0x41,
  0x79, 0xd6, 0xff, 0xff, 0xff, 0xff, 0xff, 0xff, 0xc6, 0x49, 0x65, 0x41, 0x65, 0x41, 0x65, 0x41, 0x65, 0x41, 0x65, 0x41, 0x64, 0x41, 0x0b, 0x6b,
  0xff, 0xff, 0xff, 0xff, 0xff, 0xff, 0x34, 0xad, 0x65, 0x41, 0x65, 0x41, 0x65, 0x41, 0x65, 0x41, 0xaa, 0x6a, 0xff, 0xff, 0xff, 0xff, 0xff, 0xff,
  0xde, 0xf7, 0xcb, 0x6a, 0x65, 0x41, 0x65, 0x41, 0x65, 0x41, 0x65, 0x41, 0x65, 0x41, 0x65, 0x41, 0xaa, 0x6a, 0xde, 0xff, 0xff, 0xff, 0xff, 0xff,
  0x38, 0xce, 0x65, 0x41, 0x65, 0x41, 0x65, 0x41, 0x65, 0x41, 0x65, 0x41, 0xdb, 0xde, 0xff, 0xff, 0xff, 0xff, 0xff, 0xff, 0x48, 0x5a, 0x65, 0x41,
  0x65, 0x41, 0x65, 0x41, 0x65, 0x41, 0x65, 0x41, 0x65, 0x41, 0x65, 0x41, 0xf3, 0xac, 0xff, 0xff, 0xff, 0xff, 0xff, 0xff, 0x5c, 0xef, 0xa6, 0x49,
  0x65, 0x41, 0x65, 0x41, 0x65, 0x41, 0x65, 0x41, 0x65, 0x41, 0x86, 0x49, 0xdf, 0xff, 0xff, 0xff, 0xff, 0xff, 0xff, 0xff, 0x49, 0x5a, 0x65, 0x41,
  0x65, 0x41, 0x65, 0x41, 0x65, 0x41, 0x65, 0x41, 0x28, 0x5a, 0x9e, 0xf7, 0xff, 0xff, 0xff, 0xff, 0xff, 0xff, 0xfb, 0xe6, 0x65, 0x41, 0x65, 0x41,
  0x65, 0x41, 0x65, 0x41, 0x65, 0x41, 0x0c, 0x73, 0xff, 0xff, 0xff, 0xff, 0xff, 0xff, 0x34, 0xad, 0x65, 0x41, 0x65, 0x41, 0x65, 0x41, 0x85, 0x41,
  0x65, 0x41, 0x66, 0x41, 0x65, 0x41, 0x66, 0x41, 0xdb, 0xde, 0xff, 0xff, 0xff, 0xff, 0xff, 0xff, 0x86, 0x41, 0x65, 0x41, 0x65, 0x41, 0x65, 0x41,
  0x66, 0x41, 0x66, 0x41, 0x66, 0x41, 0x66, 0x41, 0x66, 0x41, 0x66, 0x41, 0x66, 0x41, 0x66, 0x41, 0x66, 0x41, 0x66, 0x41, 0x85, 0x41, 0x66, 0x41,
  0x66, 0x41, 0x66, 0x41, 0x66, 0x41, 0x66, 0x41, 0x66, 0x41, 0x66, 0x41, 0x66, 0x41, 0x66, 0x41, 0x66, 0x41, 0x66, 0x41, 0x86, 0x41, 0x66, 0x41,
  0x64, 0x39, 0x64, 0x39, 0x64, 0x39, 0x64, 0x39, 0x64, 0x39, 0x64, 0x39, 0x64, 0x39, 0x64, 0x39, 0x64, 0x39, 0x64, 0x39, 0x64, 0x39, 0x64, 0x39,
  0x64, 0x39, 0x64, 0x39, 0x64, 0x39, 0x64, 0x39, 0x64, 0x41, 0x64, 0x39, 0x64, 0x39, 0x64, 0x39, 0x64, 0x39, 0x64, 0x41, 0x64, 0x39, 0x65, 0x39,
  0x64, 0x39, 0x64, 0x39, 0x64, 0x39, 0x64, 0x39, 0x64, 0x39, 0x64, 0x41, 0x64, 0x41, 0xda, 0xde, 0xff, 0xff, 0xff, 0xff, 0xff, 0xff, 0x48, 0x52,
  0x64, 0x41, 0x64, 0x41, 0x64, 0x41, 0x64, 0x41, 0x64, 0x41, 0x64, 0x41, 0x64, 0x41, 0x64, 0x41, 0x64, 0x39, 0x64, 0x41, 0x64, 0x41, 0x64, 0x41,
  0x1c, 0xe7, 0xff, 0xff, 0xff, 0xff, 0xff, 0xff, 0xe6, 0x51, 0x64, 0x39, 0x64, 0x41, 0x64, 0x41, 0x64, 0x41, 0x64, 0x39, 0xda, 0xde, 0xff, 0xff,
  0xff, 0xff, 0xff, 0xff, 0x91, 0x9c, 0x0f, 0x8c, 0x0f, 0x8c, 0x0f, 0x94, 0x0f, 0x8c, 0x91, 0x9c, 0x54, 0xb5, 0x79, 0xd6, 0xff, 0xff, 0xff, 0xff,
  0xff, 0xff, 0xff, 0xff, 0xff, 0xff, 0xdf, 0xff, 0x2b, 0x73, 0x64, 0x41, 0x64, 0x41, 0x64, 0x41, 0x64, 0x41, 0x64, 0x41, 0x64, 0x41, 0x64, 0x41,
  0xdb, 0xde, 0xff, 0xff, 0xff, 0xff, 0xff, 0xff, 0x48, 0x5a, 0x65, 0x41, 0x64, 0x41, 0x64, 0x41, 0x64, 0x41, 0x64, 0x41, 0x64, 0x41, 0x64, 0x41,
  0x64, 0x41, 0x64, 0x41, 0x64, 0x41, 0x65, 0x41, 0x64, 0x41, 0x1c, 0xe7, 0xff, 0xff, 0xff, 0xff, 0xff, 0xff, 0xe7, 0x51, 0x64, 0x41, 0x64, 0x41,
  0x64, 0x41, 0x65, 0x41, 0x64, 0x41, 0x75, 0xb5, 0xff, 0xff, 0xff, 0xff, 0xff, 0xff, 0xbe, 0xff, 0xb2, 0xa4, 0xca, 0x6a, 0x64, 0x41, 0xa6, 0x49,
  0x6d, 0x7b, 0xd6, 0xc5, 0xff, 0xff, 0xff, 0xff, 0xff, 0xff, 0xff, 0xff, 0x2c, 0x73, 0x64, 0x41, 0x64, 0x41, 0x64, 0x41, 0x64, 0x41, 0x64, 0x41,
  0x0b, 0x73, 0xff, 0xff, 0xff, 0xff, 0xff, 0xff, 0x33, 0xad, 0x64, 0x41, 0x65, 0x41, 0x64, 0x41, 0x64, 0x41, 0x64, 0x41, 0x64, 0x41, 0x64, 0x41,
  0x79, 0xd6, 0xff, 0xff, 0xff, 0xff, 0xff, 0xff, 0xc6, 0x49, 0x64, 0x41, 0x65, 0x41, 0x65, 0x41, 0x65, 0x41, 0x65, 0x41, 0x65, 0x41, 0x0b, 0x6b,
  0xff, 0xff, 0xff, 0xff, 0xff, 0xff, 0x34, 0xad, 0x64, 0x41, 0x65, 0x41, 0x65, 0x41, 0x65, 0x41, 0x65, 0x41, 0x75, 0xb5, 0xff, 0xff, 0xff, 0xff,
  0xff, 0xff, 0x7d, 0xef, 0xcf, 0x8b, 0x28, 0x52, 0x65, 0x41, 0x65, 0x41, 0xa6, 0x49, 0x30, 0x94, 0x9e, 0xf7, 0xff, 0xff, 0xff, 0xff, 0xff, 0xff,
  0x2c, 0x73, 0x65, 0x41, 0x65, 0x41, 0x65, 0x41, 0x65, 0x41, 0x65, 0x41, 0xda, 0xde, 0xff, 0xff, 0xff, 0xff, 0xff, 0xff, 0x28, 0x5a, 0x65, 0x41,
  0x65, 0x41, 0x65, 0x41, 0x65, 0x41, 0x65, 0x41, 0x65, 0x41, 0x64, 0x41, 0xe7, 0x51, 0x9e, 0xf7, 0xff, 0xff, 0xff, 0xff, 0xff, 0xff, 0x92, 0x9c,
  0x65, 0x41, 0x65, 0x41, 0x65, 0x41, 0x65, 0x41, 0x65, 0x41, 0x65, 0x41, 0xda, 0xde, 0xff, 0xff, 0xff, 0xff, 0xff, 0xff, 0x5c, 0xef, 0x4d, 0x7b,
  0xc6, 0x49, 0x65, 0x41, 0x28, 0x5a, 0xef, 0x8b, 0x9e, 0xf7, 0xff, 0xff, 0xff, 0xff, 0xff, 0xff, 0xff, 0xff, 0xfb, 0xe6, 0x65, 0x41, 0x65, 0x41,
  0x65, 0x41, 0x85, 0x41, 0x65, 0x41, 0x0c, 0x73, 0xff, 0xff, 0xff, 0xff, 0xff, 0xff, 0x34, 0xad, 0x65, 0x41, 0x65, 0x41, 0x65, 0x41, 0x65, 0x41,
  0x65, 0x41, 0x65, 0x41, 0x65, 0x41, 0x65, 0x41, 0xdb, 0xde, 0xff, 0xff, 0xff, 0xff, 0xff, 0xff, 0x86, 0x41, 0x65, 0x41, 0x65, 0x41, 0x65, 0x41,
  0x65, 0x41, 0x66, 0x41, 0x86, 0x41, 0x66, 0x41, 0x66, 0x41, 0x66, 0x41, 0x66, 0x41, 0x66, 0x41, 0x66, 0x41, 0x65, 0x41, 0x66, 0x41, 0x66, 0x41,
  0x66, 0x41, 0x66, 0x41, 0x66, 0x41, 0x66, 0x41, 0x66, 0x41, 0x66, 0x41, 0x66, 0x41, 0x66, 0x49, 0x66, 0x41, 0x66, 0x41, 0x66, 0x41, 0x66, 0x49,
  0x64, 0x39, 0x64, 0x39, 0x64, 0x39, 0x64, 0x41, 0x64, 0x39, 0x64, 0x39, 0x64, 0x39, 0x64, 0x39, 0x64, 0x41, 0x64, 0x39, 0x64, 0x39, 0x64, 0x39,
  0x64, 0x39, 0x64, 0x39, 0x64, 0x39, 0x64, 0x39, 0x64, 0x39, 0x64, 0x41, 0x64, 0x39, 0x64, 0x39, 0x84, 0x39, 0x64, 0x39, 0x64, 0x39, 0x64, 0x39,
  0x64, 0x39, 0x64, 0x39, 0x64, 0x39, 0x64, 0x39, 0x64, 0x41, 0x64, 0x39, 0x64, 0x41, 0xda, 0xde, 0xff, 0xff, 0xff, 0xff, 0xff, 0xff, 0x48, 0x52,
  0x64, 0x41, 0x64, 0x39, 0x64, 0x41, 0x64, 0x41, 0x64, 0x41, 0x64, 0x41, 0x64, 0x41, 0x64, 0x41, 0x64, 0x41, 0x64, 0x41, 0x64, 0x41, 0x64, 0x41,
  0x1b, 0xe7, 0xff, 0xff, 0xff, 0xff, 0xff, 0xff, 0xe6, 0x51, 0x64, 0x41, 0x64, 0x41, 0x64, 0x41, 0x64, 0x41, 0x64, 0x41, 0xda, 0xde, 0xff, 0xff,
  0xff, 0xff, 0xff, 0xff, 0xff, 0xff, 0xff, 0xff, 0xff, 0xff, 0xff, 0xff, 0xff, 0xff, 0xff, 0xff, 0xff, 0xff, 0xff, 0xff, 0xff, 0xff, 0xff, 0xff,
  0xff, 0xff, 0xff, 0xff, 0x3c, 0xef, 0xaa, 0x6a, 0x85, 0x41, 0x64, 0x41, 0x64, 0x39, 0x64, 0x41, 0x64, 0x41, 0x64, 0x41, 0x64, 0x41, 0x64, 0x41,
  0xda, 0xde, 0xff, 0xff, 0xff, 0xff, 0xff, 0xff, 0x48, 0x5a, 0x64, 0x41, 0x64, 0x41, 0x64, 0x41, 0x64, 0x41, 0x64, 0x41, 0x64, 0x41, 0x64, 0x41,
  0x64, 0x41, 0x64, 0x41, 0x64, 0x41, 0x64, 0x41, 0x64, 0x41, 0x1c, 0xe7, 0xff, 0xff, 0xff, 0xff, 0xff, 0xff, 0xe6, 0x51, 0x64, 0x41, 0x64, 0x41,
  0x64, 0x41, 0x64, 0x41, 0x64, 0x41, 0xc6, 0x49, 0x1c, 0xe7, 0xff, 0xff, 0xff, 0xff, 0xff, 0xff, 0xff, 0xff, 0xff, 0xff, 0x7e, 0xf7, 0xdf, 0xff,
  0xff, 0xff, 0xff, 0xff, 0xff, 0xff, 0xff, 0xff, 0xff, 0xff, 0x13, 0xad, 0x64, 0x41, 0x64, 0x41, 0x64, 0x41, 0x64, 0x41, 0x44, 0x41, 0x64, 0x41,
  0x0b, 0x73, 0xff, 0xff, 0xff, 0xff, 0xff, 0xff, 0x14, 0xad, 0x64, 0x41, 0x64, 0x41, 0x64, 0x41, 0x64, 0x41, 0x64, 0x41, 0x64, 0x41, 0x64, 0x41,
  0x79, 0xd6, 0xff, 0xff, 0xff, 0xff, 0xff, 0xff, 0xc6, 0x49, 0x64, 0x41, 0x64, 0x41, 0x64, 0x41, 0x64, 0x41, 0x64, 0x41, 0x64, 0x41, 0x0b, 0x6b,
  0xff, 0xff, 0xff, 0xff, 0xff, 0xff, 0x34, 0xad, 0x64, 0x41, 0x65, 0x41, 0x65, 0x41, 0x65, 0x41, 0x65, 0x41, 0xc6, 0x49, 0x1c, 0xe7, 0xff, 0xff,
  0xff, 0xff, 0xff, 0xff, 0xff, 0xff, 0xff, 0xff, 0x1c, 0xe7, 0x3c, 0xef, 0xff, 0xff, 0xff, 0xff, 0xff, 0xff, 0xff, 0xff, 0xff, 0xff, 0xf3, 0xa4,
  0x65, 0x41, 0x64, 0x41, 0x65, 0x41, 0x65, 0x41, 0x65, 0x41, 0x65, 0x41, 0xdb, 0xde, 0xff, 0xff, 0xff, 0xff, 0xff, 0xff, 0x48, 0x5a, 0x65, 0x41,
  0x65, 0x41, 0x65, 0x41, 0x65, 0x41, 0x65, 0x41, 0x65, 0x41, 0x65, 0x41, 0x65, 0x41, 0x91, 0x9c, 0xff, 0xff, 0xff, 0xff, 0xff, 0xff, 0x9e, 0xf7,
  0xe7, 0x51, 0x65, 0x41, 0x65, 0x41, 0x65, 0x41, 0x65, 0x41, 0x65, 0x41, 0xae, 0x83, 0xff, 0xff, 0xff, 0xff, 0xff, 0xff, 0xff, 0xff, 0xff, 0xff,
  0xff, 0xff, 0xbe, 0xf7, 0xff, 0xff, 0xff, 0xff, 0xff, 0xff, 0x92, 0x9c, 0xff, 0xff, 0xff, 0xff, 0xff, 0xff, 0xfb, 0xde, 0x65, 0x41, 0x65, 0x41,
  0x65, 0x41, 0x65, 0x41, 0x65, 0x41, 0x0c, 0x73, 0xff, 0xff, 0xff, 0xff, 0xff, 0xff, 0x34, 0xad, 0x65, 0x41, 0x65, 0x41, 0x65, 0x41, 0x65, 0x41,
  0x65, 0x41, 0x66, 0x41, 0x65, 0x41, 0x65, 0x41, 0xbb, 0xde, 0xff, 0xff, 0xff, 0xff, 0xff, 0xff, 0x86, 0x49, 0x65, 0x41, 0x85, 0x41, 0x66, 0x41,
  0x65, 0x41, 0x66, 0x41, 0x65, 0x41, 0x66, 0x41, 0x85, 0x41, 0x66, 0x41, 0x66, 0x41, 0x66, 0x41, 0x65, 0x41, 0x65, 0x41, 0x66, 0x41, 0x65, 0x49,
  0x65, 0x41, 0x66, 0x41, 0x66, 0x49, 0x66, 0x41, 0x66, 0x41, 0x66, 0x41, 0x66, 0x41, 0x66, 0x41, 0x66, 0x41, 0x66, 0x41, 0x66, 0x41, 0x66, 0x49,
  0x64, 0x39, 0x64, 0x39, 0x64, 0x39, 0x64, 0x39, 0x64, 0x39, 0x64, 0x39, 0x64, 0x39, 0x64, 0x39, 0x64, 0x39, 0x64, 0x39, 0x64, 0x39, 0x64, 0x39,
  0x64, 0x41, 0x64, 0x39, 0x64, 0x39, 0x64, 0x39, 0x64, 0x39, 0x64, 0x39, 0x64, 0x39, 0x64, 0x39, 0x64, 0x39, 0x64, 0x41, 0x64, 0x39, 0x64, 0x39,
  0x64, 0x39, 0x64, 0x41, 0x64, 0x39, 0x64, 0x39, 0x64, 0x39, 0x64, 0x39, 0x64, 0x41, 0xda, 0xde, 0xff, 0xff, 0xff, 0xff, 0xff, 0xff, 0x48, 0x5a,
  0x64, 0x39, 0x64, 0x39, 0x64, 0x41, 0x64, 0x41, 0x64, 0x41, 0x64, 0x41, 0x64, 0x41, 0x64, 0x41, 0x64, 0x41, 0x64, 0x41, 0x64, 0x41, 0x64, 0x41,
  0x1c, 0xe7, 0xff, 0xff, 0xff, 0xff, 0xff, 0xff, 0xe7, 0x49, 0x64, 0x41, 0x64, 0x41, 0x64, 0x41, 0x64, 0x41, 0x64, 0x41, 0xda, 0xde, 0xff, 0xff,
  0xff, 0xff, 0xff, 0xff, 0xff, 0xff, 0xff, 0xff, 0xff, 0xff, 0xff, 0xff, 0xff, 0xff, 0xff, 0xff, 0xff, 0xff, 0xff, 0xff, 0xff, 0xff, 0xff, 0xff,
  0xbe, 0xf7, 0x75, 0xb5, 0xe6, 0x51, 0x64, 0x41, 0x64, 0x41, 0x64, 0x41, 0x64, 0x41, 0x64, 0x41, 0x64, 0x41, 0x84, 0x41, 0x64, 0x41, 0x64, 0x41,
  0xda, 0xde, 0xff, 0xff, 0xff, 0xff, 0xff, 0xff, 0x28, 0x5a, 0x64, 0x41, 0x64, 0x41, 0x64, 0x41, 0x64, 0x41, 0x64, 0x41, 0x64, 0x41, 0x64, 0x41,
  0x64, 0x41, 0x64, 0x41, 0x64, 0x41, 0x65, 0x41, 0x64, 0x41, 0x1c, 0xe7, 0xff, 0xff, 0xff, 0xff, 0xff, 0xff, 0xe6, 0x51, 0x64, 0x41, 0x64, 0x41,
  0x64, 0x41, 0x64, 0x41, 0x64, 0x41, 0x64, 0x41, 0xe6, 0x51, 0x39, 0xd6, 0xff, 0xff, 0xff, 0xff, 0xff, 0xff, 0xff, 0xff, 0xff, 0xff, 0xff, 0xff,
  0xff, 0xff, 0xff, 0xff, 0xff, 0xff, 0xff, 0xff, 0x91, 0x9c, 0x44, 0x41, 0x64, 0x41, 0x64, 0x41, 0x64, 0x41, 0x44, 0x41, 0x64, 0x41, 0x64, 0x41,
  0x0b, 0x73, 0xff, 0xff, 0xff, 0xff, 0xff, 0xff, 0x13, 0xad, 0x65, 0x41, 0x65, 0x41, 0x65, 0x41, 0x65, 0x41, 0x64, 0x41, 0x64, 0x41, 0x64, 0x41,
  0x79, 0xd6, 0xff, 0xff, 0xff, 0xff, 0xff, 0xff, 0xa6, 0x49, 0x64, 0x41, 0x64, 0x41, 0x64, 0x41, 0x64, 0x41, 0x64, 0x41, 0x64, 0x41, 0xeb, 0x72,
  0xff, 0xff, 0xff, 0xff, 0xff, 0xff, 0x34, 0xb5, 0x65, 0x41, 0x65, 0x41, 0x65, 0x41, 0x65, 0x41, 0x64, 0x41, 0x64, 0x41, 0xe7, 0x51, 0x79, 0xd6,
  0xff, 0xff, 0xff, 0xff, 0xff, 0xff, 0xff, 0xff, 0xff, 0xff, 0xff, 0xff, 0xff, 0xff, 0xff, 0xff, 0xff, 0xff, 0xff, 0xff, 0xf3, 0xac, 0x65, 0x41,
  0x65, 0x41, 0x65, 0x41, 0x65, 0x41, 0x65, 0x41, 0x65, 0x41, 0x65, 0x41, 0xdb, 0xde, 0xff, 0xff, 0xff, 0xff, 0xff, 0xff, 0x48, 0x5a, 0x65, 0x41,
  0x65, 0x41, 0x65, 0x41, 0x65, 0x41, 0x65, 0x41, 0x65, 0x41, 0x65, 0x41, 0x65, 0x41, 0xa6, 0x49, 0x5d, 0xef, 0xff, 0xff, 0xff, 0xff, 0xff, 0xff,
  0x34, 0xad, 0x65, 0x41, 0x65, 0x41, 0x65, 0x41, 0x65, 0x41, 0x65, 0x41, 0x65, 0x41, 0x50, 0x9c, 0xff, 0xff, 0xff, 0xff, 0xff, 0xff, 0xff, 0xff,
  0xff, 0xff, 0xff, 0xff, 0xff, 0xff, 0xff, 0xff, 0x38, 0xce, 0x85, 0x49, 0xff, 0xff, 0xff, 0xff, 0xff, 0xff, 0xfb, 0xe6, 0x65, 0x41, 0x65, 0x41,
  0x65, 0x41, 0x65, 0x41, 0x66, 0x41, 0x0c, 0x73, 0xff, 0xff, 0xff, 0xff, 0xff, 0xff, 0x34, 0xad, 0x66, 0x41, 0x65, 0x41, 0x65, 0x41, 0x65, 0x41,
  0x65, 0x41, 0x65, 0x41, 0x65, 0x41, 0x65, 0x41, 0xda, 0xde, 0xff, 0xff, 0xff, 0xff, 0xff, 0xff, 0x86, 0x49, 0x86, 0x49, 0x65, 0x41, 0x65, 0x41,
  0x65, 0x41, 0x66, 0x41, 0x65, 0x41, 0x66, 0x41, 0x65, 0x41, 0x66, 0x41, 0x85, 0x41, 0x66, 0x49, 0x66, 0x41, 0x65, 0x49, 0x66, 0x41, 0x66, 0x41,
  0x66, 0x41, 0x66, 0x41, 0x66, 0x41, 0x66, 0x41, 0x66, 0x41, 0x65, 0x41, 0x66, 0x41, 0x66, 0x49, 0x66, 0x41, 0x66, 0x41, 0x66, 0x49, 0x66, 0x41,
  0x64, 0x39, 0x64, 0x39, 0x64, 0x39, 0x64, 0x39, 0x64, 0x39, 0x64, 0x39, 0x64, 0x39, 0x64, 0x39, 0x64, 0x41, 0x64, 0x39, 0x64, 0x39, 0x64, 0x39,
  0x65, 0x39, 0x64, 0x39, 0x64, 0x39, 0x64, 0x39, 0x64, 0x39, 0x64, 0x39, 0x64, 0x41, 0x64, 0x41, 0x64, 0x39, 0x64, 0x39, 0x64, 0x39, 0x64, 0x39,
  0x64, 0x41, 0x64, 0x39, 0x64, 0x39, 0x64, 0x41, 0x64, 0x41, 0x64, 0x39, 0x64, 0x39, 0xda, 0xde, 0xff, 0xff, 0xff, 0xff, 0xff, 0xff, 0x27, 0x5a,
  0x64, 0x41, 0x64, 0x41, 0x64, 0x39, 0x64, 0x39, 0x64, 0x39, 0x64, 0x41, 0x64, 0x41, 0x64, 0x41, 0x64, 0x41, 0x64, 0x41, 0x64, 0x41, 0x64, 0x41,
  0x1b, 0xe7, 0xff, 0xff, 0xff, 0xff, 0xff, 0xff, 0xe7, 0x51, 0x64, 0x39, 0x64, 0x41, 0x64, 0x41, 0x64, 0x41, 0x64, 0x41, 0xdb, 0xe6, 0xff, 0xff,
  0xff, 0xff, 0xff, 0xff, 0xff, 0xff, 0xff, 0xff, 0xff, 0xff, 0xff, 0xff, 0xff, 0xff, 0xdf, 0xff, 0x3c, 0xef, 0x79, 0xd6, 0xb6, 0xbd, 0xee, 0x8b,
  0xa5, 0x49, 0x44, 0x41, 0x64, 0x41, 0x64, 0x41, 0x65, 0x41, 0x64, 0x41, 0x64, 0x41, 0x64, 0x41, 0x84, 0x41, 0x44, 0x41, 0x44, 0x41, 0x65, 0x41,
  0xda, 0xde, 0xff, 0xff, 0xff, 0xff, 0xff, 0xff, 0x48, 0x5a, 0x44, 0x41, 0x64, 0x41, 0x64, 0x41, 0x64, 0x41, 0x64, 0x41, 0x64, 0x41, 0x64, 0x41,
  0x64, 0x41, 0x64, 0x41, 0x64, 0x41, 0x64, 0x41, 0x64, 0x41, 0x1c, 0xe7, 0xff, 0xff, 0xff, 0xff, 0xff, 0xff, 0xe6, 0x51, 0x64, 0x41, 0x64, 0x41,
  0x64, 0x41, 0x64, 0x41, 0x64, 0x41, 0x64, 0x41, 0x64, 0x41, 0x85, 0x41, 0xce, 0x83, 0x79, 0xd6, 0xff, 0xff, 0xff, 0xff, 0xff, 0xff, 0xff, 0xff,
  0xff, 0xff, 0xdf, 0xff, 0x95, 0xb5, 0xca, 0x6a, 0x64, 0x41, 0x64, 0x41, 0x64, 0x41, 0x64, 0x41, 0x64, 0x41, 0x64, 0x41, 0x64, 0x41, 0x65, 0x41,
  0x0b, 0x73, 0xff, 0xff, 0xff, 0xff, 0xff, 0xff, 0x34, 0xad, 0x64, 0x41, 0x64, 0x41, 0x44, 0x41, 0x64, 0x41, 0x64, 0x41, 0x44, 0x41, 0x64, 0x41,
  0x79, 0xd6, 0xff, 0xff, 0xff, 0xff, 0xff, 0xff, 0xc7, 0x49, 0x65, 0x41, 0x64, 0x41, 0x64, 0x41, 0x65, 0x41, 0x65, 0x41, 0x64, 0x41, 0x0b, 0x73,
  0xff, 0xff, 0xff, 0xff, 0xff, 0xff, 0x34, 0xad, 0x65, 0x41, 0x64, 0x41, 0x65, 0x41, 0x65, 0x41, 0x65, 0x41, 0x65, 0x41, 0x65, 0x41, 0x85, 0x41,
  0xcf, 0x8b, 0x9a, 0xd6, 0xff, 0xff, 0xff, 0xff, 0xff, 0xff, 0xff, 0xff, 0xff, 0xff, 0xbe, 0xf7, 0x96, 0xbd, 0x68, 0x5a, 0x65, 0x41, 0x44, 0x41,
  0x64, 0x41, 0x64, 0x41, 0x65, 0x41, 0x65, 0x41, 0x65, 0x41, 0x65, 0x41, 0xdb, 0xde, 0xff, 0xff, 0xff, 0xff, 0xff, 0xff, 0x28, 0x5a, 0x65, 0x41,
  0x65, 0x41, 0x65, 0x41, 0x65, 0x41, 0x65, 0x41, 0x65, 0x41, 0x65, 0x41, 0x65, 0x41, 0x65, 0x41, 0x30, 0x94, 0xff, 0xff, 0xff, 0xff, 0xff, 0xff,
  0xdf, 0xff, 0x49, 0x5a, 0x65, 0x41, 0x65, 0x41, 0x65, 0x41, 0x65, 0x41, 0x45, 0x41, 0x65, 0x41, 0x51, 0x9c, 0x5d, 0xef, 0xff, 0xff, 0xff, 0xff,
  0xff, 0xff, 0xff, 0xff, 0x9e, 0xf7, 0x71, 0x9c, 0x85, 0x49, 0x65, 0x41, 0xff, 0xff, 0xff, 0xff, 0xff, 0xff, 0xfb, 0xe6, 0x65, 0x41, 0x65, 0x41,
  0x45, 0x49, 0x65, 0x41, 0x65, 0x41, 0x0c, 0x73, 0xff, 0xff, 0xff, 0xff, 0xff, 0xff, 0x34, 0xad, 0x65, 0x41, 0x66, 0x49, 0x65, 0x41, 0x65, 0x41,
  0x65, 0x41, 0x65, 0x41, 0x65, 0x49, 0x65, 0x41, 0xbb, 0xde, 0xff, 0xff, 0xff, 0xff, 0xff, 0xff, 0x86, 0x49, 0x65, 0x41, 0x86, 0x49, 0x66, 0x41,
  0x65, 0x41, 0x86, 0x49, 0x86, 0x49, 0x65, 0x41, 0x65, 0x41, 0x65, 0x41, 0x66, 0x49, 0x85, 0x41, 0x66, 0x41, 0x65, 0x41, 0x66, 0x41, 0x65, 0x49,
  0x66, 0x41, 0x66, 0x41, 0x65, 0x41, 0x66, 0x41, 0x65, 0x41, 0x66, 0x41, 0x66, 0x41, 0x65, 0x41, 0x66, 0x49, 0x66, 0x41, 0x66, 0x41, 0x66, 0x41,
  0x64, 0x39, 0x64, 0x39, 0x64, 0x39, 0x64, 0x39, 0x64, 0x39, 0x64, 0x39, 0x64, 0x39, 0x64, 0x39, 0x64, 0x39, 0x64, 0x39, 0x64, 0x39, 0x64, 0x41,
  0x64, 0x39, 0x64, 0x39, 0x64, 0x39, 0x64, 0x39, 0x64, 0x41, 0x64, 0x39, 0x64, 0x39, 0x64, 0x39, 0x64, 0x39, 0x64, 0x39, 0x64, 0x39, 0x64, 0x39,
  0x64, 0x41, 0x64, 0x39, 0x64, 0x39, 0x64, 0x39, 0x64, 0x41, 0x64, 0x39, 0x64, 0x39, 0x64, 0x39, 0x64, 0x39, 0x64, 0x39, 0x64, 0x41, 0x65, 0x41,
  0x44, 0x39, 0x84, 0x39, 0x64, 0x41, 0x64, 0x41, 0x64, 0x41, 0x64, 0x41, 0x64, 0x41, 0x64, 0x39, 0x64, 0x39, 0x64, 0x39, 0x64, 0x41, 0x64, 0x41,
  0x64, 0x41, 0x64, 0x39, 0x64, 0x41, 0x65, 0x41, 0x64, 0x39, 0x64, 0x41, 0x64, 0x39, 0x64, 0x41, 0x64, 0x41, 0x64, 0x41, 0x64, 0x41, 0x64, 0x41,
  0x64, 0x41, 0x64, 0x41, 0x64, 0x41, 0x64, 0x39, 0x64, 0x41, 0x64, 0x41, 0x64, 0x41, 0x64, 0x39, 0x64, 0x41, 0x64, 0x41, 0x64, 0x41, 0x64, 0x41,
  0x64, 0x41, 0x64, 0x41, 0x64, 0x41, 0x64, 0x41, 0x64, 0x41, 0x64, 0x41, 0x64, 0x41, 0x64, 0x41, 0x64, 0x41, 0x64, 0x41, 0x64, 0x41, 0x64, 0x41,
  0x64, 0x41, 0x64, 0x41, 0x64, 0x41, 0x64, 0x41, 0x64, 0x41, 0x64, 0x41, 0x64, 0x41, 0x64, 0x41, 0x64, 0x41, 0x64, 0x41, 0x64, 0x41, 0x64, 0x41,
  0x64, 0x41, 0x64, 0x41, 0x64, 0x41, 0x64, 0x41, 0x64, 0x41, 0x64, 0x41, 0x64, 0x41, 0x64, 0x41, 0x64, 0x41, 0x64, 0x41, 0x64, 0x41, 0x64, 0x41,
  0x64, 0x41, 0x64, 0x41, 0x64, 0x41, 0x64, 0x41, 0x64, 0x41, 0x64, 0x41, 0x64, 0x41, 0x64, 0x41, 0x07, 0x52, 0xca, 0x6a, 0x8d, 0x7b, 0x4c, 0x73,
  0x89, 0x62, 0xa5, 0x49, 0x64, 0x41, 0x64, 0x41, 0x64, 0x41, 0x64, 0x41, 0x64, 0x41, 0x64, 0x41, 0x64, 0x41, 0x64, 0x41, 0x64, 0x41, 0x64, 0x41,
  0x64, 0x41, 0x64, 0x41, 0x64, 0x41, 0x65, 0x41, 0x64, 0x41, 0x64, 0x41, 0x64, 0x41, 0x64, 0x41, 0x64, 0x41, 0x64, 0x41, 0x65, 0x41, 0x64, 0x41,
  0x44, 0x41, 0x64, 0x41, 0x64, 0x41, 0x64, 0x41, 0x44, 0x41, 0x65, 0x41, 0x44, 0x41, 0x64, 0x41, 0x64, 0x41, 0x44, 0x41, 0x64, 0x41, 0x64, 0x41,
  0x64, 0x41, 0x64, 0x41, 0x64, 0x41, 0x64, 0x41, 0x64, 0x41, 0x64, 0x41, 0x65, 0x41, 0x64, 0x41, 0x65, 0x41, 0x64, 0x41, 0x65, 0x41, 0x65, 0x41,
  0x65, 0x41, 0x65, 0x41, 0x07, 0x52, 0xca, 0x6a, 0x8d, 0x83, 0x0c, 0x73, 0x28, 0x52, 0x65, 0x41, 0x65, 0x41, 0x65, 0x41, 0x44, 0x41, 0x65, 0x41,
  0x45, 0x41, 0x65, 0x41, 0x65, 0x49, 0x65, 0x41, 0x65, 0x41, 0x65, 0x41, 0x65, 0x41, 0x65, 0x41, 0x65, 0x41, 0x65, 0x41, 0x65, 0x41, 0x65, 0x41,
  0x65, 0x41, 0x45, 0x41, 0x65, 0x41, 0x65, 0x41, 0x65, 0x41, 0x65, 0x41, 0x65, 0x41, 0x65, 0x41, 0x65, 0x41, 0x65, 0x41, 0x65, 0x41, 0x65, 0x41,
  0x65, 0x41, 0x65, 0x41, 0x65, 0x41, 0x65, 0x41, 0x65, 0x49, 0x65, 0x41, 0x65, 0x41, 0x65, 0x41, 0x45, 0x41, 0x85, 0x49, 0xaa, 0x6a, 0x6d, 0x7b,
  0x6d, 0x7b, 0x69, 0x62, 0x86, 0x49, 0x45, 0x41, 0x65, 0x41, 0x65, 0x41, 0x65, 0x41, 0x65, 0x41, 0x65, 0x41, 0x45, 0x41, 0x65, 0x41, 0x65, 0x41,
  0x65, 0x41, 0x65, 0x41, 0x65, 0x41, 0x65, 0x41, 0x65, 0x41, 0x65, 0x41, 0x65, 0x41, 0x65, 0x41, 0x66, 0x41, 0x65, 0x41, 0x65, 0x49, 0x66, 0x41,
  0x65, 0x41, 0x65, 0x41, 0x65, 0x41, 0x65, 0x41, 0x65, 0x41, 0x65, 0x41, 0x85, 0x49, 0x65, 0x41, 0x65, 0x41, 0x65, 0x41, 0x65, 0x41, 0x65, 0x41,
  0x86, 0x49, 0x66, 0x41, 0x65, 0x41, 0x65, 0x41, 0x65, 0x41, 0x65, 0x49, 0x66, 0x41, 0x65, 0x41, 0x66, 0x49, 0x66, 0x49, 0x66, 0x41, 0x66, 0x41,
  0x85, 0x41, 0x66, 0x41, 0x66, 0x41, 0x66, 0x41, 0x66, 0x41, 0x65, 0x41, 0x66, 0x41, 0x66, 0x49, 0x66, 0x41, 0x66, 0x41, 0x66, 0x41, 0x66, 0x49,
  0x64, 0x39, 0x64, 0x39, 0x64, 0x39, 0x64, 0x39, 0x64, 0x39, 0x64, 0x39, 0x64, 0x39, 0x64, 0x39, 0x64, 0x39, 0x64, 0x39, 0x64, 0x39, 0x64, 0x39,
  0x64, 0x39, 0x64, 0x39, 0x64, 0x39, 0x64, 0x39, 0x64, 0x39, 0x64, 0x39, 0x64, 0x41, 0x64, 0x39, 0x64, 0x41, 0x44, 0x39, 0x64, 0x39, 0x64, 0x39,
  0x64, 0x39, 0x64, 0x39, 0x64, 0x39, 0x44, 0x39, 0x64, 0x39, 0x64, 0x39, 0x64, 0x39, 0x64, 0x39, 0x64, 0x39, 0x44, 0x39, 0x64, 0x41, 0x64, 0x39,
  0x64, 0x39, 0x64, 0x39, 0x64, 0x41, 0x64, 0x39, 0x64, 0x41, 0x64, 0x39, 0x64, 0x41, 0x64, 0x41, 0x64, 0x39, 0x64, 0x41, 0x64, 0x39, 0x64, 0x41,
  0x64, 0x39, 0x64, 0x39, 0x64, 0x41, 0x64, 0x41, 0x64, 0x41, 0x64, 0x41, 0x65, 0x41, 0x64, 0x41, 0x64, 0x41, 0x64, 0x41, 0x64, 0x41, 0x64, 0x41,
  0x64, 0x41, 0x64, 0x41, 0x64, 0x41, 0x64, 0x41, 0x64, 0x39, 0x64, 0x41, 0x64, 0x41, 0x64, 0x41, 0x64, 0x41, 0x64, 0x41, 0x64, 0x41, 0x64, 0x41,
  0x64, 0x41, 0x64, 0x41, 0x64, 0x39, 0x64, 0x41, 0x64, 0x41, 0x64, 0x41, 0x64, 0x41, 0x64, 0x41, 0x64, 0x41, 0x64, 0x41, 0x64, 0x41, 0x64, 0x41,
  0x64, 0x41, 0x64, 0x41, 0x64, 0x41, 0x64, 0x41, 0x64, 0x41, 0x64, 0x41, 0x64, 0x41, 0x64, 0x41, 0x64, 0x41, 0x64, 0x41, 0x64, 0x41, 0x64, 0x41,
  0x64, 0x41, 0x64, 0x41, 0x64, 0x41, 0x64, 0x41, 0x64, 0x41, 0x64, 0x41, 0x64, 0x41, 0x64, 0x41, 0x64, 0x41, 0x64, 0x41, 0x64, 0x39, 0x64, 0x41,
  0x64, 0x41, 0x64, 0x41, 0x64, 0x41, 0x64, 0x41, 0x64, 0x41, 0x64, 0x41, 0x64, 0x41, 0x64, 0x41, 0x64, 0x41, 0x64, 0x41, 0x64, 0x41, 0x64, 0x41,
  0x64, 0x41, 0x64, 0x41, 0x64, 0x39, 0x64, 0x41, 0x64, 0x41, 0x64, 0x41, 0x64, 0x41, 0x64, 0x41, 0x44, 0x41, 0x64, 0x41, 0x64, 0x41, 0x64, 0x41,
  0x64, 0x41, 0x44, 0x41, 0x64, 0x41, 0x64, 0x41, 0x64, 0x41, 0x64, 0x41, 0x64, 0x41, 0x44, 0x41, 0x64, 0x41, 0x64, 0x41, 0x64, 0x41, 0x64, 0x41,
  0x64, 0x41, 0x64, 0x41, 0x64, 0x41, 0x65, 0x41, 0x64, 0x41, 0x44, 0x41, 0x64, 0x41, 0x64, 0x41, 0x44, 0x41, 0x64, 0x41, 0x64, 0x41, 0x64, 0x41,
  0x64, 0x41, 0x64, 0x41, 0x64, 0x41, 0x64, 0x41, 0x64, 0x41, 0x64, 0x41, 0x64, 0x41, 0x64, 0x41, 0x64, 0x41, 0x45, 0x41, 0x64, 0x41, 0x65, 0x41,
  0x65, 0x41, 0x44, 0x41, 0x65, 0x41, 0x65, 0x41, 0x65, 0x41, 0x65, 0x41, 0x65, 0x41, 0x65, 0x41, 0x65, 0x41, 0x65, 0x41, 0x65, 0x41, 0x64, 0x41,
  0x65, 0x41, 0x65, 0x41, 0x44, 0x41, 0x65, 0x41, 0x65, 0x41, 0x65, 0x41, 0x65, 0x41, 0x65, 0x41, 0x65, 0x41, 0x65, 0x41, 0x65, 0x41, 0x65, 0x41,
  0x65, 0x41, 0x65, 0x41, 0x65, 0x41, 0x65, 0x41, 0x65, 0x41, 0x65, 0x41, 0x65, 0x41, 0x65, 0x41, 0x65, 0x41, 0x65, 0x41, 0x65, 0x41, 0x65, 0x41,
  0x65, 0x41, 0x65, 0x41, 0x65, 0x41, 0x65, 0x41, 0x65, 0x41, 0x65, 0x41, 0x65, 0x41, 0x65, 0x41, 0x65, 0x41, 0x65, 0x41, 0x65, 0x41, 0x65, 0x41,
  0x65, 0x41, 0x65, 0x41, 0x65, 0x41, 0x65, 0x41, 0x65, 0x41, 0x45, 0x41, 0x65, 0x41, 0x65, 0x49, 0x65, 0x41, 0x65, 0x41, 0x65, 0x49, 0x65, 0x41,
  0x45, 0x49, 0x65, 0x41, 0x65, 0x41, 0x65, 0x41, 0x65, 0x41, 0x65, 0x41, 0x65, 0x41, 0x65, 0x49, 0x65, 0x49, 0x65, 0x41, 0x65, 0x41, 0x66, 0x41,
  0x65, 0x41, 0x65, 0x41, 0x65, 0x41, 0x65, 0x41, 0x65, 0x41, 0x65, 0x41, 0x65, 0x41, 0x66, 0x41, 0x65, 0x41, 0x85, 0x41, 0x65, 0x41, 0x65, 0x49,
  0x65, 0x41, 0x65, 0x41, 0x65, 0x41, 0x65, 0x41, 0x66, 0x41, 0x65, 0x41, 0x65, 0x49, 0x65, 0x49, 0x65, 0x41, 0x65, 0x41, 0x66, 0x49, 0x66, 0x41,
  0x66, 0x41, 0x66, 0x49, 0x66, 0x41, 0x66, 0x49, 0x65, 0x41, 0x66, 0x41, 0x65, 0x41, 0x66, 0x41, 0x66, 0x41, 0x66, 0x41, 0x66, 0x49, 0x66, 0x49,
  0x64, 0x39, 0x64, 0x39, 0x64, 0x39, 0x64, 0x39, 0x64, 0x39, 0x64, 0x39, 0x64, 0x39, 0x64, 0x39, 0x64, 0x39, 0x64, 0x39, 0x64, 0x39, 0x64, 0x39,
  0x64, 0x41, 0x64, 0x39, 0x64, 0x39, 0x64, 0x39, 0x64, 0x39, 0x64, 0x39, 0x64, 0x39, 0x64, 0x39, 0x64, 0x39, 0x64, 0x39, 0x64, 0x39, 0x64, 0x39,
  0x64, 0x39, 0x64, 0x41, 0x64, 0x39, 0x64, 0x39, 0x64, 0x41, 0x64, 0x39, 0x64, 0x41, 0x64, 0x39, 0x64, 0x39, 0x64, 0x39, 0x64, 0x41, 0x64, 0x39,
  0x64, 0x39, 0x64, 0x39, 0x64, 0x39, 0x64, 0x39, 0x64, 0x39, 0x64, 0x41, 0x64, 0x39, 0x64, 0x39, 0x64, 0x41, 0x64, 0x39, 0x64, 0x41, 0x64, 0x39,
  0x64, 0x41, 0x64, 0x39, 0x64, 0x41, 0x64, 0x39, 0x64, 0x39, 0x64, 0x39, 0x64, 0x39, 0x64, 0x41, 0x64, 0x41, 0x64, 0x41, 0x64, 0x41, 0x64, 0x39,
  0x64, 0x41, 0x64, 0x41, 0x64, 0x41, 0x64, 0x41, 0x64, 0x41, 0x64, 0x41, 0x64, 0x41, 0x64, 0x41, 0x64, 0x39, 0x64, 0x41, 0x64, 0x41, 0x64, 0x41,
  0x64, 0x41, 0x64, 0x41, 0x64, 0x39, 0x64, 0x41, 0x64, 0x41, 0x64, 0x41, 0x64, 0x41, 0x64, 0x41, 0x64, 0x41, 0x64, 0x41, 0x64, 0x41, 0x64, 0x41,
  0x64, 0x41, 0x64, 0x41, 0x64, 0x41, 0x64, 0x41, 0x64, 0x41, 0x64, 0x41, 0x64, 0x41, 0x64, 0x41, 0x64, 0x41, 0x64, 0x41, 0x64, 0x41, 0x64, 0x41,
  0x64, 0x41, 0x64, 0x41, 0x64, 0x41, 0x64, 0x41, 0x64, 0x41, 0x64, 0x41, 0x64, 0x41, 0x64, 0x41, 0x64, 0x41, 0x64, 0x41, 0x64, 0x41, 0x64, 0x41,
  0x44, 0x41, 0x64, 0x41, 0x64, 0x41, 0x64, 0x41, 0x64, 0x41, 0x64, 0x41, 0x64, 0x41, 0x64, 0x41, 0x64, 0x41, 0x64, 0x41, 0x64, 0x41, 0x64, 0x41,
  0x44, 0x41, 0x64, 0x41, 0x64, 0x41, 0x64, 0x41, 0x64, 0x41, 0x64, 0x41, 0x64, 0x41, 0x64, 0x41, 0x64, 0x41, 0x64, 0x41, 0x64, 0x41, 0x64, 0x41,
  0x64, 0x41, 0x64, 0x41, 0x64, 0x41, 0x64, 0x41, 0x64, 0x41, 0x64, 0x41, 0x64, 0x41, 0x64, 0x41, 0x44, 0x41, 0x64, 0x41, 0x64, 0x41, 0x64, 0x41,
  0x64, 0x41, 0x64, 0x41, 0x64, 0x41, 0x64, 0x41, 0x44, 0x41, 0x64, 0x41, 0x44, 0x41, 0x64, 0x41, 0x44, 0x41, 0x64, 0x41, 0x65, 0x41, 0x44, 0x41,
  0x64, 0x41, 0x64, 0x41, 0x44, 0x41, 0x64, 0x41, 0x64, 0x41, 0x64, 0x41, 0x64, 0x41, 0x64, 0x41, 0x64, 0x41, 0x65, 0x41, 0x65, 0x41, 0x64, 0x41,
  0x65, 0x41, 0x65, 0x41, 0x65, 0x41, 0x65, 0x41, 0x65, 0x41, 0x65, 0x41, 0x65, 0x41, 0x65, 0x41, 0x65, 0x41, 0x65, 0x41, 0x65, 0x41, 0x65, 0x41,
  0x65, 0x41, 0x65, 0x41, 0x65, 0x41, 0x65, 0x41, 0x65, 0x41, 0x65, 0x41, 0x65, 0x41, 0x65, 0x41, 0x65, 0x41, 0x65, 0x41, 0x65, 0x41, 0x65, 0x41,
  0x65, 0x41, 0x65, 0x41, 0x44, 0x41, 0x65, 0x41, 0x65, 0x41, 0x65, 0x41, 0x65, 0x41, 0x65, 0x41, 0x65, 0x41, 0x65, 0x41, 0x65, 0x41, 0x65, 0x41,
  0x45, 0x41, 0x65, 0x41, 0x65, 0x41, 0x65, 0x49, 0x65, 0x41, 0x65, 0x41, 0x65, 0x41, 0x65, 0x41, 0x65, 0x41, 0x65, 0x41, 0x65, 0x41, 0x65, 0x41,
  0x65, 0x41, 0x65, 0x41, 0x65, 0x41, 0x65, 0x41, 0x65, 0x41, 0x65, 0x41, 0x65, 0x41, 0x65, 0x41, 0x65, 0x41, 0x65, 0x41, 0x65, 0x41, 0x45, 0x49,
  0x65, 0x49, 0x65, 0x41, 0x65, 0x41, 0x45, 0x49, 0x65, 0x41, 0x65, 0x41, 0x65, 0x41, 0x45, 0x41, 0x65, 0x41, 0x65, 0x41, 0x65, 0x41, 0x65, 0x41,
  0x65, 0x41, 0x65, 0x41, 0x65, 0x41, 0x65, 0x41, 0x65, 0x41, 0x65, 0x41, 0x65, 0x41, 0x65, 0x41, 0x65, 0x41, 0x65, 0x41, 0x66, 0x41, 0x65, 0x41,
  0x65, 0x49, 0x65, 0x49, 0x65, 0x41, 0x65, 0x41, 0x65, 0x41, 0x65, 0x41, 0x65, 0x41, 0x65, 0x41, 0x65, 0x49, 0x66, 0x41, 0x66, 0x49, 0x65, 0x49,
  0x66, 0x49, 0x66, 0x49, 0x66, 0x49, 0x65, 0x41, 0x66, 0x49, 0x66, 0x49, 0x86, 0x49, 0x86, 0x49, 0x86, 0x49, 0x66, 0x49, 0x66, 0x49, 0x86, 0x49,
  0x64, 0x39, 0x64, 0x39, 0x64, 0x39, 0x64, 0x39, 0x64, 0x39, 0x64, 0x39, 0x64, 0x39, 0x64, 0x39, 0x64, 0x39, 0x64, 0x39, 0x64, 0x39, 0x64, 0x39,
  0x64, 0x39, 0x64, 0x39, 0x64, 0x39, 0x64, 0x39, 0x64, 0x39, 0x64, 0x39, 0x64, 0x39, 0x64, 0x39, 0x64, 0x39, 0x64, 0x39, 0x64, 0x39, 0x64, 0x39,
  0x64, 0x39, 0x64, 0x39, 0x64, 0x39, 0x64, 0x41, 0x64, 0x39, 0x64, 0x39, 0x64, 0x39, 0x64, 0x39, 0x64, 0x39, 0x64, 0x39, 0x64, 0x39, 0x64, 0x39,
  0x64, 0x39, 0x64, 0x39, 0x64, 0x39, 0x64, 0x39, 0x64, 0x39, 0x64, 0x39, 0x64, 0x39, 0x64, 0x41, 0x64, 0x39, 0x64, 0x39, 0x64, 0x41, 0x64, 0x39,
  0x64, 0x39, 0x64, 0x39, 0x64, 0x41, 0x44, 0x39, 0x64, 0x39, 0x64, 0x41, 0x64, 0x41, 0x64, 0x39, 0x64, 0x41, 0x44, 0x41, 0x64, 0x41, 0x64, 0x39,
  0x64, 0x41, 0x64, 0x41, 0x64, 0x41, 0x64, 0x41, 0x64, 0x41, 0x64, 0x41, 0x64, 0x41, 0x64, 0x41, 0x64, 0x41, 0x64, 0x41, 0x64, 0x41, 0x64, 0x41,
  0x64, 0x41, 0x64, 0x41, 0x64, 0x41, 0x64, 0x41, 0x64, 0x41, 0x64, 0x41, 0x64, 0x41, 0x64, 0x41, 0x64, 0x41, 0x64, 0x41, 0x64, 0x41, 0x64, 0x41,
  0x64, 0x41, 0x64, 0x41, 0x64, 0x41, 0x64, 0x41, 0x64, 0x41, 0x64, 0x41, 0x64, 0x41, 0x64, 0x41, 0x64, 0x41, 0x64, 0x41, 0x64, 0x41, 0x64, 0x41,
  0x64, 0x41, 0x64, 0x41, 0x64, 0x41, 0x64, 0x41, 0x64, 0x41, 0x64, 0x41, 0x64, 0x41, 0x64, 0x41, 0x64, 0x41, 0x64, 0x41, 0x64, 0x41, 0x64, 0x41,
  0x64, 0x41, 0x64, 0x41, 0x64, 0x41, 0x64, 0x41, 0x64, 0x41, 0x64, 0x41, 0x64, 0x41, 0x64, 0x41, 0x64, 0x41, 0x64, 0x41, 0x64, 0x41, 0x64, 0x41,
  0x64, 0x41, 0x64, 0x41, 0x64, 0x41, 0x64, 0x41, 0x64, 0x41, 0x64, 0x41, 0x64, 0x41, 0x64, 0x41, 0x64, 0x41, 0x64, 0x41, 0x64, 0x41, 0x64, 0x41,
  0x64, 0x41, 0x64, 0x41, 0x64, 0x41, 0x64, 0x41, 0x64, 0x41, 0x64, 0x41, 0x44, 0x41, 0x44, 0x41, 0x64, 0x41, 0x44, 0x41, 0x64, 0x41, 0x64, 0x41,
  0x64, 0x41, 0x64, 0x41, 0x64, 0x41, 0x44, 0x41, 0x64, 0x41, 0x64, 0x41, 0x64, 0x41, 0x64, 0x41, 0x64, 0x41, 0x64, 0x41, 0x64, 0x41, 0x64, 0x41,
  0x64, 0x41, 0x64, 0x41, 0x64, 0x41, 0x64, 0x41, 0x64, 0x41, 0x64, 0x41, 0x64, 0x41, 0x64, 0x41, 0x64, 0x41, 0x64, 0x41, 0x64, 0x41, 0x64, 0x41,
  0x64, 0x41, 0x65, 0x41, 0x64, 0x41, 0x65, 0x41, 0x65, 0x41, 0x65, 0x41, 0x65, 0x41, 0x65, 0x41, 0x65, 0x41, 0x65, 0x41, 0x65, 0x41, 0x65, 0x41,
  0x65, 0x41, 0x65, 0x41, 0x65, 0x41, 0x45, 0x41, 0x65, 0x41, 0x65, 0x41, 0x45, 0x41, 0x65, 0x41, 0x65, 0x41, 0x65, 0x41, 0x65, 0x41, 0x65, 0x41,
  0x65, 0x41, 0x65, 0x41, 0x65, 0x41, 0x65, 0x41, 0x65, 0x41, 0x65, 0x41, 0x65, 0x41, 0x65, 0x41, 0x65, 0x41, 0x65, 0x41, 0x65, 0x41, 0x65, 0x41,
  0x65, 0x41, 0x65, 0x41, 0x65, 0x41, 0x65, 0x41, 0x65, 0x41, 0x65, 0x41, 0x65, 0x41, 0x65, 0x41, 0x65, 0x41, 0x65, 0x41, 0x65, 0x41, 0x65, 0x41,
  0x65, 0x41, 0x65, 0x41, 0x65, 0x41, 0x65, 0x41, 0x65, 0x41, 0x65, 0x41, 0x65, 0x41, 0x65, 0x41, 0x65, 0x41, 0x65, 0x41, 0x65, 0x41, 0x65, 0x41,
  0x65, 0x41, 0x65, 0x41, 0x65, 0x41, 0x65, 0x41, 0x65, 0x41, 0x65, 0x41, 0x65, 0x41, 0x65, 0x41, 0x65, 0x41, 0x65, 0x41, 0x65, 0x41, 0x65, 0x41,
  0x65, 0x41, 0x65, 0x49, 0x66, 0x41, 0x65, 0x41, 0x65, 0x41, 0x65, 0x49, 0x65, 0x49, 0x65, 0x41, 0x65, 0x41, 0x65, 0x41, 0x65, 0x41, 0x66, 0x41,
  0x65, 0x41, 0x65, 0x41, 0x65, 0x49, 0x65, 0x49, 0x65, 0x49, 0x65, 0x49, 0x65, 0x49, 0x65, 0x49, 0x65, 0x49, 0x65, 0x49, 0x65, 0x41, 0x66, 0x49,
  0x65, 0x49, 0x66, 0x49, 0x65, 0x49, 0x66, 0x49, 0x86, 0x49, 0x66, 0x49, 0x65, 0x41, 0x66, 0x49, 0x66, 0x49, 0x66, 0x49, 0x66, 0x49, 0x66, 0x49,
  0x64, 0x39, 0x64, 0x39, 0x64, 0x39, 0x64, 0x39, 0x64, 0x39, 0x64, 0x41, 0x64, 0x39, 0x64, 0x39, 0x64, 0x39, 0x64, 0x39, 0x64, 0x39, 0x64, 0x41,
  0x64, 0x39, 0x64, 0x39, 0x64, 0x39, 0x64, 0x39, 0x64, 0x39, 0x64, 0x39, 0x64, 0x39, 0x64, 0x39, 0x64, 0x39, 0x64, 0x39, 0x64, 0x39, 0x64, 0x39,
  0x64, 0x41, 0x64, 0x39, 0x64, 0x39, 0x64, 0x39, 0x64, 0x39, 0x64, 0x41, 0x64, 0x39, 0x64, 0x39, 0x64, 0x39, 0x64, 0x39, 0x64, 0x41, 0x64, 0x39,
  0x64, 0x39, 0x64, 0x39, 0x64, 0x39, 0x64, 0x41, 0x64, 0x39, 0x64, 0x39, 0x64, 0x39, 0x64, 0x39, 0x64, 0x39, 0x44, 0x39, 0x64, 0x39, 0x64, 0x39,
  0x64, 0x39, 0x64, 0x39, 0x64, 0x41, 0x64, 0x41, 0x64, 0x39, 0x64, 0x41, 0x64, 0x39, 0x64, 0x41, 0x64, 0x41, 0x64, 0x39, 0x64, 0x39, 0x44, 0x41,
  0x64, 0x41, 0x64, 0x41, 0x64, 0x39, 0x64, 0x41, 0x64, 0x41, 0x64, 0x41, 0x44, 0x41, 0x44, 0x41, 0x44, 0x39, 0x64, 0x41, 0x64, 0x41, 0x64, 0x41,
  0x64, 0x41, 0x64, 0x41, 0x64, 0x41, 0x64, 0x41, 0x64, 0x41, 0x64, 0x41, 0x64, 0x41, 0x64, 0x41, 0x64, 0x41, 0x64, 0x41, 0x64, 0x41, 0x64, 0x41,
  0x64, 0x41, 0x64, 0x41, 0x64, 0x41, 0x64, 0x41, 0x64, 0x41, 0x64, 0x41, 0x64, 0x41, 0x64, 0x41, 0x64, 0x41, 0x64, 0x41, 0x64, 0x41, 0x64, 0x41,
  0x64, 0x41, 0x64, 0x41, 0x64, 0x41, 0x64, 0x39, 0x64, 0x41, 0x64, 0x41, 0x64, 0x41, 0x64, 0x41, 0x64, 0x41, 0x64, 0x41, 0x64, 0x41, 0x64, 0x41,
  0x64, 0x41, 0x64, 0x41, 0x64, 0x41, 0x64, 0x41, 0x64, 0x41, 0x64, 0x41, 0x64, 0x41, 0x64, 0x41, 0x44, 0x41, 0x64, 0x41, 0x64, 0x41, 0x64, 0x41,
  0x64, 0x41, 0x64, 0x41, 0x64, 0x41, 0x64, 0x41, 0x44, 0x41, 0x64, 0x41, 0x44, 0x41, 0x64, 0x41, 0x64, 0x41, 0x64, 0x41, 0x64, 0x41, 0x65, 0x41,
  0x44, 0x41, 0x64, 0x41, 0x44, 0x41, 0x64, 0x41, 0x64, 0x41, 0x64, 0x41, 0x64, 0x41, 0x44, 0x41, 0x44, 0x41, 0x44, 0x41, 0x64, 0x41, 0x64, 0x41,
  0x64, 0x41, 0x64, 0x41, 0x64, 0x41, 0x65, 0x41, 0x44, 0x41, 0x64, 0x41, 0x64, 0x41, 0x64, 0x41, 0x64, 0x41, 0x64, 0x41, 0x64, 0x41, 0x64, 0x41,
  0x64, 0x41, 0x64, 0x41, 0x64, 0x41, 0x64, 0x41, 0x64, 0x41, 0x64, 0x41, 0x64, 0x41, 0x64, 0x41, 0x64, 0x41, 0x64, 0x41, 0x64, 0x41, 0x64, 0x41,
  0x64, 0x41, 0x64, 0x41, 0x65, 0x41, 0x65, 0x41, 0x65, 0x41, 0x64, 0x41, 0x65, 0x41, 0x65, 0x41, 0x65, 0x41, 0x65, 0x41, 0x65, 0x41, 0x65, 0x41,
  0x65, 0x41, 0x65, 0x41, 0x65, 0x41, 0x65, 0x41, 0x65, 0x41, 0x65, 0x41, 0x45, 0x41, 0x65, 0x41, 0x65, 0x41, 0x65, 0x41, 0x65, 0x41, 0x65, 0x41,
  0x65, 0x41, 0x65, 0x41, 0x65, 0x41, 0x65, 0x41, 0x44, 0x41, 0x65, 0x41, 0x65, 0x41, 0x65, 0x41, 0x45, 0x41, 0x65, 0x41, 0x45, 0x41, 0x65, 0x41,
  0x65, 0x41, 0x65, 0x41, 0x65, 0x41, 0x65, 0x41, 0x65, 0x41, 0x65, 0x41, 0x65, 0x41, 0x65, 0x41, 0x65, 0x41, 0x65, 0x41, 0x65, 0x41, 0x65, 0x41,
  0x45, 0x41, 0x65, 0x41, 0x65, 0x41, 0x65, 0x41, 0x65, 0x41, 0x65, 0x41, 0x65, 0x41, 0x65, 0x41, 0x65, 0x41, 0x65, 0x41, 0x65, 0x41, 0x65, 0x41,
  0x65, 0x49, 0x65, 0x41, 0x65, 0x41, 0x65, 0x41, 0x65, 0x41, 0x65, 0x41, 0x65, 0x41, 0x65, 0x41, 0x65, 0x41, 0x65, 0x41, 0x65, 0x41, 0x65, 0x41,
  0x66, 0x41, 0x65, 0x41, 0x65, 0x41, 0x65, 0x49, 0x65, 0x41, 0x65, 0x41, 0x65, 0x41, 0x66, 0x49, 0x65, 0x49, 0x65, 0x49, 0x65, 0x41, 0x66, 0x49,
  0x65, 0x41, 0x65, 0x41, 0x65, 0x41, 0x65, 0x49, 0x66, 0x49, 0x65, 0x49, 0x66, 0x49, 0x65, 0x49, 0x65, 0x49, 0x65, 0x49, 0x66, 0x41, 0x65, 0x49,
  0x66, 0x49, 0x65, 0x49, 0x66, 0x49, 0x66, 0x49, 0x66, 0x49, 0x66, 0x49, 0x66, 0x49, 0x66, 0x49, 0x66, 0x49, 0x66, 0x49, 0x86, 0x49, 0x66, 0x49,
  0x64, 0x39, 0x64, 0x39, 0x64, 0x39, 0x64, 0x39, 0x64, 0x39, 0x64, 0x39, 0x64, 0x39, 0x64, 0x39, 0x64, 0x39, 0x64, 0x39, 0x64, 0x39, 0x64, 0x39,
  0x64, 0x39, 0x64, 0x39, 0x64, 0x39, 0x64, 0x39, 0x64, 0x39, 0x64, 0x39, 0x64, 0x39, 0x64, 0x39, 0x44, 0x39, 0x64, 0x39, 0x64, 0x39, 0x64, 0x39,
  0x64, 0x39, 0x64, 0x39, 0x64, 0x39, 0x44, 0x39, 0x64, 0x39, 0x64, 0x39, 0x64, 0x39, 0x44, 0x39, 0x64, 0x39, 0x44, 0x39, 0x64, 0x39, 0x64, 0x39,
  0x64, 0x39, 0x64, 0x39, 0x64, 0x41, 0x64, 0x39, 0x64, 0x39, 0x64, 0x39, 0x64, 0x39, 0x64, 0x39, 0x64, 0x39, 0x64, 0x41, 0x64, 0x39, 0x64, 0x39,
  0x64, 0x39, 0x64, 0x39, 0x64, 0x39, 0x64, 0x39, 0x64, 0x39, 0x64, 0x39, 0x64, 0x39, 0x64, 0x39, 0x64, 0x41, 0x64, 0x39, 0x64, 0x41, 0x64, 0x39,
  0x64, 0x41, 0x64, 0x41, 0x44, 0x41, 0x64, 0x41, 0x64, 0x41, 0x64, 0x41, 0x64, 0x39, 0x44, 0x41, 0x64, 0x41, 0x64, 0x41, 0x64, 0x41, 0x64, 0x41,
  0x64, 0x41, 0x64, 0x41, 0x64, 0x41, 0x64, 0x41, 0x64, 0x41, 0x64, 0x41, 0x64, 0x41, 0x64, 0x41, 0x64, 0x41, 0x64, 0x41, 0x64, 0x41, 0x64, 0x41,
  0x64, 0x41, 0x64, 0x41, 0x64, 0x41, 0x64, 0x41, 0x64, 0x41, 0x64, 0x41, 0x64, 0x41, 0x44, 0x39, 0x64, 0x41, 0x44, 0x41, 0x64, 0x41, 0x64, 0x41,
  0x64, 0x41, 0x64, 0x41, 0x64, 0x41, 0x64, 0x41, 0x64, 0x41, 0x64, 0x41, 0x64, 0x41, 0x64, 0x41, 0x64, 0x41, 0x64, 0x41, 0x64, 0x41, 0x44, 0x41,
  0x44, 0x41, 0x64, 0x41, 0x64, 0x41, 0x64, 0x41, 0x64, 0x41, 0x64, 0x41, 0x64, 0x41, 0x64, 0x41, 0x64, 0x41, 0x64, 0x41, 0x64, 0x41, 0x64, 0x41,
  0x44, 0x41, 0x64, 0x41, 0x64, 0x41, 0x64, 0x41, 0x44, 0x41, 0x64, 0x41, 0x44, 0x41, 0x44, 0x41, 0x64, 0x41, 0x64, 0x41, 0x64, 0x41, 0x44, 0x41,
  0x44, 0x41, 0x44, 0x41, 0x44, 0x41, 0x44, 0x41, 0x64, 0x41, 0x44, 0x41, 0x44, 0x41, 0x64, 0x41, 0x64, 0x41, 0x64, 0x41, 0x44, 0x41, 0x64, 0x41,
  0x64, 0x41, 0x44, 0x41, 0x64, 0x41, 0x44, 0x41, 0x64, 0x41, 0x64, 0x41, 0x64, 0x41, 0x64, 0x41, 0x64, 0x41, 0x64, 0x41, 0x64, 0x41, 0x65, 0x41,
  0x64, 0x41, 0x64, 0x41, 0x64, 0x41, 0x64, 0x41, 0x64, 0x41, 0x64, 0x41, 0x64, 0x41, 0x64, 0x41, 0x64, 0x41, 0x64, 0x41, 0x64, 0x41, 0x64, 0x41,
  0x64, 0x41, 0x64, 0x41, 0x64, 0x41, 0x65, 0x41, 0x64, 0x41, 0x65, 0x41, 0x64, 0x41, 0x65, 0x41, 0x65, 0x41, 0x65, 0x41, 0x65, 0x41, 0x65, 0x41,
  0x65, 0x41, 0x65, 0x41, 0x44, 0x41, 0x65, 0x41, 0x65, 0x41, 0x45, 0x41, 0x64, 0x41, 0x45, 0x41, 0x45, 0x41, 0x65, 0x41, 0x65, 0x41, 0x65, 0x41,
  0x65, 0x41, 0x65, 0x41, 0x65, 0x41, 0x65, 0x41, 0x65, 0x41, 0x65, 0x41, 0x65, 0x41, 0x65, 0x41, 0x65, 0x41, 0x65, 0x41, 0x65, 0x41, 0x65, 0x41,
  0x65, 0x41, 0x65, 0x41, 0x65, 0x49, 0x65, 0x41, 0x65, 0x41, 0x65, 0x41, 0x65, 0x41, 0x65, 0x41, 0x65, 0x49, 0x65, 0x49, 0x65, 0x41, 0x65, 0x41,
  0x65, 0x49, 0x65, 0x41, 0x65, 0x41, 0x65, 0x41, 0x65, 0x41, 0x65, 0x41, 0x65, 0x41, 0x65, 0x41, 0x65, 0x41, 0x65, 0x41, 0x65, 0x41, 0x65, 0x49,
  0x65, 0x41, 0x65, 0x41, 0x65, 0x41, 0x66, 0x41, 0x65, 0x41, 0x65, 0x49, 0x65, 0x41, 0x65, 0x49, 0x65, 0x41, 0x65, 0x41, 0x65, 0x41, 0x65, 0x49,
  0x65, 0x49, 0x65, 0x49, 0x66, 0x49, 0x45, 0x49, 0x65, 0x49, 0x66, 0x49, 0x66, 0x41, 0x65, 0x41, 0x65, 0x49, 0x65, 0x41, 0x66, 0x49, 0x65, 0x41,
  0x65, 0x49, 0x65, 0x49, 0x65, 0x49, 0x65, 0x49, 0x65, 0x49, 0x65, 0x49, 0x65, 0x49, 0x65, 0x49, 0x65, 0x41, 0x65, 0x49, 0x65, 0x49, 0x65, 0x49,
  0x65, 0x49, 0x65, 0x49, 0x66, 0x49, 0x65, 0x49, 0x66, 0x49, 0x65, 0x49, 0x65, 0x49, 0x65, 0x49, 0x65, 0x49, 0x86, 0x49, 0x65, 0x41, 0x65, 0x49,
  0x64, 0x39, 0x64, 0x41, 0x64, 0x39, 0x64, 0x39, 0x64, 0x39, 0x64, 0x39, 0x64, 0x39, 0x64, 0x39, 0x64, 0x41, 0x64, 0x41, 0x64, 0x39, 0x64, 0x41,
  0x64, 0x39, 0x64, 0x39, 0x64, 0x41, 0x64, 0x39, 0x44, 0x39, 0x64, 0x39, 0x64, 0x39, 0x64, 0x39, 0x64, 0x39, 0x64, 0x39, 0x64, 0x39, 0x64, 0x41,
  0x64, 0x41, 0x64, 0x39, 0x64, 0x41, 0x64, 0x41, 0x64, 0x41, 0x64, 0x39, 0x64, 0x41, 0x64, 0x41, 0x64, 0x41, 0x64, 0x41, 0x64, 0x39, 0x64, 0x41,
  0x64, 0x41, 0x64, 0x41, 0x44, 0x39, 0x64, 0x39, 0x64, 0x39, 0x64, 0x39, 0x64, 0x39, 0x64, 0x39, 0x64, 0x41, 0x64, 0x39, 0x64, 0x41, 0x64, 0x39,
  0x64, 0x39, 0x64, 0x39, 0x64, 0x39, 0x64, 0x39, 0x64, 0x39, 0x64, 0x39, 0x64, 0x39, 0x44, 0x39, 0x44, 0x41, 0x64, 0x39, 0x64, 0x39, 0x64, 0x41,
  0x44, 0x39, 0x64, 0x41, 0x64, 0x41, 0x64, 0x41, 0x64, 0x39, 0x64, 0x41, 0x64, 0x41, 0x64, 0x39, 0x64, 0x41, 0x64, 0x41, 0x64, 0x41, 0x44, 0x41,
  0x64, 0x41, 0x64, 0x41, 0x64, 0x41, 0x64, 0x41, 0x64, 0x41, 0x64, 0x41, 0x64, 0x41, 0x64, 0x41, 0x64, 0x41, 0x44, 0x41, 0x64, 0x41, 0x64, 0x41,
  0x64, 0x41, 0x64, 0x41, 0x64, 0x41, 0x64, 0x41, 0x64, 0x41, 0x64, 0x41, 0x64, 0x41, 0x64, 0x41, 0x64, 0x41, 0x64, 0x41, 0x64, 0x41, 0x64, 0x41,
  0x64, 0x41, 0x64, 0x41, 0x64, 0x41, 0x64, 0x41, 0x64, 0x41, 0x64, 0x41, 0x64, 0x41, 0x64, 0x41, 0x64, 0x41, 0x64, 0x41, 0x64, 0x41, 0x44, 0x41,
  0x64, 0x41, 0x64, 0x41, 0x64, 0x41, 0x64, 0x39, 0x64, 0x41, 0x44, 0x41, 0x64, 0x41, 0x64, 0x41, 0x44, 0x41, 0x64, 0x41, 0x64, 0x41, 0x64, 0x41,
  0x64, 0x41, 0x64, 0x41, 0x44, 0x41, 0x44, 0x41, 0x64, 0x41, 0x64, 0x41, 0x64, 0x41, 0x64, 0x41, 0x44, 0x41, 0x64, 0x41, 0x44, 0x39, 0x65, 0x41,
  0x64, 0x41, 0x64, 0x41, 0x64, 0x41, 0x65, 0x41, 0x64, 0x41, 0x44, 0x41, 0x44, 0x41, 0x44, 0x41, 0x64, 0x41, 0x44, 0x41, 0x64, 0x41, 0x64, 0x41,
  0x64, 0x41, 0x44, 0x41, 0x64, 0x41, 0x65, 0x41, 0x44, 0x41, 0x64, 0x41, 0x64, 0x41, 0x65, 0x41, 0x64, 0x41, 0x65, 0x41, 0x64, 0x41, 0x64, 0x41,
  0x64, 0x41, 0x65, 0x41, 0x64, 0x41, 0x65, 0x41, 0x64, 0x41, 0x64, 0x41, 0x64, 0x41, 0x64, 0x41, 0x64, 0x41, 0x64, 0x41, 0x64, 0x41, 0x64, 0x41,
  0x64, 0x41, 0x64, 0x41, 0x64, 0x41, 0x65, 0x41, 0x64, 0x41, 0x64, 0x41, 0x64, 0x41, 0x64, 0x41, 0x65, 0x41, 0x44, 0x41, 0x65, 0x41, 0x64, 0x41,
  0x65, 0x41, 0x64, 0x41, 0x65, 0x41, 0x65, 0x41, 0x65, 0x41, 0x64, 0x41, 0x45, 0x41, 0x44, 0x41, 0x65, 0x41, 0x44, 0x41, 0x65, 0x41, 0x65, 0x41,
  0x65, 0x41, 0x65, 0x41, 0x65, 0x41, 0x65, 0x41, 0x65, 0x41, 0x65, 0x41, 0x65, 0x41, 0x65, 0x41, 0x65, 0x41, 0x65, 0x41, 0x65, 0x41, 0x45, 0x41,
  0x65, 0x41, 0x65, 0x41, 0x65, 0x41, 0x65, 0x41, 0x65, 0x49, 0x65, 0x41, 0x65, 0x41, 0x65, 0x41, 0x65, 0x41, 0x65, 0x41, 0x65, 0x41, 0x65, 0x41,
  0x65, 0x41, 0x65, 0x41, 0x65, 0x41, 0x65, 0x41, 0x65, 0x49, 0x65, 0x41, 0x65, 0x41, 0x65, 0x41, 0x65, 0x41, 0x65, 0x41, 0x65, 0x41, 0x65, 0x41,
  0x65, 0x49, 0x65, 0x41, 0x65, 0x49, 0x65, 0x41, 0x66, 0x41, 0x66, 0x41, 0x65, 0x41, 0x65, 0x49, 0x65, 0x41, 0x66, 0x41, 0x65, 0x41, 0x65, 0x41,
  0x65, 0x49, 0x65, 0x41, 0x65, 0x41, 0x66, 0x49, 0x66, 0x41, 0x65, 0x41, 0x65, 0x41, 0x65, 0x41, 0x65, 0x49, 0x65, 0x49, 0x65, 0x41, 0x66, 0x49,
  0x65, 0x49, 0x65, 0x41, 0x66, 0x49, 0x65, 0x49, 0x66, 0x41, 0x65, 0x49, 0x65, 0x49, 0x65, 0x49, 0x65, 0x49, 0x65, 0x49, 0x65, 0x49, 0x65, 0x49,
  0x65, 0x49, 0x65, 0x49, 0x65, 0x49, 0x65, 0x49, 0x65, 0x41, 0x65, 0x49, 0x65, 0x49, 0x65, 0x41, 0x65, 0x49, 0x65, 0x41, 0x66, 0x49, 0x65, 0x49,
  0x44, 0x39, 0x44, 0x39, 0x44, 0x39, 0x44, 0x39, 0x64, 0x39, 0x44, 0x39, 0x44, 0x39, 0x44, 0x39, 0x64, 0x39, 0x64, 0x39, 0x44, 0x39, 0x64, 0x39,
  0x44, 0x39, 0x44, 0x39, 0x64, 0x39, 0x64, 0x39, 0x64, 0x39, 0x44, 0x39, 0x44, 0x39, 0x44, 0x39, 0x44, 0x39, 0x44, 0x39, 0x44, 0x39, 0x44, 0x39,
  0x44, 0x39, 0x44, 0x39, 0x64, 0x39, 0x64, 0x39, 0x44, 0x39, 0x44, 0x39, 0x44, 0x39, 0x44, 0x39, 0x44, 0x39, 0x44, 0x39, 0x64, 0x39, 0x44, 0x39,
  0x44, 0x39, 0x44, 0x39, 0x64, 0x39, 0x44, 0x39, 0x64, 0x39, 0x44, 0x39, 0x64, 0x39, 0x64, 0x39, 0x64, 0x39, 0x64, 0x39, 0x64, 0x39, 0x64, 0x39,
  0x64, 0x39, 0x64, 0x39, 0x64, 0x39, 0x64, 0x39, 0x64, 0x39, 0x64, 0x39, 0x64, 0x39, 0x64, 0x39, 0x64, 0x39, 0x44, 0x41, 0x64, 0x41, 0x64, 0x41,
  0x44, 0x39, 0x64, 0x39, 0x64, 0x39, 0x64, 0x41, 0x44, 0x41, 0x64, 0x41, 0x44, 0x41, 0x44, 0x41, 0x64, 0x39, 0x64, 0x41, 0x64, 0x41, 0x64, 0x41,
  0x44, 0x41, 0x64, 0x41, 0x64, 0x41, 0x44, 0x39, 0x64, 0x41, 0x44, 0x39, 0x64, 0x41, 0x44, 0x39, 0x64, 0x41, 0x64, 0x39, 0x44, 0x39, 0x64, 0x41,
  0x44, 0x39, 0x44, 0x39, 0x64, 0x41, 0x64, 0x41, 0x44, 0x39, 0x44, 0x39, 0x44, 0x39, 0x64, 0x41, 0x44, 0x41, 0x64, 0x41, 0x64, 0x41, 0x44, 0x39,
  0x44, 0x39, 0x44, 0x41, 0x44, 0x41, 0x64, 0x41, 0x44, 0x39, 0x64, 0x41, 0x64, 0x41, 0x44, 0x39, 0x64, 0x41, 0x44, 0x39, 0x64, 0x41, 0x64, 0x41,
  0x44, 0x41, 0x64, 0x41, 0x64, 0x41, 0x64, 0x41, 0x64, 0x41, 0x64, 0x41, 0x64, 0x41, 0x64, 0x41, 0x64, 0x41, 0x64, 0x41, 0x64, 0x41, 0x64, 0x41,
  0x64, 0x41, 0x64, 0x41, 0x64, 0x41, 0x64, 0x41, 0x64, 0x41, 0x64, 0x41, 0x64, 0x41, 0x44, 0x41, 0x64, 0x41, 0x44, 0x41, 0x44, 0x41, 0x44, 0x41,
  0x44, 0x41, 0x44, 0x41, 0x44, 0x41, 0x44, 0x41, 0x44, 0x41, 0x43, 0x41, 0x65, 0x41, 0x44, 0x41, 0x65, 0x41, 0x44, 0x41, 0x64, 0x41, 0x44, 0x41,
  0x64, 0x41, 0x64, 0x41, 0x64, 0x41, 0x44, 0x41, 0x64, 0x41, 0x44, 0x41, 0x64, 0x41, 0x64, 0x41, 0x44, 0x41, 0x44, 0x41, 0x64, 0x41, 0x64, 0x41,
  0x64, 0x41, 0x44, 0x41, 0x64, 0x41, 0x44, 0x41, 0x64, 0x41, 0x64, 0x41, 0x64, 0x41, 0x64, 0x41, 0x44, 0x41, 0x44, 0x41, 0x44, 0x41, 0x64, 0x41,
  0x44, 0x41, 0x64, 0x41, 0x64, 0x41, 0x44, 0x41, 0x65, 0x41, 0x65, 0x41, 0x64, 0x41, 0x65, 0x41, 0x65, 0x41, 0x64, 0x41, 0x65, 0x41, 0x65, 0x41,
  0x45, 0x41, 0x65, 0x41, 0x44, 0x41, 0x65, 0x41, 0x65, 0x41, 0x65, 0x41, 0x64, 0x41, 0x65, 0x41, 0x65, 0x41, 0x65, 0x41, 0x44, 0x41, 0x65, 0x41,
  0x65, 0x41, 0x65, 0x41, 0x65, 0x41, 0x65, 0x41, 0x65, 0x41, 0x65, 0x41, 0x44, 0x41, 0x65, 0x41, 0x45, 0x41, 0x65, 0x41, 0x44, 0x41, 0x64, 0x41,
  0x65, 0x41, 0x64, 0x41, 0x65, 0x41, 0x65, 0x41, 0x65, 0x41, 0x65, 0x49, 0x65, 0x49, 0x65, 0x41, 0x65, 0x49, 0x65, 0x41, 0x65, 0x41, 0x65, 0x41,
  0x65, 0x49, 0x65, 0x49, 0x45, 0x41, 0x65, 0x41, 0x65, 0x41, 0x65, 0x41, 0x65, 0x41, 0x65, 0x49, 0x65, 0x41, 0x65, 0x49, 0x65, 0x49, 0x65, 0x49,
  0x65, 0x41, 0x65, 0x49, 0x65, 0x41, 0x65, 0x49, 0x65, 0x49, 0x65, 0x49, 0x65, 0x49, 0x65, 0x41, 0x65, 0x49, 0x65, 0x49, 0x65, 0x49, 0x65, 0x49,
  0x65, 0x41, 0x65, 0x49, 0x65, 0x49, 0x85, 0x49, 0x65, 0x49, 0x65, 0x49, 0x66, 0x49, 0x65, 0x49, 0x65, 0x41, 0x65, 0x41, 0x66, 0x49, 0x65, 0x49,
  0x66, 0x49, 0x66, 0x49, 0x65, 0x49, 0x65, 0x49, 0x65, 0x49, 0x65, 0x49, 0x65, 0x49, 0x65, 0x49, 0x66, 0x49, 0x65, 0x49, 0x65, 0x49, 0x65, 0x49,
  0x65, 0x49, 0x65, 0x49, 0x65, 0x41, 0x65, 0x49, 0x65, 0x49, 0x65, 0x49, 0x66, 0x49, 0x65, 0x49, 0x65, 0x49, 0x66, 0x49, 0x65, 0x41, 0x66, 0x49,
  0x64, 0x39, 0x44, 0x39, 0x64, 0x39, 0x64, 0x39, 0x64, 0x39, 0x44, 0x39, 0x64, 0x39, 0x64, 0x39, 0x64, 0x41, 0x44, 0x39, 0x64, 0x39, 0x64, 0x41,
  0x44, 0x39, 0x44, 0x39, 0x64, 0x39, 0x44, 0x39, 0x64, 0x39, 0x44, 0x39, 0x64, 0x41, 0x44, 0x39, 0x64, 0x39, 0x44, 0x39, 0x44, 0x39, 0x64, 0x39,
  0x44, 0x39, 0x64, 0x41, 0x64, 0x39, 0x44, 0x39, 0x64, 0x39, 0x64, 0x39, 0x64, 0x39, 0x44, 0x39, 0x44, 0x39, 0x64, 0x39, 0x44, 0x39, 0x64, 0x39,
  0x44, 0x39, 0x64, 0x39, 0x44, 0x39, 0x64, 0x39, 0x64, 0x39, 0x64, 0x41, 0x44, 0x39, 0x64, 0x41, 0x64, 0x39, 0x64, 0x39, 0x44, 0x39, 0x64, 0x39,
  0x64, 0x39, 0x64, 0x39, 0x64, 0x39, 0x64, 0x39, 0x64, 0x39, 0x64, 0x39, 0x44, 0x41, 0x44, 0x39, 0x64, 0x39, 0x64, 0x39, 0x64, 0x39, 0x64, 0x39,
  0x64, 0x39, 0x64, 0x41, 0x64, 0x41, 0x64, 0x41, 0x64, 0x39, 0x64, 0x39, 0x44, 0x41, 0x64, 0x41, 0x44, 0x41, 0x64, 0x41, 0x44, 0x41, 0x64, 0x41,
  0x64, 0x41, 0x64, 0x41, 0x64, 0x41, 0x64, 0x41, 0x64, 0x41, 0x44, 0x41, 0x44, 0x39, 0x64, 0x41, 0x64, 0x41, 0x44, 0x41, 0x64, 0x41, 0x64, 0x41,
  0x64, 0x41, 0x64, 0x41, 0x64, 0x41, 0x64, 0x41, 0x64, 0x41, 0x64, 0x41, 0x64, 0x41, 0x64, 0x41, 0x64, 0x41, 0x64, 0x41, 0x64, 0x41, 0x64, 0x41,
  0x64, 0x41, 0x64, 0x41, 0x64, 0x41, 0x64, 0x41, 0x64, 0x41, 0x64, 0x41, 0x64, 0x41, 0x64, 0x41, 0x64, 0x41, 0x44, 0x41, 0x64, 0x41, 0x64, 0x41,
  0x64, 0x41, 0x64, 0x41, 0x44, 0x41, 0x44, 0x41, 0x64, 0x41, 0x64, 0x41, 0x64, 0x41, 0x64, 0x41, 0x44, 0x41, 0x64, 0x41, 0x44, 0x41, 0x64, 0x41,
  0x64, 0x41, 0x64, 0x41, 0x64, 0x41, 0x44, 0x41, 0x64, 0x41, 0x44, 0x41, 0x64, 0x41, 0x44, 0x41, 0x44, 0x41, 0x44, 0x41, 0x44, 0x41, 0x44, 0x41,
  0x44, 0x41, 0x44, 0x41, 0x64, 0x41, 0x64, 0x41, 0x64, 0x41, 0x64, 0x41, 0x64, 0x41, 0x44, 0x41, 0x44, 0x41, 0x44, 0x41, 0x44, 0x41, 0x44, 0x41,
  0x44, 0x41, 0x44, 0x41, 0x44, 0x41, 0x65, 0x41, 0x44, 0x41, 0x64, 0x41, 0x44, 0x41, 0x64, 0x41, 0x64, 0x41, 0x64, 0x41, 0x64, 0x41, 0x44, 0x41,
  0x64, 0x41, 0x44, 0x41, 0x64, 0x41, 0x64, 0x41, 0x64, 0x41, 0x44, 0x41, 0x64, 0x41, 0x64, 0x41, 0x64, 0x41, 0x64, 0x41, 0x64, 0x41, 0x64, 0x41,
  0x64, 0x41, 0x64, 0x41, 0x64, 0x41, 0x64, 0x41, 0x64, 0x41, 0x64, 0x41, 0x44, 0x41, 0x44, 0x41, 0x65, 0x41, 0x44, 0x41, 0x64, 0x41, 0x65, 0x41,
  0x64, 0x41, 0x64, 0x41, 0x45, 0x41, 0x65, 0x41, 0x65, 0x41, 0x45, 0x41, 0x45, 0x41, 0x65, 0x41, 0x65, 0x41, 0x45, 0x41, 0x65, 0x41, 0x65, 0x41,
  0x65, 0x41, 0x44, 0x41, 0x65, 0x41, 0x65, 0x41, 0x44, 0x41, 0x65, 0x41, 0x65, 0x41, 0x65, 0x41, 0x65, 0x41, 0x65, 0x41, 0x64, 0x41, 0x65, 0x41,
  0x65, 0x49, 0x65, 0x41, 0x64, 0x41, 0x65, 0x49, 0x65, 0x41, 0x65, 0x41, 0x65, 0x41, 0x65, 0x49, 0x65, 0x41, 0x65, 0x41, 0x65, 0x41, 0x65, 0x49,
  0x65, 0x41, 0x65, 0x41, 0x65, 0x41, 0x65, 0x41, 0x65, 0x49, 0x65, 0x49, 0x65, 0x49, 0x65, 0x41, 0x65, 0x41, 0x65, 0x41, 0x65, 0x41, 0x65, 0x41,
  0x65, 0x49, 0x65, 0x41, 0x65, 0x41, 0x65, 0x41, 0x65, 0x41, 0x65, 0x41, 0x65, 0x49, 0x65, 0x49, 0x65, 0x41, 0x65, 0x41, 0x65, 0x41, 0x65, 0x49,
  0x65, 0x41, 0x65, 0x41, 0x65, 0x49, 0x66, 0x41, 0x65, 0x49, 0x65, 0x49, 0x65, 0x41, 0x65, 0x49, 0x65, 0x41, 0x65, 0x49, 0x65, 0x49, 0x65, 0x49,
  0x65, 0x49, 0x65, 0x49, 0x65, 0x49, 0x65, 0x49, 0x65, 0x49, 0x65, 0x49, 0x65, 0x49, 0x65, 0x49, 0x65, 0x49, 0x65, 0x49, 0x65, 0x49, 0x65, 0x49,
  0x65, 0x49, 0x65, 0x49, 0x65, 0x49, 0x65, 0x49, 0x65, 0x49, 0x65, 0x49, 0x66, 0x49, 0x65, 0x49, 0x66, 0x49, 0x65, 0x49, 0x66, 0x49, 0x66, 0x49,
  0x64, 0x39, 0x64, 0x39, 0x64, 0x39, 0x64, 0x39, 0x44, 0x39, 0x64, 0x39, 0x44, 0x39, 0x64, 0x39, 0x64, 0x39, 0x64, 0x39, 0x44, 0x39, 0x64, 0x39,
  0x64, 0x39, 0x44, 0x39, 0x44, 0x39, 0x64, 0x39, 0x44, 0x39, 0x44, 0x39, 0x64, 0x39, 0x64, 0x39, 0x44, 0x39, 0x64, 0x39, 0x44, 0x39, 0x44, 0x39,
  0x44, 0x39, 0x44, 0x39, 0x44, 0x39, 0x44, 0x39, 0x44, 0x39, 0x44, 0x39, 0x44, 0x39, 0x44, 0x39, 0x44, 0x39, 0x64, 0x39, 0x44, 0x39, 0x44, 0x39,
  0x44, 0x39, 0x44, 0x39, 0x64, 0x39, 0x44, 0x39, 0x44, 0x39, 0x44, 0x39, 0x44, 0x39, 0x44, 0x39, 0x64, 0x39, 0x64, 0x39, 0x64, 0x39, 0x64, 0x39,
  0x64, 0x39, 0x64, 0x39, 0x64, 0x39, 0x44, 0x39, 0x64, 0x39, 0x64, 0x39, 0x44, 0x39, 0x64, 0x39, 0x44, 0x39, 0x64, 0x39, 0x44, 0x39, 0x44, 0x41,
  0x64, 0x41, 0x64, 0x39, 0x64, 0x39, 0x64, 0x41, 0x64, 0x41, 0x64, 0x41, 0x64, 0x41, 0x64, 0x41, 0x64, 0x41, 0x64, 0x41, 0x64, 0x41, 0x64, 0x41,
  0x44, 0x41, 0x44, 0x39, 0x64, 0x41, 0x44, 0x41, 0x64, 0x41, 0x64, 0x41, 0x64, 0x41, 0x64, 0x41, 0x64, 0x41, 0x44, 0x39, 0x64, 0x41, 0x64, 0x41,
  0x64, 0x41, 0x64, 0x41, 0x64, 0x41, 0x64, 0x41, 0x64, 0x41, 0x64, 0x41, 0x64, 0x41, 0x64, 0x41, 0x64, 0x41, 0x64, 0x41, 0x64, 0x41, 0x64, 0x41,
  0x64, 0x41, 0x44, 0x39, 0x44, 0x41, 0x64, 0x41, 0x64, 0x41, 0x64, 0x39, 0x64, 0x41, 0x64, 0x41, 0x64, 0x41, 0x64, 0x41, 0x64, 0x41, 0x44, 0x41,
  0x64, 0x41, 0x44, 0x41, 0x64, 0x41, 0x64, 0x41, 0x64, 0x41, 0x64, 0x41, 0x44, 0x41, 0x44, 0x41, 0x64, 0x41, 0x64, 0x41, 0x44, 0x41, 0x64, 0x41,
  0x44, 0x41, 0x64, 0x41, 0x44, 0x41, 0x64, 0x41, 0x44, 0x41, 0x44, 0x41, 0x44, 0x41, 0x44, 0x41, 0x44, 0x41, 0x44, 0x41, 0x44, 0x41, 0x44, 0x41,
  0x64, 0x41, 0x44, 0x41, 0x44, 0x41, 0x44, 0x41, 0x44, 0x41, 0x44, 0x41, 0x44, 0x41, 0x44, 0x41, 0x64, 0x41, 0x44, 0x41, 0x64, 0x41, 0x44, 0x41,
  0x44, 0x41, 0x44, 0x41, 0x44, 0x41, 0x44, 0x41, 0x44, 0x41, 0x44, 0x41, 0x44, 0x41, 0x44, 0x41, 0x44, 0x41, 0x44, 0x41, 0x44, 0x41, 0x64, 0x41,
  0x44, 0x41, 0x44, 0x41, 0x64, 0x41, 0x44, 0x41, 0x44, 0x41, 0x44, 0x41, 0x44, 0x41, 0x44, 0x41, 0x64, 0x41, 0x44, 0x41, 0x64, 0x41, 0x64, 0x41,
  0x64, 0x41, 0x64, 0x41, 0x44, 0x41, 0x44, 0x41, 0x64, 0x41, 0x65, 0x41, 0x64, 0x41, 0x64, 0x41, 0x64, 0x41, 0x64, 0x41, 0x65, 0x41, 0x64, 0x41,
  0x65, 0x41, 0x65, 0x41, 0x44, 0x41, 0x64, 0x41, 0x45, 0x41, 0x65, 0x41, 0x44, 0x41, 0x45, 0x41, 0x65, 0x41, 0x65, 0x41, 0x65, 0x41, 0x65, 0x41,
  0x65, 0x41, 0x65, 0x41, 0x65, 0x41, 0x65, 0x41, 0x65, 0x41, 0x65, 0x41, 0x65, 0x41, 0x65, 0x41, 0x65, 0x41, 0x65, 0x41, 0x65, 0x41, 0x65, 0x41,
  0x65, 0x49, 0x65, 0x49, 0x65, 0x49, 0x65, 0x49, 0x65, 0x49, 0x65, 0x49, 0x65, 0x49, 0x65, 0x49, 0x65, 0x49, 0x65, 0x49, 0x65, 0x49, 0x65, 0x41,
  0x65, 0x49, 0x65, 0x49, 0x65, 0x49, 0x45, 0x49, 0x65, 0x41, 0x65, 0x41, 0x65, 0x49, 0x65, 0x49, 0x65, 0x49, 0x65, 0x49, 0x65, 0x49, 0x45, 0x49,
  0x65, 0x49, 0x65, 0x49, 0x65, 0x49, 0x65, 0x49, 0x65, 0x49, 0x65, 0x49, 0x65, 0x49, 0x65, 0x49, 0x65, 0x49, 0x65, 0x49, 0x65, 0x49, 0x65, 0x49,
  0x65, 0x49, 0x65, 0x49, 0x65, 0x49, 0x65, 0x49, 0x65, 0x49, 0x65, 0x49, 0x65, 0x49, 0x65, 0x49, 0x65, 0x49, 0x65, 0x41, 0x45, 0x49, 0x65, 0x49,
  0x65, 0x49, 0x65, 0x41, 0x65, 0x49, 0x66, 0x49, 0x65, 0x49, 0x65, 0x49, 0x65, 0x49, 0x66, 0x49, 0x65, 0x49, 0x65, 0x49, 0x65, 0x49, 0x65, 0x49,
  0x65, 0x49, 0x65, 0x49, 0x65, 0x49, 0x65, 0x49, 0x65, 0x49, 0x65, 0x49, 0x66, 0x49, 0x65, 0x49, 0x66, 0x49, 0x66, 0x49, 0x66, 0x49, 0x66, 0x49,
  0x64, 0x39, 0x64, 0x39, 0x64, 0x39, 0x64, 0x39, 0x64, 0x39, 0x64, 0x39, 0x64, 0x39, 0x64, 0x39, 0x44, 0x39, 0x64, 0x39, 0x64, 0x39, 0x44, 0x39,
  0x64, 0x39, 0x64, 0x39, 0x44, 0x39, 0x64, 0x39, 0x44, 0x39, 0x44, 0x39, 0x64, 0x39, 0x44, 0x39, 0x44, 0x39, 0x64, 0x39, 0x44, 0x39, 0x44, 0x39,
  0x44, 0x39, 0x64, 0x39, 0x44, 0x39, 0x64, 0x39, 0x64, 0x39, 0x64, 0x39, 0x44, 0x39, 0x44, 0x39, 0x44, 0x39, 0x44, 0x39, 0x44, 0x39, 0x44, 0x39,
  0x44, 0x39, 0x44, 0x39, 0x44, 0x39, 0x64, 0x39, 0x44, 0x39, 0x64, 0x39, 0x44, 0x39, 0x44, 0x39, 0x44, 0x39, 0x64, 0x39, 0x44, 0x39, 0x64, 0x39,
  0x64, 0x39, 0x44, 0x39, 0x64, 0x39, 0x64, 0x41, 0x44, 0x41, 0x44, 0x39, 0x44, 0x39, 0x64, 0x39, 0x44, 0x39, 0x64, 0x39, 0x44, 0x39, 0x44, 0x39,
  0x44, 0x39, 0x44, 0x39, 0x64, 0x41, 0x44, 0x39, 0x44, 0x39, 0x64, 0x39, 0x64, 0x41, 0x64, 0x41, 0x44, 0x41, 0x64, 0x41, 0x44, 0x41, 0x64, 0x41,
  0x44, 0x39, 0x64, 0x41, 0x64, 0x41, 0x64, 0x41, 0x64, 0x41, 0x64, 0x41, 0x64, 0x41, 0x64, 0x41, 0x64, 0x41, 0x64, 0x41, 0x64, 0x41, 0x64, 0x41,
  0x44, 0x39, 0x64, 0x41, 0x64, 0x41, 0x64, 0x41, 0x64, 0x41, 0x64, 0x41, 0x64, 0x41, 0x64, 0x41, 0x64, 0x41, 0x64, 0x41, 0x44, 0x41, 0x44, 0x41,
  0x64, 0x41, 0x64, 0x41, 0x64, 0x39, 0x64, 0x41, 0x64, 0x41, 0x64, 0x41, 0x64, 0x41, 0x64, 0x41, 0x64, 0x41, 0x64, 0x41, 0x64, 0x41, 0x64, 0x41,
  0x64, 0x41, 0x44, 0x41, 0x44, 0x41, 0x64, 0x41, 0x64, 0x41, 0x44, 0x41, 0x64, 0x41, 0x64, 0x41, 0x44, 0x41, 0x64, 0x41, 0x44, 0x41, 0x64, 0x41,
  0x44, 0x41, 0x64, 0x41, 0x44, 0x41, 0x44, 0x41, 0x44, 0x41, 0x44, 0x41, 0x44, 0x41, 0x44, 0x41, 0x44, 0x41, 0x44, 0x41, 0x44, 0x41, 0x44, 0x41,
  0x44, 0x41, 0x44, 0x41, 0x44, 0x41, 0x44, 0x41, 0x44, 0x41, 0x44, 0x41, 0x44, 0x41, 0x44, 0x41, 0x44, 0x41, 0x44, 0x41, 0x44, 0x41, 0x44, 0x41,
  0x44, 0x41, 0x44, 0x41, 0x64, 0x41, 0x44, 0x41, 0x44, 0x41, 0x44, 0x41, 0x44, 0x41, 0x44, 0x41, 0x44, 0x41, 0x44, 0x41, 0x44, 0x41, 0x44, 0x41,
  0x44, 0x41, 0x44, 0x41, 0x64, 0x41, 0x44, 0x41, 0x44, 0x41, 0x64, 0x41, 0x44, 0x41, 0x44, 0x41, 0x44, 0x41, 0x64, 0x41, 0x44, 0x41, 0x64, 0x41,
  0x44, 0x41, 0x64, 0x41, 0x64, 0x41, 0x45, 0x41, 0x64, 0x41, 0x44, 0x41, 0x44, 0x41, 0x64, 0x41, 0x64, 0x41, 0x44, 0x41, 0x64, 0x41, 0x65, 0x41,
  0x64, 0x41, 0x44, 0x41, 0x64, 0x41, 0x65, 0x41, 0x65, 0x41, 0x65, 0x41, 0x45, 0x41, 0x65, 0x41, 0x65, 0x41, 0x65, 0x41, 0x65, 0x41, 0x45, 0x41,
  0x65, 0x41, 0x65, 0x41, 0x65, 0x41, 0x65, 0x41, 0x65, 0x41, 0x65, 0x41, 0x65, 0x41, 0x65, 0x41, 0x65, 0x49, 0x65, 0x49, 0x65, 0x41, 0x65, 0x49,
  0x65, 0x41, 0x65, 0x49, 0x65, 0x41, 0x65, 0x41, 0x65, 0x49, 0x65, 0x49, 0x65, 0x49, 0x65, 0x41, 0x65, 0x49, 0x65, 0x49, 0x65, 0x49, 0x65, 0x49,
  0x65, 0x49, 0x65, 0x49, 0x65, 0x49, 0x65, 0x49, 0x65, 0x49, 0x65, 0x49, 0x65, 0x49, 0x65, 0x49, 0x65, 0x49, 0x65, 0x49, 0x65, 0x49, 0x65, 0x49,
  0x65, 0x49, 0x65, 0x49, 0x65, 0x49, 0x65, 0x49, 0x65, 0x49, 0x65, 0x49, 0x65, 0x49, 0x65, 0x49, 0x65, 0x49, 0x65, 0x49, 0x65, 0x49, 0x65, 0x49,
  0x65, 0x49, 0x65, 0x49, 0x65, 0x49, 0x65, 0x49, 0x65, 0x49, 0x65, 0x49, 0x65, 0x49, 0x65, 0x49, 0x65, 0x49, 0x65, 0x49, 0x65, 0x49, 0x65, 0x49,
  0x65, 0x49, 0x65, 0x49, 0x65, 0x49, 0x65, 0x49, 0x65, 0x49, 0x65, 0x49, 0x65, 0x49, 0x65, 0x49, 0x65, 0x49, 0x66, 0x49, 0x65, 0x49, 0x65, 0x49,
  0x65, 0x49, 0x65, 0x49, 0x65, 0x49, 0x66, 0x49, 0x65, 0x49, 0x66, 0x49, 0x66, 0x49, 0x65, 0x49, 0x66, 0x49, 0x65, 0x49, 0x66, 0x49, 0x66, 0x49,
  0x64, 0x39, 0x64, 0x39, 0x64, 0x39, 0x64, 0x39, 0x64, 0x39, 0x64, 0x39, 0x44, 0x39, 0x44, 0x39, 0x44, 0x39, 0x64, 0x39, 0x44, 0x39, 0x44, 0x39,
  0x44, 0x39, 0x44, 0x39, 0x64, 0x39, 0x44, 0x39, 0x64, 0x39, 0x44, 0x39, 0x44, 0x39, 0x64, 0x39, 0x44, 0x39, 0x44, 0x39, 0x64, 0x39, 0x44, 0x39,
  0x44, 0x39, 0x64, 0x39, 0x44, 0x39, 0x44, 0x39, 0x44, 0x39, 0x44, 0x39, 0x64, 0x39, 0x44, 0x39, 0x64, 0x39, 0x44, 0x39, 0x44, 0x39, 0x44, 0x39,
  0x44, 0x39, 0x64, 0x39, 0x44, 0x39, 0x44, 0x39, 0x44, 0x39, 0x44, 0x39, 0x44, 0x39, 0x44, 0x39, 0x44, 0x39, 0x44, 0x39, 0x44, 0x39, 0x44, 0x39,
  0x44, 0x39, 0x44, 0x39, 0x44, 0x39, 0x44, 0x39, 0x64, 0x39, 0x44, 0x39, 0x44, 0x39, 0x44, 0x39, 0x44, 0x39, 0x44, 0x39, 0x44, 0x39, 0x44, 0x39,
  0x64, 0x41, 0x64, 0x41, 0x44, 0x39, 0x44, 0x39, 0x64, 0x41, 0x64, 0x41, 0x64, 0x41, 0x44, 0x39, 0x64, 0x41, 0x64, 0x41, 0x64, 0x41, 0x64, 0x41,
  0x44, 0x39, 0x44, 0x39, 0x44, 0x39, 0x64, 0x41, 0x64, 0x41, 0x64, 0x41, 0x64, 0x41, 0x64, 0x41, 0x64, 0x41, 0x64, 0x41, 0x44, 0x39, 0x64, 0x39,
  0x64, 0x41, 0x64, 0x41, 0x64, 0x41, 0x44, 0x39, 0x44, 0x41, 0x64, 0x41, 0x64, 0x41, 0x44, 0x41, 0x64, 0x41, 0x64, 0x39, 0x64, 0x41, 0x64, 0x41,
  0x64, 0x41, 0x44, 0x41, 0x64, 0x41, 0x44, 0x41, 0x64, 0x41, 0x64, 0x41, 0x64, 0x41, 0x64, 0x41, 0x44, 0x41, 0x64, 0x41, 0x44, 0x41, 0x64, 0x41,
  0x44, 0x41, 0x44, 0x41, 0x44, 0x41, 0x44, 0x41, 0x64, 0x41, 0x64, 0x41, 0x44, 0x41, 0x44, 0x41, 0x64, 0x41, 0x44, 0x41, 0x44, 0x41, 0x44, 0x41,
  0x44, 0x41, 0x44, 0x41, 0x44, 0x41, 0x64, 0x41, 0x44, 0x41, 0x44, 0x41, 0x44, 0x41, 0x44, 0x41, 0x44, 0x41, 0x44, 0x41, 0x44, 0x41, 0x44, 0x41,
  0x44, 0x41, 0x44, 0x41, 0x44, 0x41, 0x44, 0x41, 0x44, 0x41, 0x44, 0x41, 0x44, 0x41, 0x44, 0x41, 0x44, 0x41, 0x44, 0x41, 0x44, 0x41, 0x44, 0x41,
  0x44, 0x41, 0x44, 0x41, 0x44, 0x41, 0x44, 0x41, 0x44, 0x41, 0x64, 0x41, 0x44, 0x41, 0x44, 0x41, 0x44, 0x41, 0x44, 0x41, 0x44, 0x41, 0x44, 0x41,
  0x44, 0x41, 0x44, 0x41, 0x64, 0x41, 0x44, 0x41, 0x64, 0x41, 0x44, 0x41, 0x44, 0x41, 0x44, 0x41, 0x44, 0x41, 0x64, 0x41, 0x44, 0x41, 0x44, 0x41,
  0x44, 0x41, 0x64, 0x41, 0x44, 0x41, 0x44, 0x41, 0x44, 0x41, 0x44, 0x41, 0x44, 0x41, 0x45, 0x41, 0x65, 0x41, 0x45, 0x41, 0x44, 0x41, 0x44, 0x41,
  0x64, 0x41, 0x44, 0x41, 0x64, 0x41, 0x44, 0x41, 0x45, 0x41, 0x65, 0x41, 0x65, 0x41, 0x45, 0x41, 0x45, 0x41, 0x65, 0x41, 0x45, 0x41, 0x65, 0x41,
  0x65, 0x41, 0x65, 0x41, 0x65, 0x41, 0x64, 0x41, 0x65, 0x41, 0x65, 0x41, 0x65, 0x41, 0x65, 0x41, 0x65, 0x49, 0x65, 0x49, 0x65, 0x49, 0x65, 0x49,
  0x65, 0x49, 0x65, 0x49, 0x65, 0x49, 0x65, 0x49, 0x65, 0x49, 0x65, 0x49, 0x65, 0x49, 0x65, 0x49, 0x65, 0x49, 0x65, 0x49, 0x65, 0x49, 0x65, 0x49,
  0x65, 0x49, 0x45, 0x49, 0x65, 0x49, 0x65, 0x49, 0x65, 0x49, 0x65, 0x49, 0x65, 0x49, 0x65, 0x49, 0x65, 0x49, 0x65, 0x49, 0x65, 0x49, 0x65, 0x49,
  0x65, 0x49, 0x65, 0x49, 0x65, 0x49, 0x65, 0x49, 0x65, 0x49, 0x65, 0x49, 0x65, 0x49, 0x65, 0x49, 0x65, 0x49, 0x65, 0x49, 0x65, 0x49, 0x65, 0x49,
  0x65, 0x49, 0x65, 0x49, 0x65, 0x49, 0x65, 0x49, 0x65, 0x49, 0x65, 0x49, 0x65, 0x49, 0x65, 0x49, 0x65, 0x49, 0x65, 0x49, 0x65, 0x49, 0x65, 0x49,
  0x65, 0x49, 0x65, 0x49, 0x65, 0x49, 0x65, 0x49, 0x65, 0x49, 0x65, 0x49, 0x65, 0x49, 0x65, 0x49, 0x65, 0x49, 0x65, 0x49, 0x65, 0x49, 0x66, 0x49,
  0x65, 0x49, 0x65, 0x49, 0x65, 0x49, 0x65, 0x49, 0x65, 0x49, 0x66, 0x49, 0x65, 0x49, 0x66, 0x49, 0x66, 0x49, 0x66, 0x49, 0x66, 0x49, 0x66, 0x49,
  0x44, 0x39, 0x44, 0x39, 0x64, 0x39, 0x44, 0x39, 0x44, 0x39, 0x44, 0x39, 0x64, 0x39, 0x44, 0x39, 0x64, 0x39, 0x64, 0x39, 0x64, 0x39, 0x64, 0x39,
  0x64, 0x39, 0x64, 0x39, 0x44, 0x39, 0x44, 0x39, 0x44, 0x39, 0x44, 0x39, 0x64, 0x39, 0x44, 0x39, 0x64, 0x39, 0x64, 0x39, 0x44, 0x39, 0x44, 0x39,
  0x64, 0x39, 0x44, 0x39, 0x44, 0x39, 0x44, 0x39, 0x44, 0x39, 0x44, 0x39, 0x44, 0x39, 0x44, 0x39, 0x44, 0x39, 0x44, 0x39, 0x44, 0x39, 0x64, 0x39,
  0x44, 0x39, 0x44, 0x39, 0x44, 0x39, 0x44, 0x39, 0x44, 0x39, 0x44, 0x39, 0x44, 0x39, 0x44, 0x39, 0x64, 0x39, 0x44, 0x39, 0x44, 0x39, 0x44, 0x39,
  0x44, 0x39, 0x44, 0x39, 0x44, 0x39, 0x44, 0x39, 0x44, 0x39, 0x44, 0x39, 0x44, 0x39, 0x44, 0x39, 0x44, 0x39, 0x44, 0x39, 0x44, 0x39, 0x44, 0x39,
  0x44, 0x39, 0x64, 0x41, 0x44, 0x39, 0x44, 0x39, 0x44, 0x39, 0x44, 0x39, 0x64, 0x41, 0x64, 0x41, 0x44, 0x39, 0x64, 0x41, 0x44, 0x39, 0x44, 0x39,
  0x64, 0x41, 0x64, 0x41, 0x64, 0x41, 0x64, 0x41, 0x64, 0x41, 0x64, 0x41, 0x44, 0x39, 0x44, 0x39, 0x64, 0x41, 0x64, 0x41, 0x44, 0x41, 0x44, 0x39,
  0x44, 0x39, 0x64, 0x41, 0x44, 0x41, 0x44, 0x41, 0x44, 0x41, 0x44, 0x41, 0x44, 0x41, 0x64, 0x39, 0x64, 0x41, 0x44, 0x41, 0x64, 0x41, 0x44, 0x41,
  0x44, 0x41, 0x44, 0x41, 0x64, 0x41, 0x44, 0x41, 0x64, 0x41, 0x44, 0x41, 0x64, 0x41, 0x44, 0x41, 0x44, 0x41, 0x64, 0x41, 0x64, 0x41, 0x44, 0x41,
  0x44, 0x41, 0x44, 0x41, 0x44, 0x41, 0x44, 0x41, 0x64, 0x41, 0x44, 0x41, 0x44, 0x41, 0x44, 0x41, 0x64, 0x41, 0x44, 0x41, 0x44, 0x41, 0x64, 0x41,
  0x44, 0x41, 0x44, 0x41, 0x44, 0x41, 0x44, 0x41, 0x44, 0x41, 0x44, 0x41, 0x44, 0x41, 0x44, 0x41, 0x44, 0x41, 0x44, 0x41, 0x44, 0x41, 0x44, 0x41,
  0x44, 0x41, 0x44, 0x41, 0x44, 0x41, 0x44, 0x41, 0x44, 0x41, 0x44, 0x41, 0x44, 0x41, 0x44, 0x41, 0x44, 0x41, 0x44, 0x41, 0x44, 0x41, 0x44, 0x41,
  0x44, 0x41, 0x44, 0x41, 0x44, 0x41, 0x44, 0x41, 0x44, 0x41, 0x64, 0x41, 0x44, 0x41, 0x44, 0x41, 0x44, 0x41, 0x44, 0x41, 0x44, 0x41, 0x44, 0x41,
  0x64, 0x41, 0x44, 0x41, 0x64, 0x41, 0x44, 0x41, 0x44, 0x41, 0x44, 0x41, 0x44, 0x41, 0x44, 0x41, 0x44, 0x41, 0x44, 0x41, 0x44, 0x41, 0x44, 0x41,
  0x44, 0x41, 0x44, 0x41, 0x64, 0x41, 0x44, 0x41, 0x44, 0x41, 0x44, 0x41, 0x65, 0x41, 0x44, 0x41, 0x64, 0x41, 0x44, 0x41, 0x64, 0x41, 0x45, 0x41,
  0x44, 0x41, 0x65, 0x49, 0x44, 0x41, 0x64, 0x41, 0x64, 0x41, 0x44, 0x41, 0x45, 0x41, 0x65, 0x41, 0x65, 0x41, 0x45, 0x41, 0x44, 0x41, 0x45, 0x41,
  0x44, 0x41, 0x45, 0x41, 0x45, 0x41, 0x65, 0x49, 0x65, 0x41, 0x65, 0x49, 0x65, 0x41, 0x65, 0x49, 0x65, 0x49, 0x65, 0x49, 0x65, 0x49, 0x65, 0x49,
  0x65, 0x49, 0x65, 0x49, 0x65, 0x49, 0x65, 0x49, 0x65, 0x49, 0x65, 0x49, 0x45, 0x49, 0x65, 0x41, 0x65, 0x49, 0x65, 0x41, 0x65, 0x49, 0x65, 0x49,
  0x65, 0x49, 0x65, 0x49, 0x65, 0x49, 0x65, 0x49, 0x65, 0x41, 0x65, 0x49, 0x65, 0x49, 0x65, 0x49, 0x65, 0x49, 0x65, 0x49, 0x65, 0x49, 0x65, 0x49,
  0x65, 0x49, 0x65, 0x49, 0x65, 0x49, 0x65, 0x49, 0x65, 0x49, 0x65, 0x41, 0x65, 0x49, 0x65, 0x49, 0x65, 0x49, 0x65, 0x49, 0x65, 0x49, 0x65, 0x49,
  0x65, 0x49, 0x65, 0x49, 0x65, 0x49, 0x65, 0x49, 0x65, 0x41, 0x65, 0x49, 0x65, 0x49, 0x65, 0x41, 0x65, 0x49, 0x65, 0x49, 0x65, 0x49, 0x65, 0x49,
  0x65, 0x49, 0x65, 0x49, 0x65, 0x49, 0x65, 0x49, 0x65, 0x49, 0x65, 0x49, 0x65, 0x49, 0x65, 0x49, 0x65, 0x49, 0x65, 0x49, 0x66, 0x49, 0x66, 0x49,
  0x65, 0x49, 0x65, 0x49, 0x65, 0x49, 0x66, 0x49, 0x65, 0x49, 0x66, 0x49, 0x66, 0x49, 0x65, 0x49, 0x65, 0x49, 0x66, 0x49, 0x66, 0x49, 0x66, 0x49,
  0x44, 0x39, 0x44, 0x39, 0x44, 0x39, 0x44, 0x39, 0x44, 0x39, 0x44, 0x39, 0x44, 0x39, 0x44, 0x39, 0x44, 0x39, 0x44, 0x39, 0x44, 0x39, 0x44, 0x39,
  0x44, 0x39, 0x44, 0x39, 0x44, 0x39, 0x64, 0x39, 0x44, 0x39, 0x44, 0x39, 0x44, 0x39, 0x44, 0x39, 0x44, 0x39, 0x44, 0x39, 0x44, 0x39, 0x64, 0x39,
  0x44, 0x39, 0x44, 0x39, 0x44, 0x39, 0x44, 0x39, 0x44, 0x39, 0x44, 0x39, 0x64, 0x39, 0x44, 0x39, 0x44, 0x39, 0x44, 0x39, 0x44, 0x39, 0x44, 0x39,
  0x64, 0x39, 0x44, 0x39, 0x64, 0x39, 0x44, 0x39, 0x44, 0x39, 0x44, 0x39, 0x44, 0x39, 0x64, 0x39, 0x44, 0x39, 0x44, 0x39, 0x44, 0x39, 0x64, 0x41,
  0x44, 0x39, 0x44, 0x39, 0x44, 0x41, 0x44, 0x39, 0x44, 0x39, 0x64, 0x39, 0x64, 0x41, 0x44, 0x39, 0x44, 0x39, 0x44, 0x39, 0x44, 0x39, 0x44, 0x39,
  0x64, 0x41, 0x44, 0x39, 0x64, 0x41, 0x44, 0x39, 0x44, 0x39, 0x44, 0x39, 0x44, 0x39, 0x44, 0x39, 0x64, 0x41, 0x44, 0x39, 0x44, 0x39, 0x44, 0x39,
  0x44, 0x39, 0x44, 0x39, 0x44, 0x39, 0x44, 0x39, 0x44, 0x39, 0x44, 0x39, 0x64, 0x41, 0x44, 0x41, 0x44, 0x39, 0x44, 0x41, 0x64, 0x41, 0x64, 0x39,
  0x44, 0x39, 0x44, 0x39, 0x44, 0x41, 0x64, 0x41, 0x44, 0x39, 0x44, 0x41, 0x44, 0x41, 0x64, 0x41, 0x44, 0x41, 0x44, 0x41, 0x44, 0x41, 0x44, 0x41,
  0x44, 0x41, 0x44, 0x41, 0x44, 0x41, 0x44, 0x41, 0x44, 0x41, 0x44, 0x41, 0x44, 0x41, 0x44, 0x41, 0x44, 0x41, 0x64, 0x41, 0x44, 0x41, 0x64, 0x41,
  0x64, 0x41, 0x44, 0x41, 0x44, 0x41, 0x44, 0x41, 0x64, 0x41, 0x64, 0x41, 0x44, 0x39, 0x64, 0x41, 0x64, 0x41, 0x44, 0x41, 0x44, 0x41, 0x44, 0x41,
  0x44, 0x41, 0x64, 0x41, 0x44, 0x41, 0x64, 0x41, 0x44, 0x41, 0x44, 0x41, 0x44, 0x41, 0x44, 0x41, 0x44, 0x41, 0x44, 0x41, 0x44, 0x41, 0x44, 0x41,
  0x44, 0x41, 0x44, 0x41, 0x44, 0x41, 0x44, 0x41, 0x44, 0x41, 0x44, 0x41, 0x44, 0x41, 0x44, 0x41, 0x44, 0x41, 0x64, 0x41, 0x64, 0x41, 0x64, 0x41,
  0x64, 0x41, 0x44, 0x41, 0x44, 0x41, 0x44, 0x41, 0x44, 0x41, 0x44, 0x41, 0x44, 0x41, 0x44, 0x41, 0x44, 0x41, 0x44, 0x41, 0x44, 0x41, 0x64, 0x41,
  0x44, 0x41, 0x64, 0x41, 0x44, 0x41, 0x65, 0x41, 0x44, 0x41, 0x44, 0x41, 0x64, 0x41, 0x44, 0x41, 0x44, 0x41, 0x44, 0x41, 0x44, 0x41, 0x44, 0x41,
  0x44, 0x41, 0x44, 0x41, 0x64, 0x41, 0x44, 0x41, 0x44, 0x41, 0x44, 0x41, 0x44, 0x41, 0x44, 0x41, 0x44, 0x41, 0x44, 0x41, 0x44, 0x41, 0x44, 0x41,
  0x45, 0x41, 0x45, 0x41, 0x44, 0x41, 0x44, 0x41, 0x64, 0x41, 0x44, 0x41, 0x44, 0x41, 0x44, 0x41, 0x64, 0x41, 0x45, 0x41, 0x45, 0x41, 0x65, 0x49,
  0x45, 0x41, 0x65, 0x41, 0x65, 0x49, 0x45, 0x41, 0x65, 0x49, 0x65, 0x49, 0x65, 0x49, 0x65, 0x41, 0x65, 0x49, 0x65, 0x49, 0x65, 0x49, 0x65, 0x49,
  0x65, 0x49, 0x65, 0x49, 0x65, 0x49, 0x65, 0x49, 0x65, 0x49, 0x65, 0x49, 0x65, 0x41, 0x45, 0x49, 0x65, 0x49, 0x45, 0x49, 0x65, 0x49, 0x65, 0x41,
  0x65, 0x49, 0x65, 0x49, 0x65, 0x49, 0x65, 0x49, 0x65, 0x49, 0x65, 0x49, 0x65, 0x49, 0x65, 0x49, 0x65, 0x49, 0x65, 0x49, 0x65, 0x41, 0x65, 0x49,
  0x65, 0x49, 0x65, 0x49, 0x65, 0x49, 0x65, 0x49, 0x65, 0x49, 0x65, 0x41, 0x65, 0x49, 0x65, 0x49, 0x65, 0x49, 0x65, 0x49, 0x65, 0x49, 0x65, 0x49,
  0x65, 0x49, 0x65, 0x49, 0x65, 0x49, 0x65, 0x49, 0x65, 0x49, 0x65, 0x41, 0x65, 0x49, 0x65, 0x49, 0x65, 0x49, 0x65, 0x49, 0x65, 0x49, 0x65, 0x49,
  0x65, 0x49, 0x66, 0x49, 0x65, 0x49, 0x65, 0x49, 0x65, 0x49, 0x65, 0x49, 0x65, 0x49, 0x65, 0x49, 0x65, 0x49, 0x65, 0x49, 0x65, 0x49, 0x65, 0x49,
  0x65, 0x49, 0x65, 0x49, 0x65, 0x49, 0x65, 0x49, 0x66, 0x49, 0x66, 0x49, 0x65, 0x49, 0x65, 0x49, 0x65, 0x49, 0x65, 0x49, 0x65, 0x49, 0x66, 0x49,
  0x44, 0x39, 0x44, 0x39, 0x44, 0x39, 0x44, 0x39, 0x44, 0x39, 0x44, 0x39, 0x44, 0x39, 0x44, 0x39, 0x44, 0x39, 0x44, 0x39, 0x44, 0x39, 0x44, 0x39,
  0x44, 0x39, 0x44, 0x39, 0x44, 0x39, 0x44, 0x39, 0x44, 0x39, 0x64, 0x39, 0x44, 0x39, 0x44, 0x39, 0x64, 0x39, 0x44, 0x39, 0x64, 0x39, 0x44, 0x39,
  0x44, 0x39, 0x44, 0x39, 0x64, 0x39, 0x44, 0x39, 0x44, 0x39, 0x44, 0x39, 0x44, 0x39, 0x44, 0x39, 0x64, 0x41, 0x64, 0x39, 0x44, 0x39, 0x44, 0x39,
  0x44, 0x39, 0x44, 0x39, 0x44, 0x39, 0x44, 0x39, 0x64, 0x39, 0x64, 0x39, 0x64, 0x39, 0x44, 0x39, 0x64, 0x39, 0x44, 0x41, 0x64, 0x39, 0x64, 0x39,
  0x64, 0x41, 0x64, 0x39, 0x44, 0x39, 0x44, 0x39, 0x44, 0x39, 0x44, 0x41, 0x44, 0x39, 0x44, 0x39, 0x44, 0x39, 0x44, 0x39, 0x44, 0x39, 0x44, 0x39,
  0x44, 0x39, 0x44, 0x39, 0x44, 0x39, 0x44, 0x39, 0x44, 0x39, 0x44, 0x39, 0x64, 0x41, 0x44, 0x39, 0x44, 0x39, 0x44, 0x39, 0x44, 0x39, 0x44, 0x39,
  0x44, 0x39, 0x44, 0x39, 0x44, 0x39, 0x44, 0x39, 0x44, 0x39, 0x64, 0x41, 0x44, 0x39, 0x44, 0x39, 0x44, 0x39, 0x44, 0x39, 0x44, 0x39, 0x44, 0x39,
  0x44, 0x41, 0x64, 0x41, 0x44, 0x41, 0x44, 0x41, 0x44, 0x39, 0x64, 0x41, 0x64, 0x41, 0x44, 0x41, 0x64, 0x41, 0x44, 0x41, 0x44, 0x41, 0x44, 0x41,
  0x64, 0x41, 0x44, 0x41, 0x44, 0x41, 0x44, 0x41, 0x44, 0x41, 0x44, 0x41, 0x44, 0x41, 0x44, 0x41, 0x44, 0x41, 0x44, 0x41, 0x64, 0x41, 0x64, 0x41,
  0x64, 0x41, 0x44, 0x41, 0x64, 0x41, 0x64, 0x41, 0x44, 0x41, 0x44, 0x41, 0x44, 0x41, 0x44, 0x41, 0x44, 0x41, 0x64, 0x41, 0x44, 0x41, 0x64, 0x41,
  0x44, 0x41, 0x44, 0x41, 0x44, 0x41, 0x44, 0x41, 0x44, 0x41, 0x44, 0x41, 0x64, 0x41, 0x44, 0x41, 0x44, 0x41, 0x44, 0x41, 0x44, 0x41, 0x44, 0x41,
  0x44, 0x41, 0x44, 0x41, 0x44, 0x41, 0x44, 0x41, 0x44, 0x41, 0x44, 0x41, 0x44, 0x41, 0x44, 0x41, 0x44, 0x41, 0x44, 0x41, 0x44, 0x41, 0x44, 0x41,
  0x44, 0x41, 0x44, 0x41, 0x44, 0x41, 0x44, 0x41, 0x44, 0x41, 0x64, 0x41, 0x44, 0x41, 0x44, 0x41, 0x44, 0x41, 0x44, 0x41, 0x44, 0x41, 0x64, 0x41,
  0x44, 0x41, 0x44, 0x41, 0x44, 0x41, 0x44, 0x41, 0x44, 0x41, 0x64, 0x41, 0x44, 0x41, 0x44, 0x41, 0x44, 0x41, 0x44, 0x41, 0x44, 0x41, 0x64, 0x41,
  0x64, 0x41, 0x44, 0x41, 0x44, 0x41, 0x64, 0x41, 0x44, 0x41, 0x64, 0x41, 0x44, 0x41, 0x64, 0x41, 0x45, 0x41, 0x44, 0x41, 0x44, 0x41, 0x44, 0x41,
  0x45, 0x49, 0x64, 0x41, 0x44, 0x49, 0x64, 0x49, 0x44, 0x41, 0x64, 0x41, 0x45, 0x41, 0x65, 0x49, 0x65, 0x49, 0x44, 0x41, 0x44, 0x41, 0x45, 0x41,
  0x44, 0x41, 0x65, 0x49, 0x45, 0x49, 0x44, 0x41, 0x45, 0x41, 0x65, 0x49, 0x65, 0x49, 0x65, 0x49, 0x65, 0x49, 0x65, 0x49, 0x65, 0x49, 0x65, 0x49,
  0x65, 0x49, 0x65, 0x49, 0x65, 0x49, 0x65, 0x49, 0x65, 0x49, 0x65, 0x41, 0x45, 0x49, 0x65, 0x41, 0x45, 0x49, 0x65, 0x49, 0x65, 0x49, 0x65, 0x49,
  0x65, 0x49, 0x65, 0x41, 0x65, 0x49, 0x65, 0x41, 0x65, 0x41, 0x65, 0x49, 0x65, 0x41, 0x65, 0x41, 0x65, 0x49, 0x65, 0x41, 0x65, 0x49, 0x65, 0x49,
  0x65, 0x49, 0x65, 0x49, 0x65, 0x49, 0x65, 0x41, 0x65, 0x49, 0x65, 0x41, 0x65, 0x49, 0x65, 0x41, 0x65, 0x49, 0x65, 0x41, 0x65, 0x49, 0x65, 0x41,
  0x65, 0x49, 0x65, 0x49, 0x65, 0x41, 0x65, 0x49, 0x65, 0x49, 0x65, 0x49, 0x65, 0x49, 0x65, 0x49, 0x65, 0x49, 0x65, 0x49, 0x65, 0x49, 0x65, 0x49,
  0x65, 0x49, 0x65, 0x49, 0x65, 0x49, 0x65, 0x49, 0x65, 0x49, 0x65, 0x49, 0x65, 0x49, 0x65, 0x49, 0x65, 0x49, 0x65, 0x49, 0x65, 0x49, 0x66, 0x49,
  0x66, 0x49, 0x66, 0x49, 0x65, 0x49, 0x66, 0x49, 0x65, 0x49, 0x66, 0x49, 0x66, 0x49, 0x65, 0x49, 0x66, 0x49, 0x66, 0x49, 0x66, 0x49, 0x66, 0x49,
  0x44, 0x39, 0x64, 0x39, 0x44, 0x39, 0x44, 0x39, 0x44, 0x39, 0x44, 0x39, 0x44, 0x39, 0x44, 0x39, 0x44, 0x39, 0x44, 0x39, 0x44, 0x39, 0x44, 0x39,
  0x44, 0x39, 0x44, 0x39, 0x44, 0x39, 0x44, 0x39, 0x44, 0x39, 0x44, 0x39, 0x44, 0x39, 0x44, 0x39, 0x44, 0x39, 0x44, 0x39, 0x44, 0x39, 0x44, 0x39,
  0x44, 0x39, 0x44, 0x39, 0x44, 0x39, 0x44, 0x39, 0x44, 0x39, 0x44, 0x39, 0x44, 0x39, 0x44, 0x39, 0x44, 0x39, 0x44, 0x39, 0x44, 0x39, 0x64, 0x39,
  0x44, 0x39, 0x44, 0x39, 0x44, 0x39, 0x44, 0x39, 0x44, 0x39, 0x44, 0x39, 0x44, 0x39, 0x64, 0x39, 0x44, 0x39, 0x44, 0x39, 0x44, 0x41, 0x44, 0x39,
  0x44, 0x39, 0x44, 0x39, 0x44, 0x39, 0x64, 0x39, 0x44, 0x41, 0x44, 0x39, 0x44, 0x41, 0x64, 0x41, 0x44, 0x39, 0x44, 0x39, 0x44, 0x39, 0x44, 0x39,
  0x44, 0x39, 0x44, 0x39, 0x44, 0x39, 0x44, 0x39, 0x44, 0x39, 0x44, 0x39, 0x44, 0x39, 0x44, 0x39, 0x44, 0x39, 0x44, 0x39, 0x44, 0x39, 0x44, 0x39,
  0x44, 0x39, 0x44, 0x39, 0x44, 0x39, 0x44, 0x39, 0x44, 0x39, 0x44, 0x39, 0x44, 0x39, 0x44, 0x39, 0x44, 0x39, 0x44, 0x41, 0x44, 0x39, 0x44, 0x39,
  0x44, 0x39, 0x44, 0x39, 0x64, 0x39, 0x64, 0x39, 0x44, 0x41, 0x44, 0x39, 0x44, 0x41, 0x44, 0x39, 0x44, 0x41, 0x64, 0x39, 0x44, 0x41, 0x44, 0x41,
  0x44, 0x41, 0x44, 0x39, 0x44, 0x39, 0x44, 0x41, 0x44, 0x41, 0x44, 0x41, 0x44, 0x41, 0x44, 0x41, 0x44, 0x41, 0x64, 0x41, 0x44, 0x41, 0x44, 0x41,
  0x64, 0x41, 0x44, 0x41, 0x44, 0x41, 0x44, 0x41, 0x44, 0x41, 0x44, 0x41, 0x44, 0x39, 0x44, 0x41, 0x44, 0x41, 0x44, 0x41, 0x44, 0x41, 0x43, 0x41,
  0x44, 0x41, 0x44, 0x41, 0x44, 0x41, 0x44, 0x41, 0x44, 0x41, 0x64, 0x41, 0x44, 0x41, 0x44, 0x41, 0x44, 0x41, 0x44, 0x41, 0x44, 0x41, 0x44, 0x41,
  0x44, 0x41, 0x44, 0x41, 0x44, 0x41, 0x44, 0x41, 0x44, 0x41, 0x44, 0x41, 0x44, 0x41, 0x44, 0x41, 0x44, 0x41, 0x64, 0x41, 0x44, 0x41, 0x44, 0x41,
  0x44, 0x41, 0x44, 0x41, 0x64, 0x41, 0x44, 0x41, 0x44, 0x41, 0x44, 0x41, 0x44, 0x41, 0x44, 0x41, 0x44, 0x41, 0x44, 0x41, 0x44, 0x41, 0x44, 0x41,
  0x44, 0x41, 0x44, 0x41, 0x44, 0x41, 0x44, 0x41, 0x44, 0x41, 0x44, 0x41, 0x44, 0x41, 0x44, 0x41, 0x44, 0x41, 0x44, 0x41, 0x44, 0x41, 0x44, 0x41,
  0x44, 0x41, 0x44, 0x41, 0x44, 0x41, 0x44, 0x41, 0x44, 0x41, 0x44, 0x41, 0x44, 0x41, 0x44, 0x41, 0x64, 0x41, 0x44, 0x41, 0x64, 0x41, 0x65, 0x49,
  0x44, 0x41, 0x44, 0x41, 0x44, 0x41, 0x44, 0x41, 0x44, 0x49, 0x44, 0x41, 0x64, 0x41, 0x64, 0x41, 0x44, 0x41, 0x45, 0x41, 0x45, 0x41, 0x65, 0x49,
  0x45, 0x41, 0x65, 0x49, 0x64, 0x41, 0x45, 0x49, 0x64, 0x41, 0x45, 0x41, 0x65, 0x49, 0x65, 0x49, 0x64, 0x49, 0x65, 0x49, 0x65, 0x49, 0x65, 0x49,
  0x65, 0x49, 0x65, 0x49, 0x65, 0x49, 0x65, 0x49, 0x65, 0x49, 0x45, 0x49, 0x65, 0x41, 0x45, 0x49, 0x65, 0x49, 0x45, 0x49, 0x65, 0x49, 0x65, 0x49,
  0x65, 0x49, 0x45, 0x49, 0x45, 0x49, 0x65, 0x49, 0x45, 0x49, 0x45, 0x49, 0x65, 0x49, 0x45, 0x49, 0x65, 0x49, 0x65, 0x49, 0x65, 0x49, 0x65, 0x49,
  0x65, 0x49, 0x65, 0x49, 0x65, 0x49, 0x65, 0x49, 0x65, 0x49, 0x65, 0x49, 0x65, 0x41, 0x65, 0x49, 0x65, 0x49, 0x65, 0x49, 0x65, 0x49, 0x65, 0x49,
  0x65, 0x49, 0x65, 0x49, 0x65, 0x49, 0x65, 0x49, 0x65, 0x49, 0x65, 0x49, 0x65, 0x49, 0x65, 0x49, 0x65, 0x49, 0x65, 0x49, 0x65, 0x49, 0x65, 0x49,
  0x65, 0x49, 0x65, 0x49, 0x65, 0x49, 0x65, 0x49, 0x65, 0x49, 0x65, 0x49, 0x65, 0x49, 0x65, 0x49, 0x65, 0x49, 0x65, 0x49, 0x65, 0x49, 0x65, 0x49,
  0x65, 0x49, 0x65, 0x49, 0x65, 0x49, 0x65, 0x49, 0x66, 0x49, 0x65, 0x49, 0x65, 0x49, 0x66, 0x49, 0x65, 0x49, 0x66, 0x49, 0x66, 0x49, 0x66, 0x49,
  0x44, 0x39, 0x44, 0x39, 0x44, 0x39, 0x44, 0x39, 0x44, 0x39, 0x44, 0x39, 0x44, 0x39, 0x44, 0x39, 0x44, 0x39, 0x44, 0x39, 0x44, 0x39, 0x44, 0x39,
  0x44, 0x39, 0x44, 0x39, 0x44, 0x39, 0x44, 0x39, 0x44, 0x39, 0x64, 0x39, 0x44, 0x39, 0x44, 0x39, 0x44, 0x39, 0x44, 0x39, 0x44, 0x39, 0x44, 0x39,
  0x44, 0x39, 0x44, 0x39, 0x44, 0x39, 0x64, 0x39, 0x44, 0x39, 0x44, 0x39, 0x43, 0x39, 0x44, 0x39, 0x44, 0x39, 0x44, 0x39, 0x64, 0x39, 0x44, 0x39,
  0x44, 0x39, 0x44, 0x39, 0x64, 0x39, 0x44, 0x39, 0x44, 0x39, 0x44, 0x39, 0x44, 0x39, 0x24, 0x39, 0x44, 0x39, 0x44, 0x39, 0x44, 0x39, 0x44, 0x39,
  0x44, 0x39, 0x44, 0x39, 0x44, 0x39, 0x44, 0x39, 0x64, 0x39, 0x44, 0x41, 0x44, 0x39, 0x44, 0x39, 0x44, 0x39, 0x44, 0x39, 0x44, 0x39, 0x44, 0x39,
  0x44, 0x39, 0x44, 0x39, 0x44, 0x39, 0x44, 0x39, 0x44, 0x39, 0x44, 0x39, 0x64, 0x41, 0x44, 0x39, 0x44, 0x39, 0x44, 0x39, 0x44, 0x39, 0x44, 0x39,
  0x44, 0x39, 0x44, 0x39, 0x44, 0x39, 0x44, 0x39, 0x44, 0x39, 0x44, 0x39, 0x44, 0x39, 0x44, 0x39, 0x44, 0x39, 0x44, 0x39, 0x44, 0x41, 0x44, 0x41,
  0x44, 0x39, 0x44, 0x39, 0x44, 0x41, 0x64, 0x41, 0x44, 0x41, 0x64, 0x41, 0x44, 0x39, 0x44, 0x39, 0x64, 0x41, 0x44, 0x41, 0x64, 0x41, 0x64, 0x41,
  0x44, 0x41, 0x64, 0x41, 0x44, 0x41, 0x44, 0x41, 0x44, 0x41, 0x44, 0x41, 0x44, 0x41, 0x64, 0x41, 0x44, 0x41, 0x44, 0x41, 0x44, 0x41, 0x44, 0x41,
  0x44, 0x41, 0x44, 0x41, 0x44, 0x41, 0x44, 0x41, 0x44, 0x41, 0x44, 0x41, 0x44, 0x41, 0x44, 0x41, 0x64, 0x41, 0x44, 0x41, 0x44, 0x41, 0x64, 0x41,
  0x44, 0x41, 0x44, 0x41, 0x44, 0x41, 0x44, 0x41, 0x44, 0x41, 0x44, 0x41, 0x44, 0x41, 0x44, 0x41, 0x44, 0x41, 0x44, 0x41, 0x44, 0x41, 0x44, 0x41,
  0x44, 0x41, 0x44, 0x41, 0x44, 0x41, 0x44, 0x41, 0x44, 0x41, 0x44, 0x41, 0x44, 0x41, 0x44, 0x41, 0x44, 0x41, 0x44, 0x41, 0x44, 0x41, 0x44, 0x41,
  0x44, 0x41, 0x44, 0x41, 0x44, 0x41, 0x44, 0x41, 0x44, 0x41, 0x44, 0x41, 0x44, 0x41, 0x44, 0x41, 0x44, 0x41, 0x44, 0x41, 0x44, 0x41, 0x44, 0x41,
  0x64, 0x41, 0x64, 0x41, 0x44, 0x41, 0x44, 0x41, 0x44, 0x41, 0x44, 0x41, 0x44, 0x41, 0x44, 0x41, 0x64, 0x41, 0x44, 0x41, 0x44, 0x41, 0x44, 0x41,
  0x44, 0x41, 0x44, 0x41, 0x44, 0x41, 0x44, 0x41, 0x44, 0x41, 0x64, 0x41, 0x44, 0x41, 0x44, 0x41, 0x64, 0x41, 0x44, 0x41, 0x44, 0x41, 0x64, 0x41,
  0x45, 0x41, 0x64, 0x49, 0x45, 0x41, 0x44, 0x49, 0x44, 0x41, 0x64, 0x41, 0x44, 0x41, 0x44, 0x41, 0x65, 0x49, 0x44, 0x41, 0x64, 0x49, 0x44, 0x41,
  0x44, 0x41, 0x45, 0x41, 0x64, 0x49, 0x64, 0x49, 0x65, 0x49, 0x45, 0x41, 0x65, 0x49, 0x64, 0x41, 0x65, 0x49, 0x44, 0x41, 0x65, 0x49, 0x65, 0x49,
  0x45, 0x41, 0x65, 0x49, 0x65, 0x49, 0x65, 0x49, 0x65, 0x49, 0x65, 0x49, 0x45, 0x49, 0x45, 0x49, 0x65, 0x49, 0x65, 0x49, 0x65, 0x49, 0x65, 0x49,
  0x65, 0x49, 0x65, 0x49, 0x45, 0x49, 0x45, 0x49, 0x45, 0x41, 0x65, 0x49, 0x65, 0x49, 0x65, 0x49, 0x45, 0x49, 0x65, 0x49, 0x65, 0x49, 0x65, 0x49,
  0x65, 0x49, 0x65, 0x49, 0x65, 0x49, 0x65, 0x49, 0x65, 0x49, 0x65, 0x49, 0x65, 0x49, 0x65, 0x49, 0x65, 0x49, 0x65, 0x49, 0x65, 0x49, 0x65, 0x49,
  0x65, 0x49, 0x65, 0x49, 0x65, 0x49, 0x65, 0x49, 0x65, 0x49, 0x65, 0x49, 0x65, 0x49, 0x65, 0x49, 0x65, 0x49, 0x65, 0x49, 0x65, 0x49, 0x65, 0x49,
  0x65, 0x49, 0x65, 0x49, 0x65, 0x49, 0x65, 0x49, 0x65, 0x49, 0x65, 0x49, 0x65, 0x49, 0x65, 0x49, 0x65, 0x49, 0x65, 0x49, 0x65, 0x49, 0x65, 0x49,
  0x66, 0x49, 0x66, 0x49, 0x65, 0x49, 0x66, 0x49, 0x65, 0x49, 0x65, 0x49, 0x66, 0x49, 0x66, 0x49, 0x66, 0x49, 0x65, 0x49, 0x65, 0x49, 0x66, 0x49,
  0x44, 0x39, 0x44, 0x39, 0x44, 0x39, 0x44, 0x39, 0x44, 0x39, 0x44, 0x39, 0x44, 0x39, 0x44, 0x39, 0x44, 0x39, 0x44, 0x39, 0x44, 0x39, 0x44, 0x39,
  0x44, 0x39, 0x44, 0x39, 0x44, 0x39, 0x44, 0x39, 0x44, 0x39, 0x44, 0x39, 0x44, 0x39, 0x44, 0x39, 0x44, 0x39, 0x44, 0x39, 0x44, 0x39, 0x44, 0x39,
  0x44, 0x39, 0x44, 0x39, 0x44, 0x39, 0x44, 0x39, 0x44, 0x39, 0x44, 0x39, 0x44, 0x39, 0x44, 0x39, 0x44, 0x39, 0x44, 0x39, 0x44, 0x39, 0x44, 0x39,
  0x44, 0x39, 0x44, 0x39, 0x44, 0x39, 0x44, 0x39, 0x44, 0x39, 0x44, 0x39, 0x44, 0x39, 0x64, 0x39, 0x44, 0x39, 0x44, 0x39, 0x44, 0x39, 0x64, 0x39,
  0x44, 0x39, 0x44, 0x39, 0x44, 0x39, 0x44, 0x39, 0x64, 0x39, 0x44, 0x39, 0x44, 0x39, 0x44, 0x39, 0x44, 0x39, 0x44, 0x39, 0x44, 0x39, 0x44, 0x39,
  0x44, 0x39, 0x44, 0x39, 0x44, 0x39, 0x44, 0x39, 0x44, 0x39, 0x44, 0x39, 0x44, 0x39, 0x44, 0x39, 0x64, 0x41, 0x44, 0x39, 0x44, 0x39, 0x44, 0x39,
  0x44, 0x39, 0x44, 0x39, 0x44, 0x39, 0x44, 0x39, 0x44, 0x39, 0x44, 0x39, 0x44, 0x39, 0x44, 0x39, 0x44, 0x39, 0x64, 0x41, 0x44, 0x41, 0x64, 0x41,
  0x64, 0x39, 0x44, 0x39, 0x44, 0x41, 0x44, 0x39, 0x44, 0x39, 0x44, 0x39, 0x44, 0x39, 0x44, 0x39, 0x44, 0x39, 0x44, 0x39, 0x44, 0x41, 0x44, 0x39,
  0x44, 0x39, 0x44, 0x41, 0x44, 0x41, 0x44, 0x41, 0x44, 0x41, 0x44, 0x41, 0x44, 0x41, 0x44, 0x41, 0x44, 0x41, 0x44, 0x41, 0x44, 0x41, 0x44, 0x41,
  0x44, 0x41, 0x44, 0x41, 0x44, 0x41, 0x44, 0x41, 0x44, 0x41, 0x64, 0x41, 0x44, 0x41, 0x44, 0x41, 0x44, 0x41, 0x44, 0x41, 0x44, 0x41, 0x44, 0x41,
  0x44, 0x41, 0x64, 0x41, 0x44, 0x41, 0x44, 0x41, 0x44, 0x41, 0x44, 0x41, 0x44, 0x41, 0x44, 0x41, 0x44, 0x41, 0x44, 0x41, 0x44, 0x41, 0x44, 0x41,
  0x44, 0x41, 0x44, 0x41, 0x44, 0x41, 0x44, 0x41, 0x44, 0x41, 0x44, 0x41, 0x44, 0x41, 0x44, 0x41, 0x44, 0x41, 0x44, 0x41, 0x44, 0x41, 0x44, 0x41,
  0x44, 0x41, 0x44, 0x41, 0x44, 0x41, 0x44, 0x41, 0x44, 0x41, 0x44, 0x41, 0x44, 0x41, 0x44, 0x41, 0x44, 0x41, 0x44, 0x41, 0x44, 0x41, 0x44, 0x41,
  0x44, 0x41, 0x44, 0x41, 0x44, 0x41, 0x44, 0x41, 0x44, 0x41, 0x44, 0x41, 0x44, 0x41, 0x44, 0x41, 0x44, 0x41, 0x64, 0x41, 0x44, 0x41, 0x44, 0x41,
  0x44, 0x41, 0x44, 0x41, 0x44, 0x41, 0x44, 0x41, 0x44, 0x41, 0x44, 0x41, 0x44, 0x41, 0x44, 0x41, 0x44, 0x49, 0x44, 0x41, 0x44, 0x41, 0x44, 0x41,
  0x65, 0x49, 0x44, 0x41, 0x64, 0x41, 0x44, 0x41, 0x44, 0x41, 0x44, 0x41, 0x44, 0x41, 0x44, 0x41, 0x64, 0x41, 0x44, 0x41, 0x44, 0x41, 0x65, 0x49,
  0x65, 0x49, 0x44, 0x41, 0x44, 0x41, 0x65, 0x49, 0x44, 0x41, 0x64, 0x41, 0x44, 0x41, 0x44, 0x49, 0x65, 0x49, 0x44, 0x41, 0x65, 0x49, 0x65, 0x49,
  0x45, 0x41, 0x65, 0x49, 0x65, 0x49, 0x45, 0x41, 0x65, 0x49, 0x65, 0x49, 0x65, 0x49, 0x65, 0x49, 0x65, 0x49, 0x65, 0x49, 0x45, 0x49, 0x45, 0x49,
  0x45, 0x41, 0x45, 0x49, 0x45, 0x49, 0x65, 0x49, 0x65, 0x49, 0x45, 0x49, 0x45, 0x49, 0x45, 0x49, 0x65, 0x49, 0x65, 0x49, 0x45, 0x49, 0x65, 0x49,
  0x45, 0x49, 0x65, 0x49, 0x65, 0x49, 0x45, 0x49, 0x65, 0x49, 0x65, 0x49, 0x65, 0x49, 0x65, 0x49, 0x65, 0x49, 0x65, 0x49, 0x65, 0x49, 0x65, 0x49,
  0x65, 0x49, 0x65, 0x49, 0x65, 0x49, 0x65, 0x49, 0x65, 0x49, 0x65, 0x49, 0x65, 0x49, 0x65, 0x49, 0x65, 0x49, 0x65, 0x49, 0x65, 0x49, 0x65, 0x49,
  0x65, 0x49, 0x65, 0x49, 0x65, 0x49, 0x65, 0x49, 0x65, 0x49, 0x65, 0x49, 0x65, 0x49, 0x65, 0x49, 0x65, 0x49, 0x65, 0x49, 0x65, 0x49, 0x65, 0x49,
  0x65, 0x49, 0x65, 0x49, 0x65, 0x49, 0x65, 0x49, 0x65, 0x49, 0x66, 0x49, 0x65, 0x49, 0x65, 0x49, 0x65, 0x49, 0x65, 0x49, 0x66, 0x49, 0x65, 0x49,
  0x44, 0x39, 0x64, 0x39, 0x44, 0x39, 0x44, 0x39, 0x44, 0x39, 0x44, 0x39, 0x44, 0x39, 0x44, 0x39, 0x44, 0x39, 0x44, 0x39, 0x44, 0x39, 0x44, 0x39,
  0x44, 0x39, 0x44, 0x39, 0x44, 0x39, 0x44, 0x39, 0x44, 0x39, 0x44, 0x39, 0x44, 0x39, 0x44, 0x39, 0x44, 0x39, 0x44, 0x39, 0x44, 0x39, 0x44, 0x39,
  0x44, 0x39, 0x44, 0x39, 0x44, 0x39, 0x44, 0x39, 0x44, 0x39, 0x44, 0x39, 0x44, 0x39, 0x44, 0x39, 0x44, 0x39, 0x44, 0x39, 0x44, 0x39, 0x44, 0x39,
  0x44, 0x39, 0x44, 0x39, 0x44, 0x39, 0x44, 0x39, 0x44, 0x39, 0x44, 0x39, 0x44, 0x39, 0x44, 0x39, 0x44, 0x39, 0x44, 0x39, 0x44, 0x41, 0x44, 0x41,
  0x44, 0x39, 0x44, 0x39, 0x44, 0x39, 0x44, 0x39, 0x44, 0x39, 0x44, 0x41, 0x44, 0x39, 0x44, 0x39, 0x44, 0x39, 0x44, 0x39, 0x44, 0x39, 0x44, 0x39,
  0x44, 0x39, 0x44, 0x39, 0x44, 0x39, 0x44, 0x39, 0x44, 0x39, 0x44, 0x39, 0x44, 0x39, 0x44, 0x39, 0x44, 0x39, 0x44, 0x39, 0x44, 0x39, 0x44, 0x39,
  0x44, 0x39, 0x44, 0x39, 0x44, 0x39, 0x44, 0x41, 0x44, 0x41, 0x44, 0x41, 0x44, 0x41, 0x44, 0x41, 0x44, 0x41, 0x44, 0x41, 0x44, 0x39, 0x44, 0x39,
  0x44, 0x41, 0x44, 0x41, 0x44, 0x41, 0x44, 0x41, 0x44, 0x41, 0x44, 0x41, 0x44, 0x41, 0x44, 0x39, 0x44, 0x41, 0x44, 0x41, 0x44, 0x41, 0x44, 0x41,
  0x44, 0x41, 0x44, 0x41, 0x44, 0x41, 0x44, 0x41, 0x44, 0x41, 0x44, 0x41, 0x44, 0x41, 0x44, 0x41, 0x44, 0x41, 0x44, 0x41, 0x44, 0x41, 0x44, 0x41,
  0x44, 0x41, 0x44, 0x41, 0x44, 0x41, 0x44, 0x41, 0x44, 0x41, 0x44, 0x41, 0x44, 0x41, 0x44, 0x41, 0x44, 0x41, 0x44, 0x41, 0x44, 0x41, 0x44, 0x41,
  0x44, 0x41, 0x44, 0x41, 0x44, 0x41, 0x44, 0x41, 0x44, 0x41, 0x44, 0x41, 0x44, 0x41, 0x44, 0x41, 0x44, 0x41, 0x44, 0x41, 0x44, 0x41, 0x44, 0x41,
  0x44, 0x41, 0x44, 0x41, 0x44, 0x41, 0x44, 0x41, 0x44, 0x41, 0x44, 0x41, 0x44, 0x41, 0x44, 0x41, 0x44, 0x41, 0x44, 0x41, 0x44, 0x41, 0x44, 0x41,
  0x44, 0x41, 0x44, 0x41, 0x44, 0x41, 0x44, 0x41, 0x44, 0x41, 0x44, 0x41, 0x44, 0x41, 0x44, 0x41, 0x44, 0x41, 0x44, 0x41, 0x44, 0x41, 0x44, 0x41,
  0x44, 0x41, 0x44, 0x41, 0x44, 0x41, 0x44, 0x41, 0x44, 0x41, 0x44, 0x41, 0x44, 0x41, 0x44, 0x41, 0x44, 0x41, 0x44, 0x41, 0x44, 0x41, 0x44, 0x41,
  0x44, 0x41, 0x44, 0x41, 0x44, 0x41, 0x44, 0x41, 0x64, 0x41, 0x44, 0x41, 0x44, 0x41, 0x44, 0x41, 0x44, 0x41, 0x44, 0x41, 0x44, 0x41, 0x44, 0x41,
  0x45, 0x41, 0x44, 0x41, 0x45, 0x41, 0x44, 0x41, 0x44, 0x41, 0x44, 0x41, 0x44, 0x41, 0x44, 0x41, 0x44, 0x41, 0x44, 0x41, 0x44, 0x41, 0x44, 0x41,
  0x65, 0x49, 0x44, 0x41, 0x65, 0x49, 0x44, 0x41, 0x44, 0x49, 0x45, 0x41, 0x65, 0x49, 0x65, 0x49, 0x45, 0x41, 0x65, 0x49, 0x45, 0x41, 0x45, 0x41,
  0x65, 0x49, 0x64, 0x49, 0x45, 0x41, 0x65, 0x49, 0x45, 0x49, 0x45, 0x49, 0x65, 0x49, 0x65, 0x49, 0x65, 0x49, 0x65, 0x49, 0x65, 0x49, 0x65, 0x49,
  0x65, 0x49, 0x65, 0x49, 0x45, 0x49, 0x45, 0x49, 0x45, 0x49, 0x45, 0x49, 0x45, 0x49, 0x45, 0x49, 0x65, 0x49, 0x45, 0x49, 0x45, 0x49, 0x45, 0x49,
  0x65, 0x49, 0x65, 0x49, 0x65, 0x49, 0x65, 0x49, 0x65, 0x49, 0x65, 0x49, 0x65, 0x49, 0x65, 0x49, 0x65, 0x49, 0x65, 0x49, 0x65, 0x49, 0x45, 0x49,
  0x65, 0x49, 0x65, 0x49, 0x65, 0x49, 0x65, 0x49, 0x65, 0x49, 0x65, 0x49, 0x65, 0x49, 0x65, 0x49, 0x65, 0x49, 0x65, 0x49, 0x65, 0x49, 0x65, 0x49,
  0x65, 0x49, 0x65, 0x49, 0x65, 0x49, 0x65, 0x49, 0x65, 0x49, 0x65, 0x49, 0x65, 0x49, 0x65, 0x49, 0x65, 0x49, 0x65, 0x49, 0x65, 0x49, 0x65, 0x49,
  0x65, 0x49, 0x65, 0x49, 0x65, 0x49, 0x65, 0x49, 0x65, 0x49, 0x65, 0x49, 0x65, 0x49, 0x65, 0x49, 0x65, 0x49, 0x65, 0x49, 0x65, 0x49, 0x65, 0x49,
  0x44, 0x39, 0x44, 0x39, 0x44, 0x39, 0x44, 0x39, 0x44, 0x39, 0x44, 0x39, 0x44, 0x39, 0x44, 0x39, 0x44, 0x39, 0x44, 0x39, 0x44, 0x39, 0x44, 0x39,
  0x44, 0x39, 0x44, 0x39, 0x44, 0x39, 0x44, 0x39, 0x44, 0x39, 0x44, 0x39, 0x44, 0x39, 0x44, 0x39, 0x44, 0x39, 0x44, 0x39, 0x44, 0x39, 0x44, 0x39,
  0x44, 0x39, 0x44, 0x39, 0x44, 0x39, 0x44, 0x39, 0x44, 0x39, 0x44, 0x39, 0x44, 0x39, 0x44, 0x39, 0x44, 0x39, 0x44, 0x39, 0x44, 0x39, 0x44, 0x39,
  0x44, 0x39, 0x44, 0x39, 0x44, 0x39, 0x44, 0x39, 0x44, 0x39, 0x44, 0x39, 0x44, 0x39, 0x44, 0x39, 0x44, 0x39, 0x44, 0x39, 0x44, 0x39, 0x44, 0x39,
  0x44, 0x39, 0x44, 0x39, 0x44, 0x39, 0x44, 0x39, 0x44, 0x39, 0x44, 0x39, 0x44, 0x39, 0x43, 0x39, 0x44, 0x39, 0x44, 0x39, 0x44, 0x39, 0x44, 0x39,
  0x44, 0x39, 0x44, 0x39, 0x44, 0x39, 0x44, 0x39, 0x44, 0x39, 0x44, 0x39, 0x44, 0x39, 0x44, 0x39, 0x44, 0x39, 0x44, 0x39, 0x44, 0x39, 0x44, 0x39,
  0x44, 0x41, 0x44, 0x39, 0x44, 0x41, 0x44, 0x41, 0x64, 0x41, 0x44, 0x41, 0x44, 0x41, 0x44, 0x41, 0x44, 0x41, 0x44, 0x41, 0x44, 0x41, 0x44, 0x41,
  0x44, 0x41, 0x44, 0x41, 0x44, 0x41, 0x44, 0x41, 0x44, 0x41, 0x44, 0x41, 0x44, 0x41, 0x44, 0x41, 0x44, 0x41, 0x44, 0x41, 0x44, 0x41, 0x44, 0x41,
  0x44, 0x41, 0x44, 0x41, 0x44, 0x41, 0x44, 0x41, 0x44, 0x41, 0x44, 0x41, 0x44, 0x41, 0x44, 0x41, 0x44, 0x41, 0x44, 0x41, 0x44, 0x41, 0x44, 0x41,
  0x44, 0x41, 0x44, 0x41, 0x44, 0x41, 0x44, 0x41, 0x44, 0x41, 0x44, 0x41, 0x44, 0x41, 0x44, 0x41, 0x44, 0x41, 0x44, 0x41, 0x44, 0x41, 0x44, 0x41,
  0x44, 0x41, 0x44, 0x41, 0x44, 0x41, 0x44, 0x41, 0x44, 0x41, 0x44, 0x41, 0x44, 0x41, 0x44, 0x41, 0x44, 0x41, 0x44, 0x41, 0x44, 0x41, 0x44, 0x41,
  0x44, 0x41, 0x44, 0x41, 0x44, 0x41, 0x44, 0x41, 0x44, 0x41, 0x44, 0x41, 0x44, 0x41, 0x44, 0x41, 0x44, 0x41, 0x44, 0x41, 0x44, 0x41, 0x44, 0x41,
  0x44, 0x41, 0x44, 0x41, 0x44, 0x41, 0x44, 0x41, 0x44, 0x41, 0x44, 0x41, 0x44, 0x41, 0x44, 0x41, 0x44, 0x41, 0x44, 0x41, 0x44, 0x41, 0x44, 0x41,
  0x44, 0x41, 0x44, 0x41, 0x44, 0x41, 0x44, 0x41, 0x44, 0x41, 0x44, 0x41, 0x44, 0x41, 0x44, 0x41, 0x44, 0x41, 0x44, 0x41, 0x44, 0x41, 0x44, 0x41,
  0x44, 0x41, 0x44, 0x41, 0x44, 0x41, 0x44, 0x41, 0x44, 0x41, 0x44, 0x41, 0x44, 0x41, 0x44, 0x41, 0x44, 0x41, 0x44, 0x41, 0x44, 0x41, 0x44, 0x41,
  0x44, 0x49, 0x44, 0x41, 0x44, 0x41, 0x44, 0x41, 0x44, 0x41, 0x44, 0x41, 0x44, 0x41, 0x44, 0x41, 0x44, 0x41, 0x65, 0x49, 0x44, 0x41, 0x44, 0x41,
  0x44, 0x49, 0x44, 0x41, 0x44, 0x41, 0x65, 0x49, 0x65, 0x49, 0x44, 0x49, 0x44, 0x49, 0x65, 0x49, 0x44, 0x49, 0x65, 0x49, 0x45, 0x49, 0x65, 0x49,
  0x65, 0x49, 0x44, 0x41, 0x65, 0x49, 0x65, 0x49, 0x45, 0x49, 0x45, 0x49, 0x65, 0x49, 0x65, 0x41, 0x45, 0x49, 0x65, 0x49, 0x45, 0x49, 0x45, 0x49,
  0x45, 0x49, 0x65, 0x49, 0x65, 0x49, 0x45, 0x49, 0x45, 0x49, 0x45, 0x49, 0x65, 0x49, 0x45, 0x49, 0x45, 0x49, 0x45, 0x49, 0x45, 0x49, 0x65, 0x49,
  0x65, 0x49, 0x65, 0x49, 0x65, 0x49, 0x65, 0x49, 0x65, 0x49, 0x65, 0x49, 0x65, 0x49, 0x65, 0x49, 0x65, 0x49, 0x65, 0x49, 0x65, 0x49, 0x65, 0x49,
  0x65, 0x49, 0x65, 0x49, 0x65, 0x49, 0x65, 0x49, 0x65, 0x49, 0x65, 0x49, 0x65, 0x49, 0x65, 0x49, 0x65, 0x49, 0x65, 0x49, 0x65, 0x49, 0x65, 0x49,
  0x65, 0x49, 0x65, 0x49, 0x65, 0x49, 0x65, 0x49, 0x65, 0x49, 0x65, 0x49, 0x65, 0x49, 0x65, 0x49, 0x65, 0x49, 0x65, 0x49, 0x65, 0x49, 0x65, 0x49,
  0x65, 0x49, 0x65, 0x49, 0x65, 0x49, 0x65, 0x49, 0x65, 0x49, 0x65, 0x49, 0x65, 0x49, 0x65, 0x49, 0x65, 0x49, 0x65, 0x49, 0x65, 0x49, 0x65, 0x49,
  0x44, 0x39, 0x44, 0x39, 0x44, 0x39, 0x44, 0x39, 0x44, 0x39, 0x44, 0x39, 0x44, 0x39, 0x44, 0x39, 0x44, 0x39, 0x44, 0x39, 0x44, 0x39, 0x44, 0x39,
  0x44, 0x39, 0x44, 0x39, 0x44, 0x39, 0x44, 0x39, 0x44, 0x39, 0x44, 0x39, 0x44, 0x39, 0x44, 0x39, 0x44, 0x39, 0x44, 0x39, 0x44, 0x39, 0x44, 0x39,
  0x44, 0x39, 0x44, 0x39, 0x44, 0x39, 0x44, 0x39, 0x44, 0x39, 0x44, 0x39, 0x44, 0x39, 0x44, 0x39, 0x44, 0x39, 0x44, 0x39, 0x44, 0x39, 0x44, 0x39,
  0x44, 0x39, 0x44, 0x39, 0x44, 0x39, 0x44, 0x39, 0x44, 0x39, 0x44, 0x39, 0x44, 0x39, 0x44, 0x39, 0x44, 0x39, 0x44, 0x39, 0x44, 0x39, 0x44, 0x39,
  0x44, 0x39, 0x44, 0x39, 0x44, 0x39, 0x44, 0x39, 0x44, 0x39, 0x44, 0x39, 0x44, 0x39, 0x44, 0x39, 0x44, 0x39, 0x44, 0x39, 0x44, 0x39, 0x44, 0x39,
  0x43, 0x39, 0x44, 0x39, 0x43, 0x39, 0x44, 0x39, 0x44, 0x39, 0x44, 0x39, 0x44, 0x39, 0x44, 0x41, 0x44, 0x39, 0x44, 0x39, 0x44, 0x39, 0x44, 0x39,
  0x44, 0x41, 0x44, 0x39, 0x44, 0x39, 0x44, 0x39, 0x44, 0x41, 0x44, 0x41, 0x44, 0x41, 0x44, 0x41, 0x44, 0x41, 0x44, 0x41, 0x44, 0x41, 0x44, 0x41,
  0x44, 0x41, 0x44, 0x41, 0x44, 0x41, 0x44, 0x41, 0x44, 0x41, 0x44, 0x41, 0x44, 0x41, 0x44, 0x41, 0x44, 0x41, 0x44, 0x41, 0x44, 0x41, 0x44, 0x41,
  0x44, 0x41, 0x44, 0x41, 0x44, 0x41, 0x44, 0x41, 0x44, 0x41, 0x44, 0x41, 0x44, 0x41, 0x44, 0x41, 0x44, 0x41, 0x44, 0x41, 0x44, 0x41, 0x44, 0x41,
  0x44, 0x41, 0x44, 0x41, 0x44, 0x41, 0x44, 0x41, 0x44, 0x41, 0x44, 0x41, 0x44, 0x41, 0x44, 0x41, 0x44, 0x41, 0x44, 0x41, 0x44, 0x41, 0x44, 0x41,
  0x44, 0x41, 0x44, 0x41, 0x44, 0x41, 0x44, 0x41, 0x44, 0x41, 0x44, 0x41, 0x44, 0x41, 0x44, 0x41, 0x44, 0x41, 0x44, 0x41, 0x44, 0x41, 0x44, 0x41,
  0x44, 0x41, 0x44, 0x41, 0x44, 0x41, 0x44, 0x41, 0x44, 0x41, 0x44, 0x41, 0x44, 0x41, 0x44, 0x41, 0x44, 0x41, 0x44, 0x41, 0x44, 0x41, 0x44, 0x41,
  0x44, 0x41, 0x44, 0x41, 0x44, 0x41, 0x44, 0x41, 0x44, 0x41, 0x44, 0x41, 0x44, 0x41, 0x44, 0x41, 0x44, 0x41, 0x44, 0x41, 0x44, 0x41, 0x44, 0x41,
  0x44, 0x41, 0x44, 0x41, 0x44, 0x41, 0x44, 0x41, 0x44, 0x41, 0x44, 0x41, 0x44, 0x41, 0x44, 0x41, 0x44, 0x41, 0x44, 0x41, 0x44, 0x41, 0x44, 0x41,
  0x44, 0x41, 0x44, 0x41, 0x44, 0x41, 0x44, 0x41, 0x44, 0x41, 0x64, 0x41, 0x44, 0x41, 0x44, 0x41, 0x44, 0x41, 0x44, 0x41, 0x64, 0x41, 0x44, 0x41,
  0x44, 0x41, 0x44, 0x41, 0x65, 0x41, 0x44, 0x41, 0x44, 0x41, 0x44, 0x41, 0x44, 0x41, 0x44, 0x41, 0x44, 0x41, 0x44, 0x49, 0x44, 0x41, 0x44, 0x41,
  0x44, 0x49, 0x44, 0x41, 0x44, 0x41, 0x65, 0x49, 0x44, 0x41, 0x44, 0x49, 0x44, 0x49, 0x44, 0x41, 0x64, 0x49, 0x45, 0x49, 0x65, 0x49, 0x45, 0x49,
  0x44, 0x41, 0x45, 0x49, 0x65, 0x49, 0x65, 0x49, 0x65, 0x49, 0x45, 0x49, 0x45, 0x49, 0x45, 0x49, 0x45, 0x49, 0x45, 0x49, 0x45, 0x49, 0x45, 0x49,
  0x45, 0x49, 0x65, 0x49, 0x45, 0x49, 0x65, 0x49, 0x45, 0x49, 0x45, 0x49, 0x45, 0x49, 0x65, 0x49, 0x65, 0x49, 0x45, 0x49, 0x45, 0x49, 0x65, 0x49,
  0x65, 0x49, 0x65, 0x49, 0x65, 0x49, 0x65, 0x49, 0x65, 0x49, 0x65, 0x49, 0x65, 0x49, 0x65, 0x49, 0x65, 0x49, 0x65, 0x49, 0x65, 0x49, 0x65, 0x49,
  0x65, 0x49, 0x65, 0x49, 0x45, 0x49, 0x65, 0x49, 0x65, 0x49, 0x65, 0x49, 0x65, 0x49, 0x65, 0x49, 0x65, 0x49, 0x65, 0x49, 0x65, 0x49, 0x65, 0x49,
  0x65, 0x49, 0x65, 0x49, 0x65, 0x49, 0x65, 0x49, 0x65, 0x49, 0x65, 0x49, 0x65, 0x49, 0x65, 0x49, 0x65, 0x49, 0x65, 0x49, 0x65, 0x49, 0x65, 0x49,
  0x65, 0x49, 0x65, 0x49, 0x65, 0x49, 0x65, 0x49, 0x65, 0x49, 0x65, 0x49, 0x65, 0x49, 0x65, 0x49, 0x65, 0x49, 0x65, 0x49, 0x65, 0x49, 0x65, 0x49,
  0x44, 0x39, 0x44, 0x39, 0x44, 0x39, 0x44, 0x39, 0x44, 0x39, 0x44, 0x39, 0x44, 0x39, 0x44, 0x39, 0x44, 0x39, 0x44, 0x39, 0x44, 0x39, 0x44, 0x39,
  0x44, 0x39, 0x44, 0x39, 0x44, 0x39, 0x44, 0x39, 0x44, 0x39, 0x44, 0x39, 0x44, 0x39, 0x44, 0x39, 0x44, 0x39, 0x44, 0x39, 0x44, 0x39, 0x44, 0x39,
  0x44, 0x39, 0x44, 0x39, 0x44, 0x39, 0x44, 0x39, 0x44, 0x39, 0x44, 0x39, 0x44, 0x39, 0x64, 0x39, 0x44, 0x39, 0x44, 0x39, 0x44, 0x39, 0x44, 0x39,
  0x64, 0x39, 0x44, 0x39, 0x44, 0x39, 0x44, 0x39, 0x44, 0x39, 0x44, 0x39, 0x44, 0x39, 0x44, 0x39, 0x44, 0x39, 0x44, 0x39, 0x44, 0x39, 0x44, 0x39,
  0x44, 0x39, 0x44, 0x39, 0x44, 0x39, 0x44, 0x39, 0x44, 0x39, 0x44, 0x39, 0x44, 0x39, 0x44, 0x39, 0x44, 0x39, 0x44, 0x39, 0x44, 0x39, 0x43, 0x39,
  0x44, 0x39, 0x44, 0x39, 0x44, 0x39, 0x44, 0x39, 0x44, 0x39, 0x44, 0x39, 0x44, 0x39, 0x44, 0x41, 0x44, 0x39, 0x44, 0x39, 0x44, 0x41, 0x44, 0x39,
  0x44, 0x39, 0x44, 0x39, 0x44, 0x41, 0x44, 0x41, 0x44, 0x39, 0x44, 0x41, 0x44, 0x41, 0x44, 0x41, 0x44, 0x41, 0x44, 0x41, 0x44, 0x41, 0x44, 0x41,
  0x44, 0x39, 0x44, 0x41, 0x44, 0x41, 0x44, 0x41, 0x44, 0x41, 0x44, 0x41, 0x44, 0x41, 0x44, 0x41, 0x44, 0x41, 0x44, 0x41, 0x44, 0x41, 0x44, 0x41,
  0x44, 0x41, 0x44, 0x41, 0x44, 0x41, 0x44, 0x41, 0x44, 0x41, 0x44, 0x41, 0x44, 0x41, 0x44, 0x41, 0x44, 0x41, 0x44, 0x41, 0x44, 0x41, 0x44, 0x41,
  0x44, 0x41, 0x44, 0x39, 0x44, 0x41, 0x44, 0x41, 0x44, 0x41, 0x44, 0x41, 0x44, 0x41, 0x44, 0x41, 0x44, 0x41, 0x44, 0x41, 0x44, 0x41, 0x44, 0x41,
  0x44, 0x41, 0x44, 0x41, 0x44, 0x41, 0x44, 0x41, 0x44, 0x41, 0x44, 0x41, 0x44, 0x41, 0x64, 0x41, 0x44, 0x41, 0x44, 0x41, 0x44, 0x41, 0x44, 0x41,
  0x44, 0x41, 0x44, 0x41, 0x44, 0x41, 0x44, 0x41, 0x44, 0x41, 0x44, 0x41, 0x44, 0x41, 0x44, 0x41, 0x44, 0x41, 0x44, 0x41, 0x44, 0x41, 0x44, 0x41,
  0x44, 0x41, 0x44, 0x41, 0x44, 0x41, 0x44, 0x41, 0x44, 0x41, 0x44, 0x41, 0x44, 0x41, 0x44, 0x41, 0x44, 0x41, 0x44, 0x41, 0x44, 0x41, 0x44, 0x41,
  0x44, 0x41, 0x44, 0x41, 0x44, 0x41, 0x44, 0x41, 0x44, 0x41, 0x44, 0x41, 0x44, 0x41, 0x44, 0x41, 0x44, 0x41, 0x44, 0x41, 0x44, 0x41, 0x44, 0x41,
  0x44, 0x41, 0x44, 0x41, 0x44, 0x41, 0x44, 0x41, 0x64, 0x41, 0x44, 0x41, 0x44, 0x41, 0x44, 0x41, 0x64, 0x41, 0x44, 0x41, 0x64, 0x41, 0x44, 0x41,
  0x44, 0x41, 0x44, 0x41, 0x64, 0x41, 0x45, 0x41, 0x64, 0x41, 0x44, 0x41, 0x44, 0x41, 0x44, 0x49, 0x44, 0x41, 0x44, 0x41, 0x44, 0x49, 0x44, 0x41,
  0x44, 0x49, 0x44, 0x49, 0x44, 0x49, 0x44, 0x41, 0x44, 0x49, 0x64, 0x41, 0x44, 0x49, 0x65, 0x49, 0x45, 0x41, 0x44, 0x41, 0x45, 0x49, 0x44, 0x41,
  0x45, 0x49, 0x44, 0x41, 0x65, 0x49, 0x45, 0x49, 0x45, 0x49, 0x65, 0x49, 0x65, 0x49, 0x45, 0x49, 0x65, 0x49, 0x65, 0x49, 0x45, 0x49, 0x45, 0x49,
  0x45, 0x49, 0x45, 0x49, 0x65, 0x49, 0x45, 0x49, 0x65, 0x49, 0x65, 0x49, 0x65, 0x49, 0x45, 0x49, 0x65, 0x49, 0x45, 0x49, 0x65, 0x49, 0x45, 0x49,
  0x65, 0x49, 0x65, 0x49, 0x65, 0x49, 0x65, 0x49, 0x65, 0x49, 0x65, 0x49, 0x65, 0x49, 0x65, 0x49, 0x65, 0x49, 0x65, 0x49, 0x65, 0x49, 0x65, 0x49,
  0x65, 0x49, 0x65, 0x49, 0x65, 0x49, 0x45, 0x49, 0x65, 0x49, 0x65, 0x49, 0x65, 0x49, 0x65, 0x49, 0x45, 0x49, 0x65, 0x49, 0x65, 0x49, 0x65, 0x49,
  0x65, 0x49, 0x65, 0x49, 0x65, 0x49, 0x65, 0x49, 0x65, 0x49, 0x65, 0x49, 0x65, 0x49, 0x65, 0x49, 0x65, 0x49, 0x65, 0x49, 0x65, 0x49, 0x65, 0x49,
  0x65, 0x49, 0x65, 0x49, 0x65, 0x49, 0x65, 0x49, 0x65, 0x49, 0x65, 0x49, 0x65, 0x49, 0x65, 0x49, 0x65, 0x49, 0x65, 0x49, 0x65, 0x49, 0x65, 0x49,
  0x44, 0x39, 0x44, 0x39, 0x44, 0x39, 0x44, 0x39, 0x44, 0x39, 0x44, 0x39, 0x44, 0x39, 0x44, 0x39, 0x44, 0x39, 0x44, 0x39, 0x44, 0x39, 0x44, 0x39,
  0x44, 0x39, 0x44, 0x39, 0x44, 0x39, 0x44, 0x39, 0x44, 0x39, 0x64, 0x39, 0x44, 0x39, 0x64, 0x39, 0x44, 0x39, 0x44, 0x39, 0x44, 0x39, 0x44, 0x39,
  0x44, 0x39, 0x44, 0x39, 0x44, 0x39, 0x44, 0x39, 0x44, 0x39, 0x44, 0x39, 0x44, 0x39, 0x44, 0x39, 0x44, 0x39, 0x44, 0x39, 0x44, 0x39, 0x44, 0x39,
  0x44, 0x39, 0x44, 0x39, 0x44, 0x39, 0x44, 0x39, 0x44, 0x39, 0x44, 0x39, 0x44, 0x39, 0x44, 0x39, 0x44, 0x39, 0x44, 0x39, 0x44, 0x39, 0x44, 0x39,
  0x44, 0x39, 0x44, 0x39, 0x44, 0x39, 0x44, 0x39, 0x44, 0x39, 0x44, 0x39, 0x44, 0x39, 0x44, 0x39, 0x44, 0x39, 0x44, 0x39, 0x44, 0x39, 0x44, 0x39,
  0x43, 0x39, 0x44, 0x39, 0x44, 0x39, 0x43, 0x39, 0x44, 0x39, 0x44, 0x39, 0x44, 0x39, 0x44, 0x39, 0x44, 0x39, 0x44, 0x39, 0x44, 0x39, 0x44, 0x39,
  0x44, 0x41, 0x44, 0x39, 0x44, 0x41, 0x44, 0x41, 0x44, 0x39, 0x44, 0x41, 0x44, 0x39, 0x44, 0x41, 0x44, 0x41, 0x44, 0x41, 0x44, 0x41, 0x44, 0x41,
  0x44, 0x41, 0x44, 0x41, 0x44, 0x41, 0x44, 0x41, 0x44, 0x41, 0x44, 0x41, 0x44, 0x41, 0x44, 0x41, 0x44, 0x41, 0x44, 0x41, 0x44, 0x41, 0x44, 0x41,
  0x44, 0x41, 0x44, 0x41, 0x44, 0x41, 0x44, 0x41, 0x44, 0x41, 0x44, 0x41, 0x44, 0x41, 0x44, 0x41, 0x44, 0x41, 0x44, 0x41, 0x44, 0x39, 0x44, 0x41,
  0x44, 0x41, 0x44, 0x41, 0x44, 0x41, 0x44, 0x41, 0x44, 0x41, 0x44, 0x41, 0x44, 0x41, 0x44, 0x41, 0x44, 0x41, 0x44, 0x41, 0x44, 0x41, 0x44, 0x41,
  0x44, 0x41, 0x44, 0x41, 0x44, 0x41, 0x44, 0x41, 0x44, 0x41, 0x64, 0x41, 0x44, 0x41, 0x44, 0x41, 0x44, 0x41, 0x44, 0x41, 0x44, 0x41, 0x44, 0x41,
  0x44, 0x41, 0x44, 0x41, 0x44, 0x41, 0x44, 0x41, 0x64, 0x41, 0x44, 0x41, 0x44, 0x41, 0x64, 0x41, 0x44, 0x41, 0x44, 0x41, 0x44, 0x41, 0x44, 0x41,
  0x44, 0x41, 0x44, 0x41, 0x44, 0x41, 0x44, 0x41, 0x44, 0x41, 0x44, 0x41, 0x44, 0x41, 0x44, 0x41, 0x44, 0x41, 0x44, 0x41, 0x44, 0x41, 0x44, 0x41,
  0x44, 0x41, 0x44, 0x41, 0x44, 0x41, 0x44, 0x41, 0x44, 0x41, 0x44, 0x41, 0x44, 0x41, 0x44, 0x41, 0x44, 0x41, 0x44, 0x41, 0x44, 0x41, 0x44, 0x41,
  0x44, 0x41, 0x44, 0x41, 0x44, 0x41, 0x44, 0x41, 0x44, 0x41, 0x64, 0x41, 0x44, 0x41, 0x44, 0x41, 0x64, 0x41, 0x44, 0x41, 0x64, 0x41, 0x64, 0x41,
  0x44, 0x41, 0x44, 0x41, 0x44, 0x41, 0x44, 0x41, 0x44, 0x41, 0x44, 0x41, 0x44, 0x41, 0x44, 0x41, 0x44, 0x41, 0x44, 0x41, 0x44, 0x41, 0x44, 0x49,
  0x44, 0x41, 0x44, 0x49, 0x44, 0x49, 0x44, 0x49, 0x44, 0x41, 0x44, 0x49, 0x44, 0x49, 0x44, 0x41, 0x44, 0x49, 0x45, 0x49, 0x44, 0x41, 0x45, 0x49,
  0x45, 0x41, 0x45, 0x41, 0x44, 0x49, 0x45, 0x49, 0x65, 0x49, 0x65, 0x49, 0x65, 0x49, 0x65, 0x49, 0x45, 0x49, 0x45, 0x49, 0x65, 0x49, 0x65, 0x49,
  0x45, 0x49, 0x65, 0x49, 0x65, 0x49, 0x65, 0x49, 0x44, 0x49, 0x65, 0x49, 0x45, 0x49, 0x65, 0x49, 0x65, 0x49, 0x65, 0x49, 0x45, 0x49, 0x65, 0x49,
  0x65, 0x49, 0x65, 0x49, 0x65, 0x49, 0x65, 0x49, 0x65, 0x49, 0x65, 0x49, 0x65, 0x49, 0x65, 0x49, 0x65, 0x49, 0x65, 0x49, 0x65, 0x49, 0x65, 0x49,
  0x65, 0x49, 0x65, 0x49, 0x65, 0x49, 0x65, 0x49, 0x65, 0x49, 0x65, 0x49, 0x65, 0x49, 0x65, 0x49, 0x65, 0x49, 0x65, 0x49, 0x65, 0x49, 0x65, 0x49,
  0x65, 0x49, 0x65, 0x49, 0x65, 0x49, 0x65, 0x49, 0x65, 0x49, 0x45, 0x49, 0x65, 0x49, 0x65, 0x49, 0x65, 0x49, 0x65, 0x49, 0x65, 0x49, 0x65, 0x49,
  0x65, 0x49, 0x65, 0x49, 0x65, 0x49, 0x65, 0x49, 0x65, 0x49, 0x65, 0x49, 0x66, 0x49, 0x65, 0x49, 0x65, 0x49, 0x65, 0x49, 0x65, 0x49, 0x65, 0x49,
};

const lv_img_dsc_t hdhomerunIcon = {
  .header.cf = LV_IMG_CF_TRUE_COLOR,
  .header.always_zero = 0,
  .header.reserved = 0,
  .header.w = 276,
  .header.h = 269,
  .data_size = 74244 * 2,
  .data = hdhomerunIcon_map,
};



const LV_ATTRIBUTE_MEM_ALIGN LV_ATTRIBUTE_LARGE_CONST uint8_t hdhomerunDisplayIcon_map[] = {
  0x23, 0xc6, 0xff, 0xff, 0xff, 0xff, 0xff, 0xff, 0xff, 0xff, 0xff, 0xff, 0xff, 0xff, 0xff, 0xff, 0xff, 0xff, 0xff, 0xff, 0xff, 0xff, 0xff, 0xd8, 0x3d,
  0xaa, 0xfd, 0xad, 0x9a, 0x9a, 0x9a, 0x9a, 0x9a, 0x9a, 0x9a, 0x9a, 0x9a, 0x9a, 0x9a, 0x9a, 0x9a, 0x9a, 0x9a, 0x9a, 0x9a, 0x9a, 0x9a, 0xa1, 0xf7, 0xd8,
  0xd0, 0xd1, 0x00, 0x00, 0x00, 0x00, 0x00, 0x00, 0x00, 0x00, 0x00, 0x00, 0x00, 0x00, 0x00, 0x00, 0x00, 0x00, 0x00, 0x00, 0x00, 0x00, 0x00, 0xa1, 0xff,
  0xd2, 0xcb, 0x00, 0x00, 0x00, 0x00, 0x00, 0x00, 0x00, 0x00, 0x00, 0x00, 0x00, 0x00, 0x00, 0x00, 0x00, 0x00, 0x00, 0x00, 0x00, 0x00, 0x00, 0x9a, 0xff,
  0xd2, 0xcb, 0x00, 0x00, 0x00, 0x00, 0x00, 0x00, 0x00, 0x00, 0x00, 0x00, 0x00, 0x00, 0x00, 0x00, 0x00, 0x00, 0x00, 0x00, 0x00, 0x00, 0x00, 0x9a, 0xff,
  0xd2, 0xcb, 0x00, 0x00, 0x00, 0x00, 0x00, 0x00, 0x00, 0x00, 0x00, 0x00, 0x00, 0x00, 0x00, 0x00, 0x00, 0x00, 0x00, 0x00, 0x00, 0x00, 0x00, 0x9a, 0xff,
  0xd2, 0xcb, 0x00, 0x00, 0x00, 0x00, 0x00, 0x00, 0x00, 0x00, 0x00, 0x00, 0x00, 0x00, 0x00, 0x00, 0x00, 0x00, 0x00, 0x00, 0x00, 0x00, 0x00, 0x9a, 0xff,
  0xd2, 0xcb, 0x00, 0x00, 0x00, 0x00, 0x00, 0x00, 0x00, 0x00, 0x00, 0x00, 0x00, 0x00, 0x00, 0x00, 0x00, 0x00, 0x00, 0x00, 0x00, 0x00, 0x00, 0x9a, 0xff,
  0xd2, 0xcb, 0x00, 0x00, 0x00, 0x00, 0x00, 0x00, 0x00, 0x00, 0x00, 0x00, 0x00, 0x00, 0x00, 0x00, 0x00, 0x00, 0x00, 0x00, 0x00, 0x00, 0x00, 0x9a, 0xff,
  0xd2, 0xcb, 0x00, 0x00, 0x00, 0x00, 0x00, 0x00, 0x00, 0x00, 0x00, 0x00, 0x00, 0x00, 0x00, 0x00, 0x00, 0x00, 0x00, 0x00, 0x00, 0x00, 0x00, 0x9a, 0xff,
  0xd2, 0xcb, 0x00, 0x00, 0x00, 0x00, 0x00, 0x00, 0x00, 0x00, 0x00, 0x00, 0x00, 0x00, 0x00, 0x00, 0x00, 0x00, 0x00, 0x00, 0x00, 0x00, 0x00, 0x9a, 0xff,
  0xd2, 0xcb, 0x00, 0x00, 0x00, 0x00, 0x00, 0x00, 0x00, 0x00, 0x00, 0x00, 0x00, 0x00, 0x00, 0x00, 0x00, 0x00, 0x00, 0x00, 0x00, 0x00, 0x00, 0x9a, 0xff,
  0xd2, 0xcb, 0x00, 0x00, 0x00, 0x00, 0x00, 0x00, 0x00, 0x00, 0x00, 0x00, 0x00, 0x00, 0x00, 0x00, 0x00, 0x00, 0x00, 0x00, 0x00, 0x00, 0x00, 0x9a, 0xff,
  0xd2, 0xcb, 0x00, 0x00, 0x00, 0x00, 0x00, 0x00, 0x00, 0x00, 0x00, 0x00, 0x00, 0x00, 0x00, 0x00, 0x00, 0x00, 0x00, 0x00, 0x00, 0x00, 0x00, 0x9a, 0xff,
  0xc6, 0xea, 0x2a, 0x1a, 0x1a, 0x1a, 0x1a, 0x1a, 0x1a, 0x1a, 0x1a, 0x1a, 0x1a, 0x1a, 0x1a, 0x1a, 0x1a, 0x1a, 0x1a, 0x1a, 0x1a, 0x1a, 0x1f, 0xcc, 0xf6,
  0x6c, 0xff, 0xff, 0xff, 0xff, 0xff, 0xff, 0xff, 0xff, 0xff, 0xff, 0xff, 0xff, 0xff, 0xff, 0xff, 0xff, 0xff, 0xff, 0xff, 0xff, 0xff, 0xff, 0xff, 0x98,
  0x00, 0x44, 0x7b, 0x80, 0x80, 0x80, 0x80, 0x80, 0x80, 0x80, 0x80, 0x80, 0x80, 0x80, 0x80, 0x80, 0x80, 0x80, 0x80, 0x80, 0x80, 0x80, 0x7d, 0x56, 0x03,
  0x00, 0x00, 0x00, 0x00, 0x00, 0x00, 0x00, 0x00, 0x00, 0x00, 0x00, 0x00, 0x00, 0x00, 0x00, 0x00, 0x00, 0x00, 0x00, 0x00, 0x00, 0x00, 0x00, 0x00, 0x00,
  0x00, 0x00, 0x00, 0x00, 0x00, 0x00, 0x13, 0xb7, 0xc4, 0xc4, 0xc4, 0xc4, 0xc4, 0xc4, 0xc4, 0xc4, 0xc4, 0xc0, 0x2c, 0x00, 0x00, 0x00, 0x00, 0x00, 0x00,
  0x00, 0x00, 0x00, 0x00, 0x00, 0x00, 0x19, 0xd3, 0xde, 0xde, 0xde, 0xde, 0xde, 0xde, 0xde, 0xde, 0xde, 0xdb, 0x36, 0x00, 0x00, 0x00, 0x00, 0x00, 0x00,
};

const lv_img_dsc_t hdhomerunDisplayIcon = {
  .header.cf = LV_IMG_CF_ALPHA_8BIT,
  .header.always_zero = 0,
  .header.reserved = 0,
  .header.w = 25,
  .header.h = 20,
  .data_size = 500,
  .data = hdhomerunDisplayIcon_map,
};


#ifndef LV_ATTRIBUTE_IMG_HDHOMERUN_BACKICON
#define LV_ATTRIBUTE_IMG_HDHOMERUN_BACKICON
#endif

const LV_ATTRIBUTE_MEM_ALIGN LV_ATTRIBUTE_LARGE_CONST LV_ATTRIBUTE_IMG_HDHOMERUN_BACKICON uint8_t hdhomerunBackIcon_map[] = {
  0x00, 0x00, 0x00, 0x00, 0x00, 0x00, 0x00, 0x00, 0x00, 0x00, 0x00, 0x00, 0x00,
  0x00, 0x00, 0x00, 0x00, 0x00, 0x00, 0x00, 0x00, 0x00, 0x00, 0x01, 0x0f, 0x07,
  0x00, 0x00, 0x00, 0x00, 0x00, 0x00, 0x00, 0x00, 0x00, 0x00, 0x3d, 0xbe, 0x94,
  0x00, 0x00, 0x00, 0x00, 0x00, 0x00, 0x00, 0x00, 0x00, 0x3b, 0xe7, 0xff, 0xf0,
  0x00, 0x00, 0x00, 0x00, 0x00, 0x00, 0x00, 0x00, 0x3b, 0xfa, 0xff, 0xf5, 0x31,
  0x00, 0x00, 0x00, 0x00, 0x00, 0x00, 0x00, 0x43, 0xfc, 0xff, 0xea, 0x3e, 0x00,
  0x00, 0x00, 0x00, 0x00, 0x00, 0x00, 0x4d, 0xee, 0xff, 0xe6, 0x48, 0x00, 0x00,
  0x00, 0x00, 0x00, 0x01, 0x00, 0x50, 0xed, 0xff, 0xe9, 0x39, 0x00, 0x00, 0x00,
  0x00, 0x00, 0x00, 0x00, 0x55, 0xfc, 0xff, 0xe7, 0x25, 0x00, 0x00, 0x00, 0x00,
  0x00, 0x00, 0x00, 0x59, 0xff, 0xff, 0xe0, 0x2d, 0x00, 0x00, 0x00, 0x00, 0x00,
  0x00, 0x00, 0x5e, 0xf6, 0xff, 0xdb, 0x38, 0x00, 0x00, 0x00, 0x00, 0x00, 0x00,
  0x00, 0x64, 0xf4, 0xff, 0xd9, 0x2e, 0x00, 0x00, 0x00, 0x00, 0x00, 0x00, 0x00,
  0x4d, 0xff, 0xff, 0xce, 0x1c, 0x00, 0x00, 0x00, 0x00, 0x00, 0x00, 0x00, 0x00,
  0x6b, 0xff, 0xff, 0x9e, 0x07, 0x00, 0x00, 0x00, 0x00, 0x00, 0x00, 0x00, 0x00,
  0x00, 0x9c, 0xff, 0xff, 0xa8, 0x0f, 0x00, 0x00, 0x00, 0x00, 0x00, 0x00, 0x00,
  0x00, 0x04, 0x8f, 0xff, 0xff, 0xb5, 0x17, 0x00, 0x00, 0x00, 0x00, 0x00, 0x00,
  0x00, 0x00, 0x03, 0x91, 0xff, 0xff, 0xba, 0x12, 0x00, 0x00, 0x00, 0x00, 0x00,
  0x00, 0x00, 0x00, 0x00, 0x93, 0xff, 0xff, 0xbb, 0x0a, 0x00, 0x00, 0x00, 0x00,
  0x00, 0x00, 0x00, 0x01, 0x00, 0x87, 0xfc, 0xff, 0xbf, 0x14, 0x00, 0x00, 0x00,
  0x00, 0x00, 0x00, 0x00, 0x00, 0x00, 0x7c, 0xfb, 0xff, 0xc5, 0x22, 0x00, 0x00,
  0x00, 0x00, 0x00, 0x00, 0x00, 0x00, 0x01, 0x78, 0xff, 0xff, 0xca, 0x1e, 0x00,
  0x00, 0x00, 0x00, 0x00, 0x00, 0x00, 0x00, 0x00, 0x75, 0xff, 0xff, 0xd0, 0x11,
  0x00, 0x00, 0x00, 0x00, 0x00, 0x00, 0x00, 0x01, 0x00, 0x6e, 0xfb, 0xff, 0xcc,
  0x00, 0x00, 0x00, 0x00, 0x00, 0x00, 0x00, 0x00, 0x00, 0x00, 0x68, 0xea, 0xca,
  0x00, 0x00, 0x00, 0x00, 0x00, 0x00, 0x00, 0x00, 0x00, 0x00, 0x04, 0x28, 0x18,
};

const lv_img_dsc_t hdhomerunBackIcon = {
  .header.cf = LV_IMG_CF_ALPHA_8BIT,
  .header.always_zero = 0,
  .header.reserved = 0,
  .header.w = 13,
  .header.h = 25,
  .data_size = 325,
  .data = hdhomerunBackIcon_map,
};
